时间（s）,归一化半径 ξ=0.0000,归一化半径 ξ=0.0500,归一化半径 ξ=0.1000,归一化半径 ξ=0.1500,归一化半径 ξ=0.2000,归一化半径 ξ=0.2500,归一化半径 ξ=0.3000,归一化半径 ξ=0.3500,归一化半径 ξ=0.4000,归一化半径 ξ=0.4500,归一化半径 ξ=0.5000,归一化半径 ξ=0.5500,归一化半径 ξ=0.6000,归一化半径 ξ=0.6500,归一化半径 ξ=0.7000,归一化半径 ξ=0.7500,归一化半径 ξ=0.8000,归一化半径 ξ=0.8500,归一化半径 ξ=0.9000,归一化半径 ξ=0.9500,归一化半径 ξ=1.0000
0.0,28.0,28.0,28.0,28.0,28.0,28.0,28.0,28.0,28.0,28.0,28.0,28.0,28.0,28.0,28.0,28.0,28.0,28.0,28.0,28.0,28.0
60.0,28.000942178912464,28.00094217898078,28.000942179318297,28.00094218065254,28.000942185816083,28.00094220540174,28.00094227759403,28.00094253444396,28.000943412041227,28.000946279990977,28.000955213307588,28.000981655663328,28.001055828414298,28.001252511869776,28.001744448350994,28.002902812718105,28.005466887004157,28.0107971540588,28.021200600808278,28.040278545744822,28.073409084487217
120.0,28.00400806906189,28.004008296220896,28.004009130409116,28.00401119295064,28.004015968780028,28.00402674891164,28.00405055633645,28.004101897425063,28.004209759224935,28.004430104121194,28.00486719799332,28.00570836058123,28.00727792922735,28.010116991476167,28.015095174798603,28.023558641943247,28.03751334721913,28.059833552978702,28.094473484087032,28.146677541435306,28.223955613791116
180.0,28.009168145051053,28.009175019544184,28.009197978583764,28.009245692557,28.009335531103307,28.009498795097524,28.009789384740724,28.010297414655717,28.011169718787322,28.012639559709697,28.015067964519105,28.018998672606607,28.025227322113647,28.03488283130878,28.049514785659465,28.071175528839802,28.102481265016642,28.14663589957941,28.207411898661043,28.28918466894367,28.398486005431526
240.0,28.016198086614207,28.01624398578304,28.016391131043356,28.016673271889182,28.017152786824106,28.017931144492195,28.0191643366087,28.02108423920424,28.02402662117854,28.028466114237645,28.03505767121968,28.044682785217272,28.058496981819115,28.077972893609914,28.10493086296062,28.141547206290774,28.190330369560904,28.254059633669687,28.33570181485107,28.438491237925245,28.568129507032733
300.0,28.026618411734354,28.02677182433103,28.02725287264179,28.028134356480454,28.029544808467,28.03168090190184,28.0348242621701,28.039362755519292,28.04581570730914,28.054862100990455,28.067370533565448,28.084429899535575,28.10738101328935,28.137852314581025,28.17780769619242,28.229620280688156,28.29618926654065,28.38111346901172,28.488941133604108,28.625744951157795,28.802785237024185
360.0,28.04216427727407,28.042511995760325,28.043587915093575,28.045505333437966,28.048459228241914,28.052737867157415,28.058738080884446,28.06698465096196,28.078153925219656,28.093101981087983,28.112897877781762,28.138862462585713,28.17261228498298,28.216105722380203,28.27168396389286,28.342093632267346,28.430473398392316,28.540292162492744,28.675282334950264,28.839791411327738,29.04290817536709
420.0,28.064041482025402,28.064667647458183,28.066590097080866,28.069960117411377,28.07503537521416,28.08219150816227,28.091937139242354,28.1049327844222,28.12201322765909,28.144212493675173,28.17278996491153,28.209255506425183,28.255390876733607,28.313264547511558,28.38523770481947,28.473960865748428,28.582363393984075,28.713647288389602,28.87136240217112,29.060079625009344,29.29043081258338
480.0,28.093597604708734,28.094583030240774,28.097593868335544,28.102817257437085,28.110569316114187,28.121305364796047,28.135632318117025,28.154323495275133,28.178335039701814,28.208822800102528,28.24715814761739,28.294940664214266,28.354004763933787,28.426415905631487,28.51445011785494,28.620548764239928,28.747241496855825,28.89704626800786,29.072453683408963,29.276611024967487,29.518628715111184
540.0,28.13252732061054,28.13394362521874,28.13825559407743,28.14567878844655,28.156574563755214,28.171457597249603,28.191004014681198,28.216060219416896,28.247651277143763,28.28698737035674,28.335466707042787,28.39467357263399,28.46637136348311,28.552492897575856,28.655134237872783,28.776563046263806,28.91925730784136,29.086004478690768,29.28019004133999,29.506938978820404,29.779385369643453
600.0,28.182406485183133,28.184305338732056,28.190070163235095,28.19993366199952,28.21428336106321,28.233666023881238,28.258791554479142,28.290537047847618,28.329950724200085,28.378255667244602,28.436853633516936,28.507329527854697,28.59145716817601,28.691206316029117,28.808749359152948,28.946463930561873,29.106928702780845,29.29293348366951,29.50766402661194,29.755828501214364,30.05026041396461
660.0,28.244186231523916,28.246595686158415,28.253894836914263,28.266324706078883,28.284285635240305,28.308340553688602,28.339217641193866,28.37781339390674,28.425196039176186,28.482609192530855,28.55147570717906,28.63340189793569,28.73018292224778,28.843811312379277,28.97649258857808,29.13067450408413,29.309102030156044,29.51493928541806,29.75215115268303,30.026973089810266,30.35534741455845
720.0,28.318177996268066,28.32111347636127,28.329992340504038,28.34506111152986,28.366729003825707,28.39557097017928,28.432330216012307,28.4779214456022,28.533435114875672,28.60014298016367,28.67950517954972,28.773178693402325,28.883025947346283,29.01112017334106,29.159740934392353,29.331350474794647,29.528546723424103,29.75403320096113,30.010837464493918,30.303685280062666,30.646458571644853
780.0,28.40445391006162,28.40792785458692,28.418423744563835,28.436193686670254,28.46165625977911,28.495399718232996,28.53818450508677,28.59094602566452,28.654797309576487,28.731030818271815,28.821118307781106,28.92670744072959,29.04961402903473,29.19180973776191,29.3554071472363,29.54264806120586,29.755912502624252,29.997814884884665,30.271643586311995,30.583056867656943,30.94803836653863
840.0,28.50322665469965,28.50725147925741,28.5194012723251,28.53993225831101,28.569269109107974,28.60800696318754,28.656912046356947,28.71692178804264,28.789144149397934,28.87485577751036,28.975498528795526,29.09267370004998,29.228132757813157,29.383762254422457,29.561559123015165,29.76359267146271,29.991961241602613,30.24881186514887,30.53670191258567,30.860240711920497,31.233931969762548
900.0,28.614461987113902,28.619042827068647,28.632860561566346,28.656170833019154,28.68939646317059,28.733128129103978,28.78812305289705,28.855302485121527,28.935747462108196,29.03069204428504,29.141513029825852,29.269715017741646,29.416909805366828,29.584789663467095,29.7750954817935,29.98958504619998,30.230023391379902,30.498282054793155,30.79683795929402,31.13058610397498,31.51478943897625
960.0,28.738620931352646,28.743751709656795,28.759217527187104,28.785267841594013,28.822314069279873,28.870928457142966,28.93184026792627,29.00593009770402,29.09422203355576,29.19787339531461,29.318162093086336,29.456472247718803,29.614279808996073,29.793141613400334,29.994693925441307,30.220671833518068,30.472978979021768,30.75390366449857,31.066776433078296,31.41797990518723,31.825241730665727
1020.0,28.875281922881804,28.880943019401343,28.89799635940264,28.926679551733212,28.967383743963524,29.020651663351966,29.08717318062933,29.167779672602503,29.26343756937454,29.37524157340843,29.504408068904304,29.652268910327454,29.820264730922787,30.009934879731873,30.2228986628987,30.46082378476565,30.725398006400955,31.018399777774242,31.342179610998745,31.701479253374487,32.11136230253774
1080.0,29.024252354973605,29.030416109983072,29.048973795431312,29.08015075057052,29.124318100574214,29.181991165911754,29.253825562242668,29.34061196266643,29.44326939034064,29.56283675408082,29.700462410872863,29.857392126444843,30.034957417433287,30.23456950977134,30.457729782354548,30.70607799560193,30.98152555659879,31.28659423939699,31.625266082245226,32.005236533685704,32.44651385642294
1140.0,29.185175913211978,29.191816013804356,29.211799297413098,29.245339409788407,29.292788123902092,29.354633776200025,29.431497748540224,29.524130380267916,29.633407031205717,29.76032528860316,29.906004530477336,30.071688866699407,30.25875339764102,30.468711402087223,30.703217348969325,30.96406297018701,31.253188943360424,31.572822020123333,31.926059075413065,32.3188360545612,32.76815641526334
1200.0,29.357115260020475,29.3642073544141,29.385543943908676,29.421329817762487,29.47190304288068,29.53773481577514,29.619427964977298,29.71771516506541,29.83345687181755,29.967638659240052,30.121367265042647,30.29586432383847,30.492456758414434,30.712563651602277,30.95768257691381,31.229388772590216,31.52939311602807,31.859790038141313,32.223814086730755,32.628004134686904,33.09056074562595
1260.0,29.539513408577072,29.54704232151304,29.56968778032976,29.607649211590658,29.661255877158986,29.73096661352537,29.817367869604848,29.921170830820053,30.043207475415436,30.184425267681757,30.34588002431618,30.52872615871377,30.73420289369315,30.963614286595366,31.218301584730547,31.499614840873445,31.80892409846044,32.1477985562226,32.51866858203217,32.92685572989469,33.38854687629184
1320.0,29.732436371689897,29.74038905751084,29.764303812836147,29.804373053244863,29.860913881864942,29.934366874682883,30.025292645428394,30.13436674546842,30.262372495209192,30.41019125814887,30.578789860742987,30.76920558560925,30.982530872989702,31.219903266332295,31.4825128279748,31.77165412998783,32.08888562849161,32.436436056852706,32.81815312896445,33.24184093355688,33.72764032593867
1380.0,29.935768448446588,29.944124970295487,29.969248026996635,30.01131896441198,30.070635943559925,30.147611916241544,30.24277056560072,30.356741323348153,30.49025403204098,30.644134092512488,30.819299185780054,31.016758605043446,31.237615571806472,31.483071724202812,31.754433221193132,32.05312701318892,32.380770866130334,32.73942505934533,33.13232641404828,33.565984349040484,34.058204770411386
1440.0,30.14849631041089,30.157230370937636,30.183482887851397,30.227424648475527,30.28933703200316,30.369611058126974,30.468744993072743,30.587341426639593,30.72610387198277,30.88583266640099,31.06741958692362,31.27184015890682,31.500142342155804,31.75343088464454,32.032850677710265,32.33958708523422,32.67494060325105,33.040613322419915,33.43949955415418,33.87782516182709,34.3730155641769
1500.0,30.36974391936371,30.378835144490324,30.406156900015414,30.45187232911065,30.51625020023156,30.599663778835126,30.70258784949459,30.825594403404192,30.969346639376106,31.134590677116737,31.322144081136862,31.53287987886359,31.767704296689995,32.02752659932639,32.31322294154197,32.6256106740639,32.9654887662373,33.333876880151074,33.732732813548495,34.16695839889018,34.651780992245584
1560.0,30.599373508104314,30.608802502830276,30.637134598661106,30.684522622042184,30.751217351646336,30.837564830223588,30.944001002794305,31.07104390833872,31.219282843259926,31.389363837965835,31.58197100399763,31.797804086614182,32.03755441913676,32.30188548539486,32.59143301744156,32.906858706124524,33.24902941849626,33.61945527690742,34.02123814165638,34.46129078440536,34.95788419544767
1620.0,30.83695803291671,30.846694092621114,30.875942520660917,30.92483934529771,30.993606541786683,31.082547961164114,31.192042627221888,31.322536193147574,31.474530965123545,31.64857513862427,31.845252099022115,32.065170584456645,32.30895606566608,32.57724346071247,32.8706742309293,33.18991455992778,33.5357467556498,33.90935143270455,34.31303187276732,34.752155684415584,35.242185645572185
1680.0,31.081562578152475,31.09156329781591,31.12160033448749,31.171791546803128,31.242329220207672,31.333476566560467,31.445562048716074,31.57897212787666,31.734142442172843,31.91154730645405,32.11168740032247,32.33507579184817,32.58222355770835,32.853629490064066,33.14978676660892,33.471238696860055,33.81875145052979,34.193725397079824,34.59907772538481,35.04132918284902,35.5376826278126
1740.0,31.3329544401769,31.34317953866916,31.373884917823478,31.42517218557929,31.497206913360333,31.590215324668762,31.70447905402415,31.84032868032167,31.99813647398054,32.17830907619878,32.38128131026566,32.607513111515466,32.8574929976908,33.13175466188529,33.430921005100735,33.755807491363896,34.1076487388093,34.48856041186525,34.90246001201935,35.35719286232164,35.87172175790347
1800.0,31.590246693085806,31.600659912945318,31.63192562318669,31.68413195665206,31.757423156311546,31.851997861780934,31.968106625611235,32.106049690478564,32.266175874369715,32.44888354298314,32.65462465207964,32.88391260913929,33.137334382899674,33.415567976834836,33.71941141659027,34.04984499993988,34.40818051588805,34.796403689134685,35.21794244573849,35.67963278723772,36.19864103263437
1860.0,31.85251589998646,31.86309366421513,31.8948513580536,31.94787189812985,32.02229240688626,32.11830462943018,32.23615519518751,32.37614629297714,32.538636865491604,32.72404422511425,32.93284577809293,33.165580498991474,33.422850494148435,33.70532595338796,34.01376533087807,34.349081537218645,34.7125166957008,35.10603416427833,35.53315323840941,36.000978496528624,36.52708230235315
1920.0,32.11889575668244,32.12963326058066,32.16187025867674,32.2156900555918,32.29123075543917,32.388686006789435,32.508305386415586,32.650394718031876,32.81531614816222,33.00348756757829,33.21538056851428,33.4515155027469,33.712451625317044,33.998771123524264,34.311061574078,34.64991755273967,35.01601249873364,35.4103413568115,35.83486158790012,36.29427000951402,36.80225755727181
1980.0,32.38919938289101,32.40009783193561,32.43281757056214,32.48744141368677,32.56410594290122,32.66300093648425,32.78436738685786,32.928493823512994,33.09571001302368,33.2863768487069,33.50087124704403,33.73956555698813,34.00280326736385,34.29087845711854,34.60403835389849,34.942548942024914,35.30689071153291,35.698185261141724,36.119052599707395,36.5755710172732,37.083555757033714
2040.0,32.663892229381865,32.67494286506813,32.70811676368743,32.763488147622624,32.841177691593956,32.941349467313636,33.06420579868898,33.209980205966346,33.37892844958299,33.571317990609934,33.78741671757593,34.027482671489764,34.29175821663124,34.580476012646194,34.89389282341488,35.23238305100223,35.59664599203303,35.98811338905396,36.409751748211036,36.86793673462541,37.378562932112644
2100.0,32.94226763134649,32.95344135455109,32.98698024599413,33.042943956179975,33.121428891948774,33.2225651473948,33.34651197971234,33.49345237199136,33.66358705878754,33.85712844375963,34.0742948450812,34.315305536882256,34.58037761883299,34.86972832505031,35.18359372003821,35.52228932756907,35.886359831129866,36.2769004361871,36.6962476270367,37.14970822137191,37.65130958045149
2160.0,33.22344056474333,33.23470401191437,33.26850842889524,33.32490121156647,33.40395902640908,33.5057854219656,33.63050716328159,33.778269486064765,33.94923017772124,34.14355230045854,34.361395407359055,34.60290558895975,34.86820643926131,35.15739769147559,35.47057810873086,35.807925085212375,36.16988283090183,36.557540166755864,36.97338362586251,37.42305949743045,37.921003045539194
2220.0,33.50719058778128,33.51851638202315,33.55250461878194,33.60919172582923,33.688636141294104,33.79091571963571,33.91612382609292,34.06436433819121,34.23574571044486,34.43037447018877,34.648348989960134,34.88975545247972,35.15467036163479,35.44317921684818,35.75543076886106,36.09176048547819,36.452932500804,36.84057436527456,37.2579822964999,37.711925521492006,38.21830707418491
2280.0,33.79273828016624,33.804099733074175,33.83819182516435,33.8950404771562,33.9746871786924,34.07718717644255,34.20260710078291,34.351022557370875,34.52251623880878,34.71717721599077,34.935102106997824,35.1763988726268,35.44119455268846,35.729650636729176,36.04199587348131,36.37859714810679,36.74010467382835,37.127741132896624,37.54392434213083,37.99385992989845,38.4907954943954
2340.0,34.079579736773844,34.09095628017582,34.125091936083976,34.182007047073334,34.261734735499836,34.364320234666216,34.489819852713616,34.63829963479351,34.809833611812344,35.00450148286466,35.22238582291895,35.46356996350772,35.728140595155246,36.01620542818847,36.32794705811642,36.663748057654445,37.02443582177882,37.41171910585905,37.828990129875,38.28309582946356,38.78975685547128
2400.0,34.36736112844492,34.37874292209026,34.412893377119616,34.46982962624497,34.54957958034609,34.652181419503634,34.77768292255412,34.92614094709268,35.09762142861619,35.2922004049683,35.50996670706,35.75102719248871,36.01551621762643,36.30361353242281,36.61558022336987,36.95183097849997,37.313073825584155,37.700582159315914,38.11678631091459,38.56680136900117,39.06341176757485
2460.0,34.65583534045155,34.66721634042124,34.701364017780435,34.758294265837165,34.838033354925905,34.94061794738056,35.066094938517544,35.21452106038026,35.385962008526846,35.58049080540179,35.79818538255129,36.03912650485442,36.30340020035525,36.59111513750383,36.90245545466601,37.23780139463885,37.59796144387619,37.98458396028168,38.40092002334413,38.85351790522877,39.35733651798468
2520.0,34.94496155823542,34.956339841886084,34.99047905000013,35.04739392523151,35.12710859452501,35.22965624936419,35.355078648006234,35.503425634978925,35.67475492846979,35.86913259172534,36.08663485911405,36.32735251409366,36.59140033674636,36.87893713823887,37.19020720731765,37.52562117576263,37.8859051347875,38.27237992982655,38.687552891896075,39.13661069123958,39.63216523608727
2580.0,35.23402327659382,35.245395611532906,35.279516653195344,35.336400103114684,35.41606854605698,35.51855335385924,35.64389436201953,35.79213921609378,35.96334207195169,36.157561147430755,36.37485454525234,36.61527417647201,36.8788592790984,37.16563496823947,37.47562790668152,37.80891963926155,38.16576978678231,38.5468736859794,38.953930907762235,39.39106993116412,39.86927413693188
2640.0,35.523450138384916,35.53481368586127,35.568907679836414,35.62574329547315,35.70533812097107,35.807714647235365,35.93289764373191,36.08091006371817,36.251767047149,36.445467801886835,36.66198593891565,36.901260852813856,37.16319692738475,37.44768451600081,37.75466618724582,38.084280694211216,38.43712431616232,38.81468979744172,39.22013667070822,39.6599075354911,40.14836878146759
2700.0,35.81334392131203,35.82468551926393,35.85871121133582,35.915423657179595,35.99482573455764,36.09691836990683,36.221697735690256,36.36915223963323,36.5392600240632,36.73198810553836,36.94729483085403,37.1851381465153,37.44549361391116,37.7283885296182,38.03396178770771,38.3625628112764,38.714910992739775,39.09237042591257,39.49751097695131,39.93549477546697,40.41837816647074
2760.0,36.102497941076464,36.1137970345032,36.14769333058254,36.2041833571892,36.28326090694944,36.384916461560636,36.50913663080216,36.65590371358566,36.825195400472715,37.016984478062746,37.23123831009588,37.46791820912668,37.72698018758524,38.00838158131353,38.31210258808492,38.63819741440199,38.98690039539294,39.358847277376796,39.75558109998772,40.18084271996519,40.64453398091252
2820.0,36.390480742325344,36.401728218595345,36.43546899145371,36.491697281326125,36.57040289612754,36.67157009390256,36.795175656274836,36.941185721929166,37.10955082653784,37.30019862005337,37.513024197229726,37.74787941547854,38.0045656924813,38.282839973010155,38.58245006600305,38.90322177003267,39.24522841835938,39.609100291628174,39.99662400772667,40.412086814362375,40.86615960338054
2880.0,36.677753374807324,36.68893890643355,36.722491725037465,36.77839855449825,36.85663567804699,36.957166157883506,37.07993586375237,37.22486819977983,37.39185767810816,37.58076297450863,37.79140112507019,38.023546524259245,38.276941867721995,38.551333211032926,38.8465467656765,39.16262923926511,39.50007907394789,39.86021982141715,40.245857476894685,40.66267382547784,41.12317955422589
2940.0,36.963524645621,36.97462399958334,37.00791510442723,37.063373929358576,37.140959262667344,37.240610641269825,37.36224605879763,37.50575983952814,37.6710213672475,37.857875564259864,38.066146217898904,38.29564351753518,38.54617759846389,38.817580449603476,39.10973900385157,39.42264369462458,39.75646646529483,40.111720297366325,40.48965998408919,40.8933783043861,41.331236481337136
3000.0,37.24693616961726,37.257928080630535,37.29089523652064,37.345808325749985,37.42261823460236,37.52125496602753,37.64162621018996,37.783615189429995,37.9470773801912,38.131835713469684,38.33767433592026,38.56433256276944,38.81150391016908,39.07885018580054,39.36604653728029,39.67287886016874,39.99942291736967,40.346359362892656,40.71555960874756,41.111342746402926,41.54398296884898
3060.0,37.52790982722525,37.53878295429377,37.57139217523088,37.625702634917225,37.7016554026145,37.79916538737415,37.91811860785112,38.05836869553436,38.219732849633516,38.40198785479633,38.60486749614214,38.828063963223535,39.07123774016346,39.33404274482222,39.61617536328808,39.917457901023255,40.23797461213286,40.5783085885793,40.94001689873918,41.32674317870347,41.747469765259275
3120.0,37.80670992789924,37.81744709871407,37.8496462311557,37.90326493863219,37.97823190792259,38.07444499553657,38.19176897134766,38.3300328696765,38.489027291696694,38.6685025102639,38.868169362140165,39.08770717341574,39.32678675883101,39.58512161659869,39.862565468147665,40.159277947968235,40.47598528730191,40.81438308564673,41.17780381800659,41.572540199263585,42.011421878793094
3180.0,38.08296036963495,38.093544690379645,38.12528375534187,38.178130250342754,38.25200567366022,38.346800128126695,38.46237306350332,38.59855553755782,38.755155117213796,38.93196494584542,39.128778913033194,39.34541521267588,39.58175065246377,39.837767456288006,40.113612837532436,40.40967156344806,40.7266616046062,41.065801210437364,41.42919722658978,41.82087575992955,42.24995099646101
3240.0,38.35577492253187,38.3662048623764,38.39748218831859,38.449564800795734,38.522384513383386,38.615849157760856,38.72984595223377,38.86424590250106,39.018909049417275,39.19369031077687,39.388445901049266,39.6030412305078,39.837363076834066,40.09134157180348,40.364990691167506,40.65848019051437,40.97226250164677,41.30730870834629,41.66559006394486,42.05118423492053,42.473408600934015
3300.0,38.62555562152427,38.635851905986485,38.666730884974235,38.718159252559175,38.7900828822147,38.882428002246726,38.995102802404546,39.127999071404176,39.28099367239374,39.453949957175155,39.64671993390417,39.85914936217276,40.09108999421159,40.342425529743565,40.613119973792784,40.90329997980287,41.21339204863249,41.54436480729356,41.898206701496825,42.279004961045636,42.695975546362796
3360.0,38.8924656914862,38.90264531822545,38.933175478074226,38.98402658414376,39.05514988077653,39.14647753316305,39.25792282910937,39.38938026435976,39.540725490949725,39.71181533363107,39.90248854133214,40.112568722784886,40.34187192355502,40.590222180219136,40.8574790531999,41.14358359473326,41.4486401490064,41.77308408796963,42.1180660049586,42.486399517398695,42.885299141987254
3420.0,39.15676797654805,39.16683563524439,39.197029819768886,39.24732052750729,39.31765761866049,39.40796979255634,39.518163073281215,39.648118396333764,39.797688068824066,39.966691195232976,40.15490899000982,40.362082522085366,40.58791794075703,40.83210726837112,41.094375884844624,41.37457154557434,41.67281834271298,41.98978294740273,42.327166171540426,42.68873667608377,43.08310306254032
3480.0,39.41834215634444,39.4282907864481,39.45812626208947,39.507812870032964,39.57729029579614,39.6664716306216,39.77524086146718,39.903449808090386,40.050914834580176,40.217414036268245,40.402686159741414,40.60643320228758,40.828329189042265,41.06803762096764,41.3252396952941,41.59967712165977,41.89122388272005,42.200032266259505,42.526871517547285,42.87396875807351,43.247435488794345
3540.0,39.67675932826887,39.68657132104395,39.71599468879193,39.764986233698124,39.8334731695999,39.921350916415186,40.02848020080712,40.15468315291019,40.299738345208326,40.463375031301624,40.64526759615823,40.84503264778655,41.06223328422948,41.296397554343386,41.547060728282645,41.8138446522193,42.096595911253374,42.395626238633284,42.71215549058363,43.04923337283767,43.41418436376898
3600.0,39.93239599882811,39.942050297284055,39.9709978258076,40.019185918443796,40.08652575484253,40.172889657480326,40.27810781545457,40.40196447706664,40.544194259968975,40.70447996131443,40.88245448940092,41.07771139865285,41.289830846142976,41.51843010637468,41.76324962827364,42.02428771865731,42.30200284478371,42.59762146537817,42.91364687925104,43.254855252046106,43.63089381879975
3660.0,40.18454554103764,40.1940178146787,40.22241694578398,40.26968264931291,40.33571465693502,40.4203720110391,40.52347322156439,40.64479779298747,40.78409022301245,40.941067957332464,41.115435104595335,41.30690375550624,41.51522411290733,41.740223029125964,41.98184869860619,42.24022046424187,42.51569394903448,42.808983861094156,43.12145953794005,43.45591297798055,43.818824575788156
3720.0,40.432379998678414,40.44166285030635,40.46949448978213,40.51581765972106,40.58053858834418,40.66352824238611,40.76462457383387,40.88363548771744,41.02034248936352,41.17450509769306,41.34586653523696,41.534162088747884,41.73913288934263,41.960549574526624,42.19825257171489,42.45222001420979,42.722684171525984,43.010340156239835,43.31674653752833,43.645184884315,44.00295693837251
3780.0,40.67634421776122,40.68545175841467,40.71275918664701,40.75821500366367,40.821734566182194,40.90320065022008,41.002464534693516,41.11934738412943,41.253642152512995,41.405116696589246,41.573519561825854,41.75859097887917,41.96008278127148,42.177791958776346,42.41161363682418,42.661622137106534,42.928197533673654,43.21223780708036,43.51555374580691,43.84171260492896,44.198298574013165
3840.0,40.91656570767495,40.925509685874374,40.95232740160226,40.996970632409344,41.05936003569423,41.139385653759554,41.23690809703701,41.35176037410742,41.48375073286838,41.63266718597676,41.79828479426933,41.980377162095714,42.17873371440457,42.39318405900108,42.623630811012326,42.870095202896714,43.132790523819146,43.412264745349304,43.70971275781883,44.02771696153987,44.37231125615196
3900.0,41.153019121593836,41.16180843877242,41.188163197452766,41.232038652940226,41.29336115479955,41.372028469184066,41.467910446382,41.58084974056297,41.710662561971894,41.85713968721533,42.02004842221697,42.199136917406726,42.3941430725369,42.60481119231502,42.8309210875661,43.07233823125357,43.32910333327117,43.601601510830925,43.89090158051629,44.19950074300798,44.533312585477034
3960.0,41.38600904161789,41.394650468543276,41.42056178957952,41.46369887549823,41.52398839529453,41.60132707796057,41.69558088411024,41.80658386921101,41.9341369078719,42.07800686035293,42.237927417544476,42.41360372036578,42.60472375331859,42.810980368472954,43.032109075722644,43.267950066367426,43.51855151649752,43.78435105111184,44.066519771765584,44.36769310842896,44.69389627465721
4020.0,41.615413600209436,41.623903694030744,41.64936010458941,41.691735512006,41.75095096373486,41.82689470622877,41.919420965939075,42.028348622306765,42.15346011854516,42.294501281460285,42.45118312212905,42.623187038387506,42.81017493612577,43.011805640425145,43.2277593837538,43.4577753131784,43.70171654835602,43.95969906613581,44.23236830396895,44.52153638637375,44.831919091213386
4080.0,41.84079966916309,41.84912854964781,41.87410009823253,41.91566280669909,41.973730646427356,42.048181611417355,42.13885600168086,42.24555420922015,42.36803411236749,42.5060084499419,42.65914295780316,42.82705656734582,43.0093254923475,43.20549363712311,43.41509309974196,43.637682218893474,43.87291724665914,44.120691805152084,44.38141853126913,44.656642769016145,44.95066551117647
4140.0,42.06245153609946,42.070605807512685,42.0950516383865,42.13573096315485,42.19254638979668,42.265358949761676,42.353985357044365,42.458194635655275,42.57770452925849,42.71217870654852,42.86122674544576,43.02441026603343,43.20126032959299,43.39131323704437,43.59417417569365,43.80962111863166,44.03776615076666,44.279302502067,44.535900113197705,44.81093586074776,45.11128553103274
4200.0,42.27998034931927,42.28793966804581,42.31179834603747,42.35149063068448,42.406906926983815,42.477892580135276,42.56424723707856,42.66572519295072,42.7820377654817,42.91285911653431,43.057837141119094,43.21661079035473,43.38883420301393,43.57420640793077,43.772504264512136,43.98361837933429,44.20760109709129,44.44475800166228,44.69586157476597,44.96268539774589,45.24952590152628
4260.0,42.49273551629778,42.50048778884113,42.523725234580986,42.562382100039656,42.61634999397722,42.68547828554464,42.76957529053311,42.86841007743534,42.98171510358264,43.109190113939675,43.25050813477668,43.40532504363252,43.573295157587786,43.754096712996315,43.94747340772714,44.15330205825515,44.37170321956455,44.60322521716831,44.84916680163154,45.11221646681773,45.39806935791056
4320.0,42.70122540638896,42.708776585875654,42.73141168967129,42.7690681578101,42.82164291026505,42.88899279773938,42.97093590065784,43.067253729414276,43.17769497334178,43.30198194896056,43.439821542512576,43.59092315807327,43.75502686867561,43.9319456604624,44.12162677115057,44.32423966173976,44.540304173648266,44.770886992517184,45.01793354898056,45.28492519815563,45.57855690041461
4380.0,42.90492042330973,42.91228077265702,42.934344918972876,42.971055703923504,43.02231976344534,43.08800927968777,43.16796525404756,43.262002447755286,43.36991648440223,43.49149357446058,43.62652291891738,43.77481080339466,43.936193549820395,44.11054427825057,44.29776746703986,44.497778726844984,44.710479235437695,44.93575940539395,45.17361225185919,45.42453889326084,45.69080772803444
4440.0,43.10362767973127,43.110818376768,43.13237630305068,43.168253555072454,43.218371791060726,43.28262314989887,43.36087137301199,43.45295235921675,43.55867347813341,43.67781100439153,43.81010532609948,43.95525428549073,44.11290631967822,44.282657252476476,44.46405796102443,44.656644937409276,44.86001228524203,45.073954086381825,45.29873117229079,45.53560134282265,45.788127675175005
4500.0,43.29859646278474,43.305632734372246,43.32672726153625,43.36183119654012,43.410862592320264,43.47370436799124,43.550201615761715,43.64015803889526,43.74333185542126,43.85943209149018,43.988117018748824,44.128997527101426,44.281649409473935,44.44563987596381,44.62057524992777,44.80617904736079,45.00241344380573,45.209666116646346,45.42905178987099,45.662972304318586,45.91648245477607
4560.0,43.48995801419005,43.49682442651294,43.51740687662911,43.55164801647546,43.59945190752785,43.66068242462383,43.73516194281886,43.82267067032374,43.922947564400246,44.03569412451432,44.160582603184665,44.29727015993038,44.445420123348164,44.60473103348804,44.7749742647037,44.95604320491436,45.148023411352185,45.351307856163665,45.56681511405818,45.796462862393106,46.04442647903671
4620.0,43.677329651855764,43.684008958397605,43.70402929232673,43.73733090118012,43.7838150806568,43.84334433162468,43.915743381352705,44.00080119142567,44.098274527707744,44.207893944310314,44.32937338418284,44.462425057576276,44.60678190154802,44.76223093201358,44.92866248308946,45.10614314010884,45.2950251585658,45.49611597932573,45.71096105941763,45.94238978762899,46.19587453308814
4680.0,43.86039553275742,43.866890147142485,43.8863575443552,43.91874205296069,43.963952535022756,44.021863783705214,44.09231927860804,44.175135470984365,44.27010817337276,44.3770217344886,44.495661582479215,44.62583028145884,44.76736644479297,44.92016503336164,45.08419772715965,45.259534944150786,45.44637916834088,45.645136261544074,45.85658661017035,46.08230858114775,46.32585560972301
4740.0,44.03927135014293,44.0455993497328,44.064569445023196,44.09613469056997,44.14021866949652,44.19671714563538,44.26550067865977,44.34641795429703,44.4392998398544,44.54396431423159,44.660222674424794,44.7878878723286,44.926786629725356,45.07677834934978,45.2377860752398,45.4098481729863,45.59320474610356,45.78844314383626,45.99675382314126,46.220434903369366,46.46414338410173
4800.0,44.21447765493094,44.22066197710039,44.23920303247237,44.27006050926878,44.31316843691628,44.36843612408117,44.435749858761646,44.51497535406805,44.605961241739955,44.708544056604296,44.82255518293732,44.947830053555855,45.08421951599172,45.231603020324364,45.38990393429347,45.559110198640504,45.73931063635245,45.93077177127058,46.134110795331445,46.35070228916336,46.58377489236546
4860.0,44.38604808231306,44.392103765181204,44.4102601683062,44.44048119973584,44.48270753820458,44.536857022424016,44.60282538177389,44.68048708028184,44.76969621541726,44.870287430953304,44.98207678886527,45.10486251285147,45.238425587195984,45.382530707327156,45.53692963818795,45.70137247940609,45.87563879229269,46.059612350915465,46.25344821917684,46.457950778918054,46.67556414601965
4920.0,44.55471786958184,44.560651796121086,44.5784428654159,44.6080545178841,44.64942568534725,44.70246968783422,44.76707284047604,44.843092605423124,44.930355485325876,45.028655253323244,45.13775276997864,45.25737965500778,45.387249564741474,45.52708280490751,45.676652297733206,45.83586112443057,46.00486407795343,46.18425086315661,46.37532878057056,46.580619866515896,46.805015961585724
4980.0,44.72009855867035,44.72590173637135,44.743299054354054,44.77224883509859,44.81268160928777,44.864499388733314,44.92757542553605,45.001754789125734,45.086856411795274,45.18267721637593,45.288998490975224,45.405593603501906,45.53223443140406,45.66869201080376,45.81472620572203,45.97006187451677,46.13435771879384,46.3071912061543,46.488112706689265,46.67688488543603,46.87425170087163
5040.0,44.881388810054034,44.88705147257694,44.90402678685371,44.93227156763041,44.97171397329151,45.02225261016386,45.08375532206869,45.15605716623182,45.238957195076715,45.332213697399546,45.43553779392369,45.54858592907811,45.6709530894194,45.80217068471184,45.94171586690484,46.08904217567184,46.243644386036145,46.4051747094638,46.57364096930968,46.74977016510268,46.93585804174823
5100.0,45.0390130782246,45.044525359301815,45.06104738209403,45.08852834388045,45.12688258602687,45.17598699093495,45.23567779857278,45.30574685535794,45.38593780596858,45.475943142045125,45.57540350976708,45.68391124182529,45.80102072530491,45.926268980619156,46.059210751788584,46.19947360911516,46.346840665313415,46.5013740302435,46.66360953320995,46.83491259060486,47.01833363253702
5160.0,45.19313436355198,45.19846852790046,45.21445323325235,45.24102773219553,45.27809053505633,45.32549794318166,45.383063005296215,45.450555283835946,45.527702415456766,45.614194888674035,45.709695996836224,45.81385960108711,45.926359192977706,46.04693275585355,46.17544892741903,46.31200078556331,46.45703477097917,46.611527164132795,46.77724044445791,46.95716465472441,47.15654935182724
5220.0,45.34277339371294,45.34791176722939,45.36330889126442,45.38890382156578,45.42459679581278,45.470250973884376,45.525696124509636,45.59073473410664,45.66515136976733,45.74872598773499,45.841251302315456,45.9425531789254,46.05251133336725,46.17107589132671,46.298274756919405,46.4342091698032,46.579042654089235,46.73300429502035,46.89645577307385,47.07013506807089,47.25591850417469
5280.0,45.48706457364458,45.49202591798039,45.506895647481045,45.53162561638259,45.566138094569595,45.61032836108381,45.6640684885182,45.727211785191656,45.799597375434075,45.8810541653349,45.971403213597796,46.070457446092405,46.17801795011569,46.29386707977742,46.41776064033409,46.54942479225152,46.68856839776288,46.83492962749555,46.98839226450729,47.149255467776165,47.31893994115458
5340.0,45.62732575442747,45.63214454932587,45.64658902359821,45.67061872075182,45.70416686877728,45.74714026781368,45.79941911329443,45.86085636714824,45.931276612407736,46.01047467453685,46.098214919219444,46.194233159519676,46.2982446000907,46.40996312793131,46.52913915161001,46.65562451216622,46.789473683833904,46.93109296972751,47.08146309213476,47.2425169900753,47.41799559718982
5400.0,45.76406056082318,45.76874346097334,45.78277966014488,45.80612656363534,45.83871345167185,45.88044111093396,45.93118203448304,45.99078144502378,46.05905971266213,46.13581674639212,46.22083866407488,46.31390637519566,46.41480466676951,46.52332930741608,46.639289409428514,46.76250417117552,46.89279885285947,47.030016349138194,47.17408209769146,47.32520951092873,47.484515841292755
5460.0,45.89738284252616,45.901925811120755,45.915542290292485,45.93819003641796,45.96979925965247,46.01027259000376,46.05948533497174,46.1172858453351,46.18349607966905,46.257912714710145,46.340309704316745,46.43044424137411,46.52806975993161,46.63296182123099,46.744964913971295,46.8640694871111,46.9905285914629,47.125024782633325,47.26891044305863,47.42460106207919,47.59644366637353
5520.0,46.027353631695306,46.03175793461349,46.04495849891661,46.066913418799935,46.097553762732225,46.136784240695874,46.1844849722451,46.24051471020403,46.30471618008038,46.376924158851146,46.456976548275854,46.544727869122255,46.640063331422496,46.74291029115176,46.85324340528177,46.9710816630761,47.096481582652736,47.22954327284961,47.37046884007988,47.519763894530634,47.678856814484064
5580.0,46.153502659466845,46.157776551180824,46.17058761626395,46.191899997750745,46.22165531954654,46.259773910478216,46.30615668151491,46.3606873216907,46.423234533148424,46.49365393926065,46.5717892960883,46.65747286070401,46.750525396915904,46.850757481584104,46.95797555736044,47.07199850439799,47.19269354584354,47.320045536322006,47.45428700578129,47.59615973948681,47.74755817610918
5640.0,46.276353235388896,46.28051297409329,46.29298251399823,46.31372891856698,46.342697657898235,46.37981236649365,46.42497468858097,46.47806405254461,46.53893743047848,46.607429250196624,46.68335176861696,46.766496416050195,46.85663693685445,46.95353567679364,47.05695524041722,47.16667920957108,47.28254827490012,47.40452370708917,47.53280401972159,47.668062924590686,47.81204611437434
5700.0,46.396481674534336,46.40052754276941,46.412654811036205,46.432828193799786,46.46098890252672,46.49705393832956,46.54091550596247,46.592440589531364,46.65147103975572,46.717824772907655,46.79129906056727,46.871677466850066,46.95874280798222,47.052299518206695,47.15220981804359,47.25844890019775,47.371185328012025,47.49089624107057,47.61854029481022,47.75585945856051,47.90607775376389
5760.0,46.513571471689744,46.51749573304687,46.52925763502355,46.54882018853943,46.57612243069626,46.6110798252303,46.653585522240284,46.7035127048242,46.76071844636356,46.825049397616894,46.89634927306325,46.974467461738286,47.059267219373794,47.15063112819204,47.248461528460965,47.35267549692684,47.4631989510063,47.57997407358268,47.70301186482491,47.83256242119732,47.969624994567766
5820.0,46.62697329808704,46.630778900320344,46.64218583635035,46.66116062505956,46.68764833320623,46.721573058367866,46.762838716310526,46.81132978246767,46.86691167529368,46.92943036134658,46.99871069803713,47.07455311705376,47.15672862873113,47.24497294070253,47.33898184377366,47.43841200169037,47.54289410450772,47.65206999996688,47.76567580156654,47.88372447079311,48.00697136197057
5880.0,46.73713874551916,46.74083225407322,46.75190266918485,46.77031540511302,46.79601257738435,46.82891178884856,46.868904573089225,46.91585428778069,46.969593498786544,47.0299211045806,47.09659980879936,47.16935512123137,47.247877881674754,47.33183328959643,47.42088038615492,47.51470664655572,47.613082966475254,47.71594642388605,47.82352713578935,47.936569325986554,48.056838729871146
5940.0,46.844981834580025,46.84855048061467,46.859244371305074,46.877022297281336,46.90181533112787,46.93352570377964,46.97202593148736,47.01715850787625,47.068736975842214,47.12654968122236,47.19036820982952,47.2599634737136,47.335133588768706,47.415748811657885,47.50181936917367,47.593591515704084,47.691675944249226,47.79721369747027,47.91209717485716,48.03931565091845,48.18370555695619
6000.0,46.94996916696007,46.95339942538444,46.96367821738728,46.980765079310004,47.004594464835115,47.03507809753791,47.07210943156157,47.11557081363081,47.16534415978505,47.22132574411832,47.283445055966546,47.351686517359965,47.4261112399161,47.5068743942174,47.5942331755418,47.688542327976194,47.79024049290631,47.89984296146422,48.01797796089092,48.145549687827994,48.28426894209401
6060.0,47.051247980496385,47.05456619403915,47.0645136436923,47.08106646600856,47.10418768924942,47.13383079215082,47.169944650950505,47.212479404036934,47.261392617813435,47.31665482862162,47.37825323210703,47.44619212597283,47.520488876856035,47.60116492000503,47.688232876219494,47.78168354670183,47.881480661876736,47.98757774232202,48.09998390154439,48.21893897338667,48.345388754237604
6120.0,47.14962488828374,47.152879549254045,47.162639893904164,47.178893654975255,47.20162114318907,47.23079584672562,47.26638488542579,47.30834879258551,47.35664004673234,47.411199698025094,47.4719514048794,47.53879226763683,47.61158010539203,47.69011740858528,47.77413330946245,47.86326679121944,47.957057327549904,48.05495390312098,48.156362441977734,48.26077594233573,48.36812878604936
6180.0,47.24682572873987,47.250030100073054,47.25963858776056,47.2756350574947,47.29799147795034,47.326665718294954,47.36159839348039,47.40270864212142,47.44988905062735,47.50300049076061,47.56186861935737,47.62628530395901,47.69602021609373,47.77084984902553,47.85061240090947,47.93529629471981,48.02516738663485,48.12093764849522,48.22398480971963,48.33667255680365,48.46299359440517
6240.0,47.34283297452205,47.34596145396695,47.35533927317231,47.37094031228141,47.39272090071892,47.4206194140022,47.45455671705604,47.49443812764993,47.54015780822144,47.59160639592408,47.64868219200242,47.71130522790533,47.779432042674586,47.85306743369706,47.932268684837645,48.017139213498346,48.107813718051894,48.204447023428905,48.30723608328285,48.416540118850676,48.53328446284097
6300.0,47.43627986152098,47.439320177399274,47.448434368205966,47.463599612396706,47.484779059992825,47.51192307443718,47.54497109075702,47.58385382638108,47.62849554393288,47.67881593007299,47.73473110028056,47.796153392670426,47.86299010264793,47.93514221575843,48.012505510454254,48.09497806652519,48.182480362658296,48.27499779833535,48.37266450048005,48.47593586156982,48.58601282929982
6360.0,47.52720912585541,47.530175395460816,47.53906841348707,47.55386841776203,47.57454274409969,47.60104571086826,47.63331848461922,47.671288719150795,47.71486982946697,47.76395974698223,47.81843898360767,47.878167828770955,47.94298256354032,48.012690807480965,48.087066710554645,48.16584796170976,48.24873894520605,48.33542867351003,48.42564091555029,48.51925756130236,48.61664872380489
6420.0,47.615746074757354,47.6186381414514,47.62730759192097,47.641731195134774,47.66186975036635,47.687666779194,47.719046774744115,47.75591282435256,47.79814354596417,47.845589357173445,47.898068257750054,47.9553615972839,48.01721074676853,48.08331618487064,48.15334118981137,48.22692305453684,48.30369568887678,48.38332951920411,48.46560071931588,48.55052257321425,48.638658285046205
6480.0,47.7016947547299,47.70449429788755,47.71288375992903,47.726831586225806,47.74628443493728,47.77116538106674,47.801371746500784,47.8367725394789,47.87720569460006,47.92247539976443,47.97234990923576,48.026560385124945,48.084801490491444,48.146734683909415,48.21199546298836,48.28020626700631,48.350997669191756,48.424042706991926,48.49911525451868,48.57620243935321,48.65577902317509
6540.0,47.785262413256284,47.78794263010404,47.79597162707774,47.80930946157889,47.82788919163953,47.851615540064095,47.880363614399,47.9139778774259,47.952272018878396,47.99503085845039,48.04201615759196,48.09297928309227,48.147684946747155,48.20595137740374,48.26771262165634,48.333107582505946,48.40259805265347,48.47711675539735,48.55825345955505,48.64852312293668,48.75190903668652
6600.0,47.8655080056742,47.86805057294459,47.87566624723329,47.88831431868526,47.90592862727075,47.92841956128912,47.95567793400463,47.98758119100734,48.02400251147687,48.06482297625989,48.109946085497384,48.15931243011355,48.21291038934009,48.27077691123536,48.3329818647771,48.399591640200235,48.470613892705366,48.545935886224754,48.62528364440468,48.70825305867233,48.79453838854902
6660.0,47.94144453129908,47.94387117674836,47.951143029939786,47.96323293124868,47.980097561478374,48.00167950384861,48.02790985224137,48.058710655085505,48.09399638319905,48.133673449489166,48.1776368184669,48.225763069814334,48.27790003517721,48.333854319208896,48.39337948814993,48.45616916780695,48.52186052175335,48.59005498034712,48.66036695888997,48.73252624440164,48.80662598220174
6720.0,48.01450076515614,48.01684370020806,48.023865547514774,48.03554243771838,48.05183443095654,48.072684590289484,48.09801763149879,48.12773790327101,48.161726684443636,48.199839057492824,48.24190106374745,48.28770847914856,48.337029308760734,48.38961281227633,48.4452082696312,48.50359653998697,48.564636905928495,48.62833191081734,48.694917507672685,48.76500591513418,48.8398926538076
6780.0,48.085490977141895,48.08774318957452,48.0944911782387,48.1057052902105,48.12133595984821,48.14131296887528,48.16554497241846,48.19391953015484,48.22630417517631,48.262549245061784,48.30249339912045,48.34597293798253,48.3928361909394,48.44296429453799,48.49629962923168,48.55288311754533,48.61290199697958,48.6767519435703,48.745125310257514,48.81916297889921,48.90080694950469
6840.0,48.15356417418592,48.155713983444855,48.16215475439505,48.172857121502034,48.18777324284527,48.206837930284095,48.22997074736859,48.257079125830266,48.288062572689284,48.32281776629317,48.361243835739316,48.403246382730245,48.4487379549141,48.49763204308186,48.549827827316726,48.605184552887074,48.66348813412637,48.72441851398763,48.787534758699024,48.85231021964311,48.91830275875899
6900.0,48.219079218337605,48.22113862825203,48.227309835724064,48.237568957790174,48.25187687437221,48.27017957115827,48.29240857143765,48.31848118037769,48.348300505847135,48.38175560313772,48.41872285038079,48.45907088743103,48.502673055821816,48.54943286067098,48.59932879590202,48.65248413071186,48.70926485459681,48.770406847688854,48.837177633020204,48.91160591211017,48.99693139670958
6960.0,48.282692107233,48.28467146674354,48.290603061094394,48.30046492389795,48.314221553678934,48.331825320044274,48.35321912487902,48.3783406969626,48.40712902419998,48.43953326801715,48.47552403465648,48.51510602671207,48.55832993695906,48.605300326433586,48.656175860282765,48.71115963633387,48.77048137568321,48.83438062788947,48.90311216818273,48.97701888855809,49.05679808526552
7020.0,48.34404442212754,48.34596183393037,48.35171053477442,48.36127875169661,48.37464843598996,48.391797238068435,48.41270115770602,48.437337529893476,48.46568792863434,48.49774045519292,48.53349084033837,48.57294191673728,48.61610138716688,48.66297847347313,48.7135809767265,48.76791548948413,48.82599509005388,48.88786149538042,48.953634867720375,49.02362350126086,49.09860128930416
7080.0,48.403737886335605,48.40562279892967,48.41127580536973,48.42069095886896,48.43385867704753,48.45076596568892,48.47139656562325,48.49573077843196,48.52374470462918,48.55540857591108,48.590683807082314,48.62951834521064,48.671839896542615,48.71754676663983,48.7664965294531,48.818493775909545,48.87328003487979,48.930531982856344,48.98987950663152,49.05096870513083,49.113647229691246
7140.0,48.46250695262252,48.46436460145582,48.46993504004171,48.47920940870306,48.49217226618417,48.508800280261106,48.52906033445801,48.552906943210914,48.580279018322514,48.611096276487956,48.64525601322851,48.682631619185535,48.72307502262066,48.76642601433651,48.8125318254385,48.86128008072948,48.912647429305885,48.966765900424136,49.02401283371895,49.08514840203729,49.15160133828347
7200.0,48.52034521707344,48.52215730516284,48.52758891304565,48.53662391936059,48.549235105803575,48.56538340870594,48.58501732019786,48.60807268205077,48.634473255537856,48.664132462021136,48.69695659634562,48.73284959195296,48.77171908163591,48.81348316443839,48.85807720206128,48.905460501154074,48.95562436488806,49.0086063952109,49.064522819525884,49.123647913839775,49.18663353514075
7260.0,48.57655949681172,48.5783106339783,48.58355887203823,48.59228651111683,48.604464408562,48.620052137500124,48.638998429894066,48.661241877445065,48.68671195077978,48.715330422199656,48.74701334049748,48.781673839860304,48.819226286203246,48.85959256734659,48.902711695679585,48.94855433120284,48.99714456427696,49.04859310627239,49.10315133807711,49.161312756785186,49.22405627733824
7320.0,48.63047540121502,48.632165505802604,48.63723088752362,48.64565468856301,48.65740924620597,48.672456347848644,48.69074771886094,48.71222559350656,48.73682316922728,48.764464506501405,48.7950630450702,48.8285173702909,48.8647022847937,48.903452885341814,48.94453964659107,48.98763395239661,49.03226634117891,49.07778368285961,49.12331597366352,49.16776927415583,49.209880997562465
7380.0,48.68238169605948,48.684011900731974,48.68889710308085,48.69701856041598,48.708344461653695,48.72282846852268,48.74040753420158,48.76099871838913,48.78449494213673,48.81075999761545,48.839623823240146,48.8708801187857,48.904289694294306,48.93959415044405,48.9765449467478,49.01495196606488,49.05475318884648,49.09610427487839,49.13948753633804,49.18585398647349,49.236878347592594
7440.0,48.73223830057705,48.733790426117814,48.738438984810735,48.74615710210549,48.75689979126902,48.77060325429991,48.78718454685623,48.806541883517646,48.82855599519586,48.85309280742041,48.880007299698434,48.9091476792783,48.940358024078606,48.97347660632949,49.008326744244755,49.044697921186014,49.08231755293863,49.1208181322409,49.15971009731625,49.19837880539857,49.23614823027667
7500.0,48.77954481240678,48.78100326426471,48.785370454642695,48.79261847910461,48.802701168230676,48.81555391020094,48.83109355776095,48.84921826299798,48.8698073153318,48.89272133704495,48.91780372174933,48.94488503718197,48.973793171143164,49.004372975013126,49.03651952977223,49.0702283903912,49.10566421735939,49.14324733986271,49.18375985916739,49.228489343763314,49.279500303004326
7560.0,48.82430044636895,48.82566410784614,48.82974704267569,48.83652189685887,48.845944074737126,48.857952792021344,48.87247315932245,48.88941951301914,48.908700323298746,48.930224847698106,48.953911295519326,48.97969558852183,49.007538921269955,49.03743151465324,49.06938972365529,49.10344464151406,49.13962305672759,49.17792626305755,49.218319102992574,49.260754123266615,49.305296664024915
7620.0,48.866048037184065,48.86733051780739,48.871172180876556,48.87755350079318,48.88644318450129,48.89779948317003,48.91157197105885,48.92770343327963,48.946131479429184,48.96678939665966,48.98960569699701,49.01450185566677,49.04138793267079,49.07015615568572,49.100673125198284,49.132772059656595,49.16624742003024,49.20085550107432,49.2363269983913,49.2724047333462,49.308949816470836
7680.0,48.905507370290074,48.90672999254997,48.910393082218846,48.91648024452352,48.924964289219744,48.935806945619035,48.9489584210854,48.96435659431646,48.981925748519366,49.00157485765455,49.02319562682002,49.04666076083228,49.07182326451657,49.09851789237438,49.12656605926194,49.15578551529862,49.18600594418026,49.2170918146277,49.24897567083895,49.2817129218401,49.315602717831055
7740.0,48.94359997746476,48.944762050553564,48.94824266259813,48.95402252579455,48.96206941892833,48.97233768911571,48.98476787150386,48.99928657115151,49.015807021760175,49.034231021583395,49.05445334597384,49.076370235454796,49.09989406735179,49.12497664447859,49.15164341098873,49.180040154202764,49.21049261838039,49.24357918165411,49.28022069710429,49.321809373974624,49.3704704348866
7800.0,48.97980128948606,48.98089665046656,48.98417742931825,48.989625692987005,48.99721275557658,49.006900740584406,49.018645253814725,49.032399307236496,49.04811857831545,49.065767733409686,49.085326887874196,49.10679631385818,49.13019638988733,49.155558913933135,49.182905927339775,49.212213844652894,49.24336435543067,49.276088933738166,49.30991992495604,49.344168360413086,49.377967957005986
7860.0,49.01450671456058,49.015554086839174,49.01869332647521,49.02391468128193,49.03120264119688,49.04053663622371,49.05189177898445,49.06523937487413,49.08054711224247,49.09777925095692,49.11689791335739,49.137867797312936,49.160668136422736,49.1853170882628,49.211914215327646,49.24070562334897,49.272173609710556,49.30715003331944,49.34695504188025,49.3935835605143,49.45005243678506
7920.0,49.04842508291834,49.04944223021072,49.052491831639806,49.0575677390201,49.06466082049255,49.07376068568863,49.084858578590534,49.09795174135165,49.11304949062022,49.13018090274451,49.149403289601295,49.170809521682045,49.19453087226084,49.22073088530582,49.24958561543633,49.28124738389362,49.31579354425368,49.353168481074725,49.39313549049384,49.4352668799982,49.47903400432794
7980.0,49.08114654433998,49.08215599013097,49.08518535138,49.09023818760839,49.09732122548082,49.10644536109713,49.117626548922864,49.1308860550103,49.14624938865283,49.16374314050485,49.18338901316636,49.205194607943966,49.22914107223055,49.255168486078475,49.28316074760958,49.31293250734561,49.344221241950905,49.376687955160705,49.40993110638527,49.44352345246794,49.47710612091418
8040.0,49.11394467629179,49.11496376087816,49.11802161741958,49.123119902740655,49.130260407156676,49.139443512064496,49.15066586692349,49.16391724473874,49.1791766931066,49.19640840338684,49.21555819344842,49.23655211941586,49.25929939637558,49.28370230458558,49.30967579270061,49.33717883024692,49.36625832916326,49.39710558006804,49.43012720119426,49.46604468833293,49.5060883279276
8100.0,49.14642538070502,49.147433412053545,49.150455705275085,49.15548583348737,49.16251262926374,49.171519471807045,49.18248360117412,49.195375609615276,49.21015919650185,49.2267910041967,49.24521983804194,49.26538380237289,49.287202976700875,49.31056453908504,49.33529724528523,49.361133449942926,49.38765963579936,49.414260178089464,49.440062375564295,49.46389169140441,49.484244177671194
8160.0,49.17854147074543,49.1795196084094,49.18245093319836,49.18732458010403,49.19412174040297,49.202814250702325,49.21336256435413,49.22571305494634,49.239794937711736,49.25551770069629,49.27277097516076,49.29143026028845,49.31137362702197,49.33251587964298,49.35486675473091,49.37861774101477,49.40425800427753,49.43271565092841,49.465521641906236,49.505013774692166,49.55468825507167
8220.0,49.209874960495895,49.210805218142504,49.213591660018984,49.218219580720046,49.2246654318168,49.23289828347376,49.242882713994696,49.25458363744195,49.267973525655016,49.283042007411744,49.29980685150897,49.31832382079188,49.338691028848345,49.36104184235048,49.3855200496296,49.41223307136705,49.44118404083541,49.47219110811174,49.50481065413993,49.538289328745904,49.571587335344475
8280.0,49.239637337976546,49.24053289391183,49.24321835208764,49.247689723897835,49.253941457473,49.26196771994417,49.27176374915876,49.28332678071864,49.29665604829146,49.31175151413405,49.3286114536509,49.347229869466226,49.3675958889681,49.389698525539124,49.41354095477298,49.439168229529805,49.46671097811455,49.49644599065405,49.52887564760603,49.564839962613924,49.60572944752497
8340.0,49.268393576464824,49.269279113905206,49.271935286999714,49.27636047170796,49.282552107470245,49.29050686546138,49.30022092147813,49.31169028440089,49.32491100554938,49.33987878163309,49.35658689654339,49.375020608164746,49.39514511280132,49.416883487161854,49.44008111834009,49.46445470519323,49.48952715066031,49.51455382947166,49.5384488272435,49.55971853653593,49.576399055685314
8400.0,49.29657321938059,49.29744926058122,49.30007619935374,49.30444958223149,49.31056097037095,49.31839608310984,49.3279318585637,49.33913214996421,49.35194196771277,49.36628061778631,49.382034897537935,49.39905471032068,49.417154882416604,49.436128160686174,49.45577463094509,49.47595142024721,49.49664336836213,49.51805147835494,49.54069460009162,49.56552850251913,49.59413161167071
8460.0,49.32449206281188,49.325333604428714,49.32785389084595,49.33203781881708,49.33785971326322,49.345282477371605,49.354257063416476,49.364722725456836,49.37660867859352,49.389837765522934,49.40433250366219,49.42002340508923,49.4368587577756,49.45481430405955,49.47390079007987,49.49416763131634,49.51570235019479,49.53862826301771,49.56310759821647,49.58936658497837,49.61779009689043
8520.0,49.35135640631233,49.352144193079624,49.35450334039842,49.35841953718046,49.36386978336086,49.370823385496955,49.37924359941494,49.389089973403564,49.40032157152121,49.41290137542348,49.42680237677553,49.44201620407009,49.4585655412333,49.476521966646295,49.49603097623659,49.51734571046608,49.54087046056497,49.567215353878865,49.597267475638276,49.63229933815829,49.674198652410844
8580.0,49.37680652224557,49.3775553366986,49.37979977872899,49.38353324213161,49.388746198215095,49.395428312644206,49.40357158911685,49.41317452112649,49.424247100200795,49.436816185898834,49.45093017392316,49.46666112026109,49.48410164126696,49.50335335765543,49.524503909590365,49.54759118103043,49.57255658015351,49.59919369365501,49.62710359885666,49.65567391510044,49.68411479905786
8640.0,49.40107097038554,49.40181199991121,49.404035761698,49.40774450601248,49.41294237129126,49.419635743059004,49.427833266054364,49.43754505683292,49.448780606018694,49.461544915870896,49.47583264574464,49.491620473994125,49.508858509442,49.527462282684056,49.54730740227308,49.568229125939645,49.590028749931854,49.61248810420058,49.63539354988293,49.65857464512584,49.68198248806652
8700.0,49.425044274521106,49.42578777142462,49.42801793850658,49.431733290541565,49.43693049473255,49.443602989016526,49.45173900629197,49.46131897467011,49.47231231250136,49.484673685405326,49.49833883185899,49.51322007556459,49.52920161952815,49.54613467696166,49.56383248866341,49.58206537734193,49.60055625975071,49.61897751417903,49.63695088321816,49.6540539001004,49.66984408054482
8760.0,49.448624236101615,49.44934779848784,49.451515675995346,49.455117898059584,49.46013697239756,49.46654635199419,49.47430843280269,49.48337213322675,49.49367024461309,49.505116891529994,49.517605654879226,49.53100918220933,49.54518138732978,49.55996351912208,49.57519530957253,49.59073197297965,49.606467063805326,49.622360509376456,49.63847159397787,49.65500115828667,49.67236761209737
8820.0,49.471377639750266,49.47205432031312,49.47407954517971,49.47743668609155,49.482097883646986,49.48802356564345,49.495162177306675,49.50345032462394,49.5128136983703,49.523169236295054,49.5344290523989,49.546506701173065,49.55932632699962,49.57283514730513,49.587019519886404,49.60192459555458,49.617677445720865,49.63451408349809,49.65281325039602,49.67314822135462,49.69640055096446
8880.0,49.49255235966689,49.4931714015925,49.49502396045441,49.498094533072944,49.50235815516397,49.50778142873999,49.51432424818312,49.52194225338389,49.53059005327291,49.54022513026145,49.55081210755572,49.56232675185246,49.57475875555505,49.58811212621605,49.602402100476766,49.61764810292681,49.63386352515196,49.651045040658595,49.669166972938385,49.68819154440135,49.70812427690134
8940.0,49.51166170221071,49.51223688004154,49.513959574826536,49.51682015245289,49.52080326568048,49.52588857789408,49.53205164246877,49.539264626955216,49.54749648226975,49.55671198111471,49.566868835378614,49.57791188117495,49.58976316388885,49.60230678537023,49.615367740294886,49.628684768046526,49.64187839305542,49.6544163816923,49.66557884008959,49.67442214531277,49.67972892179734
9000.0,49.53010050314357,49.530644233202956,49.53227251704083,49.53497517792589,49.53873472883231,49.543525254720656,49.54931083114964,49.55604350526993,49.563661231551784,49.57208675362677,49.5812293601397,49.59099268011888,49.601292985358,49.612093330686804,49.62345858642672,49.63563441900854,49.649149701365346,49.66493838359145,49.68447796848149,49.70995840709005,49.744568772578425
9060.0,49.54831326870489,49.548815518469134,49.550318871550076,49.55281192775885,49.55627699203919,49.56069212471127,49.56603482680577,49.57228791298985,49.57944813590342,49.587537832335826,49.59661922160617,49.60680998341748,49.618297522350026,49.631348277671705,49.64630818754527,49.66359167861272,49.68365984188229,49.706993910881145,49.734078063315664,49.76541949810543,49.80167748414867
9120.0,49.56483387300536,49.5653204367708,49.566781455748355,49.569221851551895,49.57265183399894,49.57708980388515,49.58256595838599,49.589126027196365,49.59683418098223,49.60577365266592,49.61604300845975,49.62774539075819,49.64096762764344,49.65574618508404,49.672017911799124,49.689555651891325,49.70789189548247,49.72623673289588,49.7433974210564,49.75770205356845,49.76690903978313
9180.0,49.58132476926261,49.58184207540585,49.58339706625918,49.58599980931395,49.58966595121886,49.59441486989221,49.60026637745963,49.60723557509678,49.61532563355255,49.62451880907469,49.63476694732656,49.64598405550015,49.65804501447296,49.67079566704199,49.68407964387671,49.697785715587926,49.71191608490075,49.726671940028154,49.74255072093245,49.76045645224217,49.78186226721959
9240.0,49.59857184667119,49.59910118178908,49.600688490938545,49.603330973176035,49.6070229271211,49.611754351572316,49.61750946619725,49.62426553643033,49.631992373750734,49.64065265782251,49.65020271479113,49.6605925590073,49.67176297938319,49.68363655297969,49.69609921514739,49.708969937890586,49.72195836170389,49.73461335042614,49.74626784124487,49.755984236164956,49.76249384462863
9300.0,49.61569379955513,49.61620294648974,49.61772806081387,49.620260934774365,49.62378737154504,49.62828615687526,49.63372761645192,49.64007172938077,49.647265981997066,49.6552435205933,49.66392280036901,49.67321082990134,49.68301312100674,49.69325420722636,49.70391255653493,49.71507240257445,49.72699248161994,49.740189002281014,49.75553038126969,49.77435166572859,49.798644350542695
9360.0,49.63206748111717,49.63254036135916,49.633955726907,49.63630241517964,49.63956243699156,49.6437118465991,49.6487224625628,49.654564684102304,49.661211577921165,49.668644061346825,49.67685635465799,49.685859923424196,49.69568304165596,49.7063622607424,49.717922040270224,49.73034015138329,49.743499400674494,49.75713019380889,49.77075202669449,49.78362315225848,49.79470481009577
9420.0,49.64730976745136,49.64775340370821,49.64908272619237,49.65129231615207,49.65437358367794,49.658315126670175,49.663102984376565,49.66872052045519,49.675147773475395,49.6823603632292,49.690328533618136,49.699017661783486,49.70839245971506,49.7184278577393,49.729129765700065,49.74056816664447,49.75292329135721,49.766543765065194,49.782015908900014,49.800251647092345,49.82264100362846
9480.0,49.66225618902902,49.66268188235372,49.66395764761595,49.6660789796644,49.669038821791624,49.6728282471207,49.677437710522646,49.68285908486314,49.68908873434294,49.696131809992565,49.70400775886421,49.712756704262134,49.72244592495503,49.733175275460496,49.74508028259474,49.75833211133414,49.77313487199421,49.789723060470585,49.80836584984629,49.829393356624614,49.853289253974
9540.0,49.67682858481358,49.67724643365207,49.67850034360254,49.68059163367593,49.683523316387344,49.68730128986421,49.691935929889475,49.69744397961223,49.703850579369245,49.71119122203066,49.71951337764461,49.728877528663965,49.73935742156773,49.75103950098506,49.76402177683599,49.77841281920355,49.79433225851394,49.81191533484513,49.831326528605246,49.85279433336998,49.87670688446173
9600.0,49.69087904356939,49.691308950752834,49.69260042817035,49.69475938828153,49.69779590534917,49.701724549469404,49.7065645864399,49.71233976881547,49.719077230206054,49.72680470372462,49.73554488444688,49.74530527889515,49.75606145647517,49.767731476274506,49.78013971736822,49.792969621007856,49.8057068388235,49.817576173025074,49.827475618672345,49.833904679741615,49.83485846423705
9660.0,49.705544457882276,49.705990368781485,49.70732861553435,49.709560438862674,49.71268643273979,49.716704191814536,49.721604782335106,49.72736801529214,49.73395683689488,49.74131181113363,49.749347712991785,49.75795562556599,49.76701536727814,49.77642401227717,49.78614595486692,49.796287785514195,49.80719729341593,49.81958176026597,49.834640355753656,49.85421823738684,49.88104968990714
9720.0,49.72034950253772,49.720779397565174,49.722066729877525,49.72420337955398,49.727176074138214,49.73096691699318,49.73555482412447,49.74091827794998,49.74703964141393,49.75391072067163,49.7615382531481,49.76994654916053,49.77917288648676,49.7892500268067,49.80017022702837,49.811827138222526,49.82393618898764,49.835939377771986,49.84690412609458,49.85542298662503,49.85949936321239
9780.0,49.733601848437,49.734010187401225,49.735234033606105,49.737269258792054,49.74010891946316,49.74374276001507,49.74815598247734,49.75332671877786,49.75922161322046,49.76578903024471,49.77294974343394,49.780585573456676,49.78852726147638,49.79654367754775,49.8043349107768,49.811531454306376,49.81770028461682,49.82235610832045,49.824972532676576,49.824982723062334,49.82174571565314
9840.0,49.7465069181096,49.74688889543839,49.7480311457055,49.749920670237046,49.75253459296606,49.75583810214824,49.75978185392446,49.76429909443169,49.76930309633171,49.774685917998525,49.78032002153808,49.786064863019995,49.79178103485728,49.79735463471773,49.80273395102634,49.80797910286061,49.81332315281928,49.819241360987064,49.82652583782865,49.836371038308066,49.85051075926847
9900.0,49.758351552889025,49.75867521239994,49.75964091503726,49.761230757354454,49.76341574498637,49.76615690250925,49.769407456453784,49.77311637070964,49.77723349208411,49.78171626447221,49.78653742094796,49.791692285167294,49.79720344524754,49.803119900426026,49.80950774488683,49.81643044879986,49.823918969614,49.83193493400742,49.8403331273588,49.848831654014916,49.8570006258977
9960.0,49.768639032889084,49.768914541160825,49.76973840496784,49.771101740889875,49.77299084550601,49.775388532792114,49.778275901866415,49.78163435480055,49.78544779343001,49.789705121196,49.79440354893017,49.79955375779013,49.80518861877309,49.81137769225268,49.81824982851376,49.82602561429764,49.83506024778596,49.84589649085815,49.85932886253876,49.87649020905565,49.89901468116812
10020.0,49.77828273284489,49.77853915106024,49.779307987364234,49.7805880244103,49.78237843406418,49.78468061173205,49.78750091056344,49.79085436079513,49.79476939588395,49.799293424321455,49.80449876258394,49.81048799080524,49.817397298924526,49.82539605671457,49.83468096006504,49.845463983834314,49.85795519658985,49.87234427648921,49.88878846303555,49.90742167375028,49.92842287024479
10080.0,49.78730267588715,49.78757136212311,49.7883799510086,49.78973717044222,49.79165830958913,49.79416634195886,49.79729308569473,49.801080023845614,49.80557817882037,49.810846192788716,49.816945494939255,49.82393118424738,49.83183712125251,49.84065385616806,49.85029859218207,49.86057747953084,49.87114200738376,49.88144253896674,49.89068192726922,49.89776818240467,49.901249498040315
10140.0,49.79723480420827,49.79753610064383,49.79844232153864,49.79996101134924,49.80210356404678,49.80488346301639,49.80831354040534,49.81240224287634,49.81714913439334,49.82254039005568,49.828545847457285,49.83512022720578,49.84221219451439,49.849785594562995,49.85785691735255,49.86655142031245,49.876177501427485,49.887316113870256,49.90092234851681,49.918447286500225,49.9420381224884
10200.0,49.807859970083896,49.8081713917294,49.80910571579042,49.8106630267549,49.812843532776036,49.81564788756749,49.81907807133834,49.82313909392678,49.82784157781424,49.83320478460524,49.83925879983354,49.84604342239417,49.85360004633125,49.861951953177716,49.871068612383446,49.88081139083726,49.89086153993003,49.900635468553496,49.90919469611944,49.91515381723141,49.916566271393556
10260.0,49.81817339146841,49.81848772700416,49.819431111523706,49.82100458282882,49.823209311503014,49.82604553904732,49.82951066160367,49.83359613316255,49.83828296405027,49.84353590997988,49.84929704903507,49.855480322352975,49.86196961992995,49.86862378911229,49.87529204697238,49.881842241145954,49.88820212859952,49.894410929391164,49.900676454350005,49.9074353122838,49.91542977828643
10320.0,49.828413439769264,49.82871734696326,49.82962705364448,49.831135411671994,49.8332299246981,49.83589183992046,49.83909521208971,49.84280614951526,49.846982473187246,49.85157389845197,49.85652256860647,49.86176332329384,49.867222539119616,49.87281390691154,49.87842936504027,49.88392383262971,49.889093432524234,49.89364822021716,49.89718110905205,49.899132715102056,49.898741032660666
10380.0,49.83830776792402,49.838579974212784,49.83939356941494,49.84073809638814,49.842595980610916,49.84494208121704,49.847743218842474,49.85095779291419,49.854535858792566,49.85842040518836,49.86255112983478,49.86687272289075,49.87135037512798,49.875995624719366,49.88090534791372,49.886315406353994,49.892668377657266,49.900693045520796,49.91149473054741,49.92666728535846,49.94848812672321
10440.0,49.84697346653351,49.84720875674632,49.84791222924705,49.84907594412733,49.85068801131169,49.85273457236738,49.85520290572817,49.85808567992336,49.86138610744306,49.86512313958998,49.86933487382917,49.874077086193815,49.87941252432559,49.8853858264467,49.89197935773356,49.89904743687753,49.9062303002005,49.912853491018616,49.9178202549855,49.91949799744628,49.91556627451956
10500.0,49.85396396700436,49.85418726205466,49.85485704197629,49.85597280124773,49.857533397958,49.85953622637901,49.861975389240754,49.864838282682896,49.868100032866785,49.87171544863797,49.87560864776401,49.87966127826569,49.883701173860345,49.88749407564844,49.890741305492945,49.89308555704966,49.894125021765625,49.893432953032246,49.89057569066413,49.88511620411918,49.8765736212576
10560.0,49.86090859457929,49.8611143996965,49.86172860592389,49.86273984366433,49.86412785506771,49.86586138024122,49.86789554894211,49.87016909580823,49.87260201018669,49.875094552643866,49.877528938424284,49.87977533859866,49.88170405939544,49.88320565279951,49.884220102716704,49.88477503675087,49.885031314811826,49.88533297990364,49.88625877939905,49.888677299517425,49.89382819172011
10620.0,49.86754160089422,49.86769390973815,49.868146017065435,49.86888161221669,49.86987430395406,49.87108870451146,49.87248260960216,49.87401070061892,49.87563036150198,49.8773102495616,49.87904223715131,49.8808572381178,49.882845240777826,49.88517959333191,49.88814527060833,49.892170621450106,49.89786226820187,49.90604413067807,49.9178058166031,49.93457877699291,49.95830826222803
10680.0,49.87294163463636,49.87305525207177,49.873395244423335,49.87395924118823,49.87474569268622,49.875757456182654,49.87700690887876,49.878522506839914,49.880356513774544,49.88259326832335,49.885356855851825,49.88881645943981,49.893187138630566,49.89872358792439,49.905704895622165,49.914409748762466,49.92508399751626,49.93790580503957,49.95295758408355,49.970219948416265,49.98962232020086
10740.0,49.87782612908979,49.87796350239136,49.8783799798762,49.87909063315335,49.880121587838524,49.881511598394454,49.88331363890129,49.885596079299404,49.88844285029364,49.89195194628697,49.896231649789385,49.901394008381104,49.907545373156935,49.91477421214002,49.92313691337049,49.93264283473925,49.9432403769364,49.954806333227,49.96714139909351,49.979976568876,49.99300420272968
10800.0,49.88418739365829,49.884384868696614,49.884982249948344,49.88599615503016,49.88745349590881,49.889390561983475,49.89185144717999,49.894885808650436,49.898545967603,49.90288353915052,49.90794604698662,49.91377431215038,49.92040173646255,49.927856820575315,49.936170236698096,49.945387441384725,49.95558725748621,49.96690651064936,49.97957179790638,49.99394496583897,50.01061279927281
10860.0,49.892472623928064,49.89271802772269,49.89345740341699,49.89470126634775,49.89646652007763,49.89877582131003,49.90165677135662,49.905141122503586,49.90926415657533,49.91406436719665,49.91958350493652,49.925866923459886,49.93296401943763,49.94092844797314,49.94981780956054,49.95969275082911,49.970616005318334,49.98265296324269,49.995877332878166,50.010390259559315,50.02637957548698
10920.0,49.90163122281892,49.901907978579096,49.902740570936174,49.9041367204558,49.90610897039154,49.908674326701586,49.91185362984029,49.9156705682723,49.920150105986096,49.92531593354569,49.931186339934875,49.93776766932971,49.94504434557575,49.95296443595253,49.961420020472886,49.970222311960875,49.979072440757605,49.98752967590042,49.994978735265484,50.00059490076488,50.00329392462318
10980.0,49.91107560097134,49.911371778190514,49.912261010568216,49.913745260435114,49.91582663728353,49.91850558123122,49.92177812174315,49.9256320768204,49.93004208717893,49.934963480963695,49.94032514239643,49.94602180237346,49.95190643558734,49.95778364887136,49.96340495424222,49.96846650353196,49.97260911068762,49.97541910834961,49.976426500411165,49.975092608234675,49.970765307157876
11040.0,49.92089371480999,49.92117592365294,49.92201963660601,49.923414482400844,49.925342006828295,49.92777378051414,49.93066908208281,49.933972446671106,49.9376116436854,49.94149696955534,49.945523145806305,49.94957554605162,49.95354280776184,49.95733790889894,49.96092927335492,49.964382287311885,49.967909951333695,49.97193002273909,49.97712665045052,49.98452134038173,49.99558734012067
11100.0,49.92992058038967,49.930153252894144,49.93084701993109,49.93198748104703,49.93355147861746,49.93550823444621,49.937821445815516,49.94045254791375,49.94336531577507,49.946531724932996,49.949938553780314,49.95359362534817,49.95752997107003,49.96180577757051,49.96649804371205,49.971688689620414,49.97744349483079,49.98378646248294,49.990674527392486,49.99797976224043,50.00549119478431
11160.0,49.937024643410105,49.937219717316594,49.93780321814557,49.938769424870564,49.940109707059214,49.94181359935586,49.94387007048822,49.946268637877424,49.948999885520216,49.95205481962039,49.95542239236945,49.95908447389205,49.96300759853054,49.96713099852994,49.97135079122063,49.975500674010384,49.97932996124817,49.982479930283475,49.98445851518945,49.98460954034429,49.982058238471105
11220.0,49.942800550441056,49.94297976529171,49.94351606977483,49.94440469290061,49.94563720183479,49.94720053683013,49.949075463070514,49.95123421646992,49.95363714031948,49.95622814708458,49.95892891769743,49.961631864289885,49.964192012342316,49.966418068213194,49.968062970231614,49.96881408897461,49.96828280133409,49.96599211527517,49.96135855304333,49.953657716004784,49.94193743562345
11280.0,49.94825844920273,49.9484073617462,49.9488503378594,49.94957425088684,49.950556346700665,49.95176270220738,49.95314636181259,49.9546454101069,49.9561815751263,49.957660379184595,49.9589744120952,49.960011924822815,49.96067345207566,49.96089928016059,49.960709951405775,49.96026044941173,49.95990647283928,49.96027926813156,49.96236608494234,49.967601699742275,49.97801265323876
11340.0,49.952411322541394,49.95250478733607,49.95278092570167,49.953225500259464,49.953816089763656,49.95452393637463,49.95531700938004,49.956164397501745,49.95704196195839,49.9579386876759,49.95886239080973,49.95984244706668,49.96092621977558,49.96216528595636,49.96358787558802,49.96515552669283,49.96670473921803,49.96787750846721,49.9680460289641,49.96623246365463,49.96100111932286
11400.0,49.95518447478258,49.95524586186518,49.955428736259194,49.955728815543914,49.956139446635774,49.95665204423227,49.95725642090908,49.95794081093542,49.95869160811371,49.95949326928299,49.96032953840189,49.961188072503816,49.96207149920028,49.96301853229434,49.96413855170112,49.96566168445538,49.96800406777371,49.97184572703521,49.97821902228912,49.98861540420376,50.005162383657144
11460.0,49.95730840086549,49.95735886744154,49.957510090674035,49.95776170319203,49.95811413935618,49.95857030729214,49.95913811453566,49.95983384986928,49.96068614231387,49.961739674555304,49.96305699249146,49.9647156986012,49.96679729360046,49.96936338484676,49.97241546173669,49.97583634721488,49.97931462729106,49.982256727980605,49.98369231869582,49.982171960849634,49.975623073444055
11520.0,49.958656543956046,49.95871909442859,49.95890824633518,49.9592289443347,49.95968880961923,49.96029701648236,49.96106211340211,49.96198834245899,49.963070035264586,49.96428388280502,49.965579310951476,49.96686782558406,49.9680129072653,49.9688226018579,49.969047046306,49.9683824689246,49.96648153096908,49.96296725379059,49.95744417636367,49.94949439007326,49.93862730308748
11580.0,49.960932301276316,49.960994742813234,49.96118020264928,49.96148195811956,49.96188754149017,49.96237684830876,49.96291989336925,49.96347466459836,49.96398586019801,49.96438570811454,49.964598559493,49.96455143624329,49.96419303162267,49.96352357176713,49.9626372022417,49.96177708120994,49.96140145466228,49.9622576849797,49.965462791841745,49.97259928751896,49.985877259030616
11640.0,49.962577023943105,49.962605454168525,49.962688335277086,49.96281776984368,49.962981949400074,49.963167198237564,49.96336120716999,49.96355750044293,49.96376088493948,49.963993016339586,49.964296297993144,49.96473320312162,49.96537705226582,49.96628974627497,49.967482497347284,49.96885759158848,49.97013247411408,49.9707508182398,49.96978612857109,49.965836210840806,49.956871834688066
11700.0,49.96277104666025,49.96278966626504,49.96284574265192,49.96293998013184,49.96307336967665,49.963246627944244,49.963458842253,49.963704872705314,49.963971129841,49.96422960658495,49.96443053331884,49.964494719399745,49.96430740909187,49.963716051291364,49.962534408019714,49.96055458396256,49.9575667253622,49.95338350248725,49.947863421525305,49.9409231643303,49.93251874177048
11760.0,49.96325045071504,49.96326012723741,49.96328720173877,49.963324808635335,49.963360777918986,49.96337652978747,49.963345878068274,49.96323408039044,49.96299768779466,49.96258596828822,49.96194490679249,49.96102496602365,49.959793845150756,49.95825529037429,49.95647450520885,49.95460988156311,49.9529498316367,49.951953000104155,49.95229127297855,49.95490082489089,49.961069579749996
11820.0,49.96367115990762,49.96365193205054,49.96359234143197,49.96348616528043,49.963324126983366,49.963095566103505,49.9627911415463,49.96240678862678,49.96194915200509,49.9614426144422,49.96093785570372,49.96052162384587,49.96032713220255,49.96054429896751,49.96142904657123,49.96331121984318,49.966601529033724,49.971799545457536,49.97950797012418,49.990466347351564,50.005646668096404
11880.0,49.96308265043282,49.96306229413438,49.96300316633413,49.962912263061,49.962802649008246,49.962695594978626,49.96262323032705,49.96263132219583,49.96278146160729,49.963151503522724,49.9638325643298,49.96492030878131,49.96649784084967,49.968607524754006,49.971209796971166,49.97412862664141,49.97698547284417,49.97912540551559,49.97953839483783,49.976770705418176,49.96878717814782
11940.0,49.96267988636255,49.96269792055393,49.9627550548757,49.96286131955749,49.96303220558373,49.96328679749426,49.96364462889965,49.96412101242589,49.96472071244711,49.96543018888706,49.96620921972335,49.96698345168396,49.96764016710662,49.968030003989924,49.967977173218145,49.96729959734063,49.96583831847333,49.96349285225524,49.960256608731186,49.95624467397673,49.951703786803485
12000.0,49.96387113466194,49.96390301527813,49.963997865637936,49.96415270426623,49.964361576538735,49.96461422453904,49.96489469068861,49.965180331617034,49.96544191616364,49.9656456756505,49.96575834712198,49.96575635304013,49.965640225345105,49.965455130988005,49.96531784094718,49.96544975331287,49.966214884528306,49.968161701899,49.9720696829118,49.97900945952785,49.99045665233021
12060.0,49.96550950695063,49.96552582406228,49.96557403916103,49.965651919161914,49.96575690163105,49.96588793968563,49.96604839721129,49.966250186520945,49.96651928259779,49.96690258528927,49.96747584290866,49.968352028420995,49.969689248848724,49.97169709617496,49.97464047589055,49.97884054088483,49.9846735523237,49.99257046848571,50.00302347990684,50.01661359120372,50.034102350170755
12120.0,49.966729187044216,49.966759855568256,49.966854958380715,49.96702534499854,49.9672902616224,49.96767919284206,49.96823405537617,49.96901139848974,49.97008399196675,49.97154087726932,49.97348460018412,49.976023997189536,49.97926070095259,49.98326764810979,49.98805850491936,49.993548156341184,49.999506051394405,50.00550565926889,50.010873355145094,50.01463622758948,50.01545228489442
12180.0,49.968362651558984,49.96844390447269,49.9686916300433,49.96911903842133,49.96974703501101,49.97060261008705,49.97171604072781,49.97311659227851,49.97482635196721,49.97685191610534,49.979173844432324,49.981734078150545,49.98442184760058,49.98705888563158,49.98938488886242,49.991043978300986,49.991572220145414,49.99038478088243,49.986758207846776,49.979795619540184,49.968334600243566
12240.0,49.97098400100333,49.97108938886433,49.97140504738698,49.971928687982285,49.97265452429667,49.97357029112953,49.974653164655585,49.97586471178356,49.97714511912254,49.97840710737942,49.97953011770028,49.980355526577696,49.98068374181114,49.98027396373992,49.97884706127466,49.97609132077569,49.97166971110716,49.96522565788922,49.956381612626515,49.94471840139075,49.929698998572945
12300.0,49.97344028666776,49.97350716767005,49.973702755508285,49.97400954515229,49.97439750321526,49.97482255176167,49.97522491052944,49.975527573709215,49.97563540253363,49.97543546153492,49.97479936859517,49.97358853559284,49.97166318508828,49.96889585107209,49.965189619622336,49.96050059933135,49.954863104966414,49.948415015888315,49.94142006829661,49.93428365821987,49.9275577838396
12360.0,49.97396797407063,49.9739605413947,49.973932404409496,49.973863862603885,49.97372291098138,49.973466161583325,49.97304049190623,49.97238546047841,49.971436538293005,49.97012904371874,49.96840241296457,49.96620411777565,49.963492224144886,49.96023537790262,49.9564090268983,49.95198702177921,49.946928321066665,49.94115905977222,49.9345499795025,49.92688616162577,49.91781140612735
12420.0,49.97252758864862,49.9724592107304,49.97225032812002,49.971888425053955,49.97135352374079,49.970619218049514,49.96965421632689,49.96842440635221,49.966895641598825,49.965037675119106,49.96282998815383,49.96027063685516,49.95738956681901,49.954267952356815,49.95106482337781,49.94805146657924,49.94565302252866,49.94449603738358,49.94546207862611,49.949755123296335,49.959022126234856
12480.0,49.96949468240127,49.96939479915463,49.969094309620985,49.968590816597526,49.96788192389146,49.96696760470275,49.96585352012074,49.96455510584201,49.963101972017164,49.961541695709116,49.95994144044675,49.95838509829891,49.95696302107569,49.95575120891439,49.954777409282414,49.95397314697836,49.95311304020622,49.951744944237475,49.949114505794974,49.94408105875369,49.93499125246574
12540.0,49.96597416073023,49.96588599751276,49.965623230098224,49.96519170748424,49.96460082722765,49.96386293431245,49.962992059590334,49.962001807931095,49.96090235955686,49.95969692598178,49.95837859298475,49.956929222868965,49.95532280038728,49.953535999122515,49.95156847845452,49.94947426555081,49.947403630911246,49.94565277549788,49.94471782474415,49.945353006687895,49.948650461062826
12600.0,49.96358763091946,49.963513878446626,49.963293247651194,49.96292792837295,49.96242164653848,49.96178000185727,49.96101124722467,49.960127811871494,49.959148874520544,49.958104235270795,49.95703958592943,49.956023039024956,49.9551524846047,49.954563086439954,49.954434130454565,49.95499463914864,49.95652780109384,49.959375499893106,49.96394653297359,49.97073752216057,49.98039515396068
12660.0,49.96170329938595,49.96164672383952,49.96147932792735,49.96120928403117,49.960850952770016,49.96042614614112,49.95996575114775,49.95951161291396,49.95911842924659,49.95885525375681,49.95880602368852,49.959068356132406,49.959749757115596,49.96096045175432,49.962802361769455,49.96535437933328,49.96865497210334,49.97268414894159,49.97734771981867,49.98246767306325,49.98778549642684
12720.0,49.96036966416507,49.96035438465265,49.960312183058555,49.96025540577456,49.96020434685712,49.96018696141158,49.96023808820241,49.96039794974656,49.960709554269805,49.96121453135997,49.96194685326647,49.96292384646301,49.96413392036693,49.96552057842936,49.96696256298594,49.968250388106206,49.969059863829735,49.968923076865174,49.96719565389874,49.96301306613014,49.955204979733345
12780.0,49.96071142541869,49.96073315619038,49.96079987896152,49.96091645117694,49.96108961035549,49.961326060822415,49.96162983620805,49.961999187235676,49.96242349867235,49.96288116680261,49.963339935302045,49.9637618071933,49.96411514127852,49.964396632934616,49.964665291976274,49.965089140140805,49.96600342128625,49.967977574129826,49.97188910996232,49.97901091628254,49.991155003599374
12840.0,49.96222083997917,49.96224627437329,49.96232253816863,49.962449632299126,49.962628201198356,49.96286070293821,49.96315342385356,49.96351958046887,49.96398362140261,49.964586550766555,49.96539163592884,49.96648928827579,49.967999354783906,49.97006875917235,49.97286265545088,49.9765482156611,49.981271893369865,49.98713325985132,49.994160977093706,50.002299524526194,50.01142437773525
12900.0,49.96383855376007,49.963879792240384,49.9640059603044,49.964225531616506,49.96455313166525,49.96501034892875,49.965626564518224,49.966439606894404,49.96749597416692,49.968850381714425,49.97056447381696,49.972704690260684,49.97533948934204,49.97853636031091,49.98235925759576,49.986867210834504,49.992114915691296,49.998156223376746,50.00505205681018,50.01288685376511,50.02180939965064
12960.0,49.96588538032432,49.96596321577761,49.966199611803816,49.96660428696404,49.967193082619396,49.96798754699661,49.96901407801001,49.97030241291638,49.97188305795788,49.973783032758675,49.976019031303395,49.97858681611416,49.98144546151558,49.98449508824318,49.98754712297101,49.99028689922352,49.99222934644916,49.992668853732674,49.99062242996186,49.98475632579285,49.97324980651391
13020.0,49.968507826703046,49.96861013383861,49.96891732534079,49.969429811334,49.970146507710254,49.97106210048428,49.9721630707659,49.97342245357398,49.97479345783259,49.97620235259925,49.977541418945876,49.97866322305754,49.979377858690334,49.979454941136915,49.97863178525231,49.97662819317122,49.973166581561784,49.96799391759216,49.96089913181758,49.9517150600781,49.94027780982989
13080.0,49.9718789816606,49.971952374183466,49.972168267373334,49.97251180682758,49.97295751795975,49.97346815357827,49.973993739649536,49.97447137176913,49.974826654039326,49.974978002749175,49.97484538786598,49.97436538271304,49.973514503307335,49.97234256976075,49.97101706701739,49.96987823759385,49.96950328043356,49.97077756926882,49.97497351612004,49.98384981733584,49.99983297709154
13140.0,49.973815572229526,49.9738335408797,49.973884679169124,49.97396008787656,49.97404711668112,49.97413255764266,49.97420736205868,49.97427277932423,49.97434750634354,49.974474845995815,49.974728057808825,49.97521116423482,49.97605171021388,49.977381747602216,49.979304041965655,49.981842412926405,49.9848780138033,49.98807634054494,49.990811049958516,49.99208682775477,49.99044361189557
13200.0,49.974043641223666,49.97405953550208,49.974108773163884,49.97419669647462,49.9743323324787,49.97452838857894,49.97480063225983,49.9751662026307,49.97564040581739,49.97623171246946,49.97693500374517,49.97772357845973,49.97854095057691,49.979293873999836,49.979848127378006,49.98002819010925,49.97962095000295,49.9783820295464,49.97604118417333,49.9722996497728,49.966800980168514
13260.0,49.974776228295646,49.97480438896757,49.97488869653908,49.9750283065724,49.97522092029222,49.97546148728512,49.97574053299872,49.97604230383214,49.97634305141512,49.97660993615545,49.976801201016144,49.97686841056727,49.97676160706682,49.976438131046436,49.975875526634105,49.975088394352134,49.974148368058366,49.973205843811854,49.972512189409294,49.9724430352689,49.973531117643425
13320.0,49.97580232950547,49.97581690373867,49.97585926147856,49.97592480130657,49.976006125712,49.976093458292155,49.976175482623205,49.976240770391456,49.97627999640413,49.976289114163094,49.97627360249594,49.97625379541127,49.97627118781996,49.9763954960667,49.97673218596675,49.97743022109984,49.978690019822324,49.98077221567365,49.98400926699468,49.98882598059229,49.99579048819672
13380.0,49.97677165138319,49.97677747376216,49.976795220079495,49.97682605009032,49.97687272914041,49.976940921833496,49.97704104469291,49.97719072703391,49.97741794004186,49.97776487414901,49.978292673896455,49.979087176037936,49.98026583341341,49.98198603422892,49.98445504508528,49.98794185972696,49.99279147068512,49.99944288812409,50.00845468617505,50.0205496495274,50.03672167716273
13440.0,49.977554074754195,49.9775806274048,49.977663229908906,49.977812111144814,49.97804510279961,49.97838893656835,49.97888074306233,49.97956943973284,49.98051638581975,49.98179430141217,49.98348297727704,49.98565982327889,49.98838298071078,49.991664790528276,49.99543409169651,49.9994871954923,50.00342916523996,50.00660836968647,50.00804634256113,50.00635733589206,49.99961973487184
13500.0,49.97954886010968,49.979619784272415,49.97983525388986,49.98020405957035,49.98073941762736,49.98145689406375,49.982371275417094,49.98349247979143,49.984820885935186,49.98634300295748,49.98802915988696,49.98983575184819,49.99171530025546,49.99363781697448,49.99562634282431,49.99780788313854,50.00047857248689,50.00417981668653,50.00978268327144,50.0185865040014,50.03247719136301
13560.0,49.98239849618828,49.98248289475816,49.98273634088967,49.98315967776927,49.98375452785835,49.98452377154713,49.985472417413966,49.986608850633765,49.98794610780406,49.98950223896075,49.99129798667637,49.993349054466385,49.99564941753276,49.99814184577393,50.00067247503678,50.00292806954263,50.00435721030267,50.00407873829825,50.0007795162166,49.99259182197958,49.976888854835614
13620.0,49.98510251108664,49.98519022254078,49.9854528428126,49.98588821211045,49.986491329084075,49.98725203808737,49.988151570569514,49.98915790828035,49.990220264015335,49.99126354147917,49.992184441365644,49.992851814048194,49.99311466274324,49.99282148335981,49.99185396654069,49.990176237692324,49.98789796878056,49.9853467402424,49.98314373228127,49.982280612150234,49.9842154846714
13680.0,49.987978541617274,49.98803402105542,49.98819695985993,49.98845545900284,49.98879003065539,49.98917411139694,49.989575376882534,49.98995820866192,49.9902876747733,49.99053521149395,49.990685865860705,49.990746505986436,49.990753918705366,49.99078134778996,49.9909419751502,49.99138828220485,49.992307221819104,49.99391263401982,49.99643832922124,50.000138478893305,50.005312115992226
13740.0,49.98904225484472,49.989064434517296,49.98912989004539,49.98923517777626,49.98937557083968,49.98954637914111,49.98974456137915,49.98997026119258,49.99022770577454,49.99052463490982,49.990869122912436,49.99126237931608,49.99168597259619,49.99208204827036,49.9923256178792,49.99218886877909,49.99129842280794,49.98908684810999,49.98473790956856,49.977116603391124,49.964639812384085
13800.0,49.989014352333754,49.989029710896375,49.9890749488031,49.98914697441894,49.98923972402605,49.989342597226674,49.989438067977396,49.98949835127287,49.9894811516437,49.98932476995485,49.98894320326343,49.98822228587548,49.987018273521564,49.985160394968624,49.98245859519578,49.97871683168315,49.97375084664693,49.96740744023806,49.95957993271757,49.95021058741393,49.939256491206336
13860.0,49.98873978957641,49.98872395309697,49.98867282548656,49.98857398061541,49.988406355453016,49.98813960371618,49.98773360112106,49.98713837917839,49.986294923228435,49.98513737232662,49.98359723262021,49.981610235045956,49.9791263935831,49.97612361066218,49.97262480805279,49.96871806165498,49.96457870676318,49.96049211813704,49.9568763590819,49.95430631601648,49.95354997384989
13920.0,49.987715850446946,49.98765231124977,49.9874588174678,49.987125898304356,49.98663894308639,49.98597988272143,49.98512987286797,49.984073183422616,49.982802601000934,49.98132670727978,49.97967943907605,49.97793235463484,49.97621000232518,49.97470868823183,49.97371876683861,49.973650407886225,49.97506286299512,49.978698166911755,49.98552350788889,49.996797281651,50.0142173025798
13980.0,49.98569082620784,49.98561750442765,49.98539932825368,49.98504294025257,49.98456131785861,49.98397672185943,49.983324609560256,49.982658244103355,49.9820534364113,49.98161246877165,49.98146577004001,49.98176942832052,49.98269630441269,49.98441857992433,49.98708026837618,49.99075964461342,49.99542354967992,50.00087757474355,50.00671729054386,50.01228456345269,50.01662661957557
14040.0,49.98446573818818,49.98444568072792,49.98439052180061,49.98431729176046,49.984254021129004,49.9842394087225,49.98432191159498,49.984558152523434,49.98501061309031,49.98574487081891,49.98682707805867,49.98832290911063,49.99029969277654,49.99283371102807,49.99602448564643,50.00001720203551,50.00503339904969,50.011409305620795,50.019642202611784,50.030451963691256,50.04489561696983
14100.0,49.98564460623385,49.985685396816784,49.98581189333677,49.986038074563346,49.98638703412981,49.98689105574626,49.98759174021721,49.98854031178458,49.98979809255159,49.99143697465813,49.99353948572296,49.99619776468972,49.999510523279916,50.00357698893212,50.00848705036961,50.014307457404804,50.02106495848983,50.02872856857449,50.037194636890725,50.046280583711734,50.05574133483374
14160.0,49.9883966908003,49.988492249583786,49.988782836892334,49.98928157799179,49.99000976669092,49.990996177924465,49.99227580588388,49.99388787382222,49.99587283740242,49.99826803578596,50.001101595746604,50.004384181840464,50.0080982373918,50.012184504692364,50.016525859100845,50.02092880348896,50.02510321653786,50.028640833451355,50.03099179578595,50.031434541162014,50.029018741118136
14220.0,49.992861899400054,49.99299444770417,49.99339332505907,49.99406229614489,49.99500629671713,49.996229525322725,49.99773283360888,49.99951061742921,50.00154758546861,50.003816060254266,50.00627481674264,50.008870824333286,50.01154551380025,50.01424718413288,50.01695074662817,50.019685125818896,50.022567470647935,50.025842403744036,50.02992498445042,50.03545069551393,50.04335659567063
14280.0,49.99745884230473,49.99758739017097,49.997972047261825,49.99860936216729,49.99949361465654,50.00061682919351,50.001968876778896,50.003537545092406,50.00530822129301,50.007262422403706,50.00937385788162,50.01160010668191,50.01386751523346,50.01604682236002,50.01791752795986,50.01912020642785,50.01909748944938,50.017025281724976,50.01173357808835,50.00160459852861,49.984385706979616
14340.0,50.000931860522726,50.001040261369,50.00136286482517,50.001890389204156,50.002605998730964,50.00348292333394,50.00448101435665,50.005542152330364,50.00658465996332,50.007497221207316,50.008133291036565,50.00830752670082,50.00779621939106,50.00634381830952,50.00367715887913,49.99952775594909,49.99366051209516,49.98590463566345,49.97617960958193,49.96450448867357,49.95096204453885
14400.0,50.0037583527335,50.00380234995805,50.003928008617045,50.004113660175044,50.00432308749311,50.00450515183646,50.00459398913428,50.004510269489295,50.00416432260534,50.00346216121457,50.00231563846495,50.000658097549,49.99846682296783,49.99579328101054,49.992801480027914,49.98981385644426,49.98736322656601,49.986249320346545,49.987600984700755,49.99295532833744,50.00440636366431
14460.0,50.00385293391901,50.003821536622986,50.003723801529276,50.00354821279562,50.003277692221175,50.00289246640057,50.002374016905186,50.00170974923335,50.000897813986235,49.99995123785905,49.99890033002568,49.997792369984026,49.996687982478655,49.99565438244761,49.99475666153492,49.9940491332622,49.99356903641064,49.9933343562289,49.993346284888474,49.9935955157466,49.994071447838245
14520.0,50.00225241523633,50.00220450187513,50.002061075946585,50.001823388279824,50.00149406015277,50.001077802213075,50.0005821961223,50.00001837082292,49.99940140445423,49.99875031855036,49.99808759396346,49.99743821734797,49.99682834803777,49.9962837614463,49.99582826341914,49.99548227422313,49.99526175527155,49.99517761269855,49.99523569420202,49.99543758982698,49.995783077790435
14580.0,50.000685521060824,50.00064835829248,50.00053782610288,50.00035720089608,50.00011189592078,49.99980944782314,49.9994594361604,49.999073325769515,49.99866421091334,49.998246449164355,49.997835186876976,49.99744579388755,49.997093240090656,49.996791458438146,49.99655274619197,49.996387258780786,49.99630265023311,49.99630391647722,49.99639351847217,49.99657195676435,49.996839434982654
14640.0,49.99957186469402,49.99954713684224,49.99947375514576,49.99935444044142,49.999193604594716,49.99899723039878,49.99877268243231,49.99852846433616,49.998273927812875,49.99801894129263,49.99777352995867,49.997547502643855,49.99735008438663,49.99718957572571,49.997073060948324,49.997006187834224,49.996993042286434,49.997036146304424,49.99713662805486,49.99729468938031,49.99751085349603
14700.0,49.998858968764814,49.998843656709084,49.99879828548022,49.99872476612841,49.998626180831074,49.99850667655995,49.998371307175674,49.998225839373525,49.9980765307273,49.99792988917532,49.99779242460323,49.997670404193784,49.997569623777274,49.99749520749323,49.99745144778914,49.99744169757178,49.99746832728855,49.99753276470198,49.9976356526708,49.99777722259024,49.997958266369416
14760.0,49.99843270087487,49.99842381592703,49.99839753630096,49.998355129201286,49.998298633991524,49.9982307857287,49.99815490359842,49.998074755642456,49.9979944064475,49.997918055037516,49.99784987078505,49.99779383544492,49.99775359938321,49.9977323597812,49.9977327682107,49.99775687489973,49.997806118143814,49.99788137197945,49.99798308037128,49.99811155819901,49.99826777527964
14820.0,49.998198083861716,49.99819340842971,49.99817962455536,49.99815754981797,49.99812849853445,49.99809423037552,49.99805687599946,49.99801884740578,49.997982737704696,49.99795121534295,49.99792691813174,49.99791235252352,49.99790980348366,49.99792126006911,49.99794836162026,49.99799236962947,49.99805417163224,49.998134327809545,49.99823318426205,49.998351121556084,49.99848920861821
14880.0,49.9980877135493,49.998085733483364,49.99807994712686,49.998070872432635,49.99805934139838,49.998046466520236,49.99803359250612,49.99802223826341,49.99801403231188,49.99801064499769,49.99801372107415,49.998024816272505,49.998045341427314,49.99807651760822,49.998119345682994,49.99817459408034,49.99824280988685,49.99832436247124,49.9984195406821,49.99852876391553,49.99865314403455
14940.0,49.99805628960605,49.99805600438477,49.99805524469116,49.9980543328312,49.99805378610851,49.998054295255464,49.99805669355665,49.99806191985897,49.9980709775437,49.99808489169092,49.99810466679756,49.99813124746173,49.99816548443716,49.99820810844864,49.99825971426101,49.998320757959014,49.99839157179057,49.99847240473268,49.99856350769271,49.99866531747179,49.99877895190073
15000.0,49.99807406165189,49.998074820090416,49.99807715396336,49.998081259147,49.99808744966647,49.9980961439802,49.998107845485464,49.998123119243246,49.99814256628019,49.99816679693794,49.99819640483621,49.99823194306909,49.9982739042827,49.998322706336964,49.99837868543833,49.99844209916324,49.99851314318109,49.998591989063875,49.99867886044679,49.9987741968921,49.99887909894792
15060.0,49.99812171498895,49.99812309685466,49.99812727698553,49.99813437011338,49.99814455983105,49.9981580899689,49.99817525246675,49.998196372963676,49.99822179499404,49.99825186376221,49.99828691054357,49.998327238813786,49.998373113261636,49.99842475293711,49.99848233001924,49.99854597625324,49.998615800465494,49.99869192393564,49.99877454955969,49.998864110318124,49.99896167542644
15120.0,49.998186801103074,49.99818853694032,49.998193763652544,49.99820254421485,49.99821497904715,49.998231200672414,49.99825136632749,49.9982756492504,49.998304229227195,49.99833728304688,49.99837497557473,49.99841745220829,49.99846483354856,49.99851721323979,49.99857466018914,49.99863722695207,49.998704967383766,49.998777969836404,49.99885642072319,49.99894074076609,49.999031959797684
15180.0,49.99826134800497,49.9982632661855,49.99826903020997,49.998278670284606,49.9982922341869,49.99830978402971,49.99833139190625,49.9983571348215,49.998387089294916,49.99842132607319,49.998459905443084,49.998502873688444,49.99855026131119,49.99860208376935,49.998658345754365,49.99871905059847,49.9987842176654,49.998853913579985,49.9989283111569,49.99900781560014,49.99909341316039
15240.0,49.99834028835556,49.99834228049595,49.99834826030048,49.99835823743896,49.998372226713045,49.998390246166146,49.99841231466131,49.99843844913066,49.99846866175315,49.99850295736261,49.99854133143277,49.99858376903856,49.9986302452719,49.9986807277288,49.99873518195492,49.99879358129138,49.99885592376843,49.998922261531895,49.998992755813255,49.99906779459598,49.99914831879254
15300.0,49.99842043377557,49.99842243226997,49.99842842736229,49.99843841604596,49.99845239278265,49.998470348467976,49.998492269232706,49.998518135156175,49.99854791906559,49.99858158563415,49.99861909103062,49.998660383423726,49.998705404724205,49.9987540940865,49.99880639395808,49.99886225999916,49.998921677344775,49.99898468836241,49.999051444150844,49.9991223147578,49.99919819553013
15360.0,49.99849980821928,49.99850177168458,49.998507659405576,49.998517460735364,49.998531157890895,49.998548725458996,49.99857012996483,49.99859532950035,49.99862427353265,49.99865690304689,49.99869315121408,49.99873294482305,49.99877620679386,49.998822860227094,49.998872834700876,49.99892607604109,49.9989825618813,49.99904232786511,49.99910551603626,49.999172478408624,49.99924406547569
15420.0,49.9985772157006,49.998579119564404,49.998584827148655,49.99859432338107,49.99860758340098,49.99862457240332,49.9986452456815,49.99866954881896,49.99869741811412,49.99872878135477,49.998763559090925,49.998801666601615,49.998843016826896,49.99888752466944,49.99893511331791,49.99898572373395,49.99903932948045,49.999095961467106,49.99915575351124,49.999219039873296,49.999286627467036
15480.0,49.99865196042802,49.998653790850994,49.998659277385386,49.998668402575724,49.99868113776533,49.99869744314842,49.998717268100144,49.998740551706106,49.9987672235531,49.99879720487144,49.998830410149594,49.99886674938645,49.998906131219144,49.9989484672925,49.99899367847325,49.999041703977845,49.999092515465,49.99914614041189,49.99920270506969,49.99926252645142,49.99932636948448
15540.0,49.99872366585818,49.99872541581474,49.998730660604366,49.99873938167652,49.998751548647576,49.99876711947813,49.99878604097086,49.99880824949448,49.99883367198069,49.998862227266955,49.99889382788631,49.99892838244796,49.99896579882163,49.99900598846133,49.99904887242995,49.99909439012885,49.999142512665955,49.999193264942065,49.999246766186765,49.99930331679969,49.999363641481374
15600.0,49.998792157865296,49.99879382461993,49.99879881969701,49.99880712425477,49.99881870747329,49.99883352680429,49.99885152856066,49.998872648744175,49.998896814147585,49.998923943792114,49.99895395078797,49.99898674474513,49.99902223492851,49.99906033446789,49.9991009661479,49.999144070722934,49.9991896195817,49.99923763561674,49.999288231499534,49.999341691716744,49.99939870257056
15660.0,49.998857389424735,49.99885897290984,49.99886371821851,49.99887160671148,49.99888260792456,49.99889667985739,49.99891376960701,49.99893381424181,49.99895674194553,49.99898247348357,49.99901092406907,49.99904200574395,49.999075630453405,49.99911171410274,49.99915018208995,49.999190977203966,49.99923407161205,49.99927948658007,49.99932732862682,49.999377867053695,49.999431751601705
15720.0,49.998919392150256,49.99892089392573,49.998925394234014,49.9989328749338,49.998943306390075,49.99895664778072,49.998972847744106,49.99899184526382,49.99901357081516,49.99903794781972,49.99906489447752,49.99909432608242,49.9991261579862,49.99916030948168,49.99919670906881,49.99923530194333,49.99927606133596,49.99931900714672,49.99936424010397,49.999412015054794,49.99946294698777
15780.0,49.99897824518601,49.998979667773895,49.99898393069892,49.99899101648702,49.99900089660302,49.99901353176183,49.99902887257177,49.99904686040814,49.99906742853845,49.99909050354074,49.99911600707858,49.99914385813031,49.99917397582692,49.99920628315224,49.99924071194234,49.99927720997673,49.99931575169962,49.99935635582753,49.99939911762778,49.99944427821242,49.999492419575695
15840.0,49.999034055302516,49.99903540176324,49.99903943651353,49.99904614283603,49.99905549343759,49.99906745075714,49.99908196759361,49.999098987955364,49.999118448150064,49.99914027815267,49.999164403310324,49.99919074647472,49.99921923070657,49.999249782790926,49.99928233797492,49.99931684667681,49.9993532846194,49.999391669467045,49.99943209132916,49.99947477828172,49.999520281019485
15900.0,49.99908694421844,49.99908821788239,49.99909203446152,49.9990983780343,49.99910722261111,49.999118532433975,49.99913226258264,49.999148359792414,49.99916676350085,49.99918740715801,49.99921021985451,49.99923512835258,49.99926205965548,49.99929094434013,49.999321721041724,49.999354342796956,49.99938878661971,49.99942506921997,49.999463275830955,49.99950362216612,49.99954662924574
15960.0,49.999137040576635,49.99913824487556,49.99914185358195,49.99914785157801,49.99915621418899,49.99916690747206,49.99917988879701,49.99919510762873,49.99921250652679,49.999232022394374,49.999253588027315,49.99927713404286,49.99930259131568,49.999329894133076,49.999358984436114,49.99938981781454,49.99942237255357,49.99945666448458,49.999492774228024,49.99953090578036,49.999571552039974
16020.0,49.99918447491357,49.99918561327603,49.999189024392834,49.99919469393869,49.99920259853449,49.999212706023684,49.99922497602617,49.99923936068366,49.999255805610716,49.99927425108151,49.999294633499936,49.999316887227636,49.99934094689018,49.99936675036142,49.99939424277199,49.99942338217322,49.99945414808282,49.99948655551465,49.99952068072379,49.99955671660633,49.999595129418296
16080.0,49.99922937655046,49.99923045233821,49.999233675944716,49.999239033814675,49.999246503827145,49.999256055558874,49.9992676508108,49.99928124431614,49.99929678464293,49.99931421531937,49.99933347622647,49.99935450532838,49.999377240853455,49.99940162411511,49.999427603298855,49.99945513881208,49.99948421135552,49.9995148351766,49.99954708239819,49.99958113540344,49.999617435213736
16140.0,49.999271871715564,49.99927288818606,49.99927593404674,49.999280996483314,49.99928805458523,49.9992970795959,49.999308035412035,49.999320879255,49.999335562525886,49.99935203187103,49.99937023049979,49.999390099820744,49.999411581503175,49.999434620141884,49.99945916683404,49.99948518423125,49.99951265416236,49.99954159015248,49.999572060412525,49.99960423737141,49.99963853815375
16200.0,49.99931208245243,49.99931304273793,49.99931592024071,49.999320702855165,49.999327370828084,49.999335896995895,49.999346247257684,49.99935838121068,49.99937225295952,49.99938781212405,49.99940500508525,49.999423776531444,49.99944407140568,49.99946583742241,49.999489028444934,49.99951360925563,49.999539562754336,49.9995669017831,49.999595690849134,49.99962609295801,49.99965850260788
16260.0,49.999350126005865,49.999351033103125,49.99935375122892,49.99935826895262,49.99936456762315,49.999372621593615,49.99938239866884,49.99939386070647,49.999406964382175,49.99942166214229,49.999437903380965,49.99945563590076,49.99947480775159,49.999495369606876,49.99951727795212,49.999540499588605,49.99956501843044,49.99959084667286,49.999618045317646,49.9996467684526,49.99967738915773
16320.0,49.99938611451461,49.99938697128115,49.99938953859307,49.99939380566088,49.99939975488017,49.999407362044195,49.999416596766956,49.99942742305143,49.9994398000127,49.999453682777975,49.99946902359839,49.99948577322814,49.999503882660704,49.99952330537177,49.99954400032917,49.999565936244366,49.99958909798996,49.99961349714744,49.99963919139978,49.99966632639467,49.999695254936874
16380.0,49.999420155048035,49.99942096420238,49.99942338884673,49.999427418799385,49.999433037448185,49.99944022195135,49.999448943637475,49.99945916854225,49.99947085809164,49.999483969951804,49.99949845907886,49.999514279020836,49.9995313835564,49.99954972881183,49.999569276101774,49.99958999594233,49.999611874109824,49.999634921601675,49.99965919295784,49.999684825837996,49.99971215385464
16440.0,49.999452349661006,49.99945311378534,49.99945540349969,49.99945920919777,49.99946451520678,49.999471299977145,49.999479536460264,49.99948919261556,49.999500232055595,49.999512614848385,49.9995262985085,49.99954123922573,49.999557393411635,49.99957471969728,49.99959318161414,49.99961275138173,49.99963341562735,49.99965518479212,49.99967811043962,49.999702322670046,49.99972813693017
16500.0,49.99948279549013,49.99948351703432,49.99948567915956,49.9994892728039,49.999494283182976,49.9995006899693,49.99950846764894,49.99951758600035,49.999528010703266,49.999539704096215,49.99955262611173,49.999566735435856,49.99958199096747,49.999598353703256,49.99961578926752,49.99963427148681,49.99965378778909,49.99967434808551,49.99969600112131,49.999718869843605,49.999743252505894
16560.0,49.99951158489307,49.99951226617951,49.99951430767449,49.99951770083056,49.99952243170314,49.999528481119775,49.99953582501691,49.999544434891895,49.999554278377765,49.999565319958066,49.999577521849424,49.99959084509553,49.99960525094399,49.999620702624775,49.99963716773721,49.99965462162334,49.99967305246423,49.99969246966608,49.99971291930569,49.999734517562224,49.999757546417186
16620.0,49.99953880561525,49.999539448844146,49.999541376301586,49.9995445799262,49.999549046566806,49.99955475814209,49.9995616919586,49.99956982113732,49.99957911515615,49.9995895405244,49.9996010616155,49.99961364169914,49.9996272442401,49.9996418345761,49.99965738216986,49.99967386379225,49.99969126833246,49.99970960471574,49.99972891649259,49.99974931343917,49.99977106213751
16680.0,49.999564540972,49.999565148226935,49.99956696789,49.99956999235896,49.99957420923189,49.999579601457995,49.99958614763767,49.99959382242507,49.999602597040024,49.99961243990448,49.99962331742798,49.99963519498137,49.99964803812203,49.999661814176505,49.99967649436526,49.999692056806104,49.999708491053966,49.999725805576,49.99974404153135,49.99976330263881,49.9997838409073
16740.0,49.99958887003765,49.9995894432911,49.99959116107011,49.999594016205954,49.99959799700419,49.99960308738699,49.9996092671763,49.999616512473736,49.99962479614358,49.99963408841315,49.99964435761384,49.999655571099524,49.99966769640217,49.9996807027248,49.99969456294572,49.999709256452334,49.99972477342541,49.99974112189591,49.99975834075953,49.999776528005086,49.99979592185093
16800.0,49.99961186783606,49.99961240895491,49.99961403044375,49.99961672554312,49.99962048322648,49.99962528833447,49.99963112184217,49.9996379612175,49.999645780876875,49.99965455275158,49.99966424698673,49.99967483280748,49.9996862796089,49.999698558364194,49.999711643515155,49.999725515645814,49.99974016552524,49.999755600769184,49.999771858131155,49.99978903018012,49.99980734208477
16860.0,49.99963360552874,49.9996341162796,49.99963564677171,49.999638190631906,49.999641737464096,49.9996462729759,49.99965177923075,49.99965823498612,49.99966561612327,49.99967389618155,49.99968304701756,49.999693039622095,49.999703845148005,49.99971543623826,49.99972778880911,49.99974088457229,49.99975471484995,49.99976928686269,49.99978463533681,49.99980084771502,49.999818136817964
16920.0,49.999654150598424,49.99965463265278,49.999656077156544,49.999658478101196,49.99966182568564,49.99966610643574,49.999671303442085,49.99967739667911,49.999684363410466,49.99969217869289,49.99970081599787,49.99971024798205,49.99972044745656,49.99973138863934,49.99974304883703,49.999755410824164,49.99976846644277,49.99978222253752,49.99979671191649,49.999812017174094,49.99982833944728
16980.0,49.99967356702696,49.9996740219661,49.99967538521966,49.999677651123235,49.99968081043728,49.999684850459815,49.999689755250785,49.999695505933,49.99970208107452,49.99970945716383,49.99971760919608,49.99972651139954,49.99973613814958,49.999746465149656,49.999757471017475,49.99976913952913,49.99978146301542,49.99979444796342,49.99980812536627,49.99982257323329,49.99983798164668
17040.0,49.99969191546656,49.999692344786276,49.99969363127162,49.99969576958293,49.99969875101057,49.99970256358121,49.99970719226949,49.99971261928184,49.99971882441708,49.999725785514535,49.999733479006856,49.99974188060493,49.99975096615967,49.999760712775576,49.99977110030655,49.999782113472584,49.99979374506389,49.999806001227604,49.99981891123976,49.99983254877371,49.99984709345244
17100.0,49.999709253404035,49.99970965851912,49.99971087247555,49.99971289024012,49.999715703603194,49.99971930127903,49.9997236691053,49.999728790310854,49.999734645855746,49.99974121485378,49.9997484750937,49.999756403685,49.99976497787035,49.999774176075626,49.9997839793203,49.99979437321386,49.99980535097848,49.99981691843807,49.99982910324434,49.99984197497047,49.999855703344025
17160.0,49.99972563531831,49.99972601756688,49.99972716300384,49.99972906688516,49.99973172147303,49.99973511613044,49.999739237509345,49.999744069803256,49.999749595067776,49.999755793619016,49.999762644525056,49.9997701262146,49.9997782172431,49.99978689728253,49.99979614845136,49.99980595719728,49.99981631714859,49.999827233822025,49.99983873333279,49.999850881377135,49.99986383832096
17220.0,49.999741112830755,49.99974147347822,49.99974255418747,49.9997443504873,49.99974685508504,49.999750057955744,49.9997539465197,49.99975850588042,49.99976371912709,49.99976956771005,49.999776031904105,49.9997830913824,49.99979072593847,49.999798916419465,49.999807645980006,49.999816901857656,49.99982667806257,49.99983697981961,49.999847831790696,49.999859296006406,49.999871523976324
17280.0,49.999755734848875,49.999756075091874,49.99975709465903,49.99975878933654,49.999761152251736,49.99976417395711,49.99976784259774,49.99977214413572,49.9997770626352,49.99978258061649,49.999788679492674,49.999795340110616,49.999802543431564,49.99981027141086,49.999818508180006,49.99982724172092,49.99983646640276,49.99984618717315,49.99985642731952,49.999867245406726,49.99987878456645
17340.0,49.99976954770331,49.99976986867335,49.99977083048886,49.99977242917892,49.999774658267036,49.99977750885049,49.99978096975813,49.999785027761924,49.999789667845796,49.99979487353927,49.999800627329115,49.99980691116921,49.999813707122065,49.99982099818799,49.99982876941954,49.999837009500034,49.999845713136175,49.9998548850123,49.99986454711599,49.99987475473559,49.99988564307777
17400.0,49.99978259527837,49.99978289804528,49.99978380531487,49.999785313345264,49.9997874160338,49.999790104991646,49.999793369692654,49.99979719767281,49.999801574783575,49.99980648550642,49.999811913340785,49.99981784128463,49.999824252439005,49.99983113078961,49.99983846225728,49.9998462361863,49.99985444760079,49.99986310093508,49.99987221694756,49.999881847829144,49.99989212129021
17460.0,49.99979491913648,49.99979520471175,49.99979606046624,49.99979748287418,49.9997994661855,49.999802002496175,49.99980508188847,49.99980869261901,49.999812821357544,49.999817453483445,49.99982257345124,49.99982816524353,49.99983421294076,49.99984070145779,49.999847617534016,49.99985495113653,49.99986269758792,49.99987086108519,49.999879461224516,49.99988854726875,49.999898239837854
17520.0,49.999806558636664,49.999806827976535,49.99980763508121,49.99980897662882,49.99981084720191,49.99981323935368,49.9998161437403,49.99981954929813,49.99982344346873,49.99982781247827,49.9998326416821,49.999837915991385,49.99984362041012,49.99984974072921,49.99985626445976,49.99986318215578,49.99987048942051,49.99987819022564,49.99988630306849,49.999894874444244,49.999904018266605
17580.0,49.9998175510474,49.999817805055834,49.99981856621938,49.99981983140849,49.99982159551938,49.9998238515366,49.9998265906576,49.99982980245984,49.999833475112816,49.99983759564136,49.999842150250274,49.999847124726436,49.99985250494471,49.99985827752201,49.999864430696896,49.99987095557639,49.99987784802767,49.99988511180869,49.99989276437783,49.99990084961427,49.999909475089176
17640.0,49.999827931653805,49.99982817118529,49.99982888896816,49.99983008205421,49.99983174563558,49.9998338731036,49.99983645616627,49.99983948500567,49.99984294847783,49.99984683436074,49.99985112966033,49.999855820989204,49.99986089504339,49.999866339218606,49.99987214243917,49.99987829633318,49.999884797016016,49.99989164804282,49.999898865889854,49.99990649196382,49.999914627837576
17700.0,49.99983773385997,49.999837959722186,49.999838636544524,49.99983976154987,49.999841330209435,49.999843336298206,49.99984577200568,49.99984862808415,49.99985189403707,49.99985555835273,49.999859608792455,49.9998640327475,49.99986881768816,49.99987395174442,49.999879424486984,49.99988522803495,49.99989135873711,49.99989781995621,49.99990462724016,49.99991181965897,49.999919493113005
17760.0,49.99984698928587,49.99984720224221,49.99984784039149,49.99984890111794,49.999850380155976,49.9998522716424,49.99985456822079,49.99985726118119,49.99986034063756,49.999863795748006,49.999867614986165,49.99987178647749,49.999876298422286,49.99988113964275,49.99988630031893,49.99989177303252,49.99989755435186,49.99990364745719,49.99991006701894,49.99991684989889,49.99992408663334
17820.0,49.99985572785999,49.99985592863192,49.99985653027006,49.99985753031076,49.99985892473665,49.99986070802575,49.99986287324983,49.999865412206034,49.99986831558406,49.99987157317356,49.99987517411986,49.999879107240645,49.999883361424466,49.99988792614612,49.99989279215997,49.99989795248362,49.999903403891835,49.99990914939185,49.99991520282472,49.99992159896553,49.99992842327844
17880.0,49.999863977906905,49.999864167176284,49.999864734346374,49.99986567709707,49.999866991645,49.99986867279,49.99987071400759,49.9998731075731,49.99987584471907,49.99987891583068,49.99988231068652,49.99988601875697,49.999890029579454,49.99989433324396,49.99989892104618,49.99990378641442,49.99990892631757,49.99991434359883,49.99992005131546,49.99992608227082,49.999932517133225
17940.0,49.99987176623084,49.99987194464202,49.999872479274835,49.99987336794449,49.99987460708837,49.99987619180968,49.99987811596468,49.99988037227957,49.99988295249875,49.999885847568876,49.999889047865636,49.999892543474715,49.99989632454526,49.99990038174719,49.99990470688641,49.99990929377817,49.999914139573924,49.999919246961376,49.99992462825713,49.999930314401524,49.99993638152856
18000.0,49.999879118195054,49.999879286356894,49.999879790276935,49.99988062789795,49.99988179586541,49.999883289568636,49.99988510322288,49.99988722997943,49.99988966206529,49.99989239095648,49.999895407591616,49.99989870263647,49.99990226681688,49.99990609134938,49.99991016852076,49.99991449251083,49.99991906064278,49.99992387545689,49.999928948569895,49.999934309162,49.99994002908037
18060.0,49.9998860577956,49.99988621628343,49.99988669121465,49.99988748065232,49.99988858143815,49.99988998923116,49.999891698585074,49.99989370305201,49.99989599531394,49.99989856734597,49.99990141061738,49.99990451634083,49.99990787578575,49.99991148068392,49.99991532377536,49.99991939958334,49.999923705592586,49.999928244203765,49.99993302637241,49.99993807961606,49.9999434717295
18120.0,49.999892607723275,49.99989275708072,49.99989320465206,49.999893948613796,49.99989498599262,49.99989631270184,49.99989792361433,49.99989981266003,49.999901972949885,49.999904396929466,49.99990707656838,49.999910003594785,49.99991316979057,49.999916567373226,49.99992018950998,49.99992403104778,49.9999280896234,49.99993236750543,49.99993687502494,49.99994163812913,49.999946720782624
18180.0,49.999898789429835,49.999898930170545,49.99989935192117,49.99990005296516,49.99990103050362,49.99990228068962,49.999903798696835,49.99990557881148,49.99990761454889,49.99990989879817,49.999912424000605,49.99991518237033,49.99991816617234,49.999921368082006,49.99992478166924,49.99992840208608,49.999932227112446,49.99993625889198,49.99994050716612,49.99994499639901,49.99994978693543
18240.0,49.99990462319703,49.99990475580637,49.99990515319067,49.999905813734195,49.99990673480249,49.999907912774646,49.999909343108,49.99991102042458,49.99991293862095,49.999915091004404,49.99991747046082,49.99992006966252,49.999922881329915,49.99992589857002,49.99992911533232,49.999932527056366,49.999936131656874,49.99993993115932,49.99994393474835,49.999948165487645,49.99995268030129
18300.0,49.999910128202146,49.99991025313873,49.99991062753098,49.99991124985821,49.99991211764097,49.99991322747146,49.99991457507438,49.99991615538837,49.99991796266939,49.99991999061895,49.99992223254205,49.99992468154292,49.99992733077126,49.99993017374095,49.999933204759266,49.99993641953671,49.99993981611491,49.99994339640755,49.99994716907357,49.99995115585427,49.999955410441586
18360.0,49.99991532257936,49.99991544027655,49.999915792975344,49.99991637924462,49.9999171967511,49.99991824228784,49.99991951183159,49.999921000619466,49.999922703246206,49.99992461378488,49.99992672593561,49.99992903320971,49.99993152916154,49.999934207688476,49.99993706343497,49.999940092366884,49.99994329264526,49.99994666607807,49.99995022082789,49.99995397738748,49.99995798639516
18420.0,49.99992022347718,49.999920334344466,49.999920666576806,49.999921218827566,49.99992198890119,49.999922973780116,49.99992416967865,49.99992557211523,49.99992717600392,49.99992897576804,49.9999309654801,49.99993313903513,49.99993549036884,49.999938013740035,49.99994070411097,49.99994355768802,49.99994657274465,49.99994975098885,49.99995310011459,49.99995663943591,49.9999604167065
18480.0,49.999924847112375,49.999924951536656,49.99992526446189,49.999925784621084,49.99992650994849,49.999927437605,49.999928564028885,49.99992988500371,49.9999313957445,49.99993309100466,49.999934965207636,49.9999370126101,49.99993922750715,49.9999416044982,49.999944138844924,49.99994682698033,49.999949667283616,49.99995266136821,49.99995581648573,49.9999591508375,49.99996270945253
18540.0,49.99992920882069,49.99992930716749,49.99992960188097,49.999930091769144,49.99993077488864,49.999931648568555,49.99993270945816,49.999933953590904,49.99993537646543,49.99993697314622,49.999938738387435,49.99994066678649,49.99994275297719,49.99994499187983,49.99994737903821,49.99994991109878,49.99995258654025,49.9999554068866,49.99995837897184,49.99996151994708,49.99996487226806
18600.0,49.99993332310459,49.99993341571925,49.99993369325577,49.999934154592864,49.99993479790248,49.9999356206722,49.99993661975015,49.99993779140522,49.99993913140333,49.99994063510204,49.99994229756716,49.99994411371715,49.99994607850492,49.9999481871531,49.99995043547128,49.99995282030692,49.99995534023231,49.99995799668682,49.999960796110315,49.999963754662744,49.9999669123698
18660.0,49.99993720367835,49.99993729088708,49.99993755222417,49.99993798663494,49.99993859239998,49.99993936715619,49.999940307939106,49.99994141123945,49.99994267307491,49.99994408907923,49.99994565461179,49.99994736489355,49.999949215178,49.99995120097262,49.999953318337305,49.999955564308856,49.999957937547535,49.99996043941267,49.9999630759722,49.99996586245064,49.99996883657927
18720.0,49.99994086351054,49.999940945621475,49.99994119168246,49.999941600701604,49.999942171061846,49.99994290054077,49.999943786350435,49.99994482519053,49.99994601331599,49.99994734662068,49.99994882074057,49.999950431181546,49.99995217348027,49.999954043412494,49.99995603727391,49.999958152279525,49.99996038717236,49.99996274323602,49.99996522618742,49.99996785036847,49.99997065134426
18780.0,49.999944314864166,49.99994439216836,49.999944623825364,49.999945008902415,49.99994554587887,49.99994623266487,49.999947066638704,49.99994804469697,49.99994916331804,49.99995041864081,49.999951806561754,49.99995332285516,49.99995496332438,49.999956723997855,49.99995860139325,49.99996059289341,49.9999626973191,49.999964915882344,49.999967253968826,49.99996972508775,49.99997236275931
18840.0,49.99994756933486,49.99994764210715,49.999947860183795,49.99994822268771,49.999948728189075,49.999949374722846,49.99995015982395,49.99995108057441,49.99995213366303,49.99995331545949,49.99995462210565,49.9999560496285,49.99995759408259,49.999959251734275,49.99996101931031,49.99996289435146,49.99996487575158,49.99996696465498,49.99996916613482,49.99997149291472,49.999973976584805
18900.0,49.9999506378866,49.999950706386564,49.99995091166061,49.99995125288415,49.999951728712865,49.9999523372993,49.999953076325845,49.99995394304916,49.99995493435622,49.999956046834086,49.99995727685562,49.99995862068588,49.99996007461588,49.99996163513601,49.99996329916985,49.99996506440679,49.999966929809396,49.99996889645793,49.9999709691307,49.999973159810345,49.99997549826539
18960.0,49.99995353088574,49.999953595358456,49.99995378856435,49.99995410972818,49.99995455758621,49.99995513040165,49.99995582599585,49.999956641789844,49.99995757485725,49.99995862198976,49.99995977977781,49.99996104471055,49.99996241330166,49.999963882252466,49.99996544867179,49.99996711038894,49.99996886643096,49.9999707178176,49.999972669049,49.999974731408955,49.999976932947014
19020.0,49.99995625813327,49.99995631881013,49.99995650064123,49.99995680289787,49.99995722439213,49.999957763491466,49.99995841814799,49.99995918593755,49.99996006410949,49.99996104964816,49.9999621393488,49.99996332991156,49.99996461805974,49.99996600069324,49.99996747509523,49.99996903922663,49.99997069217513,49.99997243490318,49.99997427164862,49.99997621303611,49.999978285493306
19080.0,49.99995882889494,49.9999588859944,49.99995905710534,49.99995934154286,49.99995973819041,49.9999602455136,49.99996086158762,49.999961584134105,49.99996241056778,49.999963338054414,49.99996436358203,49.99996548404936,49.999966696377086,49.99996799765193,49.99996938532118,49.999970857469606,49.99997241324181,49.99997405354609,49.99997578237287,49.999977609725335,49.99997956050091
19140.0,49.99996125193039,49.99996130565867,49.9999614666674,49.999961734312876,49.9999621075458,49.99996258492412,49.99996316463893,49.99996384454904,49.9999646222249,49.99996549500298,49.99996646005282,49.99996751446007,49.999968655331095,49.999969879928514,49.99997118585408,49.999972571308994,49.99997403549132,49.99997557925815,49.999977206366616,49.99997892623391,49.99998076231398
19200.0,49.99996353552011,49.999963586071864,49.99996373756166,49.99996398938457,49.99996434055456,49.99996478971655,49.999965335170685,49.999965974904924,49.999966706636236,49.99996752786177,49.99996843592188,49.99996942807814,49.99997050161169,49.99997165395067,49.99997288284206,49.99997418659666,49.99997556446271,49.99997701724893,49.99997854849241,49.999980167057934,49.9999818950379
19260.0,49.99996568749134,49.99996573505026,49.999965877571576,49.99996611448691,49.999966444869735,49.99996686744678,49.999967380620866,49.99996798250146,49.999968670943446,49.99996944359518,49.99997029795773,49.99997123145823,49.99997224154228,49.99997332579371,49.999974482096235,49.99997570886364,49.99997700539128,49.99997837244214,49.99997981334589,49.99998133644656,49.999982962552416
19320.0,49.99996771524233,49.99996775998177,49.99996789405412,49.99996811692533,49.99996842772492,49.9999688252566,49.999969308019786,49.99996987423829,49.99997052189675,49.99997124878583,49.99997205255782,49.99997293079561,49.999973881099514,49.99997490119987,49.999975989108954,49.99997714333745,49.999978363224926,49.99997964949112,49.99998100527014,49.99998243841524,49.999983968523715
19380.0,49.999969625765594,49.99996966784916,49.99996979396272,49.99997000360458,49.999970295956956,49.99997066989602,49.999971124012056,49.99997165663646,49.999972265875975,49.99997294965512,49.99997370576845,49.999974531945405,49.99997542593186,49.99997638559597,49.999977409070915,49.99997849495845,49.99997964263966,49.99998085279341,49.99998212836948,49.999983476758594,49.999984916416174
19440.0,49.99997142566955,49.99997146525157,49.999971583868856,49.999971781050114,49.99997205602716,49.99997240774431,49.999972834877354,49.9999733358589,49.99997390891053,49.9999745520827,49.99997526330381,49.99997604044115,49.999976881377506,49.999977784110634,49.99997874688746,49.99997976839534,49.9999808480543,49.9999819865046,49.99998318652229,49.99998445506222,49.99998580950323
19500.0,49.999973121199396,49.99997315842548,49.99997326998282,49.999973455428716,49.999973714041644,49.999974044830026,49.99997444655007,49.9999749177296,49.99997545669823,49.999976061624864,49.99997673056381,49.99997746151198,49.999978252480965,49.99997910159037,49.99998000719408,49.999980968059944,49.99998198364451,49.99998305455154,49.99998418339338,49.99998537671415,49.999986650877844
19560.0,49.99997471825654,49.999974753264055,49.999974858173026,49.9999750325677,49.99997527577042,49.999975586849885,49.999975964637976,49.999976407752044,49.99997691462332,49.9999774835321,49.99997811265109,49.99997880009916,49.99997954400895,49.99998034261474,49.999981194370925,49.99998209812101,49.99998305335579,49.999984060644586,49.99998512244542,49.99998624491554,49.99998744346225
19620.0,49.99997622241721,49.9999762553357,49.999976353984536,49.999976517973266,49.9999767466655,49.999977039186675,49.99997739443977,49.99997781112635,49.99997828777322,49.999978822765414,49.99997941438701,49.9999800608715,49.999980760465434,49.99998151151084,49.99998231255663,49.999983162517395,49.99998406091607,49.999985008289414,49.99998600695009,49.99998706269085,49.999988190017305
19680.0,49.99997763894995,49.9999776699016,49.99997776265645,49.99997791684783,49.99997813187815,49.999978406926175,49.9999787409618,49.99997913276575,49.99997958095468,49.99998008401215,49.99998064032691,49.99998124824027,49.99998190610583,49.999982612366956,49.99998336566139,49.99998416497052,49.999985009847414,49.99998590079809,49.999986839998236,49.9999878328973,49.99998889315113
19740.0,49.99997897283225,49.99997900193228,49.999979089138385,49.99997923410632,49.99997943627495,49.999979694873176,49.99998000893378,49.999980377311964,49.99998079870884,49.999981271700584,49.999981794774385,49.9999823663729,49.99998298495037,49.99998364904542,49.99998435737929,49.99998510899608,49.999985903477175,49.999986741299494,49.999987624509785,49.999988558234115,49.99998955532756
19800.0,49.99998022876621,49.999980256123266,49.99998033810622,49.999980474391855,49.99998066445333,49.999980907566695,49.99998120282386,49.999981549150014,49.99998194532568,49.99998239001411,49.99998288179502,49.99998341920634,49.99998400079692,49.9999846251949,49.9999852912,49.99998599791525,49.999986744948565,49.99998753274943,49.99998836324307,49.99998924125105,49.99999017887393
19860.0,49.99998141119674,49.999981436913245,49.999981513979975,49.99998164209348,49.999981820759174,49.999982049297415,49.99998232685567,49.99998265242495,49.99998302486042,49.99998344290718,49.999983905231886,49.99998441046205,49.99998495723542,49.99998554426424,49.99998617042197,49.999986834866974,49.99998753723193,49.999988277940346,49.99998905880282,49.99998988435399,49.999990765983135
19920.0,49.99998252433408,49.999982548506566,49.999982620946355,49.99998274136857,49.999982909308926,49.999983124129436,49.999983385029815,49.99998369106287,49.99998404115395,49.99998443412505,49.99998486872453,49.99998534366403,49.9999858576648,49.99998640951811,49.99998699816655,49.999987622820406,49.999988283135444,49.999988979510526,49.999989713648255,49.99999048981292,49.99999131872357
19980.0,49.99998357215532,49.99998359487476,49.99998366296017,49.99998377614414,49.99998393399089,49.99998413590152,49.99998438112486,49.99998466877177,49.999984997833536,49.999985367204374,49.99998577570943,49.99998622213934,49.999986705293814,49.99998722403827,49.99998777738031,49.99998836457887,49.999988985311376,49.99998963995342,49.99999033010584,49.999991059778445,49.999991839058744
20040.0,49.999984558413345,49.99998457976542,49.999984643753216,49.999984750125755,49.99998489847399,49.99998508823578,49.99998531870605,49.99998558905027,49.99998589832161,49.99998624548218,49.99998662942923,49.999987049027624,49.99998750315078,49.999987990733786,49.99998851084526,49.99998906278985,49.99998964626529,49.99999026162518,49.99999091037456,49.999991596283664,49.99999232884499
20100.0,49.99998548664902,49.999985506714445,49.999985566846505,49.99998566680965,49.99998580621994,49.999985984549795,49.99998620113746,49.999986455199675,49.99998674584777,49.99998707210763,49.99998743294424,49.99998782729222,49.99998825409425,49.99998871235085,49.99998920118795,49.99998971995316,49.99999026836322,49.99999084675098,49.99999145653135,49.999992101248964,49.999992789835765
20160.0,49.99998636020316,49.999986379057965,49.99998643556216,49.99998652949463,49.99998666049508,49.99998682806838,49.99998703159346,49.99998727033524,49.99998754345971,49.999987850052655,49.999988189142734,49.99998855973009,49.99998896082242,49.99998939148178,49.999989850887935,49.999990338428816,49.99999085383898,49.99999139743175,49.99999197053712,49.999992576487436,49.999993223686545
20220.0,49.999987182227954,49.999987199943774,49.999987253034725,49.99998734129331,49.999987464381434,49.999987621834414,49.999987813069446,49.9999880373967,49.99998829403351,49.999988582121965,49.99998890075053,49.99998924898092,49.99998962588191,49.99999003057336,49.999990462285616,49.999990920444446,49.99999140480117,49.99999191565065,49.999992454243,49.99999302371071,49.99999363196016
20280.0,49.99998795569772,49.99998797234202,49.99998802222191,49.99998810514271,49.999988220787124,49.999988368719144,49.99998854839188,49.99998875915802,49.999989000283165,49.99998927096226,49.999989570339956,49.99998989753581,49.999990251676024,49.99999063193473,49.99999103758977,49.9999914681025,49.99999192323989,49.999992403279435,49.99999290939606,49.999993444534155,49.999994016131524
20340.0,49.99998868341861,49.99998869905496,49.999988745914266,49.99998882381386,49.999988932456034,49.99998907143169,49.99998924022769,49.99998943823666,49.99998966476953,49.99998991907091,49.99999020033827,49.999990507745466,49.999990840472655,49.99999119774497,49.99999157888485,49.99999198338705,49.99999241103324,49.99999286208454,49.9999933376451,49.99999384048229,49.999994377592614
20400.0,49.99998936803822,49.99998938272648,49.999989426744605,49.99998949992121,49.99998960197697,49.999989732528086,49.9999898910931,49.99999007710219,49.99999028990883,49.99999052880434,49.999990793035735,49.99999108182794,49.99999139441176,49.99999173006021,49.999992088137674,49.999992468170234,49.999992869953374,49.999993293732715,49.999993740545875,49.99999421299363,49.99999471765685
20460.0,49.99999001205438,49.999990025850934,49.99999006719685,49.99999013593133,49.99999023179234,49.99999035441979,49.99999050336205,49.99999067808453,49.999990877980686,49.99999110238569,49.99999135059312,49.99999162187586,49.99999191551228,49.99999223082039,49.99999256720393,49.99999292421843,49.99999330167229,49.9999936997966,49.999994119566274,49.99999456342538,49.99999503756341
20520.0,49.999990617823336,49.9999906307813,49.99999066961412,49.99999073417099,49.99999082420611,49.999990939381675,49.99999107927401,49.999991243381636,49.99999143113562,49.999991641912246,49.99999187504888,49.999992129863415,49.999992405678924,49.99999270185566,49.99999301783434,49.99999335319811,49.99999370776748,49.99999408175985,49.99999447609118,49.99999489305804,49.999995338481405
20580.0,49.99999118756778,49.999991199737146,49.99999123620675,49.99999129683512,49.99999138139167,49.9999914895596,49.99999162094147,49.99999177506692,49.999991951402244,49.99999214936245,49.99999236832596,49.99999260765296,49.999992866708496,49.99999314489249,49.999993441680395,49.99999375668126,49.999994089727,49.99999444102205,49.999994811426944,49.99999520309947,49.999995621513655
20640.0,49.999991723384134,49.99999173481199,49.999991769059484,49.9999918259939,49.999991905399,49.999992006977614,49.99999213035699,49.99999227509598,49.999992440694,49.99999262660237,49.9999928322381,49.999993057001085,49.99999330029577,49.99999356155936,49.99999384029986,49.999994136150704,49.99999444895445,49.999994778903364,49.99999512680579,49.99999549468902,49.99999588770036
20700.0,49.99999222724962,49.999992237980315,49.99999227013854,49.99999232359986,49.99999239816147,49.99999249354467,49.99999260939986,49.99999274531332,49.99999290081559,49.99999307539207,49.99999326849599,49.99999347956456,49.99999370803923,49.99999395339216,49.99999421516198,49.999994493005,49.999994786773705,49.99999509664893,49.99999542338994,49.999995768901236,49.99999613802264
20760.0,49.99999270102883,49.9999927111041,49.999992741298165,49.999992791494314,49.99999286150236,49.999992951060975,49.99999305984231,49.999993187458365,49.99999333346889,49.99999349739132,49.99999367871291,49.99999387690585,49.99999409144635,49.999994321839424,49.999994567652415,49.999994828563075,49.99999510443328,49.99999539543304,49.99999570227547,49.999996026749585,49.99999637340573
20820.0,49.99999314648008,49.99999315593921,49.99999318428686,49.99999323141358,49.99999329714104,49.999993381224165,49.99999348335557,49.9999936031714,49.99999374025883,49.999993894165364,49.999994064410174,49.999994250498354,49.99999445193871,49.999994668267085,49.99999489907781,49.99999514406874,49.99999540311055,49.99999567636305,49.999995964495966,49.9999962691897,49.999996594722134
20880.0,49.999993565261235,49.999993574141214,49.99999360075329,49.99999364499482,49.99999370669861,49.99999378563489,49.99999388151541,49.99999399399901,49.99999412269865,49.99999426719001,49.99999442702227,49.99999460173135,49.999994790856704,49.99999499396311,49.999995210670214,49.999995440694775,49.99999568391566,49.9999959404831,49.999996211026044,49.9999964971227,49.99999680279457
20940.0,49.999993958935356,49.99999396727101,49.99999399225183,49.99999403378161,49.99999409170357,49.99999416580229,49.999994255807536,49.999994361399445,49.99999448221512,49.99999461785676,49.999994767901654,49.99999493191473,49.99999510946415,49.99999530014188,49.999995503591315,49.999995719546945,49.99999594789535,49.99999618877772,49.99999644278462,49.99999671139823,49.999996998398736
21000.0,49.999994328976,49.99999433680008,49.999994360247825,49.99999439922906,49.9999944535968,49.99999452314908,49.99999460763255,49.99999470674736,49.9999948201533,49.9999949474774,49.999995088323395,49.99999524228338,49.99999540895252,49.99999558794826,49.99999577893628,49.99999598166774,49.999996196036406,49.99999642217499,49.99999666063796,49.9999969128172,49.99999718226583
21060.0,49.999994676772204,49.99999468411555,49.999994706122635,49.9999947427089,49.9999947937366,49.99999485901637,49.999994938310735,49.99999503133862,49.99999513778108,49.99999525728851,49.99999538948941,49.9999955340014,49.999995690444955,49.99999585846146,49.99999603773752,49.99999622803989,49.99999642926911,49.99999664154989,49.999996865402785,49.99999710213477,49.9999973550853
21120.0,49.99999500363324,49.99999501052486,49.999995031178216,49.99999506551405,49.99999511340322,49.99999517466828,49.999995249086595,49.999995336394704,49.99999543629365,49.99999554845571,49.99999567253266,49.99999580816604,49.99999595500013,49.99999611269876,49.99999628096816,49.99999645958972,49.99999664847032,49.999996847727154,49.999997057848866,49.99999728006262,49.99999751750688
21180.0,49.999995310793025,49.999995317260215,49.999995336641646,49.999995368863026,49.999995413803326,49.999995471296195,49.999995541133,49.99999562306679,49.99999571681735,49.999995822077516,49.9999959385209,49.99999606581149,49.999996203615886,49.99999635161896,49.9999965095454,49.9999966771903,49.9999968544665,49.99999704148408,49.999997238701745,49.99999744727161,49.99999767014302
21240.0,49.99999559941442,49.99999560548287,49.99999562366934,49.9999956539042,49.99999569607402,49.99999575002291,49.999995815555316,49.999995892439806,49.99999598041374,49.999996079189245,49.99999618846043,49.99999630791237,49.99999643723256,49.99999657612567,49.999996724333634,49.99999688166446,49.999997048036526,49.99999722355326,49.999997408645186,49.999997604393926,49.9999978135709
21300.0,49.99999587059324,49.9999958762871,49.999995893351,49.99999592171969,49.99999596128685,49.999996011906404,49.99999607339512,49.99999614553606,49.99999622808312,49.999996320766506,49.99999642329954,49.9999965353871,49.99999665673629,49.99999678707033,49.99999692614737,49.99999707378751,49.99999722991434,49.999997394625,49.99999756832355,49.99999775202532,49.999997948334396
21360.0,49.99999612536193,49.99999613070394,49.999996146713364,49.99999617332908,49.999996210451464,49.99999625794363,49.99999631563385,49.99999638331886,49.99999646076804,49.99999654772856,49.99999664393176,49.999996749101086,49.99999686296206,49.99999698525531,49.999997115754184,49.99999725429013,49.999997400791585,49.9999975553498,49.99999771834398,49.99999789072714,49.99999807494599
21420.0,49.99999636469327,49.999996369704775,49.99999638472378,49.999996409693,49.999996444519084,49.999996489073766,49.99999654319614,49.999996606695746,49.999996679356485,49.99999676094144,49.99999685119889,49.99999694986966,49.99999705669657,49.99999717143654,49.99999729387721,49.999997423860634,49.99999756131986,49.99999770634056,49.999997859278544,49.999998021028325,49.9999981938886
21480.0,49.99999658950358,49.99999659420471,49.99999660829354,49.999996631716385,49.99999666438581,49.99999670618162,49.99999675695306,49.9999968165217,49.99999688468504,49.9999969612211,49.999997045894006,49.99999713846095,49.99999723868092,49.99999734632617,49.999997461197715,49.999997583147575,49.99999771211307,49.999997848174644,49.99999799166618,49.999998143427156,49.99999830561708
21540.0,49.99999680065609,49.99999680506573,49.99999681828102,49.99999684025168,49.999996870895764,49.99999691010068,49.99999695772519,49.999997013602105,49.99999707754173,49.999997149336075,49.99999722876418,49.99999731559851,49.999997409613265,49.99999751059506,49.999997618357455,49.99999773276182,49.99999785374949,49.99999798139599,49.99999811601457,49.999998258393035,49.99999841056
21600.0,49.99999699896384,49.999997003099764,49.99999701549479,49.999997036101796,49.999997064844,49.99999710161596,49.999997146285345,49.99999719869553,49.99999725866881,49.99999732601033,49.99999740051307,49.999997481963874,49.99999757015119,49.999997664875096,49.99999776596093,49.99999787327882,49.99999798677385,49.99999810651691,49.99999823280189,49.999998366368075,49.99999850912097
21660.0,49.99999718519244,49.999997189071365,49.99999720069619,49.999997220022784,49.99999724697923,49.999997281466726,49.99999732336134,49.99999737251635,49.99999742876527,49.999997491925576,49.99999756180334,49.99999763819886,49.99999772091397,49.99999780976135,49.999997904577405,49.999998005240464,49.999998111699114,49.99999822401993,49.999998342478605,49.9999984677688,49.99999860168032
21720.0,49.9999973600626,49.99999736370023,49.999997374601946,49.99999739272639,49.999997418006224,49.99999745034889,49.99999748963831,49.99999753573703,49.999997588489116,49.9999976477236,49.999997713258814,49.9999977849077,49.99999786248462,49.99999794581411,49.9999980347429,49.999998129157035,49.99999822900838,49.99999833435948,49.999998445468876,49.99999856298744,49.9999986885962
21780.0,49.999997524253175,49.999997527664284,49.99999753788715,49.99999755488303,49.99999757858887,49.999997608917965,49.99999764576158,49.999997688990995,49.99999773846015,49.99999779400891,49.99999785546711,49.999997922659546,49.999997995412315,49.99999807356107,49.999998156962235,49.99999824550909,49.9999983391566,49.99999843796342,49.999998542172065,49.999998652393195,49.999998770205565
21840.0,49.9999976784035,49.999997681601975,49.99999769118759,49.99999770712407,49.99999772935236,49.999997757791256,49.99999779233893,49.99999783287481,49.99999787926212,49.999997931350855,49.999997988981654,49.99999805199042,49.99999812021425,49.99999819349923,49.99999827171087,49.999998354749216,49.99999844257212,49.99999853523461,49.999998632964164,49.99999873633363,49.99999884682565
21900.0,49.999997823115685,49.999997826114566,49.999997835102036,49.99999785004413,49.99999787088552,49.99999789755019,49.99999792994274,49.999997967950286,49.99999801144473,49.999998060285584,49.99999811432359,49.99999817340506,49.99999823737743,49.99999830609655,49.99999837943645,49.99999845730351,49.99999853965828,49.99999862655241,49.999998718199215,49.999998815136045,49.9999989187552
21960.0,49.99999795895665,49.99999796176821,49.99999797019427,49.999997984203056,49.99999800374275,49.99999802874215,49.99999805911194,49.99999809474641,49.99999813552558,49.999998181317906,49.9999982319836,49.99999828737872,49.99999834736041,49.99999841179366,49.99999848056047,49.999998553573185,49.99999863079488,49.99999871227399,49.999998798210555,49.999998889108596,49.9999989862755
22020.0,49.999998086460046,49.9999980890958,49.999998096995,49.99999811012787,49.999998128445895,49.99999815188243,49.999998180353835,49.9999982137611,49.99999825199188,49.999998294923,49.99999834242357,49.99999839435879,49.99999845059486,49.99999851100534,49.999998575479744,49.999998643935946,49.99999871633943,49.9999987927356,49.99999887331203,49.999998958541454,49.99999904965142
22080.0,49.999998206128254,49.999998208599024,49.99999821600379,49.999998228314674,49.999998245486275,49.99999826745615,49.999998294145996,49.99999832546311,49.99999836130231,49.99999840154824,49.999998446078344,49.999998494766395,49.9999985474871,49.99999860412204,49.999998664567755,49.99999872874736,49.99999879662849,49.99999886825378,49.99999894379907,49.99999902370773,49.99999910913228
22140.0,49.99999831843401,49.99999832074997,49.99999832769078,49.99999833923036,49.999998355326156,49.99999837591975,49.99999840093782,49.99999843029356,49.99999846388849,49.999998501614606,49.99999854335715,49.99999858899791,49.99999863841959,49.99999869151128,49.9999987481761,49.999998808342056,49.99999887197888,49.99999893912652,49.99999900994982,49.99999908486457,49.99999916495281
22200.0,49.99999842382221,49.99999842599291,49.999998432498394,49.99999844331424,49.99999845840062,49.99999847770284,49.99999850115224,49.99999852866756,49.99999856015659,49.999998595518235,49.99999863464502,49.99999867742628,49.99999872375216,49.99999877351883,49.999998826635576,49.99999888303497,49.99999894268867,49.999999005634145,49.999999072025936,49.99999914225391,49.999999217333894
22260.0,49.99999852271143,49.99999852474584,49.99999853084289,49.999998540979696,49.999998555119014,49.999998573209595,49.999998595187186,49.99999862097571,49.999998650488834,49.999998683631915,49.999998720304326,49.99999876040246,49.99999880382348,49.99999885047015,49.999998900257516,49.99999895312246,49.99999900903844,49.999999068040594,49.99999913027376,49.99999919610353,49.999999266483435
22320.0,49.99999861549547,49.99999861740203,49.9999986231159,49.99999863261567,49.99999864586644,49.99999866282028,49.999998683417026,49.99999870758546,49.99999873524477,49.99999876630634,49.999998800675975,49.99999883825669,49.99999887895217,49.999998922671395,49.999998969334825,49.99999901888335,49.99999907129214,49.99999912659412,49.99999918492504,49.999999246627674,49.999999312597076
22380.0,49.99999870254475,49.99999870433136,49.99999870968576,49.99999871858791,49.99999873100514,49.99999874689259,49.999998766193926,49.99999878884249,49.99999881476265,49.999998843871445,49.999998876080674,49.999998911299556,49.999998949437945,49.99999899041062,49.999999034143066,49.99999908057998,49.99999912969811,49.9999991815283,49.99999923619779,49.99999929402794,49.99999935585884
22440.0,49.99999878420769,49.999998785881786,49.999998790898985,49.99999879924054,49.999998810875866,49.999998825762965,49.999998843849134,49.99999886507196,49.99999888936065,49.999998916637544,49.99999894682009,49.9999989798233,49.99999901556277,49.99999905395874,49.99999909494146,49.9999991384591,49.999999184489944,49.99999923306289,49.99999928429715,49.99999933849401,49.99999939644191
22500.0,49.99999886081199,49.999998862380544,49.99999886708146,49.99999887489719,49.99999888579909,49.99999889974787,49.99999891669419,49.99999893657965,49.99999895933798,49.999998984896486,49.999999013177906,49.99999904410269,49.999999077591816,49.9999991135706,49.99999915197378,49.999999192752846,49.99999923588741,49.999999281404584,49.99999932941608,49.999999380204294,49.99999943450917
22560.0,49.999998932665775,49.99999893413534,49.999998938539605,49.999998945862124,49.99999895607613,49.99999896914483,49.99999898502205,49.99999900365314,49.99999902497604,49.99999904892275,49.99999907542096,49.99999910439617,49.99999913577446,49.999999169485896,49.99999920546936,49.99999924367946,49.999999284097115,49.999999326747734,49.999999371735974,49.999999419326535,49.999999470213794
22620.0,49.999999000058764,49.999999001435505,49.99999900556155,49.999999012421526,49.99999902199037,49.99999903423367,49.9999990491082,49.9999990665628,49.99999908653943,49.999999108974436,49.99999913380011,49.99999916094677,49.999999190345186,49.999999221929926,49.99999925564377,49.99999929144421,49.999999329313425,49.99999936927518,49.99999941142751,49.99999945601854,49.99999950369984
22680.0,49.999999063263374,49.999999064553045,49.99999906841818,49.99999907484438,49.99999908380821,49.99999909527743,49.99999910921161,49.99999912556289,49.999999144276934,49.999999165294184,49.99999918855127,49.99999921398297,49.9999992415245,49.9999992711146,49.99999930269974,49.999999336240116,49.99999937171903,49.99999940915874,49.999999448651124,49.999999490428685,49.99999953510278
22740.0,49.99999912253566,49.99999912374369,49.99999912736416,49.999999133383604,49.99999914178007,49.9999991525234,49.99999916557578,49.999999180892395,49.99999919842242,49.9999992181101,49.99999923989617,49.99999926371957,49.999999289519685,49.99999931723916,49.9999993468279,49.99999937824864,49.99999941148575,49.999999446560096,49.999999483557716,49.99999952269649,49.99999956455003
22800.0,49.9999991781164,49.99999917924788,49.99999918263893,49.999999188276945,49.999999196141395,49.999999206204066,49.99999921842957,49.99999923277599,49.99999924919576,49.999999267636696,49.99999928804335,49.999999310358575,49.99999933452563,49.99999936049088,49.99999938820741,49.99999941764034,49.999999448775064,49.9999994816311,49.99999951628904,49.99999955295304,49.999999592161245
22860.0,49.999999230231815,49.99999923129152,49.99999923446746,49.99999923974785,49.99999924711347,49.99999925653795,49.999999267988144,49.999999281424856,49.999999296803566,49.999999314075474,49.999999333188676,49.999999354089695,49.99999937672547,49.99999940104576,49.999999427006685,49.99999945457559,49.99999948373878,49.99999951451458,49.99999954697843,49.999999581321646,49.99999961804903
22920.0,49.99999927909451,49.999999280086925,49.9999992830612,49.99999928800629,49.99999929490425,49.99999930373037,49.99999931445366,49.99999932703745,49.99999934144009,49.999999357615906,49.999999375516346,49.999999395091386,49.99999941629135,49.99999943906925,49.999999463384,49.99999948920505,49.99999951651959,49.99999954534475,49.9999995757512,49.999999607918156,49.99999964231916
22980.0,49.999999324904344,49.99999932583367,49.999999328618884,49.99999933324965,49.999999339709156,49.99999934797431,49.999999358016126,49.99999936980027,49.999999383287815,49.99999939843601,49.99999941519943,49.99999943353128,49.99999945338509,49.99999947471686,49.99999949748817,49.99999952167041,49.9999995472516,49.99999957424776,49.99999960272508,49.99999963285147,49.99999966507107
23040.0,49.99999936784907,49.99999936871926,49.99999937132722,49.99999937566331,49.99999938171181,49.99999938945109,49.99999939885405,49.999999409888574,49.99999942251823,49.999999436703064,49.99999945240055,49.99999946956691,49.999999488158664,49.99999950813465,49.999999529458925,49.99999955210471,49.99999957606078,49.99999960134214,49.99999962801077,49.999999656223935,49.99999968639821
23100.0,49.999999408105104,49.999999408919855,49.999999411361685,49.99999941542155,49.99999942108476,49.9999994283311,49.99999943713521,49.99999944746704,49.999999459292525,49.99999947257427,49.999999487272504,49.99999950334629,49.99999952075493,49.99999953945993,49.999999559427636,49.999999580633016,49.99999960306554,49.99999962673927,49.99999965171221,49.99999967813169,49.999999706388344
23160.0,49.99999944583817,49.99999944660096,49.99999944888706,49.99999945268804,49.99999945799012,49.99999946477441,49.9999994730172,49.99999948269038,49.999999493762076,49.999999506197305,49.99999951995889,49.99999953500853,49.99999955130813,49.9999995688217,49.99999958751774,49.999999607372835,49.99999962837714,49.99999965054379,49.9999996739271,49.99999969866506,49.99999972512397
23220.0,49.99999948120399,49.99999948191809,49.999999484058236,49.99999948761655,49.99999949258015,49.99999949893139,49.999999506648045,49.99999951570388,49.99999952606906,49.99999953771086,49.999999550594524,49.999999564684195,49.99999957994429,49.99999959634109,49.99999961384515,49.99999963243454,49.99999965210006,49.999999672854,49.99999969474721,49.999999717908906,49.99999974268257
23280.0,49.999999514348744,49.999999515017194,49.99999951702056,49.99999952035146,49.99999952499786,49.999999530943235,49.99999953816683,49.999999546644084,49.99999955634709,49.999999567245276,49.999999579306106,49.99999959249605,49.99999960678183,49.9999996221319,49.99999963851872,49.99999965592178,49.99999967433245,49.99999969376224,49.99999971425872,49.99999973594293,49.9999997591369
23340.0,49.99999954540985,49.999999546035525,49.99999954791072,49.9999995510285,49.99999955537763,49.99999956094265,49.99999956770416,49.99999957563919,49.99999958472164,49.99999959492292,49.999999606212604,49.99999961855934,49.999999631932,49.99999964630107,49.999999661640786,49.99999967793197,49.99999969516654,49.99999971335525,49.99999973254266,49.99999975284206,49.99999977455538
23400.0,49.9999995745163,49.99999957510192,49.99999957685697,49.99999957977505,49.999999583845614,49.99999958905422,49.999999595382704,49.99999960280962,49.99999961131056,49.999999620858766,49.99999963142581,49.99999964298236,49.99999965549927,49.999999668948995,49.99999968330741,49.99999969855656,49.99999971468888,49.99999973171448,49.99999974967501,49.99999976867657,49.99999978900216
23460.0,49.99999960178925,49.9999996023373,49.99999960397981,49.99999960671075,49.9999996105203,49.99999961539492,49.99999962131767,49.99999962826847,49.9999996362245,49.99999964516075,49.99999965505062,49.9999996658667,49.99999967758174,49.99999969016995,49.99999970360879,49.99999971788146,49.99999973298088,49.99999974891648,49.99999976572725,49.99999978351252,49.99999980253758
23520.0,49.99999962734234,49.9999996278552,49.99999962939226,49.99999963194789,49.99999963551288,49.99999964007459,49.99999964561719,49.99999965212188,49.999999659567344,49.999999667930204,49.999999677185585,49.99999968730785,49.999999698271516,49.99999971005248,49.99999972262963,49.99999973598729,49.99999975011882,49.99999976503305,49.99999978076644,49.999999797411974,49.999999815218324
23580.0,49.999999651282366,49.99999965176226,49.99999965320052,49.99999965559188,49.99999965892775,49.9999996631963,49.99999966838272,49.999999674469464,49.99999968143659,49.99999968926224,49.999999697923144,49.99999970739535,49.99999971765502,49.99999972867963,49.999999740449425,49.999999752949755,49.999999766174405,49.999999780131596,49.999999794855476,49.99999981043309,49.999999827097476
23640.0,49.99999967370948,49.9999996741585,49.99999967550421,49.9999996777417,49.99999968086292,49.99999968485684,49.99999968970959,49.99999969540478,49.99999970192378,49.99999970924613,49.99999971735011,49.999999726213304,49.99999973581344,49.99999974612943,49.999999757142845,49.99999976883993,49.99999978121489,49.999999794275446,49.99999980805353,49.9999998226306,49.99999983822503
23700.0,49.999999694717786,49.99999969513787,49.9999996963969,49.999999698490235,49.99999970141039,49.99999970514704,49.99999970968723,49.99999971501564,49.99999972111485,49.99999972796574,49.999999735547995,49.999999743840675,49.999999752822944,49.999999762475106,49.999999772779915,49.999999783724505,49.99999979530348,49.999999807524034,49.99999982041604,49.999999834055735,49.99999984864776
23760.0,49.99999971439548,49.999999714788466,49.99999971596628,49.999999717924624,49.999999720656476,49.99999972415216,49.999999728399594,49.99999973338444,49.99999973909043,49.99999974549971,49.99999975259327,49.99999976035154,49.99999976875507,49.9999997777854,49.99999978742643,49.99999979766614,49.99999980849947,49.99999981993315,49.99999983199511,49.999999844756694,49.99999985840966
23820.0,49.99999973282558,49.99999973319319,49.99999973429495,49.999999736126824,49.99999973868226,49.99999974195225,49.99999974592549,49.999999750588564,49.999999755926275,49.999999761921934,49.999999768557785,49.99999977581551,49.99999978367694,49.99999979212484,49.99999980114413,49.99999981072359,49.99999982085848,49.99999983155509,49.99999984283956,49.999999854778636,49.99999986755196
23880.0,49.99999975008577,49.999999750429616,49.99999975146015,49.99999975317361,49.99999975556386,49.999999758622494,49.99999976233893,49.99999976670065,49.99999977169347,49.999999777301745,49.9999997835089,49.99999979029783,49.999999797651554,49.999999805553955,49.999999813990954,49.99999982295203,49.999999832432756,49.99999984243903,49.99999985299527,49.99999986416397,49.99999987611339
23940.0,49.99999976624911,49.99999976657071,49.999999767534554,49.999999769137126,49.99999977137269,49.9999997742334,49.99999977770936,49.99999978178889,49.99999978645869,49.999999791704205,49.9999997975099,49.99999980385983,49.99999981073809,49.99999981812964,49.99999982602129,49.999999834403226,49.99999984327133,49.99999985263107,49.99999986250533,49.9999998729525,49.99999988413027
24000.0,49.99999978138419,49.99999978168495,49.99999978258633,49.99999978408505,49.99999978617577,49.999999788851134,49.99999979210192,49.9999997959172,49.999999800284556,49.99999980519037,49.99999981062016,49.999999816559004,49.99999982299204,49.99999982990519,49.99999983728616,49.999999845125785,49.99999985342017,49.99999986217447,49.99999987141005,49.99999988118157,49.9999998916367
24060.0,49.999999795555226,49.999999795836466,49.999999796679376,49.99999979808088,49.99999980003599,49.99999980253782,49.99999980557778,49.999999809145635,49.99999981322981,49.999999817817596,49.99999982289541,49.999999828449326,49.99999983446547,49.9999998409307,49.9999998478335,49.999999855165306,49.99999986292249,49.999999871109864,49.99999987974739,49.999999888886215,49.99999989866465
24120.0,49.99999980882257,49.99999980908555,49.99999980987372,49.99999981118422,49.99999981301237,49.99999981535177,49.99999981819437,49.99999982153061,49.99999982534967,49.99999982963966,49.999999834387935,49.99999983958147,49.999999845207284,49.99999985125312,49.99999985770822,49.999999864564565,49.99999987181876,49.999999879475304,49.999999887552875,49.99999989609929,49.9999999052441
24180.0,49.99999982124303,49.999999821488906,49.999999822225824,49.99999982345111,49.999999825160415,49.99999982734772,49.99999983000553,49.99999983312492,49.99999983669577,49.999999840707005,49.99999984514678,49.99999985000293,49.99999985526335,49.99999986091655,49.999999866952514,49.99999987336372,49.99999988014701,49.999999887306586,49.9999998948599,49.99999990285169,49.99999991140326
24240.0,49.99999983286957,49.99999983309944,49.99999983378839,49.999999834933924,49.99999983653196,49.999999838576926,49.99999984106178,49.999999843978195,49.99999984731672,49.999999851066995,49.99999985521799,49.999999859758326,49.999999864676695,49.99999986996235,49.99999987560594,49.99999988160044,49.9999998879429,49.999999894637234,49.99999990169976,49.999999909172324,49.9999999171685
24300.0,49.99999984375214,49.99999984396704,49.9999998446111,49.999999845681984,49.9999998471759,49.999999849087615,49.99999985141058,49.999999854137,49.999999857258075,49.99999986076412,49.99999986464483,49.999999868889546,49.99999987348772,49.999999878429335,49.99999988370563,49.99999988931007,49.999999895239874,49.99999990149872,49.999999908101856,49.99999991508838,49.99999992256466
24360.0,49.99999985393748,49.99999985413836,49.9999998547404,49.99999985574143,49.9999998571379,49.99999985892493,49.9999998610964,49.99999986364504,49.9999998665626,49.99999986984004,49.99999987346774,49.99999987743578,49.99999988173429,49.99999988635391,49.99999989128644,49.999999896525786,49.999999902069355,49.999999907920575,49.9999999140937,49.99999992062529,49.99999992761492
24420.0,49.99999986346958,49.999999863657344,49.999999864220065,49.999999865155736,49.99999986646101,49.99999986813135,49.99999987016102,49.99999987254325,49.99999987527035,49.99999987833386,49.9999998817248,49.999999885433894,49.999999889451956,49.999999893770216,49.99999989838103,49.99999990327868,49.999999908460765,49.999999913930495,49.99999991970115,49.999999925806954,49.99999993234111
24480.0,49.99999987238961,49.999999872565084,49.999999873091014,49.99999987396549,49.99999987518542,49.99999987674655,49.999999878643536,49.99999988087006,49.99999988341892,49.99999988628225,49.99999988945165,49.999999892918446,49.99999989667405,49.99999990071029,49.99999990502004,49.99999990959795,49.99999991444175,49.99999991955443,49.999999924948455,49.99999993065577,49.99999993676366
24540.0,49.99999988073607,49.99999988090006,49.99999988139156,49.9999998822088,49.99999988334888,49.999999884807835,49.99999988658069,49.99999988866155,49.99999989104366,49.999999893719675,49.99999989668176,49.99999989992183,49.999999903431856,49.99999990720422,49.999999911232244,49.999999915510934,49.999999920038185,49.999999924816784,49.99999992985837,49.9999999351928,49.99999994090178
24600.0,49.9999998885453,49.99999988869855,49.99999988915785,49.99999988992153,49.99999989098692,49.999999892350296,49.999999894007004,49.99999989595153,49.99999989817762,49.99999990067838,49.99999990344651,49.99999990647446,49.99999990975472,49.999999913280185,49.99999991704461,49.99999992104333,49.99999992527439,49.999999929740376,49.99999993445218,49.9999999394377,49.999999944773414
24660.0,49.99999989585123,49.99999989599443,49.999999896423596,49.999999897137194,49.9999998981327,49.99999989940665,49.999999900954705,49.99999990277173,49.999999904851855,49.99999990718868,49.999999909775376,49.99999991260488,49.99999991567017,49.999999918964626,49.999999922482424,49.9999999262192,49.999999930173146,49.99999993434667,49.99999993874991,49.99999994340898,49.999999948395455
24720.0,49.99999990268577,49.99999990281956,49.99999990322055,49.999999903887286,49.99999990481743,49.99999990600774,49.99999990745416,49.99999990915191,49.99999991109552,49.999999913278984,49.999999915695916,49.99999991833976,49.999999921203965,49.99999992428232,49.9999999275694,49.99999993106114,49.999999934755834,49.99999993865573,49.999999942770316,49.99999994712399,49.99999995178373
24780.0,49.99999990907883,49.99999990920382,49.99999990957846,49.99999991020139,49.9999999110704,49.999999912182474,49.99999991353385,49.99999991512002,49.99999991693589,49.99999991897588,49.99999992123403,49.99999992370421,49.999999926380305,49.99999992925652,49.99999993232779,49.99999993559032,49.999999939042496,49.99999994268643,49.999999946531,49.99999995059898,49.99999995495305
24840.0,49.99999991505853,49.999999915175295,49.99999991552527,49.999999916107186,49.99999991691899,49.99999991795788,49.99999991922032,49.99999992070213,49.999999922398544,49.999999924304355,49.999999926414006,49.999999928721756,49.9999999312219,49.99999993390906,49.999999936778465,49.99999993982659,49.999999943051925,49.999999946456455,49.99999995004845,49.99999995384921,49.999999957917375
24900.0,49.999999920650914,49.99999992076,49.99999992108691,49.99999992163049,49.999999922388824,49.99999992335928,49.999999924538564,49.999999925922786,49.999999927507496,49.999999929287824,49.99999993125858,49.99999993341445,49.999999935750054,49.99999993826037,49.99999994094098,49.99999994378858,49.99999994680176,49.999999949982374,49.99999995333814,49.99999995688896,49.9999999606897
24960.0,49.99999992588072,49.99999992598261,49.99999992628795,49.99999992679568,49.99999992750401,49.999999928410475,49.999999929512015,49.99999993080499,49.999999932285235,49.99999993394824,49.99999993578913,49.99999993780291,49.99999993998464,49.999999942329595,49.999999944833654,49.99999994749373,49.9999999503085,49.999999953279705,49.99999995641455,49.99999995973162,49.99999996328224
25020.0,49.999999930771025,49.99999993086618,49.99999993115138,49.99999993162559,49.99999993228716,49.999999933133815,49.99999993416267,49.999999935370326,49.9999999367529,49.99999993830617,49.9999999400256,49.99999994190656,49.9999999439444,49.99999994613473,49.999999948473686,49.999999950958404,49.99999995358765,49.999999956363034,49.99999995929127,49.999999962389744,49.99999996570647
25080.0,49.999999935343645,49.99999993543252,49.99999993569887,49.99999993614175,49.99999993675959,49.99999993755029,49.999999938511145,49.999999939639,49.99999994093024,49.99999994238091,49.99999994398681,49.99999994574357,49.99999994764686,49.99999994969261,49.9999999518772,49.999999954197946,49.99999995665372,49.99999995924599,49.99999996198105,49.999999964875116,49.99999996797314
25140.0,49.99999993961868,49.999999939701674,49.9999999399504,49.99999994036397,49.99999994094096,49.999999941679356,49.999999942576665,49.99999994362993,49.99999994483579,49.999999946190556,49.99999994769029,49.99999994933094,49.99999995110847,49.99999995301905,49.99999995505932,49.999999957226784,49.99999995952034,49.99999996194139,49.99999996449582,49.999999967198775,49.99999997009228
25200.0,49.999999943615194,49.99999994369269,49.99999994392495,49.99999994431114,49.999999944849925,49.99999994553944,49.99999994637736,49.999999947360905,49.99999994848696,49.99999994975206,49.99999995115256,49.99999995268467,49.99999995434462,49.99999995612884,49.99999995803418,49.99999996005831,49.99999996220022,49.99999996446121,49.99999996684677,49.99999996937105,49.999999972073375
25260.0,49.999999947351085,49.99999994742345,49.99999994764031,49.999999948000905,49.99999994850398,49.9999999491478,49.999999949930185,49.99999995084857,49.999999951900016,49.99999995308133,49.99999995438907,49.99999995581971,49.99999995736976,49.99999995903585,49.99999996081505,49.999999962705196,49.99999996470534,49.9999999668167,49.99999996904439,49.999999971401635,49.9999999739252
25320.0,49.999999950843076,49.999999950910635,49.99999995111311,49.999999951449794,49.99999995191949,49.999999952520604,49.9999999532511,49.999999954108574,49.999999955090324,49.99999995619332,49.99999995741437,49.999999958750166,49.99999996019744,49.99999996175309,49.99999996341438,49.99999996517928,49.9999999670469,49.99999996901838,49.9999999710985,49.999999973299595,49.99999997565606
25380.0,49.999999954106876,49.999999954169944,49.999999954358984,49.99999995467331,49.999999955111825,49.99999995567306,49.999999956355076,49.99999995715563,49.999999958072195,49.99999995910196,49.99999996024195,49.999999961489095,49.999999962840334,49.99999996429277,49.99999996584385,49.999999967491675,49.999999969235425,49.99999997107616,49.99999997301832,49.99999997507346,49.99999997727372
25440.0,49.999999957157364,49.99999995721623,49.99999995739271,49.99999995768613,49.9999999580955,49.9999999586194,49.99999995925605,49.999999960003386,49.99999996085902,49.99999996182034,49.99999996288458,49.99999996404887,49.99999996531035,49.999999966666316,49.999999968114395,49.9999999696528,49.999999971280765,49.99999997299929,49.99999997481252,49.999999976731225,49.99999997878548
25500.0,49.99999996000806,49.999999960063015,49.999999960227726,49.99999996050161,49.99999996088372,49.999999961372744,49.999999961967035,49.99999996266464,49.999999963463345,49.99999996436071,49.999999965354164,49.99999996644101,49.99999996761861,49.99999996888442,49.999999970236225,49.99999997167236,49.999999973192125,49.99999997479644,49.99999997648916,49.99999997828036,49.99999998019815
25560.0,49.9999999626718,49.999999962723095,49.999999962876835,49.999999963132474,49.99999996348913,49.99999996394558,49.999999964500276,49.99999996515141,49.99999996589692,49.999999966734535,49.999999967661836,49.999999968676335,49.999999969775544,49.9999999709571,49.99999997221894,49.99999997355952,49.99999997497816,49.99999997647573,49.99999997805585,49.99999997972791,49.99999998151816
25620.0,49.99999996516072,49.99999996520859,49.999999965352075,49.99999996559067,49.99999996592354,49.99999996634954,49.99999996686726,49.99999996747498,49.99999996817079,49.99999996895257,49.99999996981806,49.99999997076495,49.999999971790906,49.99999997289374,49.99999997407152,49.999999975322794,49.99999997664695,49.999999978044784,49.999999979519686,49.99999998108038,49.999999982751454
25680.0,49.99999996748609,49.999999967530776,49.999999967664685,49.99999996788736,49.99999996819801,49.999999968595574,49.99999996907873,49.99999996964589,49.99999997029526,49.99999997102487,49.99999997183262,49.99999997271634,49.999999973673866,49.99999997470315,49.99999997580239,49.999999976970244,49.999999978206134,49.99999997951078,49.99999998088733,49.99999998234397,49.99999998390368
25740.0,49.99999996965855,49.99999996970024,49.9999999698252,49.99999997003298,49.99999997032287,49.99999997069387,49.99999997114474,49.99999997167401,49.99999997228,49.99999997296088,49.99999997371468,49.99999997453938,49.99999997543297,49.999999976393546,49.999999977419414,49.99999997850933,49.99999997966272,49.99999998088029,49.99999998216497,49.999999983524404,49.99999998498006
25800.0,49.99999997168794,49.999999971726844,49.999999971843444,49.99999997203732,49.99999997230782,49.999999972654,49.99999997307472,49.99999997356859,49.99999997413406,49.999999974769416,49.99999997547282,49.9999999762424,49.999999977076264,49.99999997797264,49.999999978929964,49.999999979947056,49.99999998102338,49.9999999821596,49.99999998335846,49.99999998462707,49.99999998598551
25860.0,49.99999997358355,49.99999997361984,49.999999973728634,49.99999997390954,49.99999997416192,49.99999997448493,49.99999997487748,49.999999975338284,49.999999975865904,49.999999976458724,49.999999977115074,49.999999977833156,49.99999997861125,49.99999997944767,49.99999998034094,49.99999998128998,49.99999998229433,49.999999983354556,49.999999984473234,49.999999985657006,49.99999998692464
25920.0,49.999999975354044,49.99999997538791,49.99999997548941,49.999999975658184,49.999999975893644,49.99999997619501,49.999999976561256,49.9999999769912,49.99999997748348,49.99999997803661,49.999999978649,49.999999979318986,49.999999980044954,49.99999998082534,49.999999981658796,49.99999998254429,49.99999998348138,49.99999998447063,49.99999998551441,49.99999998661894,49.99999998780174
25980.0,49.99999997700758,49.99999997703918,49.99999997713387,49.999999977291324,49.999999977511,49.99999997779216,49.99999997813385,49.99999997853496,49.99999997899422,49.99999997951025,49.99999998008157,49.99999998070663,49.99999998138392,49.99999998211199,49.99999998288956,49.9999999837157,49.99999998458999,49.99999998551294,49.999999986486785,49.99999998751729,49.99999998862087
26040.0,49.99999997855186,49.99999997858134,49.9999999786697,49.9999999788166,49.99999997902152,49.999999979283785,49.99999997960252,49.99999997997669,49.9999999804051,49.99999998088647,49.99999998141941,49.9999999820025,49.99999998263432,49.99999998331353,49.99999998403892,49.999999984809634,49.99999998562526,49.999999986486294,49.99999998739481,49.999999988356194,49.99999998938578
26100.0,49.99999997999401,49.9999999800215,49.99999998010388,49.99999998024088,49.99999998043201,49.999999980676634,49.99999998097393,49.99999998132293,49.99999998172253,49.99999998217154,49.99999998266866,49.99999998321256,49.99999998380193,49.999999984435505,49.999999985112176,49.999999985831124,49.99999998659198,49.99999998739519,49.9999999882427,49.99999998913953,49.99999999010001
26160.0,49.99999998134043,49.999999981366074,49.99999998144291,49.99999998157069,49.99999998174896,49.99999998197711,49.999999982254394,49.9999999825799,49.999999982952616,49.99999998337142,49.999999983835096,49.99999998434241,49.99999998489214,49.99999998548311,49.99999998611429,49.9999999867849,49.999999987494604,49.99999998824382,49.999999989034364,49.99999998987093,49.999999990766874
26220.0,49.99999998259745,49.99999998262136,49.99999998269303,49.9999999828122,49.99999998297846,49.99999998319125,49.999999983449854,49.99999998375344,49.99999998410105,49.999999984491645,49.9999999849241,49.99999998539727,49.99999998591,49.9999999864612,49.9999999870499,49.99999998767538,49.999999988337336,49.99999998903615,49.99999998977351,49.99999999055378,49.99999999138947
26280.0,49.99999998377097,49.999999983793266,49.9999999838601,49.99999998397123,49.999999984126276,49.99999998432472,49.99999998456589,49.999999984849005,49.99999998517318,49.99999998553745,49.99999998594077,49.99999998638205,49.99999998686023,49.999999987374295,49.99999998792334,49.999999988506694,49.99999998912407,49.99999998977583,49.99999999046352,49.99999999119125,49.99999999197069
26340.0,49.99999998486642,49.99999998488722,49.99999998494954,49.999999985053165,49.999999985197746,49.999999985382786,49.99999998560769,49.9999999858717,49.99999998617401,49.99999998651371,49.99999998688981,49.99999998730133,49.99999998774726,49.999999988226655,49.99999998873868,49.9999999892827,49.99999998985846,49.99999999046628,49.99999999110762,49.99999999178629,49.9999999925132
26400.0,49.99999998588891,49.9999999859083,49.99999998596642,49.999999986063045,49.999999986197864,49.99999998637041,49.99999998658012,49.9999999868263,49.9999999871082,49.99999998742495,49.99999998777566,49.99999998815939,49.99999998857522,49.999999989022264,49.99999998949973,49.99999999000705,49.99999999054395,49.999999991110755,49.99999999170882,49.9999999923417,49.999999993019586
26460.0,49.999999986843264,49.99999998686134,49.99999998691552,49.999999987005616,49.99999998713132,49.9999999872922,49.99999998748772,49.99999998771727,49.999999987980104,49.99999998827545,49.99999998860246,49.99999998896027,49.99999998934801,49.999999989764845,49.99999999021006,49.999999990683094,49.99999999118373,49.99999999171225,49.99999999226992,49.999999992860054,49.99999999349218
26520.0,49.99999998773391,49.99999998775076,49.999999987801274,49.99999998788527,49.999999988002465,49.99999998815246,49.99999998833476,49.999999988548765,49.999999988793824,49.999999989069195,49.999999989374096,49.99999998970771,49.99999999006923,49.99999999045787,49.99999999087298,49.999999991314034,49.99999999178082,49.99999999227361,49.99999999279358,49.99999999334383,49.99999999393324
26580.0,49.99999998856505,49.99999998858076,49.999999988627856,49.99999998870616,49.99999998881541,49.999999988955246,49.9999999891252,49.999999989324714,49.99999998955319,49.99999998980992,49.999999990094175,49.9999999904052,49.99999999074224,49.99999999110458,49.99999999149159,49.999999991902804,49.999999992338005,49.999999992797456,49.999999993282245,49.999999993795264,49.999999994344805
26640.0,49.999999989340616,49.99999998935527,49.999999989399164,49.999999989472165,49.99999998957402,49.99999998970439,49.99999998986283,49.99999999004881,49.9999999902618,49.99999999050112,49.9999999907661,49.99999999105604,49.999999991370245,49.99999999170804,49.99999999206883,49.99999999245218,49.99999999285791,49.999999993286245,49.99999999373821,49.99999999421648,49.99999999472883
26700.0,49.99999999006432,49.999999990077974,49.99999999011889,49.999999990186936,49.999999990281864,49.999999990403374,49.99999999055105,49.99999999072442,49.99999999092294,49.999999991146026,49.99999999139303,49.99999999166331,49.9999999919562,49.999999992271086,49.99999999260742,49.999999992964796,49.99999999334302,49.99999999374232,49.999999994163645,49.9999999946095,49.99999999508714
26760.0,49.99999999073947,49.999999990752194,49.99999999079033,49.999999990853745,49.99999999094223,49.99999999105548,49.99999999119312,49.99999999135471,49.99999999153976,49.99999999174769,49.99999999197793,49.99999999222986,49.99999999250287,49.99999999279639,49.99999999310991,49.999999993443026,49.9999999937956,49.9999999941678,49.99999999456054,49.99999999497615,49.9999999954214
26820.0,49.99999999136928,49.99999999138114,49.999999991416686,49.999999991475796,49.99999999155826,49.999999991663806,49.999999991792095,49.99999999194271,49.99999999211518,49.99999999230898,49.99999999252357,49.99999999275838,49.99999999301285,49.99999999328644,49.99999999357866,49.99999999388916,49.99999999421779,49.999999994564725,49.999999994930796,49.99999999531819,49.999999995733205
26880.0,49.99999999195676,49.99999999196782,49.999999992000944,49.99999999205603,49.99999999213289,49.99999999223127,49.99999999235083,49.9999999924912,49.99999999265193,49.99999999283256,49.99999999303257,49.999999993251414,49.99999999348858,49.999999993743565,49.99999999401592,49.99999999430532,49.999999994611606,49.99999999493497,49.99999999527617,49.99999999563724,49.99999999602407
26940.0,49.99999999250475,49.99999999251505,49.999999992545916,49.99999999259725,49.99999999266888,49.99999999276056,49.99999999287198,49.9999999930028,49.9999999931526,49.999999993320934,49.99999999350732,49.999999993711285,49.99999999393231,49.999999994169954,49.99999999442378,49.99999999469349,49.99999999497894,49.999999995280305,49.9999999955983,49.999999995934814,49.99999999629535
27000.0,49.999999993015834,49.99999999302543,49.9999999930542,49.99999999310205,49.9999999931688,49.99999999325423,49.99999999335807,49.99999999347997,49.99999999361956,49.99999999377643,49.99999999395013,49.99999999414019,49.99999999434616,49.99999999456762,49.99999999480416,49.99999999505551,49.99999999532154,49.99999999560239,49.99999999589874,49.99999999621235,49.99999999654836
27060.0,49.999999993492516,49.999999993501454,49.99999999352826,49.99999999357284,49.999999993635036,49.99999999371464,49.999999993811386,49.99999999392497,49.99999999405505,49.99999999420122,49.99999999436307,49.99999999454018,49.999999994732114,49.99999999493848,49.99999999515891,49.99999999539313,49.99999999564103,49.999999995902755,49.99999999617892,49.99999999647117,49.9999999967843
27120.0,49.99999999393701,49.999999993945345,49.99999999397032,49.99999999401185,49.999999994069796,49.99999999414396,49.99999999423411,49.999999994339944,49.999999994461135,49.99999999459733,49.999999994748144,49.999999994913175,49.99999999509203,49.99999999528432,49.999999995489716,49.999999995707974,49.99999999593898,49.999999996182844,49.99999999644018,49.9999999967125,49.9999999970043
27180.0,49.99999999435146,49.99999999435923,49.9999999943825,49.999999994421195,49.99999999447518,49.99999999454429,49.999999994628276,49.999999994726885,49.999999994839804,49.99999999496671,49.99999999510723,49.999999995261,49.99999999542764,49.999999995606814,49.9999999957982,49.99999999600156,49.9999999962168,49.99999999644404,49.99999999668381,49.999999996937554,49.99999999720944
27240.0,49.9999999947379,49.99999999474513,49.99999999476681,49.99999999480286,49.99999999485316,49.999999994917545,49.99999999499579,49.99999999508767,49.99999999519288,49.999999995311114,49.99999999544203,49.99999999558529,49.99999999574055,49.99999999590749,49.9999999960858,49.99999999627527,49.999999996475815,49.999999996687535,49.99999999691094,49.99999999714736,49.9999999974007
27300.0,49.99999999509819,49.999999995104936,49.99999999512514,49.99999999515872,49.99999999520558,49.999999995265554,49.99999999533845,49.999999995424034,49.99999999552204,49.99999999563219,49.99999999575416,49.99999999588763,49.99999999603228,49.9999999961878,49.99999999635393,49.99999999653045,49.99999999671729,49.999999996914546,49.999999997122686,49.999999997342954,49.99999999757899
27360.0,49.99999999543408,49.99999999544036,49.99999999545917,49.99999999549046,49.99999999553411,49.99999999558998,49.999999995657895,49.99999999573762,49.99999999582892,49.99999999593153,49.999999996045155,49.99999999616949,49.99999999630425,49.999999996449134,49.9999999966039,49.99999999676835,49.99999999694241,49.999999997126174,49.99999999732008,49.999999997525286,49.99999999774519
27420.0,49.999999995747146,49.999999995752994,49.99999999577052,49.99999999579966,49.99999999584033,49.99999999589238,49.99999999595565,49.99999999602993,49.99999999611499,49.99999999621057,49.99999999631641,49.999999996432244,49.99999999655777,49.99999999669274,49.99999999683692,49.99999999699011,49.999999997152266,49.999999997323464,49.999999997504105,49.99999999769528,49.99999999790014
27480.0,49.99999999603901,49.99999999604446,49.999999996060794,49.99999999608794,49.99999999612582,49.9999999961743,49.99999999623322,49.99999999630241,49.999999996381625,49.99999999647066,49.99999999656925,49.99999999667715,49.99999999679408,49.999999996919804,49.999999997054104,49.99999999719681,49.999999997347864,49.99999999750733,49.9999999976756,49.999999997853685,49.99999999804452
27540.0,49.99999999631107,49.99999999631615,49.999999996331354,49.999999996356635,49.99999999639191,49.99999999643706,49.99999999649194,49.999999996556376,49.999999996630166,49.99999999671309,49.99999999680492,49.999999996905416,49.999999997014335,49.99999999713144,49.99999999725654,49.99999999738947,49.99999999753017,49.99999999767871,49.99999999783545,49.99999999800133,49.99999999817909
27600.0,49.999999996564604,49.999999996569336,49.99999999658349,49.99999999660704,49.999999996639886,49.99999999668194,49.99999999673306,49.99999999679308,49.9999999968618,49.99999999693904,49.999999997024574,49.99999999711817,49.99999999721962,49.99999999732869,49.99999999744521,49.99999999756902,49.999999997700066,49.99999999783842,49.999999997984425,49.99999999813892,49.99999999830449
27660.0,49.999999996800895,49.999999996805286,49.99999999681848,49.9999999968404,49.999999996871004,49.99999999691017,49.99999999695777,49.99999999701366,49.99999999707767,49.999999997149615,49.999999997229274,49.99999999731644,49.999999997410924,49.99999999751251,49.99999999762103,49.99999999773635,49.9999999978584,49.99999999798727,49.999999998123236,49.999999998267135,49.99999999842136
27720.0,49.99999999702107,49.99999999702517,49.99999999703745,49.99999999705787,49.99999999708636,49.999999997122835,49.99999999716717,49.99999999721923,49.99999999727884,49.99999999734583,49.999999997420026,49.99999999750121,49.99999999758921,49.999999997683815,49.99999999778488,49.99999999789228,49.99999999800595,49.99999999812595,49.99999999825259,49.9999999983866,49.999999998530235
27780.0,49.999999997226254,49.99999999723007,49.9999999972415,49.999999997260524,49.99999999728706,49.99999999732103,49.99999999736231,49.99999999741079,49.9999999974663,49.99999999752869,49.99999999759777,49.99999999767338,49.99999999775532,49.99999999784343,49.99999999793755,49.999999998037566,49.99999999814343,49.99999999825519,49.99999999837312,49.99999999849791,49.99999999863168
27840.0,49.999999997417454,49.99999999742101,49.99999999743165,49.999999997449365,49.99999999747407,49.9999999975057,49.999999997544144,49.99999999758928,49.99999999764098,49.999999997699064,49.9999999977634,49.99999999783381,49.99999999791011,49.99999999799216,49.99999999807981,49.999999998172946,49.99999999827153,49.99999999837561,49.99999999848543,49.99999999860164,49.9999999987262
27900.0,49.99999999759561,49.99999999759891,49.99999999760883,49.999999997625316,49.999999997648324,49.999999997677776,49.99999999771357,49.9999999977556,49.99999999780373,49.99999999785783,49.999999997917726,49.99999999798328,49.99999999805434,49.99999999813073,49.99999999821235,49.99999999829908,49.99999999839088,49.99999999848778,49.99999999859005,49.999999998698264,49.99999999881426
27960.0,49.999999997761584,49.99999999776467,49.9999999977739,49.99999999778925,49.99999999781067,49.999999997838096,49.99999999787143,49.99999999791056,49.99999999795538,49.99999999800574,49.99999999806152,49.99999999812256,49.99999999818871,49.999999998259845,49.999999998335845,49.99999999841659,49.99999999850206,49.9999999985923,49.999999998687514,49.999999998788276,49.99999999889629
28020.0,49.99999999791622,49.9999999979191,49.99999999792769,49.999999997941984,49.99999999796192,49.999999997987445,49.99999999801848,49.99999999805492,49.999999998096634,49.99999999814353,49.99999999819547,49.9999999982523,49.9999999983139,49.99999999838013,49.99999999845089,49.99999999852607,49.999999998605645,49.99999999868967,49.999999998778314,49.99999999887213,49.999999998972704
28080.0,49.999999998060254,49.99999999806293,49.99999999807093,49.99999999808424,49.99999999810282,49.99999999812659,49.99999999815548,49.9999999981894,49.99999999822825,49.9999999982719,49.999999998320256,49.99999999837317,49.99999999843051,49.99999999849218,49.99999999855805,49.999999998628056,49.999999998702144,49.99999999878037,49.99999999886289,49.999999998950244,49.99999999904388
28140.0,49.99999999819446,49.999999998196955,49.9999999982044,49.999999998216786,49.99999999823409,49.99999999825621,49.9999999982831,49.99999999831468,49.99999999835084,49.99999999839148,49.9999999984365,49.999999998485755,49.999999998539145,49.99999999859655,49.99999999865788,49.99999999872305,49.99999999879203,49.99999999886486,49.99999999894169,49.99999999902301,49.99999999911018
28200.0,49.99999999831947,49.99999999832177,49.99999999832871,49.99999999834024,49.99999999835634,49.999999998376936,49.999999998401975,49.99999999843137,49.99999999846504,49.99999999850287,49.99999999854478,49.99999999859064,49.99999999864034,49.99999999869377,49.99999999875085,49.999999998811525,49.99999999887574,49.99999999894352,49.99999999901505,49.99999999909076,49.999999999171905
28260.0,49.99999999843588,49.99999999843805,49.9999999984445,49.99999999845524,49.999999998470216,49.999999998489386,49.9999999985127,49.999999998540055,49.9999999985714,49.99999999860662,49.99999999864562,49.99999999868831,49.99999999873457,49.999999998784325,49.99999999883746,49.99999999889393,49.999999998953705,49.999999999016815,49.9999999990834,49.99999999915387,49.999999999229416
28320.0,49.99999999854433,49.99999999854635,49.99999999855235,49.999999998562345,49.999999998576286,49.999999998594134,49.99999999861582,49.99999999864129,49.99999999867046,49.999999998703245,49.99999999873955,49.99999999877928,49.99999999882235,49.99999999886866,49.99999999891812,49.99999999897069,49.99999999902632,49.99999999908506,49.99999999914704,49.99999999921265,49.99999999928297
28380.0,49.999999998645315,49.999999998647176,49.99999999865278,49.99999999866208,49.999999998675065,49.99999999869167,49.999999998711864,49.99999999873557,49.99999999876272,49.99999999879323,49.999999998827015,49.999999998864,49.99999999890409,49.99999999894718,49.99999999899322,49.999999999042146,49.999999999093944,49.99999999914861,49.99999999920629,49.999999999267345,49.9999999993328
28440.0,49.99999999873938,49.99999999874112,49.999999998746326,49.99999999875498,49.99999999876705,49.99999999878251,49.99999999880131,49.99999999882337,49.99999999884864,49.99999999887704,49.99999999890848,49.999999998942904,49.99999999898021,49.999999999020325,49.99999999906317,49.9999999991087,49.999999999156906,49.99999999920779,49.99999999926148,49.999999999318305,49.99999999937923
28500.0,49.99999999882697,49.99999999882859,49.999999998833445,49.99999999884149,49.99999999885273,49.99999999886712,49.999999998884604,49.99999999890514,49.99999999892866,49.99999999895508,49.99999999898435,49.99999999901637,49.999999999051084,49.99999999908841,49.9999999991283,49.999999999170676,49.99999999921553,49.99999999926289,49.999999999312855,49.99999999936574,49.99999999942243
28560.0,49.99999999890853,49.99999999891003,49.99999999891455,49.999999998922036,49.999999998932495,49.99999999894588,49.99999999896216,49.99999999898126,49.999999999003144,49.999999999027736,49.999999999054964,49.99999999908477,49.99999999911709,49.99999999915182,49.999999999188944,49.999999999228386,49.99999999927013,49.99999999931419,49.99999999936069,49.9999999994099,49.99999999946267
28620.0,49.99999999898445,49.99999999898586,49.99999999899006,49.99999999899703,49.99999999900676,49.99999999901922,49.99999999903437,49.99999999905215,49.999999999072514,49.99999999909541,49.999999999120746,49.99999999914848,49.99999999917855,49.99999999921087,49.9999999992454,49.9999999992821,49.999999999320956,49.999999999361954,49.99999999940524,49.99999999945104,49.99999999950015
28680.0,49.99999999905516,49.99999999905647,49.999999999060385,49.99999999906687,49.99999999907593,49.99999999908752,49.99999999910161,49.99999999911816,49.999999999137096,49.99999999915839,49.99999999918197,49.99999999920778,49.99999999923576,49.99999999926584,49.99999999929798,49.99999999933213,49.99999999936828,49.999999999406434,49.99999999944669,49.999999999489305,49.999999999535
28740.0,49.999999999121016,49.999999999122224,49.99999999912585,49.9999999991319,49.99999999914032,49.99999999915109,49.99999999916421,49.9999999991796,49.99999999919722,49.99999999921704,49.999999999238995,49.999999999263,49.999999999289024,49.999999999317005,49.999999999346905,49.99999999937869,49.99999999941231,49.999999999447816,49.9999999994853,49.999999999524945,49.999999999567464
28800.0,49.99999999918228,49.99999999918341,49.999999999186784,49.99999999919241,49.99999999920025,49.99999999921027,49.99999999922247,49.9999999992368,49.9999999992532,49.99999999927163,49.99999999929204,49.999999999314376,49.99999999933859,49.99999999936464,49.999999999392465,49.99999999942202,49.99999999945332,49.99999999948636,49.999999999521215,49.999999999558106,49.99999999959766
28860.0,49.99999999923932,49.99999999924037,49.99999999924351,49.99999999924874,49.99999999925603,49.99999999926538,49.99999999927672,49.99999999929004,49.999999999305295,49.999999999322455,49.99999999934144,49.999999999362224,49.99999999938475,49.99999999940898,49.99999999943486,49.999999999462375,49.999999999491486,49.999999999522224,49.999999999554646,49.99999999958896,49.99999999962578
28920.0,49.99999999929241,49.999999999293394,49.99999999929633,49.99999999930119,49.999999999307974,49.99999999931664,49.9999999993272,49.999999999339586,49.99999999935379,49.99999999936975,49.999999999387406,49.999999999406754,49.99999999942772,49.99999999945025,49.99999999947434,49.99999999949993,49.999999999527006,49.999999999555605,49.999999999585775,49.99999999961771,49.999999999651955
28980.0,49.999999999341824,49.99999999934274,49.99999999934548,49.999999999349996,49.99999999935631,49.99999999936438,49.99999999937419,49.99999999938572,49.99999999939892,49.99999999941378,49.999999999430216,49.9999999994482,49.9999999994677,49.99999999948868,49.99999999951108,49.999999999534886,49.999999999560075,49.99999999958667,49.999999999614744,49.99999999964444,49.999999999676305
29040.0,49.99999999938782,49.99999999938866,49.999999999391214,49.99999999939542,49.99999999940129,49.99999999940881,49.99999999941795,49.99999999942868,49.99999999944096,49.999999999454765,49.99999999947004,49.99999999948679,49.999999999504915,49.999999999524434,49.99999999954527,49.99999999956739,49.999999999590834,49.999999999615596,49.99999999964171,49.99999999966933,49.99999999969897
29100.0,49.999999999430656,49.99999999943144,49.99999999943379,49.99999999943771,49.999999999443176,49.99999999945017,49.99999999945865,49.99999999946863,49.99999999948005,49.99999999949289,49.99999999950712,49.9999999995227,49.99999999953957,49.999999999557716,49.999999999577085,49.999999999597684,49.9999999996195,49.99999999964252,49.9999999996668,49.999999999692484,49.99999999972005
29160.0,49.99999999947049,49.99999999947122,49.999999999473424,49.99999999947707,49.99999999948215,49.99999999948865,49.99999999949655,49.99999999950583,49.999999999516454,49.9999999995284,49.99999999954163,49.99999999955612,49.999999999571806,49.99999999958868,49.99999999960671,49.999999999625864,49.999999999646136,49.99999999966755,49.99999999969014,49.99999999971404,49.999999999739686
29220.0,49.99999999950757,49.999999999508255,49.999999999510315,49.9999999995137,49.99999999951842,49.999999999524476,49.99999999953182,49.99999999954045,49.99999999955033,49.99999999956144,49.99999999957374,49.9999999995872,49.999999999601805,49.99999999961751,49.99999999963428,49.999999999652104,49.99999999967095,49.99999999969086,49.999999999711875,49.999999999734094,49.99999999975795
29280.0,49.99999999954207,49.99999999954271,49.99999999954462,49.99999999954778,49.99999999955217,49.99999999955781,49.99999999956463,49.999999999572665,49.99999999958186,49.99999999959218,49.99999999960362,49.99999999961614,49.99999999962973,49.99999999964432,49.99999999965991,49.9999999996765,49.999999999694026,49.99999999971255,49.999999999732076,49.99999999975273,49.99999999977491
29340.0,49.999999999574214,49.999999999574804,49.999999999576566,49.99999999957951,49.9999999995836,49.99999999958882,49.99999999959518,49.999999999602636,49.99999999961119,49.99999999962081,49.999999999631456,49.99999999964311,49.999999999655714,49.999999999669285,49.99999999968378,49.999999999699206,49.999999999715506,49.99999999973272,49.99999999975089,49.99999999977013,49.999999999790745
29400.0,49.9999999996041,49.999999999604654,49.99999999960631,49.99999999960904,49.99999999961283,49.9999999996177,49.999999999623604,49.99999999963055,49.99999999963849,49.999999999647414,49.99999999965732,49.99999999966815,49.999999999679886,49.999999999692506,49.99999999970599,49.99999999972033,49.99999999973551,49.999999999751516,49.99999999976842,49.9999999997863,49.999999999805475
29460.0,49.99999999963193,49.999999999632436,49.99999999963395,49.999999999636486,49.99999999964003,49.99999999964455,49.99999999965004,49.9999999996565,49.9999999996639,49.99999999967219,49.99999999968139,49.999999999691475,49.999999999702396,49.999999999714134,49.99999999972667,49.999999999739984,49.99999999975409,49.999999999768995,49.9999999997847,49.99999999980132,49.99999999981915
29520.0,49.99999999965777,49.99999999965824,49.99999999965966,49.99999999966203,49.999999999665334,49.999999999669534,49.99999999967465,49.999999999680654,49.999999999687525,49.999999999695234,49.99999999970379,49.999999999713154,49.9999999997233,49.9999999997342,49.99999999974586,49.999999999758266,49.99999999977139,49.999999999785224,49.99999999979984,49.99999999981531,49.99999999983189
29580.0,49.999999999681826,49.99999999968227,49.99999999968358,49.99999999968579,49.99999999968886,49.99999999969277,49.99999999969752,49.9999999997031,49.999999999709495,49.99999999971667,49.999999999724636,49.99999999973333,49.99999999974275,49.99999999975289,49.99999999976372,49.99999999977525,49.99999999978744,49.999999999800316,49.999999999813916,49.999999999828304,49.99999999984372
29640.0,49.99999999970422,49.99999999970463,49.99999999970586,49.9999999997079,49.99999999971077,49.9999999997144,49.99999999971881,49.999999999724004,49.99999999972994,49.999999999736616,49.999999999744006,49.99999999975209,49.99999999976087,49.9999999997703,49.99999999978036,49.99999999979105,49.999999999802384,49.99999999981436,49.999999999827004,49.99999999984038,49.99999999985472
29700.0,49.99999999972508,49.99999999972546,49.9999999997266,49.99999999972849,49.99999999973112,49.99999999973453,49.99999999973862,49.99999999974344,49.999999999748965,49.99999999975516,49.99999999976204,49.99999999976957,49.9999999997777,49.999999999786475,49.99999999979584,49.9999999998058,49.99999999981632,49.99999999982743,49.999999999839176,49.99999999985162,49.999999999864954
29760.0,49.9999999997444,49.99999999974476,49.99999999974584,49.99999999974762,49.99999999975008,49.99999999975322,49.99999999975705,49.99999999976153,49.99999999976665,49.99999999977243,49.99999999977881,49.9999999997858,49.99999999979338,49.99999999980152,49.99999999981022,49.99999999981949,49.99999999982928,49.99999999983961,49.9999999998505,49.999999999862055,49.999999999874454
29820.0,49.99999999976244,49.999999999762764,49.999999999763745,49.999999999765386,49.99999999976768,49.999999999770615,49.99999999977417,49.99999999977833,49.999999999783114,49.99999999978847,49.99999999979441,49.9999999998009,49.999999999807955,49.99999999981553,49.99999999982361,49.999999999832205,49.99999999984131,49.999999999850914,49.99999999986102,49.99999999987173,49.99999999988326
29880.0,49.99999999977914,49.999999999779455,49.999999999780385,49.99999999978195,49.999999999784066,49.99999999978679,49.999999999790084,49.99999999979397,49.999999999798405,49.999999999803386,49.99999999980891,49.999999999814946,49.999999999821505,49.999999999828546,49.999999999836064,49.99999999984406,49.99999999985253,49.999999999861444,49.999999999870845,49.99999999988082,49.99999999989153
29940.0,49.99999999979477,49.999999999795065,49.999999999795925,49.99999999979733,49.9999999997993,49.99999999980182,49.99999999980492,49.999999999808516,49.99999999981264,49.999999999817284,49.999999999822414,49.999999999828034,49.99999999983411,49.99999999984067,49.99999999984764,49.999999999855085,49.99999999986295,49.99999999987124,49.99999999988002,49.999999999889305,49.99999999989926
30000.0,49.99999999980925,49.99999999980951,49.9999999998103,49.999999999811614,49.999999999813454,49.99999999981583,49.99999999981869,49.99999999982203,49.99999999982587,49.99999999983019,49.99999999983495,49.999999999840185,49.99999999984583,49.99999999985192,49.99999999985841,49.99999999986532,49.99999999987262,49.999999999880345,49.999999999888495,49.99999999989711,49.99999999990635
30060.0,49.999999999822684,49.99999999982293,49.99999999982367,49.9999999998249,49.999999999826635,49.99999999982884,49.99999999983149,49.99999999983459,49.99999999983817,49.99999999984218,49.99999999984661,49.999999999851475,49.99999999985672,49.999999999862375,49.99999999986842,49.99999999987485,49.99999999988164,49.99999999988882,49.99999999989639,49.9999999999044,49.999999999912994
30120.0,49.99999999983519,49.99999999983542,49.99999999983611,49.999999999837264,49.999999999838884,49.99999999984094,49.999999999843396,49.99999999984629,49.999999999849614,49.999999999853344,49.99999999985746,49.99999999986198,49.99999999986685,49.9999999998721,49.99999999987772,49.99999999988369,49.99999999989002,49.999999999896694,49.99999999990373,49.99999999991118,49.99999999991917
30180.0,49.99999999984684,49.99999999984705,49.999999999847695,49.99999999984876,49.99999999985027,49.999999999852186,49.999999999854474,49.99999999985717,49.99999999986024,49.999999999863725,49.99999999986755,49.99999999987173,49.99999999987629,49.999999999881176,49.999999999886406,49.99999999989195,49.999999999897824,49.99999999990401,49.99999999991056,49.99999999991746,49.99999999992489
30240.0,49.999999999857664,49.99999999985786,49.99999999985846,49.999999999859455,49.99999999986084,49.99999999986263,49.99999999986478,49.99999999986727,49.999999999870134,49.99999999987336,49.99999999987692,49.999999999880814,49.99999999988504,49.99999999988959,49.99999999989443,49.9999999998996,49.99999999990505,49.99999999991082,49.99999999991689,49.999999999923325,49.999999999930225
30300.0,49.99999999986777,49.99999999986795,49.9999999998685,49.99999999986941,49.99999999987069,49.99999999987233,49.99999999987435,49.99999999987668,49.999999999879336,49.99999999988232,49.999999999885645,49.99999999988926,49.999999999893184,49.99999999989741,49.99999999990191,49.99999999990669,49.99999999991177,49.99999999991712,49.999999999922785,49.999999999928754,49.99999999993518
30360.0,49.99999999987715,49.99999999987733,49.99999999987784,49.99999999987868,49.99999999987986,49.99999999988137,49.999999999883215,49.9999999998854,49.99999999988788,49.999999999890655,49.99999999989373,49.999999999897106,49.99999999990076,49.999999999904674,49.99999999990887,49.99999999991332,49.999999999918025,49.999999999923006,49.99999999992826,49.99999999993382,49.999999999939774
30420.0,49.999999999885745,49.99999999988591,49.999999999886406,49.99999999988724,49.99999999988836,49.99999999988977,49.99999999989148,49.99999999989348,49.9999999998958,49.9999999998984,49.99999999990126,49.99999999990438,49.99999999990778,49.99999999991143,49.99999999991531,49.99999999991945,49.99999999992384,49.999999999928455,49.99999999993335,49.999999999938495,49.99999999994404
30480.0,49.999999999893795,49.999999999893944,49.99999999989439,49.999999999895145,49.9999999998962,49.999999999897554,49.99999999989917,49.99999999990104,49.999999999903174,49.999999999905576,49.999999999908255,49.999999999911175,49.99999999991432,49.999999999917705,49.99999999992134,49.99999999992519,49.99999999992924,49.99999999993354,49.99999999993806,49.999999999942844,49.999999999947995
30540.0,49.999999999901426,49.99999999990156,49.99999999990196,49.999999999902634,49.99999999990357,49.99999999990479,49.99999999990627,49.99999999990803,49.999999999910045,49.99999999991228,49.99999999991474,49.99999999991745,49.9999999999204,49.999999999923546,49.9999999999269,49.999999999930466,49.99999999993426,49.99999999993824,49.99999999994245,49.99999999994691,49.99999999995169
30600.0,49.99999999990825,49.99999999990838,49.99999999990878,49.999999999909456,49.99999999991039,49.99999999991154,49.999999999912916,49.999999999914536,49.999999999916376,49.99999999991846,49.999999999920796,49.99999999992331,49.99999999992603,49.99999999992896,49.9999999999321,49.99999999993541,49.999999999938915,49.999999999942624,49.999999999946546,49.99999999995068,49.99999999995514
30660.0,49.99999999991476,49.999999999914884,49.99999999991524,49.99999999991583,49.99999999991666,49.999999999917726,49.999999999919034,49.99999999992058,49.999999999922316,49.99999999992425,49.999999999926374,49.99999999992872,49.99999999993126,49.99999999993399,49.999999999936904,49.99999999993998,49.99999999994326,49.99999999994671,49.99999999995033,49.99999999995418,49.99999999995831
30720.0,49.99999999992073,49.99999999992085,49.99999999992121,49.9999999999218,49.99999999992261,49.9999999999236,49.999999999924796,49.99999999992619,49.99999999992779,49.999999999929585,49.9999999999316,49.999999999933785,49.99999999993614,49.99999999993866,49.999999999941366,49.99999999994426,49.999999999947285,49.99999999995048,49.99999999995386,49.999999999957446,49.99999999996128
30780.0,49.999999999926374,49.99999999992647,49.99999999992678,49.99999999992729,49.99999999992801,49.99999999992893,49.99999999993006,49.9999999999314,49.99999999993292,49.9999999999346,49.99999999993645,49.99999999993846,49.99999999994065,49.999999999943014,49.99999999994554,49.999999999948194,49.999999999951015,49.999999999954,49.99999999995715,49.99999999996046,49.99999999996402
30840.0,49.99999999993149,49.99999999993159,49.999999999931894,49.999999999932406,49.999999999933124,49.99999999993401,49.999999999935056,49.99999999993626,49.99999999993764,49.999999999939185,49.99999999994091,49.999999999942816,49.99999999994487,49.99999999994705,49.99999999994938,49.999999999951854,49.99999999995449,49.99999999995727,49.99999999996018,49.99999999996326,49.99999999996659
30900.0,49.99999999993647,49.999999999936556,49.99999999993681,49.999999999937245,49.999999999937856,49.99999999993864,49.99999999993959,49.99999999994072,49.99999999994203,49.99999999994351,49.999999999945125,49.99999999994687,49.99999999994875,49.999999999950774,49.99999999995295,49.99999999995527,49.99999999995771,49.99999999996027,49.99999999996297,49.99999999996584,49.99999999996893
30960.0,49.999999999940734,49.99999999994082,49.999999999941075,49.99999999994151,49.99999999994212,49.9999999999429,49.99999999994385,49.99999999994494,49.99999999994614,49.99999999994749,49.99999999994896,49.99999999995058,49.999999999952344,49.999999999954255,49.99999999995629,49.99999999995843,49.99999999996069,49.99999999996308,49.99999999996561,49.999999999968296,49.99999999997116
31020.0,49.999999999945004,49.99999999994508,49.999999999945345,49.99999999994577,49.99999999994633,49.999999999947015,49.999999999947846,49.999999999948805,49.999999999949914,49.99999999995115,49.99999999995254,49.99999999995408,49.99999999995575,49.99999999995752,49.999999999959385,49.99999999996137,49.99999999996347,49.999999999965716,49.999999999968075,49.999999999970555,49.99999999997321
31080.0,49.99999999994888,49.99999999994895,49.999999999949154,49.99999999994951,49.99999999995,49.99999999995064,49.99999999995141,49.99999999995234,49.999999999953396,49.99999999995461,49.99999999995593,49.99999999995735,49.999999999958874,49.9999999999605,49.99999999996224,49.999999999964096,49.999999999966086,49.99999999996816,49.999999999970335,49.99999999997262,49.999999999975095
31140.0,49.99999999995229,49.99999999995236,49.999999999952564,49.99999999995292,49.99999999995341,49.99999999995405,49.999999999954824,49.99999999995573,49.99999999995673,49.99999999995782,49.999999999959016,49.999999999960316,49.99999999996172,49.99999999996325,49.99999999996489,49.99999999996665,49.99999999996847,49.99999999997038,49.999999999972395,49.99999999997452,49.99999999997682
31200.0,49.9999999999557,49.99999999995577,49.999999999955975,49.99999999995633,49.99999999995682,49.9999999999574,49.999999999958085,49.99999999995886,49.999999999959755,49.99999999996074,49.99999999996185,49.99999999996306,49.999999999964395,49.999999999965844,49.99999999996737,49.99999999996897,49.99999999997065,49.99999999997242,49.99999999997429,49.99999999997629,49.99999999997844
31260.0,49.999999999959016,49.99999999995907,49.999999999959236,49.999999999959506,49.99999999995989,49.99999999996038,49.99999999996098,49.99999999996169,49.99999999996251,49.99999999996345,49.9999999999645,49.999999999965674,49.99999999996694,49.99999999996827,49.99999999996967,49.99999999997114,49.9999999999727,49.99999999997435,49.99999999997611,49.999999999977994,49.99999999997999
31320.0,49.999999999961574,49.99999999996163,49.999999999961794,49.999999999962064,49.99999999996245,49.99999999996294,49.999999999963535,49.999999999964245,49.99999999996507,49.99999999996601,49.999999999967024,49.999999999968104,49.99999999996924,49.99999999997047,49.999999999971756,49.999999999973134,49.9999999999746,49.999999999976154,49.999999999977824,49.999999999979565,49.99999999998142
31380.0,49.99999999996413,49.99999999996419,49.99999999996435,49.99999999996462,49.999999999965006,49.999999999965496,49.99999999996609,49.9999999999668,49.999999999967585,49.99999999996842,49.999999999969326,49.999999999970306,49.99999999997135,49.99999999997248,49.999999999973696,49.99999999997499,49.99999999997638,49.99999999997787,49.99999999997941,49.999999999981014,49.99999999998274
31440.0,49.99999999996669,49.99999999996675,49.99999999996691,49.99999999996718,49.999999999967564,49.999999999968054,49.999999999968594,49.9999999999692,49.99999999996987,49.999999999970626,49.99999999997145,49.99999999997235,49.99999999997333,49.99999999997439,49.99999999997553,49.99999999997676,49.99999999997808,49.999999999979444,49.999999999980865,49.99999999998236,49.999999999983956
31500.0,49.99999999996925,49.999999999969305,49.99999999996947,49.99999999996969,49.999999999969994,49.999999999970356,49.999999999970804,49.99999999997134,49.999999999971934,49.999999999972616,49.999999999973376,49.99999999997422,49.999999999975145,49.99999999997616,49.99999999997726,49.999999999978435,49.99999999997964,49.99999999998089,49.99999999998221,49.99999999998359,49.99999999998507
31560.0,49.99999999997121,49.999999999971244,49.999999999971365,49.99999999997156,49.999999999971834,49.99999999997218,49.999999999972616,49.99999999997312,49.99999999997371,49.99999999997438,49.999999999975124,49.999999999975955,49.99999999997687,49.99999999997787,49.99999999997888,49.99999999997995,49.99999999998105,49.9999999999822,49.99999999998341,49.99999999998469,49.999999999986066
31620.0,49.999999999972914,49.99999999997295,49.99999999997307,49.99999999997326,49.99999999997354,49.99999999997389,49.99999999997432,49.999999999974825,49.999999999975415,49.99999999997608,49.99999999997683,49.99999999997766,49.99999999997851,49.999999999979394,49.99999999998032,49.999999999981284,49.99999999998229,49.99999999998335,49.999999999984475,49.99999999998567,49.99999999998696
31680.0,49.99999999997462,49.999999999974655,49.999999999974776,49.99999999997497,49.999999999975245,49.99999999997559,49.999999999976026,49.99999999997653,49.99999999997712,49.99999999997779,49.999999999978485,49.9999999999792,49.99999999997996,49.999999999980766,49.999999999981604,49.999999999982485,49.99999999998342,49.99999999998441,49.99999999998546,49.999999999986585,49.999999999987814
31740.0,49.999999999976325,49.99999999997636,49.99999999997648,49.99999999997667,49.99999999997695,49.9999999999773,49.99999999997773,49.999999999978236,49.999999999978776,49.99999999997935,49.99999999997996,49.9999999999806,49.99999999998129,49.999999999982016,49.99999999998278,49.9999999999836,49.99999999998447,49.9999999999854,49.999999999986386,49.999999999987445,49.999999999988596
31800.0,49.99999999997803,49.999999999978066,49.999999999978186,49.99999999997838,49.999999999978655,49.999999999979,49.999999999979394,49.99999999997981,49.99999999998027,49.999999999980766,49.9999999999813,49.99999999998188,49.99999999998249,49.99999999998316,49.99999999998387,49.99999999998464,49.999999999985455,49.999999999986336,49.99999999998728,49.9999999999883,49.99999999998937
31860.0,49.999999999979735,49.99999999997977,49.99999999997989,49.99999999998008,49.999999999980304,49.999999999980574,49.999999999980865,49.99999999998121,49.999999999981604,49.99999999998204,49.999999999982506,49.99999999998304,49.9999999999836,49.999999999984226,49.999999999984894,49.99999999998562,49.99999999998639,49.99999999998723,49.99999999998814,49.9999999999891,49.999999999990095
31920.0,49.9999999999813,49.99999999998131,49.999999999981384,49.9999999999815,49.999999999981654,49.99999999998186,49.99999999998211,49.9999999999824,49.99999999998274,49.99999999998313,49.99999999998357,49.99999999998406,49.9999999999846,49.99999999998519,49.99999999998584,49.999999999986535,49.999999999987295,49.999999999988106,49.99999999998897,49.99999999998986,49.99999999999079
31980.0,49.99999999998215,49.999999999982165,49.999999999982236,49.99999999998235,49.999999999982506,49.99999999998271,49.99999999998296,49.99999999998325,49.999999999983594,49.999999999983984,49.999999999984425,49.999999999984915,49.999999999985455,49.999999999986045,49.99999999998669,49.99999999998739,49.99999999998815,49.999999999988944,49.99999999998975,49.99999999999057,49.99999999999144
32040.0,49.999999999983004,49.99999999998302,49.99999999998309,49.9999999999832,49.99999999998336,49.999999999983565,49.999999999983814,49.999999999984105,49.999999999984446,49.99999999998484,49.99999999998528,49.99999999998577,49.99999999998631,49.9999999999869,49.999999999987544,49.99999999998824,49.99999999998897,49.999999999989704,49.99999999999045,49.99999999999121,49.99999999999201
32100.0,49.99999999998386,49.99999999998387,49.99999999998394,49.999999999984055,49.99999999998421,49.99999999998442,49.99999999998467,49.99999999998496,49.9999999999853,49.99999999998569,49.99999999998613,49.99999999998662,49.99999999998716,49.99999999998775,49.9999999999884,49.999999999989065,49.99999999998974,49.999999999990415,49.9999999999911,49.999999999991815,49.99999999999255
32160.0,49.99999999998471,49.99999999998472,49.999999999984794,49.99999999998491,49.999999999985064,49.99999999998527,49.99999999998552,49.99999999998581,49.99999999998615,49.99999999998654,49.99999999998698,49.99999999998747,49.99999999998801,49.9999999999886,49.99999999998922,49.99999999998983,49.99999999999044,49.99999999999107,49.9999999999917,49.99999999999236,49.99999999999305
32220.0,49.99999999998556,49.999999999985576,49.99999999998565,49.99999999998576,49.99999999998592,49.99999999998612,49.99999999998637,49.99999999998666,49.999999999987004,49.999999999987395,49.999999999987836,49.999999999988326,49.999999999988866,49.99999999998943,49.99999999998998,49.99999999999054,49.999999999991104,49.99999999999168,49.99999999999227,49.99999999999288,49.99999999999353
32280.0,49.999999999986414,49.99999999998643,49.9999999999865,49.99999999998661,49.99999999998677,49.999999999986976,49.999999999987224,49.999999999987516,49.99999999998786,49.99999999998825,49.99999999998869,49.99999999998918,49.99999999998968,49.99999999999018,49.99999999999069,49.999999999991196,49.999999999991715,49.99999999999225,49.99999999999279,49.999999999993356,49.99999999999396
32340.0,49.99999999998727,49.99999999998728,49.99999999998735,49.999999999987466,49.99999999998762,49.99999999998783,49.99999999998808,49.99999999998837,49.99999999998871,49.9999999999891,49.99999999998954,49.99999999998999,49.99999999999043,49.99999999999088,49.99999999999133,49.99999999999179,49.99999999999226,49.99999999999276,49.99999999999326,49.9999999999938,49.99999999999436
32400.0,49.99999999998812,49.999999999988134,49.999999999988205,49.99999999998832,49.999999999988475,49.99999999998868,49.99999999998893,49.99999999998922,49.99999999998956,49.99999999998995,49.999999999990365,49.999999999990756,49.99999999999116,49.999999999991566,49.999999999991985,49.99999999999241,49.999999999992845,49.99999999999329,49.99999999999376,49.999999999994245,49.99999999999477
32460.0,49.99999999998897,49.99999999998899,49.99999999998906,49.99999999998917,49.99999999998933,49.999999999989534,49.99999999998978,49.999999999990074,49.999999999990415,49.99999999999077,49.99999999999111,49.999999999991466,49.99999999999182,49.999999999992184,49.99999999999255,49.99999999999294,49.999999999993335,49.99999999999374,49.99999999999417,49.99999999999463,49.99999999999512
32520.0,49.999999999989825,49.99999999998984,49.99999999998991,49.999999999990024,49.99999999999018,49.999999999990386,49.999999999990635,49.999999999990926,49.999999999991225,49.99999999999152,49.99999999999182,49.99999999999213,49.99999999999244,49.99999999999277,49.99999999999309,49.99999999999344,49.999999999993804,49.99999999999418,49.999999999994586,49.999999999995005,49.99999999999546
32580.0,49.99999999999068,49.99999999999069,49.99999999999076,49.99999999999088,49.99999999999103,49.99999999999124,49.99999999999149,49.999999999991736,49.99999999999198,49.99999999999223,49.99999999999248,49.99999999999275,49.99999999999303,49.99999999999331,49.999999999993605,49.999999999993925,49.99999999999425,49.99999999999459,49.99999999999496,49.999999999995346,49.99999999999577
32640.0,49.99999999999153,49.999999999991545,49.999999999991616,49.99999999999173,49.999999999991886,49.999999999992085,49.99999999999227,49.99999999999246,49.99999999999265,49.99999999999286,49.999999999993065,49.999999999993285,49.99999999999353,49.99999999999377,49.99999999999404,49.99999999999432,49.999999999994614,49.999999999994934,49.99999999999527,49.99999999999562,49.99999999999602
32700.0,49.99999999999238,49.9999999999924,49.99999999999247,49.99999999999258,49.999999999992696,49.99999999999281,49.99999999999294,49.99999999999307,49.99999999999323,49.999999999993385,49.99999999999356,49.99999999999376,49.99999999999396,49.99999999999419,49.99999999999442,49.999999999994685,49.999999999994955,49.99999999999525,49.99999999999556,49.99999999999589,49.99999999999627
32760.0,49.99999999999318,49.999999999993186,49.999999999993214,49.99999999999325,49.99999999999331,49.99999999999338,49.99999999999347,49.99999999999358,49.999999999993705,49.99999999999384,49.999999999993996,49.999999999994166,49.99999999999436,49.99999999999455,49.99999999999478,49.999999999995005,49.99999999999526,49.99999999999553,49.99999999999582,49.999999999996135,49.99999999999649
32820.0,49.99999999999355,49.999999999993555,49.99999999999358,49.99999999999361,49.99999999999367,49.999999999993726,49.99999999999381,49.9999999999939,49.99999999999401,49.99999999999413,49.99999999999427,49.99999999999442,49.99999999999459,49.99999999999478,49.99999999999498,49.9999999999952,49.99999999999543,49.999999999995694,49.99999999999597,49.99999999999628,49.99999999999661
32880.0,49.999999999993584,49.99999999999359,49.99999999999361,49.99999999999365,49.9999999999937,49.99999999999376,49.99999999999384,49.99999999999393,49.99999999999404,49.99999999999416,49.999999999994294,49.999999999994444,49.99999999999461,49.99999999999479,49.999999999995,49.99999999999522,49.99999999999545,49.999999999995715,49.99999999999599,49.9999999999963,49.99999999999663
32940.0,49.999999999993584,49.99999999999359,49.99999999999361,49.99999999999365,49.9999999999937,49.99999999999376,49.99999999999384,49.99999999999393,49.99999999999404,49.99999999999416,49.999999999994294,49.999999999994444,49.99999999999461,49.99999999999479,49.999999999995,49.99999999999522,49.99999999999545,49.999999999995715,49.99999999999599,49.9999999999963,49.99999999999663
33000.0,49.999999999993584,49.99999999999359,49.99999999999361,49.99999999999365,49.9999999999937,49.99999999999376,49.99999999999384,49.99999999999393,49.99999999999404,49.99999999999416,49.999999999994294,49.999999999994444,49.99999999999461,49.99999999999479,49.999999999995,49.99999999999522,49.99999999999545,49.999999999995715,49.99999999999599,49.9999999999963,49.99999999999663
33060.0,49.999999999993584,49.99999999999359,49.99999999999361,49.99999999999365,49.9999999999937,49.99999999999376,49.99999999999384,49.99999999999393,49.99999999999404,49.99999999999416,49.999999999994294,49.999999999994444,49.99999999999461,49.99999999999479,49.999999999995,49.99999999999522,49.99999999999545,49.999999999995715,49.99999999999599,49.9999999999963,49.99999999999663
33120.0,49.999999999993584,49.99999999999359,49.99999999999361,49.99999999999365,49.9999999999937,49.99999999999376,49.99999999999384,49.99999999999393,49.99999999999404,49.99999999999416,49.999999999994294,49.999999999994444,49.99999999999461,49.99999999999479,49.999999999995,49.99999999999522,49.99999999999545,49.999999999995715,49.99999999999599,49.9999999999963,49.99999999999663
33180.0,49.999999999993584,49.99999999999359,49.99999999999361,49.99999999999365,49.9999999999937,49.99999999999376,49.99999999999384,49.99999999999393,49.99999999999404,49.99999999999416,49.999999999994294,49.999999999994444,49.99999999999461,49.99999999999479,49.999999999995,49.99999999999522,49.99999999999545,49.999999999995715,49.99999999999599,49.9999999999963,49.99999999999663
33240.0,49.999999999993584,49.99999999999359,49.99999999999361,49.99999999999365,49.9999999999937,49.99999999999376,49.99999999999384,49.99999999999393,49.99999999999404,49.99999999999416,49.999999999994294,49.999999999994444,49.99999999999461,49.99999999999479,49.999999999995,49.99999999999522,49.99999999999545,49.999999999995715,49.99999999999599,49.9999999999963,49.99999999999663
33300.0,49.99999999999365,49.999999999993655,49.999999999993676,49.99999999999371,49.99999999999376,49.999999999993825,49.9999999999939,49.999999999993996,49.9999999999941,49.99999999999422,49.99999999999436,49.99999999999451,49.99999999999467,49.999999999994856,49.999999999995055,49.99999999999527,49.9999999999955,49.99999999999575,49.99999999999603,49.99999999999633,49.99999999999665
33360.0,49.99999999999365,49.999999999993655,49.999999999993676,49.99999999999371,49.99999999999376,49.999999999993825,49.9999999999939,49.999999999993996,49.9999999999941,49.99999999999422,49.99999999999436,49.99999999999451,49.99999999999467,49.999999999994856,49.999999999995055,49.99999999999527,49.9999999999955,49.99999999999575,49.99999999999603,49.99999999999633,49.99999999999665
33420.0,49.99999999999365,49.999999999993655,49.999999999993676,49.99999999999371,49.99999999999376,49.999999999993825,49.9999999999939,49.999999999993996,49.9999999999941,49.99999999999422,49.99999999999436,49.99999999999451,49.99999999999467,49.999999999994856,49.999999999995055,49.99999999999527,49.9999999999955,49.99999999999575,49.99999999999603,49.99999999999633,49.99999999999665
33480.0,49.99999999999365,49.999999999993655,49.999999999993676,49.99999999999371,49.99999999999376,49.999999999993825,49.9999999999939,49.999999999993996,49.9999999999941,49.99999999999422,49.99999999999436,49.99999999999451,49.99999999999467,49.999999999994856,49.999999999995055,49.99999999999527,49.9999999999955,49.99999999999575,49.99999999999603,49.99999999999633,49.99999999999665
33540.0,49.99999999999365,49.999999999993655,49.999999999993676,49.99999999999371,49.99999999999376,49.999999999993825,49.9999999999939,49.999999999993996,49.9999999999941,49.99999999999422,49.99999999999436,49.99999999999451,49.99999999999467,49.999999999994856,49.999999999995055,49.99999999999527,49.9999999999955,49.99999999999575,49.99999999999603,49.99999999999633,49.99999999999665
33600.0,49.99999999999365,49.999999999993655,49.999999999993676,49.99999999999371,49.99999999999376,49.999999999993825,49.9999999999939,49.999999999993996,49.9999999999941,49.99999999999422,49.99999999999436,49.99999999999451,49.99999999999467,49.999999999994856,49.999999999995055,49.99999999999527,49.9999999999955,49.99999999999575,49.99999999999603,49.99999999999633,49.99999999999665
33660.0,49.99999999999365,49.999999999993655,49.999999999993676,49.99999999999371,49.99999999999376,49.999999999993825,49.9999999999939,49.999999999993996,49.9999999999941,49.99999999999422,49.99999999999436,49.99999999999451,49.99999999999467,49.999999999994856,49.999999999995055,49.99999999999527,49.9999999999955,49.99999999999575,49.99999999999603,49.99999999999633,49.99999999999665
33720.0,49.99999999999365,49.999999999993655,49.999999999993676,49.99999999999371,49.99999999999376,49.999999999993825,49.9999999999939,49.999999999993996,49.9999999999941,49.99999999999422,49.99999999999436,49.99999999999451,49.99999999999467,49.999999999994856,49.999999999995055,49.99999999999527,49.9999999999955,49.99999999999575,49.99999999999603,49.99999999999633,49.99999999999665
33780.0,49.99999999999365,49.999999999993655,49.999999999993676,49.99999999999371,49.99999999999376,49.999999999993825,49.9999999999939,49.999999999993996,49.9999999999941,49.99999999999422,49.99999999999436,49.99999999999451,49.99999999999467,49.999999999994856,49.999999999995055,49.99999999999527,49.9999999999955,49.99999999999575,49.99999999999603,49.99999999999633,49.99999999999665
33840.0,49.99999999999365,49.999999999993655,49.999999999993676,49.99999999999371,49.99999999999376,49.999999999993825,49.9999999999939,49.999999999993996,49.9999999999941,49.99999999999422,49.99999999999436,49.99999999999451,49.99999999999467,49.999999999994856,49.999999999995055,49.99999999999527,49.9999999999955,49.99999999999575,49.99999999999603,49.99999999999633,49.99999999999665
33900.0,49.99999999999365,49.999999999993655,49.999999999993676,49.99999999999371,49.99999999999376,49.999999999993825,49.9999999999939,49.999999999993996,49.9999999999941,49.99999999999422,49.99999999999436,49.99999999999451,49.99999999999467,49.999999999994856,49.999999999995055,49.99999999999527,49.9999999999955,49.99999999999575,49.99999999999603,49.99999999999633,49.99999999999665
33960.0,49.9999999999937,49.999999999993705,49.999999999993726,49.99999999999376,49.99999999999381,49.999999999993875,49.99999999999395,49.999999999994046,49.99999999999415,49.99999999999427,49.99999999999441,49.99999999999456,49.99999999999472,49.999999999994905,49.999999999995104,49.99999999999532,49.999999999995545,49.9999999999958,49.99999999999607,49.99999999999637,49.999999999996696
34020.0,49.999999999993705,49.99999999999371,49.99999999999373,49.99999999999377,49.99999999999382,49.99999999999388,49.99999999999396,49.99999999999405,49.99999999999416,49.99999999999428,49.999999999994415,49.999999999994564,49.99999999999473,49.999999999994905,49.999999999995104,49.99999999999532,49.999999999995545,49.9999999999958,49.99999999999607,49.99999999999637,49.999999999996696
34080.0,49.999999999993705,49.99999999999371,49.99999999999373,49.99999999999377,49.99999999999382,49.99999999999388,49.99999999999396,49.99999999999405,49.99999999999416,49.99999999999428,49.999999999994415,49.999999999994564,49.99999999999473,49.999999999994905,49.999999999995104,49.99999999999532,49.999999999995545,49.9999999999958,49.99999999999607,49.99999999999637,49.999999999996696
34140.0,49.99999999999372,49.999999999993726,49.99999999999375,49.99999999999379,49.99999999999383,49.9999999999939,49.99999999999398,49.999999999994074,49.99999999999418,49.9999999999943,49.99999999999444,49.999999999994586,49.99999999999475,49.99999999999493,49.999999999995126,49.99999999999534,49.999999999995566,49.99999999999582,49.99999999999609,49.99999999999639,49.99999999999672
34200.0,49.999999999993754,49.99999999999376,49.99999999999378,49.99999999999382,49.99999999999387,49.99999999999393,49.99999999999401,49.9999999999941,49.99999999999421,49.99999999999433,49.999999999994465,49.999999999994614,49.99999999999478,49.999999999994955,49.999999999995154,49.99999999999537,49.999999999995595,49.99999999999584,49.99999999999611,49.999999999996405,49.99999999999673
34260.0,49.999999999993754,49.99999999999376,49.99999999999378,49.99999999999382,49.99999999999387,49.99999999999393,49.99999999999401,49.9999999999941,49.99999999999421,49.99999999999433,49.999999999994465,49.999999999994614,49.99999999999478,49.999999999994955,49.999999999995154,49.99999999999537,49.999999999995595,49.99999999999584,49.99999999999611,49.999999999996405,49.99999999999673
34320.0,49.999999999993754,49.99999999999376,49.99999999999378,49.99999999999382,49.99999999999387,49.99999999999393,49.99999999999401,49.9999999999941,49.99999999999421,49.99999999999433,49.999999999994465,49.999999999994614,49.99999999999478,49.999999999994955,49.999999999995154,49.99999999999537,49.999999999995595,49.99999999999584,49.99999999999611,49.999999999996405,49.99999999999673
34380.0,49.999999999993754,49.99999999999376,49.99999999999378,49.99999999999382,49.99999999999387,49.99999999999393,49.99999999999401,49.9999999999941,49.99999999999421,49.99999999999433,49.999999999994465,49.999999999994614,49.99999999999478,49.999999999994955,49.999999999995154,49.99999999999537,49.999999999995595,49.99999999999584,49.99999999999611,49.999999999996405,49.99999999999673
34440.0,49.999999999993754,49.99999999999376,49.99999999999378,49.99999999999382,49.99999999999387,49.99999999999393,49.99999999999401,49.9999999999941,49.99999999999421,49.99999999999433,49.999999999994465,49.999999999994614,49.99999999999478,49.999999999994955,49.99999999999516,49.99999999999537,49.9999999999956,49.99999999999585,49.99999999999612,49.99999999999641,49.99999999999674
34500.0,49.99999999999376,49.99999999999377,49.99999999999379,49.999999999993825,49.999999999993875,49.99999999999394,49.99999999999402,49.99999999999411,49.999999999994216,49.99999999999434,49.99999999999447,49.99999999999462,49.999999999994785,49.99999999999496,49.99999999999516,49.999999999995374,49.9999999999956,49.99999999999585,49.99999999999612,49.99999999999641,49.99999999999674
34560.0,49.99999999999376,49.99999999999377,49.99999999999379,49.999999999993825,49.999999999993875,49.99999999999394,49.99999999999402,49.99999999999411,49.999999999994216,49.99999999999434,49.99999999999447,49.99999999999462,49.999999999994785,49.99999999999496,49.99999999999516,49.999999999995374,49.9999999999956,49.99999999999585,49.99999999999612,49.99999999999641,49.99999999999674
34620.0,49.99999999999377,49.999999999993776,49.9999999999938,49.99999999999383,49.99999999999388,49.999999999993946,49.999999999994024,49.99999999999412,49.99999999999422,49.999999999994344,49.99999999999448,49.99999999999463,49.99999999999479,49.99999999999497,49.99999999999517,49.99999999999538,49.99999999999561,49.99999999999586,49.99999999999613,49.99999999999642,49.99999999999674
34680.0,49.999999999993776,49.99999999999378,49.999999999993804,49.99999999999384,49.99999999999389,49.99999999999395,49.99999999999403,49.999999999994124,49.99999999999423,49.99999999999435,49.999999999994486,49.999999999994635,49.9999999999948,49.99999999999498,49.999999999995175,49.99999999999539,49.999999999995616,49.99999999999586,49.99999999999613,49.99999999999642,49.99999999999674
34740.0,49.999999999993776,49.99999999999378,49.999999999993804,49.99999999999384,49.99999999999389,49.99999999999395,49.99999999999403,49.999999999994124,49.99999999999423,49.99999999999435,49.999999999994486,49.999999999994635,49.9999999999948,49.99999999999498,49.999999999995175,49.99999999999539,49.999999999995616,49.99999999999586,49.99999999999613,49.99999999999642,49.99999999999674
34800.0,49.999999999993776,49.99999999999378,49.999999999993804,49.99999999999384,49.99999999999389,49.99999999999395,49.99999999999403,49.999999999994124,49.99999999999423,49.99999999999435,49.999999999994486,49.999999999994635,49.9999999999948,49.99999999999498,49.999999999995175,49.99999999999539,49.999999999995616,49.99999999999586,49.99999999999613,49.99999999999642,49.99999999999674
34860.0,49.999999999993776,49.99999999999378,49.999999999993804,49.99999999999384,49.99999999999389,49.99999999999395,49.99999999999403,49.999999999994124,49.99999999999423,49.99999999999435,49.999999999994486,49.999999999994635,49.9999999999948,49.99999999999498,49.999999999995175,49.99999999999539,49.999999999995616,49.99999999999586,49.99999999999613,49.99999999999642,49.99999999999674
34920.0,49.999999999993776,49.99999999999378,49.999999999993804,49.99999999999384,49.99999999999389,49.99999999999395,49.99999999999403,49.999999999994124,49.99999999999423,49.99999999999435,49.999999999994486,49.999999999994635,49.9999999999948,49.99999999999498,49.999999999995175,49.99999999999539,49.999999999995616,49.99999999999586,49.99999999999613,49.99999999999642,49.99999999999674
34980.0,49.999999999993776,49.99999999999378,49.999999999993804,49.99999999999384,49.99999999999389,49.99999999999395,49.99999999999403,49.999999999994124,49.99999999999423,49.99999999999435,49.999999999994486,49.999999999994635,49.9999999999948,49.99999999999498,49.999999999995175,49.99999999999539,49.999999999995616,49.99999999999586,49.99999999999613,49.99999999999642,49.99999999999674
35040.0,49.999999999993776,49.99999999999378,49.999999999993804,49.99999999999384,49.99999999999389,49.99999999999395,49.99999999999403,49.999999999994124,49.99999999999423,49.99999999999435,49.999999999994486,49.999999999994635,49.9999999999948,49.99999999999498,49.999999999995175,49.99999999999539,49.999999999995616,49.99999999999586,49.99999999999613,49.99999999999642,49.99999999999674
35100.0,49.999999999993776,49.99999999999378,49.999999999993804,49.99999999999384,49.99999999999389,49.99999999999395,49.99999999999403,49.999999999994124,49.99999999999423,49.99999999999435,49.999999999994486,49.999999999994635,49.9999999999948,49.99999999999498,49.999999999995175,49.99999999999539,49.999999999995616,49.99999999999586,49.99999999999613,49.99999999999642,49.99999999999674
35160.0,49.99999999999379,49.9999999999938,49.99999999999382,49.999999999993854,49.9999999999939,49.999999999993975,49.999999999994046,49.999999999994145,49.99999999999425,49.99999999999437,49.99999999999451,49.99999999999466,49.99999999999482,49.999999999995005,49.999999999995204,49.99999999999542,49.999999999995644,49.99999999999589,49.99999999999616,49.999999999996454,49.999999999996774
35220.0,49.99999999999382,49.999999999993825,49.99999999999385,49.99999999999388,49.99999999999393,49.999999999993996,49.999999999994074,49.999999999994166,49.99999999999427,49.999999999994394,49.99999999999453,49.99999999999468,49.99999999999484,49.99999999999502,49.99999999999522,49.99999999999543,49.99999999999566,49.99999999999591,49.99999999999617,49.99999999999646,49.99999999999678
35280.0,49.99999999999382,49.999999999993825,49.99999999999385,49.99999999999388,49.99999999999393,49.999999999993996,49.999999999994074,49.999999999994166,49.99999999999427,49.999999999994394,49.99999999999453,49.99999999999468,49.99999999999484,49.99999999999502,49.99999999999522,49.99999999999543,49.99999999999566,49.99999999999591,49.99999999999617,49.99999999999646,49.99999999999678
35340.0,49.99999999999382,49.999999999993825,49.99999999999385,49.99999999999388,49.99999999999393,49.999999999993996,49.999999999994074,49.999999999994166,49.99999999999427,49.999999999994394,49.99999999999453,49.99999999999468,49.99999999999484,49.99999999999502,49.99999999999522,49.99999999999543,49.99999999999566,49.99999999999591,49.99999999999617,49.99999999999646,49.99999999999678
35400.0,49.99999999999382,49.999999999993825,49.99999999999385,49.99999999999388,49.99999999999393,49.999999999993996,49.999999999994074,49.999999999994166,49.99999999999427,49.999999999994394,49.99999999999453,49.99999999999468,49.99999999999484,49.99999999999502,49.99999999999522,49.99999999999543,49.99999999999566,49.99999999999591,49.99999999999617,49.99999999999646,49.99999999999678
35460.0,49.99999999999382,49.999999999993825,49.99999999999385,49.99999999999388,49.99999999999393,49.999999999993996,49.999999999994074,49.999999999994166,49.99999999999427,49.999999999994394,49.99999999999453,49.99999999999468,49.99999999999484,49.99999999999502,49.99999999999522,49.99999999999543,49.99999999999566,49.99999999999591,49.99999999999617,49.99999999999646,49.99999999999678
35520.0,49.999999999993825,49.99999999999383,49.999999999993854,49.99999999999389,49.99999999999394,49.999999999994,49.99999999999408,49.99999999999417,49.99999999999428,49.9999999999944,49.999999999994536,49.999999999994685,49.99999999999485,49.999999999995026,49.999999999995225,49.99999999999544,49.999999999995666,49.999999999995914,49.99999999999618,49.99999999999647,49.99999999999679
35580.0,49.999999999993825,49.99999999999383,49.999999999993854,49.99999999999389,49.99999999999394,49.999999999994,49.99999999999408,49.99999999999417,49.99999999999428,49.9999999999944,49.999999999994536,49.999999999994685,49.99999999999485,49.999999999995026,49.999999999995225,49.99999999999544,49.999999999995666,49.999999999995914,49.99999999999618,49.99999999999647,49.99999999999679
35640.0,49.999999999993825,49.99999999999383,49.999999999993854,49.99999999999389,49.99999999999394,49.999999999994,49.99999999999408,49.99999999999417,49.99999999999428,49.9999999999944,49.999999999994536,49.999999999994685,49.99999999999485,49.999999999995026,49.999999999995225,49.99999999999544,49.999999999995666,49.999999999995914,49.99999999999618,49.99999999999647,49.99999999999679
35700.0,49.999999999993825,49.99999999999383,49.999999999993854,49.99999999999389,49.99999999999394,49.999999999994,49.99999999999408,49.99999999999417,49.99999999999428,49.9999999999944,49.999999999994536,49.999999999994685,49.99999999999485,49.999999999995026,49.999999999995225,49.99999999999544,49.999999999995666,49.999999999995914,49.99999999999618,49.99999999999647,49.99999999999679
35760.0,49.999999999993825,49.99999999999383,49.999999999993854,49.99999999999389,49.99999999999394,49.999999999994,49.99999999999408,49.99999999999417,49.99999999999428,49.9999999999944,49.999999999994536,49.999999999994685,49.99999999999485,49.999999999995026,49.999999999995225,49.99999999999544,49.999999999995666,49.999999999995914,49.99999999999618,49.99999999999647,49.99999999999679
35820.0,49.999999999993825,49.99999999999383,49.999999999993854,49.99999999999389,49.99999999999394,49.999999999994,49.99999999999408,49.99999999999417,49.99999999999428,49.9999999999944,49.999999999994536,49.999999999994685,49.99999999999485,49.999999999995026,49.999999999995225,49.99999999999544,49.999999999995666,49.999999999995914,49.99999999999618,49.99999999999647,49.99999999999679
35880.0,49.999999999993825,49.99999999999383,49.999999999993854,49.99999999999389,49.99999999999394,49.999999999994,49.99999999999408,49.99999999999417,49.99999999999428,49.9999999999944,49.999999999994536,49.999999999994685,49.99999999999485,49.999999999995026,49.999999999995225,49.99999999999544,49.999999999995666,49.999999999995914,49.99999999999618,49.99999999999647,49.99999999999679
35940.0,49.999999999993825,49.99999999999383,49.999999999993854,49.99999999999389,49.99999999999394,49.999999999994,49.99999999999408,49.99999999999417,49.99999999999428,49.9999999999944,49.999999999994536,49.999999999994685,49.99999999999485,49.999999999995026,49.999999999995225,49.99999999999544,49.999999999995666,49.999999999995914,49.99999999999618,49.99999999999647,49.99999999999679
36000.0,49.99999999999386,49.99999999999387,49.99999999999389,49.999999999993925,49.999999999993975,49.99999999999404,49.99999999999412,49.99999999999421,49.999999999994316,49.99999999999444,49.99999999999457,49.99999999999472,49.999999999994884,49.99999999999506,49.99999999999526,49.999999999995474,49.9999999999957,49.99999999999595,49.99999999999621,49.999999999996504,49.999999999996824
36060.0,49.99999999999388,49.99999999999389,49.99999999999391,49.999999999993946,49.999999999993996,49.99999999999406,49.99999999999414,49.99999999999423,49.99999999999434,49.99999999999446,49.99999999999459,49.99999999999474,49.999999999994905,49.99999999999508,49.999999999995275,49.99999999999549,49.999999999995715,49.99999999999596,49.99999999999622,49.999999999996504,49.999999999996824
36120.0,49.99999999999389,49.999999999993896,49.99999999999392,49.99999999999395,49.999999999994,49.99999999999407,49.999999999994145,49.99999999999424,49.999999999994344,49.999999999994465,49.9999999999946,49.99999999999475,49.99999999999491,49.99999999999509,49.99999999999528,49.999999999995495,49.99999999999572,49.999999999995964,49.99999999999623,49.99999999999651,49.99999999999683
36180.0,49.99999999999389,49.999999999993896,49.99999999999392,49.99999999999395,49.999999999994,49.99999999999407,49.999999999994145,49.99999999999424,49.999999999994344,49.999999999994465,49.9999999999946,49.99999999999475,49.99999999999491,49.99999999999509,49.99999999999528,49.999999999995495,49.99999999999572,49.999999999995964,49.99999999999623,49.99999999999651,49.99999999999683
36240.0,49.99999999999389,49.999999999993896,49.99999999999392,49.99999999999395,49.999999999994,49.99999999999407,49.999999999994145,49.99999999999424,49.999999999994344,49.999999999994465,49.9999999999946,49.99999999999475,49.99999999999491,49.99999999999509,49.99999999999528,49.999999999995495,49.99999999999572,49.999999999995964,49.99999999999623,49.99999999999651,49.99999999999683
36300.0,49.99999999999389,49.999999999993896,49.99999999999392,49.99999999999395,49.999999999994,49.99999999999407,49.999999999994145,49.99999999999424,49.999999999994344,49.999999999994465,49.9999999999946,49.99999999999475,49.99999999999491,49.99999999999509,49.99999999999528,49.999999999995495,49.99999999999572,49.999999999995964,49.99999999999623,49.99999999999651,49.99999999999683
36360.0,49.99999999999389,49.999999999993896,49.99999999999392,49.99999999999395,49.999999999994,49.99999999999407,49.999999999994145,49.99999999999424,49.999999999994344,49.999999999994465,49.9999999999946,49.99999999999475,49.99999999999491,49.99999999999509,49.99999999999528,49.999999999995495,49.99999999999572,49.999999999995964,49.99999999999623,49.99999999999651,49.99999999999683
36420.0,49.99999999999389,49.999999999993896,49.99999999999392,49.99999999999395,49.999999999994,49.99999999999407,49.999999999994145,49.99999999999424,49.999999999994344,49.999999999994465,49.9999999999946,49.99999999999475,49.99999999999491,49.99999999999509,49.99999999999528,49.999999999995495,49.99999999999572,49.999999999995964,49.99999999999623,49.99999999999651,49.99999999999683
36480.0,49.99999999999389,49.999999999993896,49.99999999999392,49.99999999999395,49.999999999994,49.99999999999407,49.999999999994145,49.99999999999424,49.999999999994344,49.999999999994465,49.9999999999946,49.99999999999475,49.99999999999491,49.99999999999509,49.99999999999528,49.999999999995495,49.99999999999572,49.999999999995964,49.99999999999623,49.99999999999651,49.99999999999683
36540.0,49.99999999999389,49.999999999993896,49.99999999999392,49.99999999999395,49.999999999994,49.99999999999407,49.999999999994145,49.99999999999424,49.999999999994344,49.999999999994465,49.9999999999946,49.99999999999475,49.99999999999491,49.99999999999509,49.99999999999528,49.999999999995495,49.99999999999572,49.999999999995964,49.99999999999623,49.99999999999651,49.99999999999683
36600.0,49.999999999993896,49.9999999999939,49.999999999993925,49.99999999999396,49.99999999999401,49.999999999994074,49.99999999999415,49.999999999994245,49.99999999999435,49.99999999999447,49.99999999999461,49.999999999994756,49.99999999999492,49.9999999999951,49.99999999999529,49.9999999999955,49.99999999999573,49.99999999999597,49.999999999996234,49.99999999999652,49.99999999999684
36660.0,49.999999999993896,49.9999999999939,49.999999999993925,49.99999999999396,49.99999999999401,49.999999999994074,49.99999999999415,49.999999999994245,49.99999999999435,49.99999999999447,49.99999999999461,49.999999999994756,49.99999999999492,49.9999999999951,49.99999999999529,49.9999999999955,49.99999999999573,49.99999999999597,49.999999999996234,49.99999999999652,49.99999999999684
36720.0,49.999999999993896,49.9999999999939,49.999999999993925,49.99999999999396,49.99999999999401,49.999999999994074,49.99999999999415,49.999999999994245,49.99999999999435,49.99999999999447,49.99999999999461,49.999999999994756,49.99999999999492,49.9999999999951,49.99999999999529,49.9999999999955,49.99999999999573,49.99999999999597,49.999999999996234,49.99999999999652,49.99999999999684
36780.0,49.999999999993896,49.9999999999939,49.999999999993925,49.99999999999396,49.99999999999401,49.999999999994074,49.99999999999415,49.999999999994245,49.99999999999435,49.99999999999447,49.99999999999461,49.999999999994756,49.99999999999492,49.9999999999951,49.99999999999529,49.9999999999955,49.99999999999573,49.99999999999597,49.999999999996234,49.99999999999652,49.99999999999684
36840.0,49.999999999993896,49.9999999999939,49.999999999993925,49.99999999999396,49.99999999999401,49.999999999994074,49.99999999999415,49.999999999994245,49.99999999999435,49.99999999999447,49.99999999999461,49.999999999994756,49.99999999999492,49.9999999999951,49.99999999999529,49.9999999999955,49.99999999999573,49.99999999999597,49.999999999996234,49.99999999999652,49.99999999999684
36900.0,49.999999999993896,49.9999999999939,49.999999999993925,49.99999999999396,49.99999999999401,49.999999999994074,49.99999999999415,49.999999999994245,49.99999999999435,49.99999999999447,49.99999999999461,49.999999999994756,49.99999999999492,49.9999999999951,49.99999999999529,49.9999999999955,49.99999999999573,49.99999999999597,49.999999999996234,49.99999999999652,49.99999999999684
36960.0,49.999999999993896,49.9999999999939,49.999999999993925,49.99999999999396,49.99999999999401,49.999999999994074,49.99999999999415,49.999999999994245,49.99999999999435,49.99999999999447,49.99999999999461,49.999999999994756,49.99999999999492,49.9999999999951,49.99999999999529,49.9999999999955,49.99999999999573,49.99999999999597,49.999999999996234,49.99999999999652,49.99999999999684
37020.0,49.999999999993896,49.9999999999939,49.999999999993925,49.99999999999396,49.99999999999401,49.999999999994074,49.99999999999415,49.999999999994245,49.99999999999435,49.99999999999447,49.99999999999461,49.999999999994756,49.99999999999492,49.9999999999951,49.99999999999529,49.9999999999955,49.99999999999573,49.99999999999597,49.999999999996234,49.99999999999652,49.99999999999684
37080.0,49.999999999993896,49.9999999999939,49.999999999993925,49.99999999999396,49.99999999999401,49.999999999994074,49.99999999999415,49.999999999994245,49.99999999999435,49.99999999999447,49.99999999999461,49.999999999994756,49.99999999999492,49.9999999999951,49.99999999999529,49.9999999999955,49.99999999999573,49.99999999999597,49.999999999996234,49.99999999999652,49.99999999999684
37140.0,49.9999999999939,49.99999999999391,49.99999999999393,49.99999999999397,49.99999999999402,49.99999999999408,49.99999999999416,49.99999999999425,49.99999999999436,49.99999999999448,49.999999999994614,49.99999999999476,49.99999999999493,49.999999999995104,49.999999999995296,49.99999999999551,49.99999999999574,49.99999999999598,49.99999999999624,49.999999999996525,49.999999999996845
37200.0,49.9999999999939,49.99999999999391,49.99999999999393,49.99999999999397,49.99999999999402,49.99999999999408,49.99999999999416,49.99999999999425,49.99999999999436,49.99999999999448,49.999999999994614,49.99999999999476,49.99999999999493,49.999999999995104,49.999999999995296,49.99999999999551,49.99999999999574,49.99999999999598,49.99999999999624,49.999999999996525,49.999999999996845
37260.0,49.9999999999939,49.99999999999391,49.99999999999393,49.99999999999397,49.99999999999402,49.99999999999408,49.99999999999416,49.99999999999425,49.99999999999436,49.99999999999448,49.999999999994614,49.99999999999476,49.99999999999493,49.999999999995104,49.999999999995296,49.99999999999551,49.99999999999574,49.99999999999598,49.99999999999624,49.999999999996525,49.999999999996845
37320.0,49.9999999999939,49.99999999999391,49.99999999999393,49.99999999999397,49.99999999999402,49.99999999999408,49.99999999999416,49.99999999999425,49.99999999999436,49.99999999999448,49.999999999994614,49.99999999999476,49.99999999999493,49.999999999995104,49.999999999995296,49.99999999999551,49.99999999999574,49.99999999999598,49.99999999999624,49.999999999996525,49.999999999996845
37380.0,49.9999999999939,49.99999999999391,49.99999999999393,49.99999999999397,49.99999999999402,49.99999999999408,49.99999999999416,49.99999999999425,49.99999999999436,49.99999999999448,49.999999999994614,49.99999999999476,49.99999999999493,49.999999999995104,49.999999999995296,49.99999999999551,49.99999999999574,49.99999999999598,49.99999999999624,49.999999999996525,49.999999999996845
37440.0,49.9999999999939,49.99999999999391,49.99999999999393,49.99999999999397,49.99999999999402,49.99999999999408,49.99999999999416,49.99999999999425,49.99999999999436,49.99999999999448,49.999999999994614,49.99999999999476,49.99999999999493,49.999999999995104,49.999999999995296,49.99999999999551,49.99999999999574,49.99999999999598,49.99999999999624,49.999999999996525,49.999999999996845
37500.0,49.9999999999939,49.99999999999391,49.99999999999393,49.99999999999397,49.99999999999402,49.99999999999408,49.99999999999416,49.99999999999425,49.99999999999436,49.99999999999448,49.999999999994614,49.99999999999476,49.99999999999493,49.999999999995104,49.999999999995296,49.99999999999551,49.99999999999574,49.99999999999598,49.99999999999624,49.999999999996525,49.999999999996845
37560.0,49.9999999999939,49.99999999999391,49.99999999999393,49.99999999999397,49.99999999999402,49.99999999999408,49.99999999999416,49.99999999999425,49.99999999999436,49.99999999999448,49.999999999994614,49.99999999999476,49.99999999999493,49.999999999995104,49.999999999995296,49.99999999999551,49.99999999999574,49.99999999999598,49.99999999999624,49.999999999996525,49.999999999996845
37620.0,49.9999999999939,49.99999999999391,49.99999999999393,49.99999999999397,49.99999999999402,49.99999999999408,49.99999999999416,49.99999999999425,49.99999999999436,49.99999999999448,49.999999999994614,49.99999999999476,49.99999999999493,49.999999999995104,49.999999999995296,49.99999999999551,49.99999999999574,49.99999999999598,49.99999999999624,49.999999999996525,49.999999999996845
37680.0,49.99999999999391,49.99999999999392,49.99999999999394,49.999999999993975,49.999999999994024,49.99999999999409,49.999999999994166,49.99999999999426,49.999999999994365,49.999999999994486,49.99999999999462,49.99999999999477,49.999999999994934,49.99999999999511,49.9999999999953,49.99999999999552,49.999999999995744,49.999999999995985,49.99999999999625,49.99999999999653,49.99999999999685
37740.0,49.99999999999391,49.99999999999392,49.99999999999394,49.999999999993975,49.999999999994024,49.99999999999409,49.999999999994166,49.99999999999426,49.999999999994365,49.999999999994486,49.99999999999462,49.99999999999477,49.999999999994934,49.99999999999511,49.9999999999953,49.99999999999552,49.999999999995744,49.999999999995985,49.99999999999625,49.99999999999653,49.99999999999685
37800.0,49.99999999999391,49.99999999999392,49.99999999999394,49.999999999993975,49.999999999994024,49.99999999999409,49.999999999994166,49.99999999999426,49.999999999994365,49.999999999994486,49.99999999999462,49.99999999999477,49.999999999994934,49.99999999999511,49.9999999999953,49.99999999999552,49.999999999995744,49.999999999995985,49.99999999999625,49.99999999999653,49.99999999999685
37860.0,49.99999999999391,49.99999999999392,49.99999999999394,49.999999999993975,49.999999999994024,49.99999999999409,49.999999999994166,49.99999999999426,49.999999999994365,49.999999999994486,49.99999999999462,49.99999999999477,49.999999999994934,49.99999999999511,49.9999999999953,49.99999999999552,49.999999999995744,49.999999999995985,49.99999999999625,49.99999999999653,49.99999999999685
37920.0,49.99999999999391,49.99999999999392,49.99999999999394,49.999999999993975,49.999999999994024,49.99999999999409,49.999999999994166,49.99999999999426,49.999999999994365,49.999999999994486,49.99999999999462,49.99999999999477,49.999999999994934,49.99999999999511,49.9999999999953,49.99999999999552,49.999999999995744,49.999999999995985,49.99999999999625,49.99999999999653,49.99999999999685
37980.0,49.99999999999391,49.99999999999392,49.99999999999394,49.999999999993975,49.999999999994024,49.99999999999409,49.999999999994166,49.99999999999426,49.999999999994365,49.999999999994486,49.99999999999462,49.99999999999477,49.999999999994934,49.99999999999511,49.9999999999953,49.99999999999552,49.999999999995744,49.999999999995985,49.99999999999625,49.99999999999653,49.99999999999685
38040.0,49.99999999999391,49.99999999999392,49.99999999999394,49.999999999993975,49.999999999994024,49.99999999999409,49.999999999994166,49.99999999999426,49.999999999994365,49.999999999994486,49.99999999999462,49.99999999999477,49.999999999994934,49.99999999999511,49.9999999999953,49.99999999999552,49.999999999995744,49.999999999995985,49.99999999999625,49.99999999999653,49.99999999999685
38100.0,49.99999999999391,49.99999999999392,49.99999999999394,49.999999999993975,49.999999999994024,49.99999999999409,49.999999999994166,49.99999999999426,49.999999999994365,49.999999999994486,49.99999999999462,49.99999999999477,49.999999999994934,49.99999999999511,49.9999999999953,49.99999999999552,49.999999999995744,49.999999999995985,49.99999999999625,49.99999999999653,49.99999999999685
38160.0,49.99999999999392,49.999999999993925,49.999999999993946,49.99999999999398,49.99999999999403,49.999999999994095,49.99999999999417,49.999999999994266,49.99999999999437,49.99999999999449,49.99999999999463,49.99999999999478,49.99999999999494,49.99999999999512,49.99999999999531,49.999999999995524,49.99999999999575,49.99999999999599,49.999999999996255,49.99999999999654,49.99999999999686
38220.0,49.99999999999392,49.999999999993925,49.999999999993946,49.99999999999398,49.99999999999403,49.999999999994095,49.99999999999417,49.999999999994266,49.99999999999437,49.99999999999449,49.99999999999463,49.99999999999478,49.99999999999494,49.99999999999512,49.99999999999531,49.999999999995524,49.99999999999575,49.99999999999599,49.999999999996255,49.99999999999654,49.99999999999686
38280.0,49.99999999999392,49.999999999993925,49.999999999993946,49.99999999999398,49.99999999999403,49.999999999994095,49.99999999999417,49.999999999994266,49.99999999999437,49.99999999999449,49.99999999999463,49.99999999999478,49.99999999999494,49.99999999999512,49.99999999999531,49.999999999995524,49.99999999999575,49.99999999999599,49.999999999996255,49.99999999999654,49.99999999999686
38340.0,49.99999999999392,49.999999999993925,49.999999999993946,49.99999999999398,49.99999999999403,49.999999999994095,49.99999999999417,49.999999999994266,49.99999999999437,49.99999999999449,49.99999999999463,49.99999999999478,49.99999999999494,49.99999999999512,49.99999999999531,49.999999999995524,49.99999999999575,49.99999999999599,49.999999999996255,49.99999999999654,49.99999999999686
38400.0,49.99999999999392,49.999999999993925,49.999999999993946,49.99999999999398,49.99999999999403,49.999999999994095,49.99999999999417,49.999999999994266,49.99999999999437,49.99999999999449,49.99999999999463,49.99999999999478,49.99999999999494,49.99999999999512,49.99999999999531,49.999999999995524,49.99999999999575,49.99999999999599,49.99999999999626,49.99999999999655,49.99999999999686
38460.0,49.99999999999392,49.999999999993925,49.999999999993946,49.99999999999398,49.99999999999403,49.999999999994095,49.99999999999417,49.999999999994266,49.99999999999437,49.99999999999449,49.99999999999463,49.99999999999478,49.99999999999494,49.99999999999512,49.99999999999531,49.999999999995524,49.99999999999575,49.99999999999599,49.99999999999626,49.99999999999655,49.99999999999686
38520.0,49.99999999999392,49.999999999993925,49.999999999993946,49.99999999999398,49.99999999999403,49.999999999994095,49.99999999999417,49.999999999994266,49.99999999999437,49.99999999999449,49.99999999999463,49.99999999999478,49.99999999999494,49.99999999999512,49.99999999999531,49.999999999995524,49.99999999999575,49.99999999999599,49.99999999999626,49.99999999999655,49.99999999999686
38580.0,49.99999999999392,49.999999999993925,49.999999999993946,49.99999999999398,49.99999999999403,49.999999999994095,49.99999999999417,49.999999999994266,49.99999999999437,49.99999999999449,49.99999999999463,49.99999999999478,49.99999999999494,49.99999999999512,49.99999999999531,49.999999999995524,49.99999999999575,49.99999999999599,49.99999999999626,49.99999999999655,49.99999999999686
38640.0,49.999999999993925,49.99999999999394,49.99999999999396,49.999999999993996,49.999999999994046,49.99999999999411,49.99999999999419,49.99999999999428,49.99999999999439,49.99999999999451,49.99999999999464,49.99999999999479,49.999999999994955,49.99999999999513,49.999999999995325,49.99999999999553,49.99999999999576,49.999999999996,49.99999999999626,49.99999999999655,49.99999999999686
38700.0,49.99999999999393,49.99999999999394,49.99999999999396,49.999999999993996,49.999999999994046,49.99999999999411,49.99999999999419,49.99999999999428,49.99999999999439,49.99999999999451,49.99999999999464,49.99999999999479,49.999999999994955,49.99999999999513,49.999999999995325,49.99999999999553,49.99999999999576,49.999999999996,49.99999999999626,49.99999999999655,49.99999999999686
38760.0,49.99999999999393,49.99999999999394,49.99999999999396,49.999999999993996,49.999999999994046,49.99999999999411,49.99999999999419,49.99999999999428,49.99999999999439,49.99999999999451,49.99999999999464,49.99999999999479,49.999999999994955,49.99999999999513,49.999999999995325,49.99999999999553,49.99999999999576,49.999999999996,49.99999999999626,49.99999999999655,49.99999999999686
38820.0,49.99999999999393,49.99999999999394,49.99999999999396,49.999999999993996,49.999999999994046,49.99999999999411,49.99999999999419,49.99999999999428,49.99999999999439,49.99999999999451,49.99999999999464,49.99999999999479,49.999999999994955,49.99999999999513,49.999999999995325,49.99999999999553,49.99999999999576,49.999999999996,49.99999999999626,49.99999999999655,49.99999999999686
38880.0,49.99999999999393,49.99999999999394,49.99999999999396,49.999999999993996,49.999999999994046,49.99999999999411,49.99999999999419,49.99999999999428,49.99999999999439,49.99999999999451,49.99999999999464,49.99999999999479,49.999999999994955,49.99999999999513,49.999999999995325,49.99999999999553,49.99999999999576,49.999999999996,49.99999999999626,49.99999999999655,49.99999999999686
38940.0,49.99999999999393,49.99999999999394,49.99999999999396,49.999999999993996,49.999999999994046,49.99999999999411,49.99999999999419,49.99999999999429,49.99999999999439,49.999999999994515,49.99999999999465,49.9999999999948,49.99999999999496,49.99999999999514,49.99999999999533,49.99999999999554,49.999999999995765,49.99999999999601,49.99999999999627,49.999999999996554,49.99999999999687
39000.0,49.99999999999394,49.999999999993946,49.99999999999397,49.999999999994,49.99999999999405,49.99999999999412,49.999999999994195,49.99999999999429,49.999999999994394,49.999999999994515,49.99999999999465,49.9999999999948,49.99999999999496,49.99999999999514,49.99999999999533,49.99999999999554,49.999999999995765,49.99999999999601,49.99999999999627,49.999999999996554,49.99999999999687
39060.0,49.99999999999394,49.999999999993946,49.99999999999397,49.999999999994,49.99999999999405,49.99999999999412,49.999999999994195,49.99999999999429,49.999999999994394,49.999999999994515,49.99999999999465,49.9999999999948,49.99999999999496,49.99999999999514,49.99999999999533,49.99999999999554,49.999999999995765,49.99999999999601,49.99999999999627,49.999999999996554,49.99999999999687
39120.0,49.99999999999394,49.999999999993946,49.99999999999397,49.999999999994,49.99999999999405,49.99999999999412,49.999999999994195,49.99999999999429,49.999999999994394,49.999999999994515,49.99999999999465,49.9999999999948,49.99999999999496,49.99999999999514,49.99999999999533,49.99999999999554,49.999999999995765,49.99999999999601,49.99999999999627,49.999999999996554,49.99999999999687
39180.0,49.99999999999394,49.999999999993946,49.99999999999397,49.999999999994,49.99999999999405,49.99999999999412,49.999999999994195,49.99999999999429,49.999999999994394,49.999999999994515,49.99999999999465,49.9999999999948,49.99999999999496,49.99999999999514,49.99999999999533,49.99999999999554,49.999999999995765,49.99999999999601,49.99999999999627,49.999999999996554,49.99999999999687
39240.0,49.99999999999394,49.999999999993946,49.99999999999397,49.999999999994,49.99999999999405,49.99999999999412,49.999999999994195,49.99999999999429,49.999999999994394,49.999999999994515,49.99999999999465,49.9999999999948,49.99999999999496,49.99999999999514,49.99999999999533,49.99999999999554,49.999999999995765,49.99999999999601,49.99999999999627,49.999999999996554,49.99999999999687
39300.0,49.99999999999394,49.999999999993946,49.99999999999397,49.999999999994,49.99999999999405,49.99999999999412,49.999999999994195,49.99999999999429,49.999999999994394,49.999999999994515,49.99999999999465,49.9999999999948,49.99999999999496,49.99999999999514,49.99999999999533,49.99999999999554,49.999999999995765,49.99999999999601,49.99999999999627,49.999999999996554,49.99999999999687
39360.0,49.99999999999394,49.999999999993946,49.99999999999397,49.999999999994,49.99999999999405,49.99999999999412,49.999999999994195,49.99999999999429,49.999999999994394,49.999999999994515,49.99999999999465,49.9999999999948,49.99999999999496,49.99999999999514,49.99999999999533,49.99999999999554,49.999999999995765,49.99999999999601,49.99999999999627,49.999999999996554,49.99999999999687
39420.0,49.99999999999394,49.999999999993946,49.99999999999397,49.999999999994,49.99999999999405,49.99999999999412,49.999999999994195,49.99999999999429,49.999999999994394,49.999999999994515,49.99999999999465,49.9999999999948,49.99999999999496,49.99999999999514,49.99999999999533,49.99999999999554,49.999999999995765,49.99999999999601,49.99999999999627,49.999999999996554,49.99999999999687
39480.0,49.99999999999394,49.999999999993946,49.99999999999397,49.999999999994,49.99999999999405,49.99999999999412,49.999999999994195,49.99999999999429,49.999999999994394,49.999999999994515,49.99999999999465,49.9999999999948,49.99999999999496,49.99999999999514,49.99999999999533,49.99999999999554,49.999999999995765,49.99999999999601,49.99999999999627,49.999999999996554,49.99999999999687
39540.0,49.999999999993946,49.99999999999395,49.999999999993975,49.99999999999401,49.99999999999406,49.999999999994124,49.9999999999942,49.999999999994294,49.9999999999944,49.99999999999452,49.99999999999466,49.999999999994806,49.99999999999497,49.99999999999515,49.99999999999534,49.999999999995545,49.99999999999577,49.999999999996014,49.99999999999628,49.99999999999656,49.999999999996874
39600.0,49.999999999993946,49.99999999999395,49.999999999993975,49.99999999999401,49.99999999999406,49.999999999994124,49.9999999999942,49.999999999994294,49.9999999999944,49.99999999999452,49.99999999999466,49.999999999994806,49.99999999999497,49.99999999999515,49.99999999999534,49.999999999995545,49.99999999999577,49.999999999996014,49.99999999999628,49.99999999999656,49.999999999996874
39660.0,49.999999999993946,49.99999999999395,49.999999999993975,49.99999999999401,49.99999999999406,49.999999999994124,49.9999999999942,49.999999999994294,49.9999999999944,49.99999999999452,49.99999999999466,49.999999999994806,49.99999999999497,49.99999999999515,49.99999999999534,49.999999999995545,49.99999999999577,49.999999999996014,49.99999999999628,49.99999999999656,49.999999999996874
39720.0,49.999999999993946,49.99999999999395,49.999999999993975,49.99999999999401,49.99999999999406,49.999999999994124,49.9999999999942,49.999999999994294,49.9999999999944,49.99999999999452,49.99999999999466,49.999999999994806,49.99999999999497,49.99999999999515,49.99999999999534,49.999999999995545,49.99999999999577,49.999999999996014,49.99999999999628,49.99999999999656,49.999999999996874
39780.0,49.999999999993946,49.99999999999395,49.999999999993975,49.99999999999401,49.99999999999406,49.999999999994124,49.9999999999942,49.999999999994294,49.9999999999944,49.99999999999452,49.99999999999466,49.999999999994806,49.99999999999497,49.99999999999515,49.99999999999534,49.999999999995545,49.99999999999577,49.999999999996014,49.99999999999628,49.99999999999656,49.999999999996874
39840.0,49.999999999993946,49.99999999999395,49.999999999993975,49.99999999999401,49.99999999999406,49.999999999994124,49.9999999999942,49.999999999994294,49.9999999999944,49.99999999999452,49.99999999999466,49.999999999994806,49.99999999999497,49.99999999999515,49.99999999999534,49.999999999995545,49.99999999999577,49.999999999996014,49.99999999999628,49.99999999999656,49.999999999996874
39900.0,49.999999999993946,49.99999999999395,49.999999999993975,49.99999999999401,49.99999999999406,49.999999999994124,49.9999999999942,49.999999999994294,49.9999999999944,49.99999999999452,49.99999999999466,49.999999999994806,49.99999999999497,49.99999999999515,49.99999999999534,49.999999999995545,49.99999999999577,49.999999999996014,49.99999999999628,49.99999999999656,49.999999999996874
39960.0,49.999999999993946,49.99999999999395,49.999999999993975,49.99999999999401,49.99999999999406,49.999999999994124,49.9999999999942,49.999999999994294,49.9999999999944,49.99999999999452,49.99999999999466,49.999999999994806,49.99999999999497,49.99999999999515,49.99999999999534,49.999999999995545,49.99999999999577,49.999999999996014,49.99999999999628,49.99999999999656,49.999999999996874
40020.0,49.999999999993946,49.99999999999395,49.999999999993975,49.99999999999401,49.99999999999406,49.999999999994124,49.9999999999942,49.999999999994294,49.9999999999944,49.99999999999452,49.99999999999466,49.999999999994806,49.99999999999497,49.99999999999515,49.99999999999534,49.999999999995545,49.99999999999577,49.999999999996014,49.99999999999628,49.99999999999656,49.999999999996874
40080.0,49.999999999993946,49.99999999999395,49.999999999993975,49.99999999999401,49.99999999999406,49.999999999994124,49.9999999999942,49.999999999994294,49.9999999999944,49.99999999999452,49.99999999999466,49.999999999994806,49.99999999999497,49.99999999999515,49.99999999999534,49.999999999995545,49.99999999999577,49.999999999996014,49.99999999999628,49.99999999999656,49.999999999996874
40140.0,49.999999999993946,49.99999999999395,49.999999999993975,49.99999999999401,49.99999999999406,49.999999999994124,49.9999999999942,49.999999999994294,49.9999999999944,49.99999999999452,49.99999999999466,49.999999999994806,49.99999999999497,49.99999999999515,49.99999999999534,49.999999999995545,49.99999999999577,49.999999999996014,49.99999999999628,49.99999999999656,49.999999999996874
40200.0,49.99999999999395,49.99999999999396,49.99999999999398,49.99999999999402,49.99999999999407,49.99999999999413,49.99999999999421,49.9999999999943,49.99999999999441,49.99999999999453,49.999999999994664,49.99999999999481,49.99999999999498,49.999999999995154,49.999999999995346,49.99999999999555,49.99999999999578,49.99999999999602,49.999999999996284,49.99999999999657,49.99999999999688
40260.0,49.99999999999395,49.99999999999396,49.99999999999398,49.99999999999402,49.99999999999407,49.99999999999413,49.99999999999421,49.9999999999943,49.99999999999441,49.99999999999453,49.999999999994664,49.99999999999481,49.99999999999498,49.999999999995154,49.999999999995346,49.99999999999555,49.99999999999578,49.99999999999602,49.999999999996284,49.99999999999657,49.99999999999688
40320.0,49.99999999999395,49.99999999999396,49.99999999999398,49.99999999999402,49.99999999999407,49.99999999999413,49.99999999999421,49.9999999999943,49.99999999999441,49.99999999999453,49.999999999994664,49.99999999999481,49.99999999999498,49.999999999995154,49.999999999995346,49.99999999999555,49.99999999999578,49.99999999999602,49.999999999996284,49.99999999999657,49.99999999999688
40380.0,49.99999999999395,49.99999999999396,49.99999999999398,49.99999999999402,49.99999999999407,49.99999999999413,49.99999999999421,49.9999999999943,49.99999999999441,49.99999999999453,49.999999999994664,49.99999999999481,49.99999999999498,49.999999999995154,49.999999999995346,49.99999999999555,49.99999999999578,49.99999999999602,49.999999999996284,49.99999999999657,49.99999999999688
40440.0,49.99999999999395,49.99999999999396,49.99999999999398,49.99999999999402,49.99999999999407,49.99999999999413,49.99999999999421,49.9999999999943,49.99999999999441,49.99999999999453,49.999999999994664,49.99999999999481,49.99999999999498,49.999999999995154,49.999999999995346,49.99999999999555,49.99999999999578,49.99999999999602,49.999999999996284,49.99999999999657,49.99999999999688
40500.0,49.99999999999395,49.99999999999396,49.99999999999398,49.99999999999402,49.99999999999407,49.99999999999413,49.99999999999421,49.9999999999943,49.99999999999441,49.99999999999453,49.999999999994664,49.99999999999481,49.99999999999498,49.999999999995154,49.999999999995346,49.99999999999555,49.99999999999578,49.99999999999602,49.999999999996284,49.99999999999657,49.99999999999688
40560.0,49.99999999999395,49.99999999999396,49.99999999999398,49.99999999999402,49.99999999999407,49.99999999999413,49.99999999999421,49.9999999999943,49.99999999999441,49.99999999999453,49.999999999994664,49.99999999999481,49.99999999999498,49.999999999995154,49.999999999995346,49.99999999999555,49.99999999999578,49.99999999999602,49.999999999996284,49.99999999999657,49.99999999999688
40620.0,49.99999999999395,49.99999999999396,49.99999999999398,49.99999999999402,49.99999999999407,49.99999999999413,49.99999999999421,49.9999999999943,49.99999999999441,49.99999999999453,49.999999999994664,49.99999999999481,49.99999999999498,49.999999999995154,49.999999999995346,49.99999999999555,49.99999999999578,49.99999999999602,49.999999999996284,49.99999999999657,49.99999999999688
40680.0,49.99999999999395,49.99999999999396,49.99999999999398,49.99999999999402,49.99999999999407,49.99999999999413,49.99999999999421,49.9999999999943,49.99999999999441,49.99999999999453,49.999999999994664,49.99999999999481,49.99999999999498,49.999999999995154,49.999999999995346,49.99999999999555,49.99999999999578,49.99999999999602,49.999999999996284,49.99999999999657,49.99999999999688
40740.0,49.99999999999395,49.99999999999396,49.99999999999398,49.99999999999402,49.99999999999407,49.99999999999413,49.99999999999421,49.9999999999943,49.99999999999441,49.99999999999453,49.999999999994664,49.99999999999481,49.99999999999498,49.999999999995154,49.999999999995346,49.99999999999555,49.99999999999578,49.99999999999602,49.999999999996284,49.99999999999657,49.99999999999688
40800.0,49.99999999999395,49.99999999999396,49.99999999999398,49.99999999999402,49.99999999999407,49.99999999999413,49.99999999999421,49.9999999999943,49.99999999999441,49.99999999999453,49.999999999994664,49.99999999999481,49.99999999999498,49.999999999995154,49.999999999995346,49.99999999999555,49.99999999999578,49.99999999999602,49.999999999996284,49.99999999999657,49.99999999999688
40860.0,49.99999999999395,49.99999999999396,49.99999999999398,49.99999999999402,49.99999999999407,49.99999999999413,49.99999999999421,49.9999999999943,49.99999999999441,49.99999999999453,49.999999999994664,49.99999999999481,49.99999999999498,49.999999999995154,49.999999999995346,49.99999999999555,49.99999999999578,49.99999999999602,49.999999999996284,49.99999999999657,49.99999999999688
40920.0,49.99999999999395,49.99999999999396,49.99999999999398,49.99999999999402,49.99999999999407,49.99999999999413,49.99999999999421,49.9999999999943,49.99999999999441,49.99999999999453,49.999999999994664,49.99999999999481,49.99999999999498,49.999999999995154,49.999999999995346,49.99999999999555,49.99999999999578,49.99999999999602,49.999999999996284,49.99999999999657,49.99999999999688
40980.0,49.99999999999396,49.99999999999397,49.99999999999399,49.999999999994024,49.999999999994074,49.99999999999414,49.999999999994216,49.99999999999431,49.999999999994415,49.999999999994536,49.99999999999467,49.99999999999482,49.999999999994984,49.99999999999516,49.99999999999535,49.99999999999556,49.99999999999579,49.99999999999603,49.99999999999629,49.999999999996575,49.99999999999689
41040.0,49.99999999999396,49.99999999999397,49.99999999999399,49.999999999994024,49.999999999994074,49.999999999994145,49.999999999994216,49.999999999994316,49.99999999999442,49.99999999999454,49.99999999999468,49.99999999999483,49.99999999999499,49.99999999999517,49.99999999999536,49.999999999995566,49.999999999995794,49.999999999996035,49.9999999999963,49.99999999999658,49.999999999996895
41100.0,49.99999999999397,49.999999999993975,49.999999999993996,49.99999999999403,49.99999999999408,49.999999999994145,49.99999999999422,49.999999999994316,49.99999999999442,49.99999999999454,49.99999999999468,49.99999999999483,49.99999999999499,49.99999999999517,49.99999999999536,49.999999999995566,49.999999999995794,49.99999999999604,49.999999999996305,49.99999999999659,49.9999999999969
41160.0,49.99999999999397,49.999999999993975,49.999999999993996,49.99999999999403,49.99999999999408,49.999999999994145,49.99999999999422,49.999999999994316,49.99999999999442,49.99999999999454,49.99999999999468,49.99999999999483,49.99999999999499,49.99999999999517,49.99999999999536,49.999999999995566,49.999999999995794,49.99999999999604,49.999999999996305,49.99999999999659,49.9999999999969
41220.0,49.99999999999397,49.999999999993975,49.999999999993996,49.99999999999403,49.99999999999408,49.999999999994145,49.99999999999422,49.999999999994316,49.99999999999442,49.99999999999454,49.99999999999468,49.99999999999483,49.99999999999499,49.99999999999517,49.99999999999536,49.999999999995566,49.999999999995794,49.99999999999604,49.999999999996305,49.99999999999659,49.9999999999969
41280.0,49.99999999999397,49.999999999993975,49.999999999993996,49.99999999999403,49.99999999999408,49.999999999994145,49.99999999999422,49.999999999994316,49.99999999999442,49.99999999999454,49.99999999999468,49.99999999999483,49.99999999999499,49.99999999999517,49.99999999999536,49.999999999995566,49.999999999995794,49.99999999999604,49.999999999996305,49.99999999999659,49.9999999999969
41340.0,49.99999999999397,49.999999999993975,49.999999999993996,49.99999999999403,49.99999999999408,49.999999999994145,49.99999999999422,49.999999999994316,49.99999999999442,49.99999999999454,49.99999999999468,49.99999999999483,49.99999999999499,49.99999999999517,49.99999999999536,49.999999999995566,49.999999999995794,49.99999999999604,49.999999999996305,49.99999999999659,49.9999999999969
41400.0,49.99999999999397,49.999999999993975,49.999999999993996,49.99999999999403,49.99999999999408,49.999999999994145,49.99999999999422,49.999999999994316,49.99999999999442,49.99999999999454,49.99999999999468,49.99999999999483,49.99999999999499,49.99999999999517,49.99999999999536,49.999999999995566,49.999999999995794,49.99999999999604,49.999999999996305,49.99999999999659,49.9999999999969
41460.0,49.99999999999397,49.999999999993975,49.999999999993996,49.99999999999403,49.99999999999408,49.999999999994145,49.99999999999422,49.999999999994316,49.99999999999442,49.99999999999454,49.99999999999468,49.99999999999483,49.99999999999499,49.99999999999517,49.99999999999536,49.999999999995566,49.999999999995794,49.99999999999604,49.999999999996305,49.99999999999659,49.9999999999969
41520.0,49.99999999999397,49.999999999993975,49.999999999993996,49.99999999999403,49.99999999999408,49.999999999994145,49.99999999999422,49.999999999994316,49.99999999999442,49.99999999999454,49.99999999999468,49.99999999999483,49.99999999999499,49.99999999999517,49.99999999999536,49.999999999995566,49.999999999995794,49.99999999999604,49.999999999996305,49.99999999999659,49.9999999999969
41580.0,49.99999999999397,49.999999999993975,49.999999999993996,49.99999999999403,49.99999999999408,49.999999999994145,49.99999999999422,49.999999999994316,49.99999999999442,49.99999999999454,49.99999999999468,49.99999999999483,49.99999999999499,49.99999999999517,49.99999999999536,49.999999999995566,49.999999999995794,49.99999999999604,49.999999999996305,49.99999999999659,49.9999999999969
41640.0,49.99999999999397,49.999999999993975,49.999999999993996,49.99999999999403,49.99999999999408,49.999999999994145,49.99999999999422,49.999999999994316,49.99999999999442,49.99999999999454,49.99999999999468,49.99999999999483,49.99999999999499,49.99999999999517,49.99999999999536,49.999999999995566,49.999999999995794,49.99999999999604,49.999999999996305,49.99999999999659,49.9999999999969
41700.0,49.99999999999397,49.999999999993975,49.999999999993996,49.99999999999403,49.99999999999408,49.999999999994145,49.99999999999422,49.999999999994316,49.99999999999442,49.99999999999454,49.99999999999468,49.99999999999483,49.99999999999499,49.99999999999517,49.99999999999536,49.999999999995566,49.999999999995794,49.99999999999604,49.999999999996305,49.99999999999659,49.9999999999969
41760.0,49.999999999993975,49.99999999999399,49.99999999999401,49.999999999994046,49.999999999994095,49.99999999999416,49.99999999999424,49.99999999999433,49.99999999999444,49.999999999994564,49.99999999999469,49.99999999999485,49.99999999999501,49.99999999999519,49.99999999999538,49.99999999999559,49.999999999995815,49.999999999996064,49.99999999999633,49.99999999999661,49.99999999999692
41820.0,49.99999999999404,49.999999999994046,49.99999999999407,49.9999999999941,49.99999999999415,49.999999999994216,49.999999999994294,49.99999999999439,49.99999999999449,49.999999999994614,49.99999999999475,49.9999999999949,49.99999999999506,49.99999999999524,49.99999999999543,49.99999999999564,49.999999999995865,49.99999999999611,49.999999999996376,49.99999999999665,49.999999999996966
41880.0,49.99999999999404,49.999999999994046,49.99999999999407,49.9999999999941,49.99999999999415,49.999999999994216,49.999999999994294,49.99999999999439,49.99999999999449,49.999999999994614,49.99999999999475,49.9999999999949,49.99999999999506,49.99999999999524,49.99999999999543,49.99999999999564,49.999999999995865,49.99999999999611,49.999999999996376,49.99999999999665,49.999999999996966
41940.0,49.99999999999406,49.99999999999407,49.99999999999409,49.999999999994124,49.99999999999417,49.99999999999424,49.999999999994316,49.99999999999441,49.999999999994515,49.999999999994635,49.99999999999477,49.99999999999492,49.99999999999508,49.99999999999526,49.99999999999545,49.99999999999566,49.999999999995886,49.99999999999613,49.99999999999638,49.99999999999666,49.999999999996966
42000.0,49.99999999999407,49.999999999994074,49.999999999994095,49.99999999999413,49.99999999999418,49.999999999994245,49.99999999999432,49.999999999994415,49.99999999999452,49.99999999999464,49.99999999999478,49.99999999999493,49.99999999999509,49.99999999999527,49.99999999999546,49.999999999995666,49.999999999995886,49.99999999999613,49.99999999999638,49.99999999999666,49.999999999996966
42060.0,49.99999999999407,49.999999999994074,49.999999999994095,49.99999999999413,49.99999999999418,49.999999999994245,49.99999999999432,49.999999999994415,49.99999999999452,49.99999999999464,49.99999999999478,49.99999999999493,49.99999999999509,49.99999999999527,49.99999999999546,49.999999999995666,49.999999999995886,49.99999999999613,49.99999999999638,49.99999999999666,49.999999999996966
42120.0,49.99999999999407,49.999999999994074,49.999999999994095,49.99999999999413,49.99999999999418,49.999999999994245,49.99999999999432,49.999999999994415,49.99999999999452,49.99999999999464,49.99999999999478,49.99999999999493,49.99999999999509,49.99999999999527,49.99999999999546,49.999999999995666,49.999999999995886,49.99999999999613,49.99999999999638,49.99999999999666,49.999999999996966
42180.0,49.99999999999407,49.999999999994074,49.999999999994095,49.99999999999413,49.99999999999418,49.999999999994245,49.99999999999432,49.999999999994415,49.99999999999452,49.99999999999464,49.99999999999478,49.99999999999493,49.99999999999509,49.99999999999527,49.99999999999546,49.999999999995666,49.999999999995886,49.99999999999613,49.99999999999638,49.99999999999666,49.999999999996966
42240.0,49.99999999999407,49.999999999994074,49.999999999994095,49.99999999999413,49.99999999999418,49.999999999994245,49.99999999999432,49.999999999994415,49.99999999999452,49.99999999999464,49.99999999999478,49.99999999999493,49.99999999999509,49.99999999999527,49.99999999999546,49.999999999995666,49.999999999995886,49.99999999999613,49.99999999999638,49.99999999999666,49.999999999996966
42300.0,49.99999999999407,49.999999999994074,49.999999999994095,49.99999999999413,49.99999999999418,49.999999999994245,49.99999999999432,49.999999999994415,49.99999999999452,49.99999999999464,49.99999999999478,49.99999999999493,49.99999999999509,49.99999999999527,49.99999999999546,49.999999999995666,49.999999999995886,49.99999999999613,49.99999999999638,49.99999999999666,49.999999999996966
42360.0,49.99999999999407,49.999999999994074,49.999999999994095,49.99999999999413,49.99999999999418,49.999999999994245,49.99999999999432,49.999999999994415,49.99999999999452,49.99999999999464,49.99999999999478,49.99999999999493,49.99999999999509,49.99999999999527,49.99999999999546,49.999999999995666,49.999999999995886,49.99999999999613,49.99999999999638,49.99999999999666,49.999999999996966
42420.0,49.99999999999407,49.999999999994074,49.999999999994095,49.99999999999413,49.99999999999418,49.999999999994245,49.99999999999432,49.999999999994415,49.99999999999452,49.99999999999464,49.99999999999478,49.99999999999493,49.99999999999509,49.99999999999527,49.99999999999546,49.999999999995666,49.999999999995886,49.99999999999613,49.99999999999638,49.99999999999666,49.999999999996966
42480.0,49.99999999999407,49.999999999994074,49.999999999994095,49.99999999999413,49.99999999999418,49.999999999994245,49.99999999999432,49.999999999994415,49.99999999999452,49.99999999999464,49.99999999999478,49.99999999999493,49.99999999999509,49.99999999999527,49.99999999999546,49.999999999995666,49.999999999995886,49.99999999999613,49.99999999999638,49.99999999999666,49.999999999996966
42540.0,49.99999999999407,49.999999999994074,49.999999999994095,49.99999999999413,49.99999999999418,49.999999999994245,49.99999999999432,49.999999999994415,49.99999999999452,49.99999999999464,49.99999999999478,49.99999999999493,49.99999999999509,49.99999999999527,49.99999999999546,49.999999999995666,49.999999999995886,49.99999999999613,49.99999999999638,49.99999999999666,49.999999999996966
42600.0,49.99999999999407,49.999999999994074,49.999999999994095,49.99999999999413,49.99999999999418,49.999999999994245,49.99999999999432,49.999999999994415,49.99999999999452,49.99999999999464,49.99999999999478,49.99999999999493,49.99999999999509,49.99999999999527,49.99999999999546,49.999999999995666,49.999999999995886,49.99999999999613,49.99999999999638,49.99999999999666,49.999999999996966
42660.0,49.99999999999409,49.999999999994095,49.99999999999412,49.99999999999415,49.9999999999942,49.999999999994266,49.999999999994344,49.99999999999444,49.99999999999454,49.999999999994664,49.9999999999948,49.99999999999495,49.99999999999511,49.99999999999528,49.999999999995474,49.99999999999568,49.9999999999959,49.99999999999614,49.9999999999964,49.999999999996675,49.99999999999698
42720.0,49.99999999999411,49.99999999999412,49.99999999999414,49.99999999999417,49.99999999999422,49.99999999999429,49.999999999994365,49.99999999999446,49.999999999994564,49.999999999994685,49.99999999999482,49.99999999999496,49.999999999995126,49.999999999995296,49.99999999999549,49.999999999995694,49.999999999995914,49.999999999996156,49.99999999999641,49.99999999999669,49.999999999996994
42780.0,49.99999999999414,49.999999999994145,49.999999999994166,49.9999999999942,49.99999999999425,49.999999999994316,49.999999999994394,49.999999999994486,49.999999999994586,49.99999999999471,49.999999999994834,49.999999999994984,49.99999999999514,49.99999999999532,49.9999999999955,49.9999999999957,49.99999999999592,49.99999999999616,49.99999999999642,49.999999999996696,49.999999999997
42840.0,49.99999999999416,49.999999999994166,49.99999999999418,49.999999999994216,49.99999999999426,49.99999999999432,49.999999999994394,49.999999999994486,49.999999999994586,49.99999999999471,49.999999999994834,49.999999999994984,49.99999999999514,49.99999999999532,49.9999999999955,49.9999999999957,49.99999999999592,49.99999999999616,49.99999999999642,49.999999999996696,49.999999999997
42900.0,49.999999999994166,49.999999999994166,49.99999999999418,49.999999999994216,49.99999999999426,49.99999999999432,49.999999999994394,49.999999999994486,49.999999999994586,49.99999999999471,49.999999999994834,49.999999999994984,49.99999999999514,49.99999999999532,49.9999999999955,49.9999999999957,49.99999999999592,49.99999999999616,49.99999999999642,49.999999999996696,49.999999999997
42960.0,49.999999999994166,49.999999999994166,49.99999999999418,49.999999999994216,49.99999999999426,49.99999999999432,49.999999999994394,49.999999999994486,49.999999999994586,49.99999999999471,49.999999999994834,49.999999999994984,49.99999999999514,49.99999999999532,49.9999999999955,49.9999999999957,49.99999999999592,49.99999999999616,49.99999999999642,49.999999999996696,49.999999999997
43020.0,49.999999999994166,49.999999999994166,49.99999999999418,49.999999999994216,49.99999999999426,49.99999999999432,49.999999999994394,49.999999999994486,49.999999999994586,49.99999999999471,49.999999999994834,49.999999999994984,49.99999999999514,49.99999999999532,49.9999999999955,49.9999999999957,49.99999999999592,49.99999999999616,49.99999999999642,49.999999999996696,49.999999999997
43080.0,49.999999999994166,49.999999999994166,49.99999999999418,49.999999999994216,49.99999999999426,49.99999999999432,49.999999999994394,49.999999999994486,49.999999999994586,49.99999999999471,49.999999999994834,49.999999999994984,49.99999999999514,49.99999999999532,49.9999999999955,49.9999999999957,49.99999999999592,49.99999999999616,49.99999999999642,49.999999999996696,49.999999999997
43140.0,49.999999999994166,49.999999999994166,49.99999999999418,49.999999999994216,49.99999999999426,49.99999999999432,49.999999999994394,49.999999999994486,49.999999999994586,49.99999999999471,49.999999999994834,49.999999999994984,49.99999999999514,49.99999999999532,49.9999999999955,49.9999999999957,49.99999999999592,49.99999999999616,49.99999999999642,49.999999999996696,49.999999999997
43200.0,49.999999999994166,49.999999999994166,49.99999999999418,49.999999999994216,49.99999999999426,49.99999999999432,49.999999999994394,49.999999999994486,49.999999999994586,49.99999999999471,49.999999999994834,49.999999999994984,49.99999999999514,49.99999999999532,49.9999999999955,49.9999999999957,49.99999999999592,49.99999999999616,49.99999999999642,49.999999999996696,49.999999999997
43260.0,49.999999999994166,49.999999999994166,49.99999999999418,49.999999999994216,49.99999999999426,49.99999999999432,49.999999999994394,49.999999999994486,49.999999999994586,49.99999999999471,49.999999999994834,49.999999999994984,49.99999999999514,49.99999999999532,49.9999999999955,49.9999999999957,49.99999999999592,49.99999999999616,49.99999999999642,49.999999999996696,49.999999999997
43320.0,49.999999999994166,49.999999999994166,49.99999999999418,49.999999999994216,49.99999999999426,49.99999999999432,49.999999999994394,49.999999999994486,49.999999999994586,49.99999999999471,49.999999999994834,49.999999999994984,49.99999999999514,49.99999999999532,49.9999999999955,49.9999999999957,49.99999999999592,49.99999999999616,49.99999999999642,49.999999999996696,49.999999999997
43380.0,49.999999999994166,49.999999999994166,49.99999999999418,49.999999999994216,49.99999999999426,49.99999999999432,49.999999999994394,49.999999999994486,49.999999999994586,49.99999999999471,49.999999999994834,49.999999999994984,49.99999999999514,49.99999999999532,49.9999999999955,49.9999999999957,49.99999999999592,49.99999999999616,49.99999999999642,49.999999999996696,49.999999999997
43440.0,49.999999999994166,49.999999999994166,49.99999999999418,49.999999999994216,49.99999999999426,49.99999999999432,49.999999999994394,49.999999999994486,49.999999999994586,49.99999999999471,49.999999999994834,49.999999999994984,49.99999999999514,49.99999999999532,49.9999999999955,49.9999999999957,49.99999999999592,49.99999999999616,49.99999999999642,49.999999999996696,49.999999999997
43500.0,49.999999999994166,49.999999999994166,49.99999999999418,49.999999999994216,49.99999999999426,49.99999999999432,49.999999999994394,49.999999999994486,49.999999999994586,49.99999999999471,49.999999999994834,49.999999999994984,49.99999999999514,49.99999999999532,49.9999999999955,49.9999999999957,49.99999999999592,49.99999999999616,49.99999999999642,49.999999999996696,49.999999999997
43560.0,49.999999999994166,49.999999999994166,49.99999999999418,49.999999999994216,49.99999999999426,49.99999999999432,49.999999999994394,49.999999999994486,49.999999999994586,49.99999999999471,49.999999999994834,49.999999999994984,49.99999999999514,49.99999999999532,49.9999999999955,49.9999999999957,49.99999999999592,49.99999999999616,49.99999999999642,49.999999999996696,49.999999999997
43620.0,49.999999999994166,49.999999999994166,49.99999999999418,49.999999999994216,49.99999999999426,49.99999999999432,49.999999999994394,49.999999999994486,49.999999999994586,49.99999999999471,49.999999999994834,49.999999999994984,49.99999999999514,49.99999999999532,49.9999999999955,49.9999999999957,49.99999999999592,49.99999999999616,49.99999999999642,49.999999999996696,49.999999999997
43680.0,49.999999999994166,49.999999999994166,49.99999999999418,49.999999999994216,49.99999999999426,49.99999999999432,49.999999999994394,49.999999999994486,49.999999999994586,49.99999999999471,49.999999999994834,49.999999999994984,49.99999999999514,49.99999999999532,49.9999999999955,49.9999999999957,49.99999999999592,49.99999999999616,49.99999999999642,49.999999999996696,49.999999999997
43740.0,49.999999999994166,49.999999999994166,49.99999999999418,49.999999999994216,49.99999999999426,49.99999999999432,49.999999999994394,49.999999999994486,49.999999999994586,49.99999999999471,49.999999999994834,49.999999999994984,49.99999999999514,49.99999999999532,49.9999999999955,49.9999999999957,49.99999999999592,49.99999999999616,49.99999999999642,49.999999999996696,49.999999999997
43800.0,49.999999999994166,49.999999999994166,49.99999999999418,49.999999999994216,49.99999999999426,49.99999999999432,49.999999999994394,49.999999999994486,49.999999999994586,49.99999999999471,49.999999999994834,49.999999999994984,49.99999999999514,49.99999999999532,49.9999999999955,49.9999999999957,49.99999999999592,49.99999999999616,49.99999999999642,49.999999999996696,49.999999999997
43860.0,49.999999999994166,49.999999999994166,49.99999999999418,49.999999999994216,49.99999999999426,49.99999999999432,49.999999999994394,49.999999999994486,49.999999999994586,49.99999999999471,49.999999999994834,49.999999999994984,49.99999999999514,49.99999999999532,49.9999999999955,49.9999999999957,49.99999999999592,49.99999999999616,49.99999999999642,49.999999999996696,49.999999999997
43920.0,49.999999999994166,49.999999999994166,49.99999999999418,49.999999999994216,49.99999999999426,49.99999999999432,49.999999999994394,49.999999999994486,49.999999999994586,49.99999999999471,49.999999999994834,49.999999999994984,49.99999999999514,49.99999999999532,49.9999999999955,49.9999999999957,49.99999999999592,49.99999999999616,49.99999999999642,49.999999999996696,49.999999999997
43980.0,49.999999999994166,49.999999999994166,49.99999999999418,49.999999999994216,49.99999999999426,49.99999999999432,49.999999999994394,49.999999999994486,49.999999999994586,49.99999999999471,49.999999999994834,49.999999999994984,49.99999999999514,49.99999999999532,49.9999999999955,49.9999999999957,49.99999999999592,49.99999999999616,49.99999999999642,49.999999999996696,49.999999999997
44040.0,49.999999999994166,49.999999999994166,49.99999999999418,49.999999999994216,49.99999999999426,49.99999999999432,49.999999999994394,49.999999999994486,49.999999999994586,49.99999999999471,49.999999999994834,49.999999999994984,49.99999999999514,49.99999999999532,49.9999999999955,49.9999999999957,49.99999999999592,49.99999999999616,49.99999999999642,49.999999999996696,49.999999999997
44100.0,49.999999999994166,49.999999999994166,49.99999999999418,49.999999999994216,49.99999999999426,49.99999999999432,49.999999999994394,49.999999999994486,49.999999999994586,49.99999999999471,49.999999999994834,49.999999999994984,49.99999999999514,49.99999999999532,49.9999999999955,49.9999999999957,49.99999999999592,49.99999999999616,49.99999999999642,49.999999999996696,49.999999999997
44160.0,49.999999999994166,49.999999999994166,49.99999999999418,49.999999999994216,49.99999999999426,49.99999999999432,49.999999999994394,49.999999999994486,49.999999999994586,49.99999999999471,49.999999999994834,49.999999999994984,49.99999999999514,49.99999999999532,49.9999999999955,49.9999999999957,49.99999999999592,49.99999999999616,49.99999999999642,49.999999999996696,49.999999999997
44220.0,49.999999999994166,49.999999999994166,49.99999999999418,49.999999999994216,49.99999999999426,49.99999999999432,49.999999999994394,49.999999999994486,49.999999999994586,49.99999999999471,49.999999999994834,49.999999999994984,49.99999999999514,49.99999999999532,49.9999999999955,49.9999999999957,49.99999999999592,49.99999999999616,49.99999999999642,49.999999999996696,49.999999999997
44280.0,49.99999999999427,49.99999999999427,49.999999999994294,49.99999999999432,49.99999999999437,49.99999999999443,49.9999999999945,49.999999999994586,49.999999999994685,49.9999999999948,49.99999999999493,49.99999999999507,49.999999999995225,49.999999999995396,49.99999999999558,49.99999999999578,49.999999999996,49.999999999996234,49.99999999999648,49.99999999999675,49.99999999999705
44340.0,49.99999999999427,49.99999999999427,49.999999999994294,49.99999999999432,49.99999999999437,49.99999999999443,49.9999999999945,49.999999999994586,49.999999999994685,49.9999999999948,49.99999999999493,49.99999999999507,49.999999999995225,49.999999999995396,49.99999999999558,49.99999999999578,49.999999999996,49.999999999996234,49.99999999999648,49.99999999999675,49.99999999999705
44400.0,49.99999999999427,49.99999999999427,49.999999999994294,49.99999999999432,49.99999999999437,49.99999999999443,49.9999999999945,49.999999999994586,49.999999999994685,49.9999999999948,49.99999999999493,49.99999999999507,49.999999999995225,49.999999999995396,49.99999999999558,49.99999999999578,49.999999999996,49.999999999996234,49.99999999999648,49.99999999999675,49.99999999999705
44460.0,49.99999999999427,49.99999999999427,49.999999999994294,49.99999999999432,49.99999999999437,49.99999999999443,49.99999999999451,49.99999999999459,49.99999999999469,49.999999999994806,49.999999999994934,49.999999999995076,49.99999999999523,49.9999999999954,49.99999999999559,49.99999999999579,49.999999999996,49.999999999996234,49.99999999999648,49.99999999999675,49.99999999999705
44520.0,49.99999999999427,49.99999999999427,49.999999999994294,49.99999999999432,49.99999999999437,49.99999999999443,49.99999999999451,49.99999999999459,49.99999999999469,49.999999999994806,49.999999999994934,49.999999999995076,49.99999999999523,49.9999999999954,49.99999999999559,49.99999999999579,49.999999999996,49.999999999996234,49.99999999999648,49.99999999999675,49.99999999999705
44580.0,49.99999999999427,49.99999999999427,49.999999999994294,49.99999999999432,49.99999999999437,49.99999999999443,49.99999999999451,49.99999999999459,49.99999999999469,49.999999999994806,49.999999999994934,49.999999999995076,49.99999999999523,49.9999999999954,49.99999999999559,49.99999999999579,49.999999999996,49.999999999996234,49.99999999999648,49.99999999999675,49.99999999999705
44640.0,49.99999999999427,49.99999999999427,49.999999999994294,49.99999999999432,49.99999999999437,49.99999999999443,49.99999999999451,49.99999999999459,49.99999999999469,49.999999999994806,49.999999999994934,49.999999999995076,49.99999999999523,49.9999999999954,49.99999999999559,49.99999999999579,49.999999999996,49.999999999996234,49.99999999999648,49.99999999999675,49.99999999999705
44700.0,49.99999999999427,49.99999999999427,49.999999999994294,49.99999999999432,49.99999999999437,49.99999999999443,49.99999999999451,49.99999999999459,49.99999999999469,49.999999999994806,49.999999999994934,49.999999999995076,49.99999999999523,49.9999999999954,49.99999999999559,49.99999999999579,49.999999999996,49.999999999996234,49.99999999999648,49.99999999999675,49.99999999999705
44760.0,49.99999999999427,49.99999999999427,49.999999999994294,49.99999999999432,49.99999999999437,49.99999999999443,49.99999999999451,49.99999999999459,49.99999999999469,49.999999999994806,49.999999999994934,49.999999999995076,49.99999999999523,49.9999999999954,49.99999999999559,49.99999999999579,49.999999999996,49.999999999996234,49.99999999999648,49.99999999999675,49.99999999999705
44820.0,49.99999999999427,49.99999999999427,49.999999999994294,49.99999999999432,49.99999999999437,49.99999999999443,49.99999999999451,49.99999999999459,49.99999999999469,49.999999999994806,49.999999999994934,49.999999999995076,49.99999999999523,49.9999999999954,49.99999999999559,49.99999999999579,49.999999999996,49.999999999996234,49.99999999999649,49.99999999999676,49.99999999999706
44880.0,49.99999999999427,49.99999999999427,49.999999999994294,49.99999999999432,49.99999999999437,49.99999999999443,49.99999999999451,49.99999999999459,49.99999999999469,49.999999999994806,49.999999999994934,49.999999999995076,49.99999999999523,49.9999999999954,49.99999999999559,49.99999999999579,49.999999999996,49.999999999996234,49.99999999999649,49.99999999999676,49.99999999999706
44940.0,49.99999999999427,49.99999999999427,49.999999999994294,49.99999999999432,49.99999999999437,49.99999999999443,49.99999999999451,49.99999999999459,49.99999999999469,49.999999999994806,49.999999999994934,49.999999999995076,49.99999999999523,49.9999999999954,49.99999999999559,49.99999999999579,49.999999999996,49.999999999996234,49.99999999999649,49.99999999999676,49.99999999999706
45000.0,49.99999999999427,49.99999999999427,49.999999999994294,49.99999999999432,49.99999999999437,49.99999999999443,49.99999999999451,49.99999999999459,49.99999999999469,49.999999999994806,49.999999999994934,49.999999999995076,49.99999999999523,49.9999999999954,49.99999999999559,49.99999999999579,49.999999999996,49.999999999996234,49.99999999999649,49.99999999999676,49.99999999999706
45060.0,49.99999999999427,49.99999999999427,49.999999999994294,49.99999999999432,49.99999999999437,49.99999999999443,49.99999999999451,49.99999999999459,49.99999999999469,49.999999999994806,49.999999999994934,49.999999999995076,49.99999999999523,49.9999999999954,49.99999999999559,49.99999999999579,49.999999999996,49.999999999996234,49.99999999999649,49.99999999999676,49.99999999999706
45120.0,49.99999999999427,49.99999999999427,49.999999999994294,49.99999999999432,49.99999999999437,49.99999999999443,49.99999999999451,49.99999999999459,49.99999999999469,49.999999999994806,49.999999999994934,49.999999999995076,49.99999999999523,49.9999999999954,49.99999999999559,49.99999999999579,49.999999999996,49.999999999996234,49.99999999999649,49.99999999999676,49.99999999999706
45180.0,49.99999999999427,49.99999999999427,49.999999999994294,49.99999999999432,49.99999999999437,49.99999999999443,49.99999999999451,49.99999999999459,49.99999999999469,49.999999999994806,49.999999999994934,49.999999999995076,49.99999999999523,49.9999999999954,49.99999999999559,49.99999999999579,49.999999999996,49.999999999996234,49.99999999999649,49.99999999999676,49.99999999999706
45240.0,49.99999999999427,49.99999999999427,49.999999999994294,49.99999999999432,49.99999999999437,49.99999999999443,49.99999999999451,49.99999999999459,49.99999999999469,49.999999999994806,49.999999999994934,49.999999999995076,49.99999999999523,49.9999999999954,49.99999999999559,49.99999999999579,49.999999999996,49.999999999996234,49.99999999999649,49.99999999999676,49.99999999999706
45300.0,49.99999999999427,49.99999999999427,49.999999999994294,49.99999999999432,49.99999999999437,49.99999999999443,49.99999999999451,49.99999999999459,49.99999999999469,49.999999999994806,49.999999999994934,49.999999999995076,49.99999999999523,49.9999999999954,49.99999999999559,49.99999999999579,49.999999999996,49.999999999996234,49.99999999999649,49.99999999999676,49.99999999999706
45360.0,49.99999999999427,49.99999999999427,49.999999999994294,49.99999999999432,49.99999999999437,49.99999999999443,49.99999999999451,49.99999999999459,49.99999999999469,49.999999999994806,49.999999999994934,49.999999999995076,49.99999999999523,49.9999999999954,49.99999999999559,49.99999999999579,49.999999999996,49.999999999996234,49.99999999999649,49.99999999999676,49.99999999999706
45420.0,49.99999999999427,49.99999999999427,49.999999999994294,49.99999999999432,49.99999999999437,49.99999999999443,49.99999999999451,49.99999999999459,49.99999999999469,49.999999999994806,49.999999999994934,49.999999999995076,49.99999999999523,49.9999999999954,49.99999999999559,49.99999999999579,49.999999999996,49.999999999996234,49.99999999999649,49.99999999999676,49.99999999999706
45480.0,49.99999999999427,49.99999999999427,49.999999999994294,49.99999999999432,49.99999999999437,49.99999999999443,49.99999999999451,49.99999999999459,49.99999999999469,49.999999999994806,49.999999999994934,49.999999999995076,49.99999999999523,49.9999999999954,49.99999999999559,49.99999999999579,49.999999999996,49.999999999996234,49.99999999999649,49.99999999999676,49.99999999999706
45540.0,49.99999999999427,49.99999999999427,49.999999999994294,49.99999999999432,49.99999999999437,49.99999999999443,49.99999999999451,49.99999999999459,49.99999999999469,49.999999999994806,49.999999999994934,49.999999999995076,49.99999999999523,49.9999999999954,49.99999999999559,49.99999999999579,49.999999999996,49.999999999996234,49.99999999999649,49.99999999999676,49.99999999999706
45600.0,49.99999999999427,49.99999999999427,49.999999999994294,49.99999999999432,49.99999999999437,49.99999999999443,49.99999999999451,49.99999999999459,49.99999999999469,49.999999999994806,49.999999999994934,49.999999999995076,49.99999999999523,49.9999999999954,49.99999999999559,49.99999999999579,49.999999999996,49.999999999996234,49.99999999999649,49.99999999999676,49.99999999999706
45660.0,49.99999999999427,49.99999999999427,49.999999999994294,49.99999999999432,49.99999999999437,49.99999999999443,49.99999999999451,49.99999999999459,49.99999999999469,49.999999999994806,49.999999999994934,49.999999999995076,49.99999999999523,49.9999999999954,49.99999999999559,49.99999999999579,49.999999999996,49.999999999996234,49.99999999999649,49.99999999999676,49.999999999997065
45720.0,49.99999999999427,49.99999999999427,49.999999999994294,49.99999999999432,49.99999999999437,49.99999999999443,49.99999999999451,49.99999999999459,49.99999999999469,49.999999999994806,49.999999999994934,49.999999999995076,49.99999999999523,49.9999999999954,49.99999999999559,49.99999999999579,49.999999999996,49.999999999996234,49.99999999999649,49.99999999999676,49.999999999997065
45780.0,49.99999999999427,49.99999999999427,49.999999999994294,49.99999999999432,49.99999999999437,49.99999999999443,49.99999999999451,49.99999999999459,49.99999999999469,49.999999999994806,49.999999999994934,49.999999999995076,49.99999999999523,49.9999999999954,49.99999999999559,49.99999999999579,49.999999999996,49.999999999996234,49.99999999999649,49.99999999999676,49.999999999997065
45840.0,49.99999999999427,49.99999999999427,49.999999999994294,49.99999999999432,49.99999999999437,49.99999999999443,49.99999999999451,49.99999999999459,49.99999999999469,49.999999999994806,49.999999999994934,49.999999999995076,49.99999999999523,49.9999999999954,49.99999999999559,49.99999999999579,49.999999999996,49.999999999996234,49.99999999999649,49.99999999999676,49.999999999997065
45900.0,49.99999999999427,49.99999999999427,49.999999999994294,49.99999999999432,49.99999999999437,49.99999999999443,49.99999999999451,49.99999999999459,49.99999999999469,49.999999999994806,49.999999999994934,49.999999999995076,49.99999999999523,49.9999999999954,49.99999999999559,49.99999999999579,49.999999999996,49.999999999996234,49.99999999999649,49.99999999999676,49.999999999997065
45960.0,49.99999999999427,49.99999999999427,49.999999999994294,49.99999999999432,49.99999999999437,49.99999999999443,49.99999999999451,49.99999999999459,49.99999999999469,49.999999999994806,49.999999999994934,49.999999999995076,49.99999999999523,49.9999999999954,49.99999999999559,49.99999999999579,49.999999999996,49.999999999996234,49.99999999999649,49.99999999999676,49.999999999997065
46020.0,49.99999999999427,49.99999999999427,49.999999999994294,49.99999999999432,49.99999999999437,49.99999999999443,49.99999999999451,49.99999999999459,49.99999999999469,49.999999999994806,49.999999999994934,49.999999999995076,49.99999999999523,49.9999999999954,49.99999999999559,49.99999999999579,49.999999999996,49.999999999996234,49.99999999999649,49.99999999999676,49.999999999997065
46080.0,49.99999999999427,49.99999999999427,49.999999999994294,49.99999999999432,49.99999999999437,49.99999999999443,49.99999999999451,49.99999999999459,49.9999999999947,49.99999999999481,49.99999999999495,49.99999999999509,49.999999999995254,49.999999999995424,49.99999999999561,49.99999999999581,49.99999999999602,49.999999999996255,49.999999999996504,49.999999999996774,49.99999999999707
46140.0,49.99999999999427,49.99999999999427,49.999999999994294,49.99999999999432,49.99999999999437,49.99999999999443,49.99999999999451,49.99999999999459,49.9999999999947,49.99999999999481,49.99999999999495,49.99999999999509,49.999999999995254,49.999999999995424,49.99999999999561,49.99999999999581,49.99999999999602,49.999999999996255,49.999999999996504,49.999999999996774,49.99999999999707
46200.0,49.99999999999427,49.99999999999427,49.999999999994294,49.99999999999432,49.99999999999437,49.99999999999443,49.99999999999451,49.99999999999459,49.9999999999947,49.99999999999481,49.99999999999495,49.99999999999509,49.999999999995254,49.999999999995424,49.99999999999561,49.99999999999581,49.99999999999602,49.999999999996255,49.999999999996504,49.999999999996774,49.99999999999707
46260.0,49.99999999999427,49.99999999999427,49.999999999994294,49.99999999999432,49.99999999999437,49.99999999999443,49.99999999999451,49.99999999999459,49.9999999999947,49.99999999999481,49.99999999999495,49.99999999999509,49.999999999995254,49.999999999995424,49.99999999999561,49.99999999999581,49.99999999999602,49.999999999996255,49.999999999996504,49.999999999996774,49.99999999999707
46320.0,49.99999999999427,49.99999999999427,49.999999999994294,49.99999999999432,49.99999999999437,49.99999999999443,49.99999999999451,49.99999999999459,49.9999999999947,49.99999999999481,49.99999999999495,49.99999999999509,49.999999999995254,49.999999999995424,49.99999999999561,49.99999999999581,49.99999999999602,49.999999999996255,49.999999999996504,49.999999999996774,49.99999999999707
46380.0,49.99999999999427,49.99999999999427,49.999999999994294,49.99999999999432,49.99999999999437,49.99999999999443,49.99999999999451,49.99999999999459,49.9999999999947,49.99999999999481,49.99999999999495,49.99999999999509,49.999999999995254,49.999999999995424,49.99999999999561,49.99999999999581,49.99999999999602,49.999999999996255,49.999999999996504,49.999999999996774,49.99999999999707
46440.0,49.99999999999427,49.99999999999427,49.999999999994294,49.99999999999432,49.99999999999437,49.99999999999443,49.99999999999451,49.99999999999459,49.9999999999947,49.99999999999481,49.99999999999495,49.99999999999509,49.999999999995254,49.999999999995424,49.99999999999561,49.99999999999581,49.99999999999602,49.999999999996255,49.999999999996504,49.999999999996774,49.99999999999707
46500.0,49.99999999999427,49.99999999999427,49.999999999994294,49.99999999999432,49.99999999999437,49.99999999999443,49.99999999999451,49.99999999999459,49.9999999999947,49.99999999999481,49.99999999999495,49.99999999999509,49.999999999995254,49.999999999995424,49.99999999999561,49.99999999999581,49.99999999999602,49.999999999996255,49.999999999996504,49.999999999996774,49.99999999999707
46560.0,49.99999999999427,49.99999999999427,49.999999999994294,49.99999999999432,49.99999999999437,49.99999999999443,49.99999999999451,49.99999999999459,49.9999999999947,49.99999999999481,49.99999999999495,49.99999999999509,49.999999999995254,49.999999999995424,49.99999999999561,49.99999999999581,49.99999999999602,49.999999999996255,49.999999999996504,49.999999999996774,49.99999999999707
46620.0,49.99999999999427,49.99999999999427,49.999999999994294,49.99999999999432,49.99999999999437,49.99999999999443,49.99999999999451,49.99999999999459,49.9999999999947,49.99999999999481,49.99999999999495,49.99999999999509,49.999999999995254,49.999999999995424,49.99999999999561,49.99999999999581,49.99999999999602,49.999999999996255,49.999999999996504,49.999999999996774,49.99999999999707
46680.0,49.99999999999427,49.99999999999427,49.999999999994294,49.99999999999432,49.99999999999437,49.99999999999443,49.99999999999451,49.99999999999459,49.9999999999947,49.99999999999481,49.99999999999495,49.99999999999509,49.999999999995254,49.999999999995424,49.99999999999561,49.99999999999581,49.99999999999602,49.999999999996255,49.999999999996504,49.999999999996774,49.99999999999707
46740.0,49.99999999999427,49.99999999999427,49.999999999994294,49.99999999999432,49.99999999999437,49.99999999999443,49.99999999999451,49.99999999999459,49.9999999999947,49.99999999999481,49.99999999999495,49.99999999999509,49.999999999995254,49.999999999995424,49.99999999999561,49.99999999999581,49.99999999999602,49.999999999996255,49.999999999996504,49.999999999996774,49.99999999999707
46800.0,49.99999999999427,49.99999999999427,49.999999999994294,49.99999999999432,49.99999999999437,49.99999999999443,49.99999999999451,49.99999999999459,49.9999999999947,49.99999999999481,49.99999999999495,49.99999999999509,49.999999999995254,49.999999999995424,49.99999999999561,49.99999999999581,49.99999999999602,49.999999999996255,49.999999999996504,49.999999999996774,49.99999999999707
46860.0,49.99999999999427,49.99999999999427,49.999999999994294,49.99999999999432,49.99999999999437,49.99999999999443,49.99999999999451,49.99999999999459,49.9999999999947,49.99999999999481,49.99999999999495,49.99999999999509,49.999999999995254,49.999999999995424,49.99999999999561,49.99999999999581,49.99999999999602,49.999999999996255,49.999999999996504,49.999999999996774,49.99999999999707
46920.0,49.99999999999427,49.99999999999427,49.999999999994294,49.99999999999432,49.99999999999437,49.99999999999443,49.99999999999451,49.99999999999459,49.9999999999947,49.99999999999481,49.99999999999495,49.99999999999509,49.999999999995254,49.999999999995424,49.99999999999561,49.99999999999581,49.99999999999602,49.999999999996255,49.999999999996504,49.999999999996774,49.99999999999707
46980.0,49.99999999999427,49.99999999999427,49.999999999994294,49.99999999999432,49.99999999999437,49.99999999999443,49.99999999999451,49.99999999999459,49.9999999999947,49.99999999999481,49.99999999999495,49.99999999999509,49.999999999995254,49.999999999995424,49.99999999999561,49.99999999999581,49.99999999999602,49.999999999996255,49.999999999996504,49.999999999996774,49.99999999999707
47040.0,49.99999999999427,49.99999999999427,49.999999999994294,49.99999999999432,49.99999999999437,49.99999999999443,49.99999999999451,49.99999999999459,49.9999999999947,49.99999999999481,49.99999999999495,49.99999999999509,49.999999999995254,49.999999999995424,49.99999999999561,49.99999999999581,49.99999999999602,49.999999999996255,49.999999999996504,49.999999999996774,49.99999999999707
47100.0,49.99999999999427,49.99999999999427,49.999999999994294,49.99999999999432,49.99999999999437,49.99999999999443,49.99999999999451,49.99999999999459,49.9999999999947,49.99999999999481,49.99999999999495,49.99999999999509,49.999999999995254,49.999999999995424,49.99999999999561,49.99999999999581,49.99999999999602,49.999999999996255,49.999999999996504,49.999999999996774,49.99999999999707
47160.0,49.99999999999427,49.99999999999427,49.999999999994294,49.99999999999432,49.99999999999437,49.99999999999443,49.99999999999451,49.99999999999459,49.9999999999947,49.99999999999481,49.99999999999495,49.99999999999509,49.999999999995254,49.999999999995424,49.99999999999561,49.99999999999581,49.99999999999602,49.999999999996255,49.999999999996504,49.999999999996774,49.99999999999707
47220.0,49.99999999999427,49.99999999999427,49.999999999994294,49.99999999999432,49.99999999999437,49.99999999999443,49.99999999999451,49.99999999999459,49.9999999999947,49.99999999999481,49.99999999999495,49.99999999999509,49.999999999995254,49.999999999995424,49.99999999999561,49.99999999999581,49.99999999999602,49.999999999996255,49.999999999996504,49.999999999996774,49.99999999999707
47280.0,49.99999999999427,49.99999999999427,49.999999999994294,49.99999999999432,49.99999999999437,49.99999999999443,49.99999999999451,49.99999999999459,49.9999999999947,49.99999999999481,49.99999999999495,49.99999999999509,49.999999999995254,49.999999999995424,49.99999999999561,49.99999999999581,49.99999999999602,49.999999999996255,49.999999999996504,49.999999999996774,49.99999999999707
47340.0,49.99999999999427,49.99999999999427,49.999999999994294,49.99999999999432,49.99999999999437,49.99999999999443,49.99999999999451,49.99999999999459,49.9999999999947,49.99999999999481,49.99999999999495,49.99999999999509,49.999999999995254,49.999999999995424,49.99999999999561,49.99999999999581,49.99999999999602,49.999999999996255,49.999999999996504,49.999999999996774,49.99999999999707
47400.0,49.99999999999427,49.99999999999427,49.999999999994294,49.99999999999432,49.99999999999437,49.99999999999443,49.99999999999451,49.99999999999459,49.9999999999947,49.99999999999481,49.99999999999495,49.99999999999509,49.999999999995254,49.999999999995424,49.99999999999561,49.99999999999581,49.99999999999602,49.999999999996255,49.999999999996504,49.999999999996774,49.99999999999707
47460.0,49.99999999999427,49.99999999999427,49.999999999994294,49.99999999999432,49.99999999999437,49.99999999999443,49.99999999999451,49.99999999999459,49.9999999999947,49.99999999999481,49.99999999999495,49.99999999999509,49.999999999995254,49.999999999995424,49.99999999999561,49.99999999999581,49.99999999999602,49.999999999996255,49.999999999996504,49.999999999996774,49.99999999999707
47520.0,49.99999999999427,49.99999999999427,49.999999999994294,49.99999999999432,49.99999999999437,49.99999999999443,49.99999999999451,49.99999999999459,49.9999999999947,49.99999999999481,49.99999999999495,49.99999999999509,49.999999999995254,49.999999999995424,49.99999999999561,49.99999999999581,49.99999999999602,49.999999999996255,49.999999999996504,49.999999999996774,49.99999999999707
47580.0,49.99999999999427,49.99999999999427,49.999999999994294,49.99999999999432,49.99999999999437,49.99999999999443,49.99999999999451,49.99999999999459,49.9999999999947,49.99999999999481,49.99999999999495,49.99999999999509,49.999999999995254,49.999999999995424,49.99999999999561,49.99999999999581,49.99999999999602,49.999999999996255,49.999999999996504,49.999999999996774,49.99999999999707
47640.0,49.99999999999427,49.99999999999427,49.999999999994294,49.99999999999432,49.99999999999437,49.99999999999443,49.99999999999451,49.99999999999459,49.9999999999947,49.99999999999481,49.99999999999495,49.99999999999509,49.999999999995254,49.999999999995424,49.99999999999561,49.99999999999581,49.99999999999602,49.999999999996255,49.999999999996504,49.999999999996774,49.99999999999707
47700.0,49.99999999999427,49.99999999999427,49.999999999994294,49.99999999999432,49.99999999999437,49.99999999999443,49.99999999999451,49.99999999999459,49.9999999999947,49.99999999999481,49.99999999999495,49.99999999999509,49.999999999995254,49.999999999995424,49.99999999999561,49.99999999999581,49.99999999999602,49.999999999996255,49.99999999999651,49.99999999999678,49.99999999999708
47760.0,49.99999999999427,49.99999999999427,49.999999999994294,49.99999999999432,49.99999999999437,49.99999999999443,49.99999999999451,49.99999999999459,49.9999999999947,49.99999999999481,49.99999999999495,49.99999999999509,49.999999999995254,49.999999999995424,49.99999999999561,49.99999999999581,49.99999999999602,49.999999999996255,49.99999999999651,49.99999999999678,49.99999999999708
47820.0,49.99999999999427,49.99999999999427,49.999999999994294,49.99999999999432,49.99999999999437,49.99999999999443,49.99999999999451,49.99999999999459,49.9999999999947,49.99999999999481,49.99999999999495,49.99999999999509,49.999999999995254,49.999999999995424,49.99999999999561,49.99999999999581,49.99999999999602,49.999999999996255,49.99999999999651,49.99999999999678,49.99999999999708
47880.0,49.99999999999427,49.99999999999427,49.999999999994294,49.99999999999432,49.99999999999437,49.99999999999443,49.99999999999451,49.99999999999459,49.9999999999947,49.99999999999481,49.99999999999495,49.99999999999509,49.999999999995254,49.999999999995424,49.99999999999561,49.99999999999581,49.99999999999602,49.999999999996255,49.99999999999651,49.99999999999678,49.99999999999708
47940.0,49.99999999999427,49.99999999999427,49.999999999994294,49.99999999999432,49.99999999999437,49.99999999999443,49.99999999999451,49.99999999999459,49.9999999999947,49.99999999999481,49.99999999999495,49.99999999999509,49.999999999995254,49.999999999995424,49.99999999999561,49.99999999999581,49.99999999999602,49.999999999996255,49.99999999999651,49.99999999999678,49.99999999999708
48000.0,49.99999999999427,49.99999999999427,49.999999999994294,49.99999999999432,49.99999999999437,49.99999999999443,49.99999999999451,49.99999999999459,49.9999999999947,49.99999999999481,49.99999999999495,49.99999999999509,49.999999999995254,49.999999999995424,49.99999999999561,49.99999999999581,49.99999999999602,49.999999999996255,49.99999999999651,49.99999999999678,49.99999999999708
48060.0,49.99999999999427,49.99999999999427,49.999999999994294,49.99999999999432,49.99999999999437,49.99999999999443,49.99999999999451,49.99999999999459,49.9999999999947,49.99999999999481,49.99999999999495,49.99999999999509,49.999999999995254,49.999999999995424,49.99999999999561,49.99999999999581,49.99999999999602,49.999999999996255,49.99999999999651,49.99999999999678,49.99999999999708
48120.0,49.99999999999427,49.99999999999427,49.999999999994294,49.99999999999432,49.99999999999437,49.99999999999443,49.99999999999451,49.99999999999459,49.9999999999947,49.99999999999481,49.99999999999495,49.99999999999509,49.999999999995254,49.999999999995424,49.99999999999561,49.99999999999581,49.99999999999602,49.999999999996255,49.99999999999651,49.99999999999678,49.99999999999708
48180.0,49.99999999999427,49.99999999999427,49.999999999994294,49.99999999999432,49.99999999999437,49.99999999999443,49.99999999999451,49.99999999999459,49.9999999999947,49.99999999999481,49.99999999999495,49.99999999999509,49.999999999995254,49.999999999995424,49.99999999999561,49.99999999999581,49.99999999999602,49.999999999996255,49.99999999999651,49.99999999999678,49.99999999999708
48240.0,49.99999999999427,49.99999999999427,49.999999999994294,49.99999999999432,49.99999999999437,49.99999999999443,49.99999999999451,49.99999999999459,49.9999999999947,49.99999999999481,49.99999999999495,49.99999999999509,49.999999999995254,49.999999999995424,49.99999999999561,49.99999999999581,49.99999999999602,49.999999999996255,49.99999999999651,49.99999999999678,49.99999999999708
48300.0,49.99999999999427,49.99999999999427,49.999999999994294,49.99999999999432,49.99999999999437,49.99999999999443,49.99999999999451,49.99999999999459,49.9999999999947,49.99999999999481,49.99999999999495,49.99999999999509,49.999999999995254,49.999999999995424,49.99999999999561,49.99999999999581,49.99999999999602,49.999999999996255,49.99999999999651,49.99999999999678,49.99999999999708
48360.0,49.99999999999427,49.99999999999427,49.999999999994294,49.99999999999432,49.99999999999437,49.99999999999443,49.99999999999451,49.99999999999459,49.9999999999947,49.99999999999481,49.99999999999495,49.99999999999509,49.999999999995254,49.999999999995424,49.99999999999561,49.99999999999581,49.99999999999602,49.999999999996255,49.99999999999651,49.99999999999678,49.99999999999708
48420.0,49.99999999999427,49.99999999999427,49.999999999994294,49.99999999999432,49.99999999999437,49.99999999999443,49.99999999999451,49.99999999999459,49.9999999999947,49.99999999999481,49.99999999999495,49.99999999999509,49.999999999995254,49.999999999995424,49.99999999999561,49.99999999999581,49.99999999999602,49.999999999996255,49.99999999999651,49.99999999999678,49.99999999999708
48480.0,49.99999999999427,49.99999999999427,49.999999999994294,49.99999999999432,49.99999999999437,49.99999999999443,49.99999999999451,49.99999999999459,49.9999999999947,49.99999999999481,49.99999999999495,49.99999999999509,49.999999999995254,49.999999999995424,49.99999999999561,49.99999999999581,49.99999999999602,49.999999999996255,49.99999999999651,49.99999999999678,49.99999999999708
48540.0,49.99999999999427,49.99999999999427,49.999999999994294,49.99999999999432,49.99999999999437,49.99999999999443,49.99999999999451,49.99999999999459,49.9999999999947,49.99999999999481,49.99999999999495,49.99999999999509,49.999999999995254,49.999999999995424,49.99999999999561,49.99999999999581,49.99999999999602,49.999999999996255,49.99999999999651,49.99999999999678,49.99999999999708
48600.0,49.99999999999427,49.99999999999427,49.999999999994294,49.99999999999432,49.99999999999437,49.99999999999443,49.99999999999451,49.99999999999459,49.9999999999947,49.99999999999481,49.99999999999495,49.99999999999509,49.999999999995254,49.999999999995424,49.99999999999561,49.99999999999581,49.99999999999602,49.999999999996255,49.99999999999651,49.99999999999678,49.99999999999708
48660.0,49.99999999999428,49.99999999999428,49.9999999999943,49.99999999999433,49.99999999999438,49.99999999999444,49.999999999994515,49.99999999999461,49.999999999994714,49.99999999999483,49.99999999999496,49.999999999995104,49.99999999999527,49.99999999999544,49.99999999999562,49.99999999999582,49.999999999996035,49.99999999999627,49.99999999999652,49.99999999999679,49.99999999999709
48720.0,49.99999999999431,49.99999999999431,49.99999999999433,49.99999999999436,49.99999999999441,49.999999999994465,49.99999999999454,49.99999999999463,49.999999999994735,49.99999999999485,49.999999999994984,49.999999999995126,49.99999999999529,49.99999999999546,49.999999999995644,49.99999999999584,49.99999999999606,49.99999999999629,49.99999999999654,49.99999999999681,49.99999999999711
48780.0,49.99999999999433,49.99999999999433,49.99999999999435,49.99999999999438,49.99999999999443,49.999999999994486,49.999999999994564,49.99999999999465,49.999999999994756,49.99999999999487,49.999999999995005,49.99999999999515,49.99999999999531,49.99999999999548,49.999999999995666,49.999999999995865,49.99999999999608,49.999999999996305,49.999999999996554,49.99999999999682,49.999999999997115
48840.0,49.99999999999433,49.99999999999433,49.99999999999435,49.99999999999438,49.99999999999443,49.999999999994486,49.999999999994564,49.99999999999465,49.999999999994756,49.99999999999487,49.999999999995005,49.99999999999515,49.99999999999531,49.99999999999548,49.999999999995666,49.999999999995865,49.99999999999608,49.999999999996305,49.999999999996554,49.99999999999682,49.999999999997115
48900.0,49.99999999999433,49.99999999999433,49.99999999999435,49.99999999999438,49.99999999999443,49.999999999994486,49.999999999994564,49.99999999999465,49.999999999994756,49.99999999999487,49.999999999995005,49.99999999999515,49.99999999999531,49.99999999999548,49.999999999995666,49.999999999995865,49.99999999999608,49.999999999996305,49.999999999996554,49.99999999999682,49.999999999997115
48960.0,49.99999999999433,49.99999999999433,49.99999999999435,49.99999999999438,49.99999999999443,49.999999999994486,49.999999999994564,49.99999999999465,49.999999999994756,49.99999999999487,49.999999999995005,49.99999999999515,49.99999999999531,49.99999999999548,49.999999999995666,49.999999999995865,49.99999999999608,49.999999999996305,49.999999999996554,49.99999999999682,49.999999999997115
49020.0,49.99999999999433,49.99999999999433,49.99999999999435,49.99999999999438,49.99999999999443,49.999999999994486,49.999999999994564,49.99999999999465,49.999999999994756,49.99999999999487,49.999999999995005,49.99999999999515,49.99999999999531,49.99999999999548,49.999999999995666,49.999999999995865,49.99999999999608,49.999999999996305,49.999999999996554,49.99999999999682,49.999999999997115
49080.0,49.99999999999433,49.99999999999433,49.99999999999435,49.99999999999438,49.99999999999443,49.999999999994486,49.999999999994564,49.99999999999465,49.999999999994756,49.99999999999487,49.999999999995005,49.99999999999515,49.99999999999531,49.99999999999548,49.999999999995666,49.999999999995865,49.99999999999608,49.999999999996305,49.999999999996554,49.99999999999682,49.999999999997115
49140.0,49.99999999999433,49.99999999999433,49.99999999999435,49.99999999999438,49.99999999999443,49.999999999994486,49.999999999994564,49.99999999999465,49.999999999994756,49.99999999999487,49.999999999995005,49.99999999999515,49.99999999999531,49.99999999999548,49.999999999995666,49.999999999995865,49.99999999999608,49.999999999996305,49.999999999996554,49.99999999999682,49.999999999997115
49200.0,49.99999999999433,49.99999999999433,49.99999999999435,49.99999999999438,49.99999999999443,49.999999999994486,49.999999999994564,49.99999999999465,49.999999999994756,49.99999999999487,49.999999999995005,49.99999999999515,49.99999999999531,49.99999999999548,49.999999999995666,49.999999999995865,49.99999999999608,49.999999999996305,49.999999999996554,49.99999999999682,49.999999999997115
49260.0,49.99999999999433,49.99999999999433,49.99999999999435,49.99999999999438,49.99999999999443,49.999999999994486,49.999999999994564,49.99999999999465,49.999999999994756,49.99999999999487,49.999999999995005,49.99999999999515,49.99999999999531,49.99999999999548,49.999999999995666,49.999999999995865,49.99999999999608,49.999999999996305,49.999999999996554,49.99999999999682,49.999999999997115
49320.0,49.99999999999433,49.99999999999433,49.99999999999435,49.99999999999438,49.99999999999443,49.999999999994486,49.999999999994564,49.99999999999465,49.999999999994756,49.99999999999487,49.999999999995005,49.99999999999515,49.99999999999531,49.99999999999548,49.999999999995666,49.999999999995865,49.99999999999608,49.999999999996305,49.999999999996554,49.999999999996824,49.99999999999712
49380.0,49.99999999999433,49.99999999999433,49.99999999999435,49.99999999999438,49.99999999999443,49.999999999994486,49.999999999994564,49.99999999999465,49.999999999994756,49.99999999999487,49.999999999995005,49.99999999999515,49.99999999999531,49.99999999999548,49.999999999995666,49.999999999995865,49.99999999999608,49.999999999996305,49.999999999996554,49.999999999996824,49.99999999999712
49440.0,49.99999999999433,49.99999999999433,49.99999999999435,49.99999999999438,49.99999999999443,49.999999999994486,49.999999999994564,49.99999999999465,49.999999999994756,49.99999999999487,49.999999999995005,49.99999999999515,49.99999999999531,49.99999999999548,49.999999999995666,49.999999999995865,49.99999999999608,49.999999999996305,49.999999999996554,49.999999999996824,49.99999999999712
49500.0,49.99999999999433,49.99999999999433,49.99999999999435,49.99999999999438,49.99999999999443,49.999999999994486,49.999999999994564,49.99999999999465,49.999999999994756,49.99999999999487,49.999999999995005,49.99999999999515,49.99999999999531,49.99999999999548,49.999999999995666,49.999999999995865,49.99999999999608,49.999999999996305,49.999999999996554,49.999999999996824,49.99999999999712
49560.0,49.99999999999433,49.99999999999433,49.99999999999435,49.99999999999438,49.99999999999443,49.999999999994486,49.999999999994564,49.99999999999465,49.999999999994756,49.99999999999487,49.999999999995005,49.99999999999515,49.99999999999531,49.99999999999548,49.999999999995666,49.999999999995865,49.99999999999608,49.999999999996305,49.999999999996554,49.999999999996824,49.99999999999712
49620.0,49.99999999999433,49.99999999999433,49.99999999999435,49.99999999999438,49.99999999999443,49.999999999994486,49.999999999994564,49.99999999999465,49.999999999994756,49.99999999999487,49.999999999995005,49.99999999999515,49.99999999999531,49.99999999999548,49.999999999995666,49.999999999995865,49.99999999999608,49.999999999996305,49.999999999996554,49.999999999996824,49.99999999999712
49680.0,49.99999999999433,49.99999999999433,49.99999999999435,49.99999999999438,49.99999999999443,49.999999999994486,49.999999999994564,49.99999999999465,49.999999999994756,49.99999999999487,49.999999999995005,49.99999999999515,49.99999999999531,49.99999999999548,49.999999999995666,49.999999999995865,49.99999999999608,49.999999999996305,49.999999999996554,49.999999999996824,49.99999999999712
49740.0,49.99999999999433,49.99999999999433,49.99999999999435,49.99999999999438,49.99999999999443,49.999999999994486,49.999999999994564,49.99999999999465,49.999999999994756,49.99999999999487,49.999999999995005,49.99999999999515,49.99999999999531,49.99999999999548,49.999999999995666,49.999999999995865,49.99999999999608,49.999999999996305,49.999999999996554,49.999999999996824,49.99999999999712
49800.0,49.99999999999433,49.99999999999433,49.99999999999435,49.99999999999438,49.99999999999443,49.999999999994486,49.999999999994564,49.99999999999465,49.999999999994756,49.99999999999487,49.999999999995005,49.99999999999515,49.99999999999531,49.99999999999548,49.999999999995666,49.999999999995865,49.99999999999608,49.999999999996305,49.999999999996554,49.999999999996824,49.99999999999712
49860.0,49.99999999999433,49.99999999999433,49.99999999999435,49.99999999999438,49.99999999999443,49.999999999994486,49.999999999994564,49.99999999999465,49.999999999994756,49.99999999999487,49.999999999995005,49.99999999999515,49.99999999999531,49.99999999999548,49.999999999995666,49.999999999995865,49.99999999999608,49.999999999996305,49.999999999996554,49.999999999996824,49.99999999999712
49920.0,49.99999999999433,49.99999999999433,49.99999999999435,49.99999999999438,49.99999999999443,49.999999999994486,49.999999999994564,49.99999999999465,49.999999999994756,49.99999999999488,49.99999999999501,49.999999999995154,49.999999999995325,49.999999999995495,49.99999999999568,49.99999999999588,49.99999999999609,49.99999999999633,49.999999999996575,49.99999999999684,49.99999999999714
49980.0,49.99999999999435,49.99999999999435,49.99999999999437,49.9999999999944,49.99999999999445,49.99999999999451,49.999999999994586,49.99999999999467,49.99999999999478,49.99999999999489,49.999999999995026,49.99999999999517,49.99999999999533,49.9999999999955,49.99999999999569,49.999999999995886,49.9999999999961,49.99999999999633,49.999999999996575,49.999999999996845,49.999999999997144
50040.0,49.99999999999435,49.99999999999435,49.99999999999437,49.9999999999944,49.99999999999445,49.99999999999451,49.999999999994586,49.99999999999467,49.99999999999478,49.99999999999489,49.999999999995026,49.99999999999517,49.99999999999533,49.9999999999955,49.99999999999569,49.999999999995886,49.9999999999961,49.99999999999633,49.999999999996575,49.999999999996845,49.999999999997144
50100.0,49.99999999999435,49.99999999999435,49.99999999999437,49.9999999999944,49.99999999999445,49.99999999999451,49.999999999994586,49.99999999999467,49.99999999999478,49.99999999999489,49.999999999995026,49.99999999999517,49.99999999999533,49.9999999999955,49.99999999999569,49.999999999995886,49.9999999999961,49.99999999999633,49.999999999996575,49.999999999996845,49.999999999997144
50160.0,49.99999999999435,49.99999999999435,49.99999999999437,49.9999999999944,49.99999999999445,49.99999999999451,49.999999999994586,49.99999999999467,49.99999999999478,49.99999999999489,49.999999999995026,49.99999999999517,49.99999999999533,49.9999999999955,49.99999999999569,49.999999999995886,49.9999999999961,49.99999999999633,49.999999999996575,49.999999999996845,49.999999999997144
50220.0,49.99999999999435,49.99999999999435,49.99999999999437,49.9999999999944,49.99999999999445,49.99999999999451,49.999999999994586,49.99999999999467,49.99999999999478,49.99999999999489,49.999999999995026,49.99999999999517,49.99999999999533,49.9999999999955,49.99999999999569,49.999999999995886,49.9999999999961,49.99999999999633,49.999999999996575,49.999999999996845,49.999999999997144
50280.0,49.99999999999435,49.99999999999435,49.99999999999437,49.9999999999944,49.99999999999445,49.99999999999451,49.999999999994586,49.99999999999467,49.99999999999478,49.99999999999489,49.999999999995026,49.99999999999517,49.99999999999533,49.9999999999955,49.99999999999569,49.999999999995886,49.9999999999961,49.99999999999633,49.999999999996575,49.999999999996845,49.999999999997144
50340.0,49.99999999999435,49.99999999999435,49.99999999999437,49.9999999999944,49.99999999999445,49.99999999999451,49.999999999994586,49.99999999999467,49.99999999999478,49.99999999999489,49.999999999995026,49.99999999999517,49.99999999999533,49.9999999999955,49.99999999999569,49.999999999995886,49.9999999999961,49.99999999999633,49.999999999996575,49.999999999996845,49.999999999997144
50400.0,49.99999999999435,49.99999999999435,49.99999999999437,49.9999999999944,49.99999999999445,49.99999999999451,49.999999999994586,49.99999999999467,49.99999999999478,49.99999999999489,49.999999999995026,49.99999999999517,49.99999999999533,49.9999999999955,49.99999999999569,49.999999999995886,49.9999999999961,49.99999999999633,49.999999999996575,49.999999999996845,49.999999999997144
50460.0,49.99999999999435,49.99999999999435,49.99999999999437,49.9999999999944,49.99999999999445,49.99999999999451,49.999999999994586,49.99999999999467,49.99999999999478,49.99999999999489,49.999999999995026,49.99999999999517,49.99999999999533,49.9999999999955,49.99999999999569,49.999999999995886,49.9999999999961,49.99999999999633,49.999999999996575,49.999999999996845,49.999999999997144
50520.0,49.99999999999435,49.99999999999435,49.99999999999437,49.9999999999944,49.99999999999445,49.99999999999451,49.999999999994586,49.99999999999467,49.99999999999478,49.99999999999489,49.999999999995026,49.99999999999517,49.99999999999533,49.9999999999955,49.99999999999569,49.999999999995886,49.9999999999961,49.99999999999633,49.999999999996575,49.999999999996845,49.999999999997144
50580.0,49.99999999999435,49.99999999999435,49.99999999999437,49.9999999999944,49.99999999999445,49.99999999999451,49.999999999994586,49.99999999999467,49.99999999999478,49.99999999999489,49.999999999995026,49.99999999999517,49.99999999999533,49.9999999999955,49.99999999999569,49.999999999995886,49.9999999999961,49.99999999999633,49.999999999996575,49.999999999996845,49.999999999997144
50640.0,49.99999999999435,49.99999999999435,49.99999999999437,49.9999999999944,49.99999999999445,49.99999999999451,49.999999999994586,49.99999999999467,49.99999999999478,49.99999999999489,49.999999999995026,49.99999999999517,49.99999999999533,49.9999999999955,49.99999999999569,49.999999999995886,49.9999999999961,49.99999999999633,49.999999999996575,49.999999999996845,49.999999999997144
50700.0,49.99999999999435,49.99999999999435,49.99999999999437,49.9999999999944,49.99999999999445,49.99999999999451,49.999999999994586,49.99999999999467,49.99999999999478,49.99999999999489,49.999999999995026,49.99999999999517,49.99999999999533,49.9999999999955,49.99999999999569,49.999999999995886,49.9999999999961,49.99999999999633,49.999999999996575,49.999999999996845,49.999999999997144
50760.0,49.99999999999435,49.99999999999435,49.99999999999437,49.9999999999944,49.99999999999445,49.99999999999451,49.999999999994586,49.99999999999467,49.99999999999478,49.99999999999489,49.999999999995026,49.99999999999517,49.99999999999533,49.9999999999955,49.99999999999569,49.999999999995886,49.9999999999961,49.99999999999633,49.999999999996575,49.999999999996845,49.999999999997144
50820.0,49.99999999999435,49.99999999999435,49.99999999999437,49.9999999999944,49.99999999999445,49.99999999999451,49.999999999994586,49.99999999999467,49.99999999999478,49.99999999999489,49.999999999995026,49.99999999999517,49.99999999999533,49.9999999999955,49.99999999999569,49.999999999995886,49.9999999999961,49.99999999999633,49.999999999996575,49.999999999996845,49.999999999997144
50880.0,49.99999999999435,49.99999999999435,49.99999999999437,49.9999999999944,49.99999999999445,49.99999999999451,49.999999999994586,49.99999999999467,49.99999999999478,49.99999999999489,49.999999999995026,49.99999999999517,49.99999999999533,49.9999999999955,49.99999999999569,49.999999999995886,49.9999999999961,49.99999999999633,49.999999999996575,49.999999999996845,49.999999999997144
50940.0,49.99999999999435,49.99999999999435,49.99999999999437,49.9999999999944,49.99999999999445,49.99999999999451,49.999999999994586,49.99999999999467,49.99999999999478,49.99999999999489,49.999999999995026,49.99999999999517,49.99999999999533,49.9999999999955,49.99999999999569,49.999999999995886,49.9999999999961,49.99999999999633,49.999999999996575,49.999999999996845,49.999999999997144
51000.0,49.99999999999435,49.99999999999435,49.99999999999437,49.9999999999944,49.99999999999445,49.99999999999451,49.999999999994586,49.99999999999467,49.99999999999478,49.99999999999489,49.999999999995026,49.99999999999517,49.99999999999533,49.9999999999955,49.99999999999569,49.999999999995886,49.9999999999961,49.99999999999633,49.999999999996575,49.999999999996845,49.999999999997144
51060.0,49.99999999999435,49.99999999999435,49.99999999999437,49.9999999999944,49.99999999999445,49.99999999999451,49.999999999994586,49.99999999999467,49.99999999999478,49.99999999999489,49.999999999995026,49.99999999999517,49.99999999999533,49.9999999999955,49.99999999999569,49.999999999995886,49.9999999999961,49.99999999999633,49.999999999996575,49.999999999996845,49.999999999997144
51120.0,49.99999999999435,49.99999999999435,49.99999999999437,49.9999999999944,49.99999999999445,49.99999999999451,49.999999999994586,49.99999999999467,49.99999999999478,49.99999999999489,49.999999999995026,49.99999999999517,49.99999999999533,49.9999999999955,49.99999999999569,49.999999999995886,49.9999999999961,49.99999999999633,49.999999999996575,49.999999999996845,49.999999999997144
51180.0,49.99999999999435,49.99999999999435,49.99999999999437,49.9999999999944,49.99999999999445,49.99999999999451,49.999999999994586,49.99999999999467,49.99999999999478,49.99999999999489,49.999999999995026,49.99999999999517,49.99999999999533,49.9999999999955,49.99999999999569,49.999999999995886,49.9999999999961,49.99999999999633,49.999999999996575,49.999999999996845,49.999999999997144
51240.0,49.99999999999435,49.99999999999435,49.99999999999437,49.9999999999944,49.99999999999445,49.99999999999451,49.999999999994586,49.99999999999467,49.99999999999478,49.99999999999489,49.999999999995026,49.99999999999517,49.99999999999533,49.9999999999955,49.99999999999569,49.999999999995886,49.9999999999961,49.99999999999633,49.999999999996575,49.999999999996845,49.999999999997144
51300.0,49.99999999999435,49.99999999999435,49.99999999999437,49.9999999999944,49.99999999999445,49.99999999999451,49.999999999994586,49.99999999999467,49.99999999999478,49.99999999999489,49.999999999995026,49.99999999999517,49.99999999999533,49.9999999999955,49.99999999999569,49.999999999995886,49.9999999999961,49.99999999999633,49.999999999996575,49.999999999996845,49.999999999997144
51360.0,49.99999999999435,49.99999999999435,49.99999999999437,49.9999999999944,49.99999999999445,49.99999999999451,49.999999999994586,49.99999999999467,49.99999999999478,49.99999999999489,49.999999999995026,49.99999999999517,49.99999999999533,49.9999999999955,49.99999999999569,49.999999999995886,49.9999999999961,49.99999999999633,49.999999999996575,49.999999999996845,49.999999999997144
51420.0,49.99999999999435,49.99999999999435,49.99999999999437,49.9999999999944,49.99999999999445,49.99999999999451,49.999999999994586,49.99999999999467,49.99999999999478,49.99999999999489,49.999999999995026,49.99999999999517,49.99999999999533,49.9999999999955,49.99999999999569,49.999999999995886,49.9999999999961,49.99999999999633,49.999999999996575,49.999999999996845,49.999999999997144
51480.0,49.99999999999435,49.99999999999435,49.99999999999437,49.9999999999944,49.99999999999445,49.99999999999451,49.999999999994586,49.99999999999467,49.99999999999478,49.99999999999489,49.999999999995026,49.99999999999517,49.99999999999533,49.9999999999955,49.99999999999569,49.999999999995886,49.9999999999961,49.99999999999633,49.999999999996575,49.999999999996845,49.999999999997144
51540.0,49.99999999999435,49.99999999999435,49.99999999999437,49.9999999999944,49.99999999999445,49.99999999999451,49.999999999994586,49.99999999999467,49.99999999999478,49.99999999999489,49.999999999995026,49.99999999999517,49.99999999999533,49.9999999999955,49.99999999999569,49.999999999995886,49.9999999999961,49.99999999999633,49.999999999996575,49.999999999996845,49.999999999997144
51600.0,49.99999999999435,49.99999999999435,49.99999999999437,49.9999999999944,49.99999999999445,49.99999999999451,49.999999999994586,49.99999999999467,49.99999999999478,49.99999999999489,49.999999999995026,49.99999999999517,49.99999999999533,49.9999999999955,49.99999999999569,49.999999999995886,49.9999999999961,49.99999999999633,49.999999999996575,49.999999999996845,49.999999999997144
51660.0,49.99999999999435,49.99999999999435,49.99999999999437,49.9999999999944,49.99999999999445,49.99999999999451,49.999999999994586,49.99999999999467,49.99999999999478,49.99999999999489,49.999999999995026,49.99999999999517,49.99999999999533,49.9999999999955,49.99999999999569,49.999999999995886,49.9999999999961,49.99999999999633,49.999999999996575,49.999999999996845,49.999999999997144
51720.0,49.99999999999435,49.99999999999435,49.99999999999437,49.9999999999944,49.99999999999445,49.99999999999451,49.999999999994586,49.99999999999467,49.99999999999478,49.99999999999489,49.999999999995026,49.99999999999517,49.99999999999533,49.9999999999955,49.99999999999569,49.999999999995886,49.9999999999961,49.99999999999633,49.999999999996575,49.999999999996845,49.999999999997144
51780.0,49.999999999994365,49.999999999994365,49.99999999999439,49.999999999994415,49.999999999994465,49.99999999999452,49.9999999999946,49.999999999994685,49.99999999999479,49.999999999994905,49.99999999999503,49.999999999995175,49.99999999999533,49.9999999999955,49.99999999999569,49.999999999995886,49.9999999999961,49.99999999999633,49.999999999996575,49.999999999996845,49.999999999997144
51840.0,49.99999999999437,49.99999999999438,49.999999999994394,49.99999999999443,49.99999999999447,49.999999999994536,49.99999999999461,49.99999999999469,49.99999999999479,49.999999999994905,49.99999999999503,49.999999999995175,49.99999999999533,49.9999999999955,49.99999999999569,49.999999999995886,49.9999999999961,49.99999999999633,49.999999999996575,49.999999999996845,49.999999999997144
51900.0,49.99999999999437,49.99999999999438,49.999999999994394,49.99999999999443,49.99999999999447,49.999999999994536,49.99999999999461,49.99999999999469,49.99999999999479,49.999999999994905,49.99999999999503,49.999999999995175,49.99999999999533,49.9999999999955,49.99999999999569,49.999999999995886,49.9999999999961,49.99999999999633,49.999999999996575,49.999999999996845,49.999999999997144
51960.0,49.99999999999437,49.99999999999438,49.999999999994394,49.99999999999443,49.99999999999447,49.999999999994536,49.99999999999461,49.99999999999469,49.99999999999479,49.999999999994905,49.99999999999503,49.999999999995175,49.99999999999533,49.9999999999955,49.99999999999569,49.999999999995886,49.9999999999961,49.99999999999633,49.999999999996575,49.999999999996845,49.999999999997144
52020.0,49.99999999999437,49.99999999999438,49.999999999994394,49.99999999999443,49.99999999999447,49.999999999994536,49.99999999999461,49.99999999999469,49.99999999999479,49.999999999994905,49.99999999999503,49.999999999995175,49.99999999999533,49.9999999999955,49.99999999999569,49.999999999995886,49.9999999999961,49.99999999999633,49.999999999996575,49.999999999996845,49.999999999997144
52080.0,49.99999999999437,49.99999999999438,49.999999999994394,49.99999999999443,49.99999999999447,49.999999999994536,49.99999999999461,49.99999999999469,49.99999999999479,49.999999999994905,49.99999999999503,49.999999999995175,49.99999999999533,49.9999999999955,49.99999999999569,49.999999999995886,49.9999999999961,49.99999999999633,49.999999999996575,49.999999999996845,49.999999999997144
52140.0,49.99999999999437,49.99999999999438,49.999999999994394,49.99999999999443,49.99999999999447,49.999999999994536,49.99999999999461,49.99999999999469,49.99999999999479,49.999999999994905,49.99999999999503,49.999999999995175,49.99999999999533,49.9999999999955,49.99999999999569,49.999999999995886,49.9999999999961,49.99999999999633,49.999999999996575,49.999999999996845,49.999999999997144
52200.0,49.99999999999437,49.99999999999438,49.999999999994394,49.99999999999443,49.99999999999447,49.999999999994536,49.99999999999461,49.99999999999469,49.99999999999479,49.999999999994905,49.99999999999503,49.999999999995175,49.99999999999533,49.9999999999955,49.99999999999569,49.999999999995886,49.9999999999961,49.99999999999633,49.999999999996575,49.999999999996845,49.999999999997144
52260.0,49.99999999999437,49.99999999999438,49.999999999994394,49.99999999999443,49.99999999999447,49.999999999994536,49.99999999999461,49.99999999999469,49.99999999999479,49.999999999994905,49.99999999999503,49.999999999995175,49.99999999999533,49.9999999999955,49.99999999999569,49.999999999995886,49.9999999999961,49.99999999999633,49.999999999996575,49.999999999996845,49.999999999997144
52320.0,49.99999999999437,49.99999999999438,49.999999999994394,49.99999999999443,49.99999999999447,49.999999999994536,49.99999999999461,49.99999999999469,49.99999999999479,49.999999999994905,49.99999999999503,49.999999999995175,49.99999999999533,49.9999999999955,49.99999999999569,49.999999999995886,49.9999999999961,49.99999999999633,49.999999999996575,49.999999999996845,49.999999999997144
52380.0,49.99999999999437,49.99999999999438,49.999999999994394,49.99999999999443,49.99999999999447,49.999999999994536,49.99999999999461,49.99999999999469,49.99999999999479,49.999999999994905,49.99999999999503,49.999999999995175,49.99999999999533,49.9999999999955,49.99999999999569,49.999999999995886,49.9999999999961,49.99999999999633,49.999999999996575,49.999999999996845,49.999999999997144
52440.0,49.99999999999437,49.99999999999438,49.999999999994394,49.99999999999443,49.99999999999447,49.999999999994536,49.99999999999461,49.99999999999469,49.99999999999479,49.999999999994905,49.99999999999503,49.999999999995175,49.99999999999533,49.9999999999955,49.99999999999569,49.999999999995886,49.9999999999961,49.99999999999633,49.999999999996575,49.999999999996845,49.999999999997144
52500.0,49.99999999999438,49.99999999999438,49.9999999999944,49.99999999999443,49.99999999999448,49.999999999994536,49.99999999999461,49.99999999999469,49.99999999999479,49.999999999994905,49.99999999999503,49.999999999995175,49.99999999999533,49.9999999999955,49.99999999999569,49.999999999995886,49.9999999999961,49.99999999999633,49.999999999996575,49.999999999996845,49.999999999997144
52560.0,49.99999999999438,49.99999999999438,49.9999999999944,49.99999999999443,49.99999999999448,49.999999999994536,49.99999999999461,49.99999999999469,49.99999999999479,49.999999999994905,49.99999999999503,49.999999999995175,49.99999999999533,49.9999999999955,49.99999999999569,49.999999999995886,49.9999999999961,49.99999999999633,49.999999999996575,49.999999999996845,49.999999999997144
52620.0,49.99999999999438,49.99999999999438,49.9999999999944,49.99999999999443,49.99999999999448,49.999999999994536,49.99999999999461,49.99999999999469,49.99999999999479,49.999999999994905,49.99999999999503,49.999999999995175,49.99999999999533,49.9999999999955,49.99999999999569,49.999999999995886,49.9999999999961,49.99999999999633,49.999999999996575,49.999999999996845,49.999999999997144
52680.0,49.99999999999438,49.99999999999438,49.9999999999944,49.99999999999443,49.99999999999448,49.999999999994536,49.99999999999461,49.99999999999469,49.99999999999479,49.999999999994905,49.99999999999503,49.999999999995175,49.99999999999533,49.9999999999955,49.99999999999569,49.999999999995886,49.9999999999961,49.99999999999633,49.999999999996575,49.999999999996845,49.999999999997144
52740.0,49.99999999999438,49.99999999999438,49.9999999999944,49.99999999999443,49.99999999999448,49.999999999994536,49.99999999999461,49.99999999999469,49.99999999999479,49.999999999994905,49.99999999999503,49.999999999995175,49.99999999999533,49.9999999999955,49.99999999999569,49.999999999995886,49.9999999999961,49.99999999999633,49.999999999996575,49.999999999996845,49.999999999997144
52800.0,49.99999999999438,49.99999999999438,49.9999999999944,49.99999999999443,49.99999999999448,49.999999999994536,49.99999999999461,49.99999999999469,49.99999999999479,49.999999999994905,49.99999999999503,49.999999999995175,49.99999999999533,49.9999999999955,49.99999999999569,49.999999999995886,49.9999999999961,49.99999999999633,49.999999999996575,49.999999999996845,49.999999999997144
52860.0,49.99999999999438,49.99999999999438,49.9999999999944,49.99999999999443,49.99999999999448,49.999999999994536,49.99999999999461,49.99999999999469,49.99999999999479,49.999999999994905,49.99999999999503,49.999999999995175,49.99999999999533,49.9999999999955,49.99999999999569,49.999999999995886,49.9999999999961,49.99999999999633,49.999999999996575,49.999999999996845,49.999999999997144
52920.0,49.99999999999438,49.99999999999438,49.9999999999944,49.99999999999443,49.99999999999448,49.999999999994536,49.99999999999461,49.99999999999469,49.99999999999479,49.999999999994905,49.99999999999503,49.999999999995175,49.99999999999533,49.9999999999955,49.99999999999569,49.999999999995886,49.9999999999961,49.99999999999633,49.999999999996575,49.999999999996845,49.999999999997144
52980.0,49.99999999999438,49.99999999999438,49.9999999999944,49.99999999999443,49.99999999999448,49.999999999994536,49.99999999999461,49.99999999999469,49.99999999999479,49.999999999994905,49.99999999999503,49.999999999995175,49.99999999999533,49.9999999999955,49.99999999999569,49.999999999995886,49.9999999999961,49.99999999999633,49.999999999996575,49.999999999996845,49.999999999997144
53040.0,49.999999999994394,49.999999999994394,49.999999999994415,49.999999999994444,49.99999999999449,49.99999999999455,49.99999999999462,49.99999999999471,49.999999999994806,49.99999999999492,49.99999999999505,49.99999999999519,49.999999999995346,49.99999999999552,49.9999999999957,49.9999999999959,49.99999999999611,49.99999999999634,49.99999999999659,49.99999999999686,49.99999999999716
53100.0,49.99999999999442,49.99999999999442,49.999999999994444,49.99999999999447,49.99999999999452,49.99999999999458,49.99999999999465,49.999999999994735,49.999999999994834,49.99999999999495,49.999999999995076,49.99999999999522,49.999999999995374,49.999999999995545,49.99999999999573,49.99999999999593,49.99999999999614,49.99999999999637,49.99999999999662,49.99999999999688,49.99999999999717
53160.0,49.999999999994444,49.999999999994444,49.999999999994465,49.99999999999449,49.99999999999454,49.9999999999946,49.99999999999467,49.999999999994756,49.999999999994856,49.99999999999497,49.9999999999951,49.99999999999524,49.999999999995396,49.999999999995566,49.99999999999575,49.99999999999595,49.99999999999616,49.99999999999639,49.99999999999664,49.9999999999969,49.99999999999719
53220.0,49.99999999999446,49.99999999999446,49.99999999999448,49.99999999999451,49.99999999999456,49.999999999994614,49.999999999994685,49.99999999999477,49.99999999999487,49.999999999994984,49.99999999999511,49.999999999995254,49.99999999999541,49.99999999999558,49.999999999995765,49.999999999995964,49.99999999999618,49.999999999996405,49.999999999996646,49.99999999999691,49.9999999999972
53280.0,49.99999999999446,49.99999999999446,49.99999999999448,49.99999999999451,49.99999999999456,49.999999999994614,49.999999999994685,49.99999999999477,49.99999999999487,49.999999999994984,49.99999999999511,49.999999999995254,49.99999999999541,49.99999999999558,49.999999999995765,49.999999999995964,49.99999999999618,49.999999999996405,49.999999999996646,49.99999999999691,49.9999999999972
53340.0,49.99999999999446,49.99999999999446,49.99999999999448,49.99999999999451,49.99999999999456,49.999999999994614,49.999999999994685,49.99999999999477,49.99999999999487,49.999999999994984,49.99999999999511,49.999999999995254,49.99999999999541,49.99999999999558,49.999999999995765,49.999999999995964,49.99999999999618,49.999999999996405,49.999999999996646,49.99999999999691,49.9999999999972
53400.0,49.99999999999446,49.99999999999446,49.99999999999448,49.99999999999451,49.99999999999456,49.999999999994614,49.999999999994685,49.99999999999477,49.99999999999487,49.999999999994984,49.99999999999511,49.999999999995254,49.99999999999541,49.99999999999558,49.999999999995765,49.999999999995964,49.99999999999618,49.999999999996405,49.999999999996646,49.99999999999691,49.9999999999972
53460.0,49.99999999999446,49.99999999999446,49.99999999999448,49.99999999999451,49.99999999999456,49.999999999994614,49.999999999994685,49.99999999999477,49.99999999999487,49.999999999994984,49.99999999999511,49.999999999995254,49.99999999999541,49.99999999999558,49.999999999995765,49.999999999995964,49.99999999999618,49.999999999996405,49.999999999996646,49.99999999999691,49.9999999999972
53520.0,49.99999999999446,49.99999999999446,49.99999999999448,49.99999999999451,49.99999999999456,49.999999999994614,49.999999999994685,49.99999999999477,49.99999999999487,49.999999999994984,49.99999999999511,49.999999999995254,49.99999999999541,49.99999999999558,49.999999999995765,49.999999999995964,49.99999999999618,49.999999999996405,49.999999999996646,49.99999999999691,49.9999999999972
53580.0,49.99999999999446,49.99999999999446,49.99999999999448,49.99999999999451,49.99999999999456,49.999999999994614,49.999999999994685,49.99999999999477,49.99999999999487,49.999999999994984,49.99999999999511,49.999999999995254,49.99999999999541,49.99999999999558,49.999999999995765,49.999999999995964,49.99999999999618,49.999999999996405,49.999999999996646,49.99999999999691,49.9999999999972
53640.0,49.99999999999446,49.99999999999446,49.99999999999448,49.99999999999451,49.99999999999456,49.999999999994614,49.999999999994685,49.99999999999477,49.99999999999487,49.999999999994984,49.99999999999511,49.999999999995254,49.99999999999541,49.99999999999558,49.999999999995765,49.999999999995964,49.99999999999618,49.999999999996405,49.999999999996646,49.99999999999691,49.9999999999972
53700.0,49.99999999999446,49.99999999999446,49.99999999999448,49.99999999999451,49.99999999999456,49.999999999994614,49.999999999994685,49.99999999999477,49.99999999999487,49.999999999994984,49.99999999999511,49.999999999995254,49.99999999999541,49.99999999999558,49.999999999995765,49.999999999995964,49.99999999999618,49.999999999996405,49.999999999996646,49.99999999999691,49.99999999999721
53760.0,49.99999999999446,49.99999999999446,49.99999999999448,49.99999999999451,49.99999999999456,49.999999999994614,49.999999999994685,49.99999999999477,49.99999999999487,49.999999999994984,49.99999999999511,49.999999999995254,49.99999999999541,49.99999999999558,49.999999999995765,49.999999999995964,49.99999999999618,49.999999999996405,49.999999999996646,49.99999999999691,49.99999999999721
53820.0,49.99999999999446,49.99999999999446,49.99999999999448,49.99999999999451,49.99999999999456,49.999999999994614,49.999999999994685,49.99999999999477,49.99999999999487,49.999999999994984,49.99999999999511,49.999999999995254,49.99999999999541,49.99999999999558,49.999999999995765,49.999999999995964,49.99999999999618,49.999999999996405,49.999999999996646,49.99999999999691,49.99999999999721
53880.0,49.99999999999446,49.99999999999446,49.99999999999448,49.99999999999451,49.99999999999456,49.999999999994614,49.999999999994685,49.99999999999477,49.99999999999487,49.999999999994984,49.99999999999511,49.999999999995254,49.99999999999541,49.99999999999558,49.999999999995765,49.999999999995964,49.99999999999618,49.999999999996405,49.999999999996646,49.99999999999691,49.99999999999721
53940.0,49.99999999999446,49.99999999999446,49.99999999999448,49.99999999999451,49.99999999999456,49.999999999994614,49.999999999994685,49.99999999999477,49.99999999999487,49.999999999994984,49.99999999999511,49.999999999995254,49.99999999999541,49.99999999999558,49.999999999995765,49.999999999995964,49.99999999999618,49.999999999996405,49.999999999996646,49.99999999999691,49.99999999999721
54000.0,49.99999999999446,49.99999999999446,49.99999999999448,49.99999999999451,49.99999999999456,49.999999999994614,49.999999999994685,49.99999999999477,49.99999999999487,49.999999999994984,49.99999999999511,49.999999999995254,49.99999999999541,49.99999999999558,49.999999999995765,49.999999999995964,49.99999999999618,49.999999999996405,49.999999999996646,49.99999999999691,49.99999999999721
54060.0,49.99999999999446,49.99999999999446,49.99999999999448,49.99999999999451,49.99999999999456,49.999999999994614,49.999999999994685,49.99999999999477,49.99999999999487,49.999999999994984,49.99999999999511,49.999999999995254,49.99999999999541,49.99999999999558,49.999999999995765,49.999999999995964,49.99999999999618,49.999999999996405,49.999999999996646,49.99999999999691,49.99999999999721
54120.0,49.99999999999446,49.99999999999446,49.99999999999448,49.99999999999451,49.99999999999456,49.999999999994614,49.999999999994685,49.99999999999477,49.99999999999487,49.999999999994984,49.99999999999511,49.999999999995254,49.99999999999541,49.99999999999558,49.999999999995765,49.999999999995964,49.99999999999618,49.999999999996405,49.999999999996646,49.99999999999691,49.99999999999721
54180.0,49.999999999994465,49.999999999994465,49.999999999994486,49.999999999994515,49.999999999994564,49.99999999999462,49.99999999999469,49.99999999999478,49.99999999999488,49.99999999999499,49.99999999999512,49.99999999999526,49.99999999999542,49.99999999999559,49.99999999999577,49.99999999999597,49.999999999996184,49.99999999999641,49.99999999999665,49.999999999996916,49.99999999999721
54240.0,49.999999999994465,49.999999999994465,49.999999999994486,49.999999999994515,49.999999999994564,49.99999999999462,49.99999999999469,49.99999999999478,49.99999999999488,49.99999999999499,49.99999999999512,49.99999999999526,49.99999999999542,49.99999999999559,49.99999999999577,49.99999999999597,49.999999999996184,49.99999999999641,49.99999999999665,49.999999999996916,49.99999999999721
54300.0,49.999999999994465,49.999999999994465,49.999999999994486,49.999999999994515,49.999999999994564,49.99999999999462,49.99999999999469,49.99999999999478,49.99999999999488,49.99999999999499,49.99999999999512,49.99999999999526,49.99999999999542,49.99999999999559,49.99999999999577,49.99999999999597,49.999999999996184,49.99999999999641,49.99999999999665,49.999999999996916,49.99999999999721
54360.0,49.999999999994465,49.999999999994465,49.999999999994486,49.999999999994515,49.999999999994564,49.99999999999462,49.99999999999469,49.99999999999478,49.99999999999488,49.99999999999499,49.99999999999512,49.99999999999526,49.99999999999542,49.99999999999559,49.99999999999577,49.99999999999597,49.999999999996184,49.99999999999641,49.99999999999665,49.999999999996916,49.99999999999721
54420.0,49.999999999994465,49.999999999994465,49.999999999994486,49.999999999994515,49.999999999994564,49.99999999999462,49.99999999999469,49.99999999999478,49.99999999999488,49.99999999999499,49.99999999999512,49.99999999999526,49.99999999999542,49.99999999999559,49.99999999999577,49.99999999999597,49.999999999996184,49.99999999999641,49.99999999999665,49.999999999996916,49.99999999999721
54480.0,49.999999999994465,49.999999999994465,49.999999999994486,49.999999999994515,49.999999999994564,49.99999999999462,49.99999999999469,49.99999999999478,49.99999999999488,49.99999999999499,49.99999999999512,49.99999999999526,49.99999999999542,49.99999999999559,49.99999999999577,49.99999999999597,49.999999999996184,49.99999999999641,49.99999999999665,49.999999999996916,49.99999999999721
54540.0,49.999999999994465,49.999999999994465,49.999999999994486,49.999999999994515,49.999999999994564,49.99999999999462,49.99999999999469,49.99999999999478,49.99999999999488,49.99999999999499,49.99999999999512,49.99999999999526,49.99999999999542,49.99999999999559,49.99999999999577,49.99999999999597,49.999999999996184,49.99999999999641,49.99999999999665,49.999999999996916,49.99999999999721
54600.0,49.999999999994465,49.999999999994465,49.999999999994486,49.999999999994515,49.999999999994564,49.99999999999462,49.99999999999469,49.99999999999478,49.99999999999488,49.99999999999499,49.99999999999512,49.99999999999526,49.99999999999542,49.99999999999559,49.99999999999577,49.99999999999597,49.999999999996184,49.99999999999641,49.99999999999665,49.999999999996916,49.99999999999721
54660.0,49.999999999994465,49.999999999994465,49.999999999994486,49.999999999994515,49.999999999994564,49.99999999999462,49.99999999999469,49.99999999999478,49.99999999999488,49.99999999999499,49.99999999999512,49.99999999999526,49.99999999999542,49.99999999999559,49.99999999999577,49.99999999999597,49.999999999996184,49.99999999999641,49.99999999999665,49.999999999996916,49.99999999999721
54720.0,49.999999999994465,49.999999999994465,49.999999999994486,49.999999999994515,49.999999999994564,49.99999999999462,49.99999999999469,49.99999999999478,49.99999999999488,49.99999999999499,49.99999999999512,49.99999999999526,49.99999999999542,49.99999999999559,49.99999999999577,49.99999999999597,49.999999999996184,49.99999999999641,49.99999999999665,49.999999999996916,49.99999999999721
54780.0,49.999999999994465,49.999999999994465,49.999999999994486,49.999999999994515,49.999999999994564,49.99999999999462,49.99999999999469,49.99999999999478,49.99999999999488,49.99999999999499,49.99999999999512,49.99999999999526,49.99999999999542,49.99999999999559,49.99999999999577,49.99999999999597,49.999999999996184,49.99999999999641,49.99999999999665,49.999999999996916,49.99999999999721
54840.0,49.999999999994465,49.999999999994465,49.999999999994486,49.999999999994515,49.999999999994564,49.99999999999462,49.99999999999469,49.99999999999478,49.99999999999488,49.99999999999499,49.99999999999512,49.99999999999526,49.99999999999542,49.99999999999559,49.99999999999577,49.99999999999597,49.999999999996184,49.99999999999641,49.99999999999665,49.999999999996916,49.99999999999721
54900.0,49.999999999994465,49.999999999994465,49.999999999994486,49.999999999994515,49.999999999994564,49.99999999999462,49.99999999999469,49.99999999999478,49.99999999999488,49.99999999999499,49.99999999999512,49.99999999999526,49.99999999999542,49.99999999999559,49.99999999999577,49.99999999999597,49.999999999996184,49.99999999999641,49.99999999999665,49.999999999996916,49.99999999999721
54960.0,49.999999999994465,49.999999999994465,49.999999999994486,49.999999999994515,49.999999999994564,49.99999999999462,49.99999999999469,49.99999999999478,49.99999999999488,49.99999999999499,49.99999999999512,49.99999999999526,49.99999999999542,49.99999999999559,49.99999999999577,49.99999999999597,49.999999999996184,49.99999999999641,49.99999999999665,49.999999999996916,49.99999999999721
55020.0,49.999999999994465,49.999999999994465,49.999999999994486,49.999999999994515,49.999999999994564,49.99999999999462,49.99999999999469,49.99999999999478,49.99999999999488,49.99999999999499,49.99999999999512,49.99999999999526,49.99999999999542,49.99999999999559,49.99999999999577,49.99999999999597,49.999999999996184,49.99999999999641,49.99999999999665,49.999999999996916,49.99999999999721
55080.0,49.999999999994465,49.999999999994465,49.999999999994486,49.999999999994515,49.999999999994564,49.99999999999462,49.99999999999469,49.99999999999478,49.99999999999488,49.99999999999499,49.99999999999512,49.99999999999526,49.99999999999542,49.99999999999559,49.99999999999577,49.99999999999597,49.999999999996184,49.99999999999641,49.99999999999665,49.999999999996916,49.99999999999721
55140.0,49.999999999994465,49.999999999994465,49.999999999994486,49.999999999994515,49.999999999994564,49.99999999999462,49.99999999999469,49.99999999999478,49.99999999999488,49.99999999999499,49.99999999999512,49.99999999999526,49.99999999999542,49.99999999999559,49.99999999999577,49.99999999999597,49.999999999996184,49.99999999999641,49.99999999999665,49.999999999996916,49.99999999999721
55200.0,49.999999999994465,49.999999999994465,49.999999999994486,49.999999999994515,49.999999999994564,49.99999999999462,49.99999999999469,49.99999999999478,49.99999999999488,49.99999999999499,49.99999999999512,49.99999999999526,49.99999999999542,49.99999999999559,49.99999999999577,49.99999999999597,49.999999999996184,49.99999999999641,49.99999999999665,49.999999999996916,49.99999999999721
55260.0,49.999999999994465,49.999999999994465,49.999999999994486,49.999999999994515,49.999999999994564,49.99999999999462,49.99999999999469,49.99999999999478,49.99999999999488,49.99999999999499,49.99999999999512,49.99999999999526,49.99999999999542,49.99999999999559,49.99999999999577,49.99999999999597,49.999999999996184,49.99999999999641,49.99999999999665,49.999999999996916,49.99999999999721
55320.0,49.999999999994465,49.99999999999447,49.999999999994486,49.99999999999452,49.999999999994564,49.99999999999462,49.99999999999469,49.99999999999478,49.99999999999488,49.99999999999499,49.99999999999512,49.99999999999526,49.99999999999542,49.99999999999559,49.99999999999577,49.99999999999597,49.999999999996184,49.99999999999641,49.99999999999665,49.999999999996916,49.99999999999721
55380.0,49.999999999994465,49.99999999999447,49.999999999994486,49.99999999999452,49.999999999994564,49.99999999999462,49.99999999999469,49.99999999999478,49.99999999999488,49.99999999999499,49.99999999999512,49.99999999999526,49.99999999999542,49.99999999999559,49.99999999999577,49.99999999999597,49.999999999996184,49.99999999999641,49.99999999999665,49.999999999996916,49.99999999999721
55440.0,49.999999999994465,49.99999999999447,49.999999999994486,49.99999999999452,49.999999999994564,49.99999999999462,49.99999999999469,49.99999999999478,49.99999999999488,49.99999999999499,49.99999999999512,49.99999999999526,49.99999999999542,49.99999999999559,49.99999999999577,49.99999999999597,49.999999999996184,49.99999999999641,49.99999999999665,49.999999999996916,49.99999999999721
55500.0,49.999999999994465,49.99999999999447,49.999999999994486,49.99999999999452,49.999999999994564,49.99999999999462,49.99999999999469,49.99999999999478,49.99999999999488,49.99999999999499,49.99999999999512,49.99999999999526,49.99999999999542,49.99999999999559,49.99999999999577,49.99999999999597,49.999999999996184,49.99999999999641,49.99999999999665,49.999999999996916,49.99999999999721
55560.0,49.999999999994465,49.99999999999447,49.999999999994486,49.99999999999452,49.999999999994564,49.99999999999462,49.99999999999469,49.99999999999478,49.99999999999488,49.99999999999499,49.99999999999512,49.99999999999526,49.99999999999542,49.99999999999559,49.99999999999577,49.99999999999597,49.999999999996184,49.99999999999641,49.99999999999665,49.999999999996916,49.99999999999721
55620.0,49.999999999994465,49.99999999999447,49.999999999994486,49.99999999999452,49.999999999994564,49.99999999999462,49.99999999999469,49.99999999999478,49.99999999999488,49.99999999999499,49.99999999999512,49.99999999999526,49.99999999999542,49.99999999999559,49.99999999999577,49.99999999999597,49.999999999996184,49.99999999999641,49.99999999999665,49.999999999996916,49.99999999999721
55680.0,49.999999999994465,49.99999999999447,49.999999999994486,49.99999999999452,49.999999999994564,49.99999999999462,49.99999999999469,49.99999999999478,49.99999999999488,49.99999999999499,49.99999999999512,49.99999999999526,49.99999999999542,49.99999999999559,49.99999999999577,49.99999999999597,49.999999999996184,49.99999999999641,49.99999999999665,49.999999999996916,49.99999999999721
55740.0,49.999999999994465,49.99999999999447,49.999999999994486,49.99999999999452,49.999999999994564,49.99999999999462,49.99999999999469,49.99999999999478,49.99999999999488,49.99999999999499,49.99999999999512,49.99999999999526,49.99999999999542,49.99999999999559,49.99999999999577,49.99999999999597,49.999999999996184,49.99999999999641,49.99999999999665,49.999999999996916,49.99999999999721
55800.0,49.999999999994465,49.99999999999447,49.999999999994486,49.99999999999452,49.999999999994564,49.99999999999462,49.99999999999469,49.99999999999478,49.99999999999488,49.99999999999499,49.99999999999512,49.99999999999526,49.99999999999542,49.99999999999559,49.99999999999577,49.99999999999597,49.999999999996184,49.99999999999641,49.99999999999665,49.999999999996916,49.99999999999721
55860.0,49.999999999994465,49.99999999999447,49.999999999994486,49.99999999999452,49.999999999994564,49.99999999999462,49.99999999999469,49.99999999999478,49.99999999999488,49.99999999999499,49.99999999999512,49.99999999999526,49.99999999999542,49.99999999999559,49.99999999999577,49.99999999999597,49.999999999996184,49.99999999999641,49.99999999999665,49.999999999996916,49.99999999999721
55920.0,49.999999999994465,49.99999999999447,49.999999999994486,49.99999999999452,49.999999999994564,49.99999999999462,49.99999999999469,49.99999999999478,49.99999999999488,49.99999999999499,49.99999999999512,49.99999999999526,49.99999999999542,49.99999999999559,49.99999999999577,49.99999999999597,49.999999999996184,49.99999999999641,49.99999999999665,49.999999999996916,49.99999999999721
55980.0,49.999999999994465,49.99999999999447,49.999999999994486,49.99999999999452,49.999999999994564,49.99999999999462,49.99999999999469,49.99999999999478,49.99999999999488,49.99999999999499,49.99999999999512,49.99999999999526,49.99999999999542,49.99999999999559,49.99999999999577,49.99999999999597,49.999999999996184,49.99999999999641,49.99999999999665,49.999999999996916,49.99999999999721
56040.0,49.999999999994465,49.99999999999447,49.999999999994486,49.99999999999452,49.999999999994564,49.99999999999462,49.99999999999469,49.99999999999478,49.99999999999488,49.99999999999499,49.99999999999512,49.99999999999526,49.99999999999542,49.99999999999559,49.99999999999577,49.99999999999597,49.999999999996184,49.99999999999641,49.99999999999665,49.999999999996916,49.99999999999721
56100.0,49.999999999994465,49.99999999999447,49.999999999994486,49.99999999999452,49.999999999994564,49.99999999999462,49.99999999999469,49.99999999999478,49.99999999999488,49.99999999999499,49.99999999999512,49.99999999999526,49.99999999999542,49.99999999999559,49.99999999999577,49.99999999999597,49.999999999996184,49.99999999999641,49.99999999999665,49.999999999996916,49.99999999999721
56160.0,49.999999999994465,49.99999999999447,49.999999999994486,49.99999999999452,49.999999999994564,49.99999999999462,49.99999999999469,49.99999999999478,49.99999999999488,49.99999999999499,49.99999999999512,49.99999999999526,49.99999999999542,49.99999999999559,49.99999999999577,49.99999999999597,49.999999999996184,49.99999999999641,49.99999999999665,49.999999999996916,49.99999999999721
56220.0,49.999999999994465,49.99999999999447,49.999999999994486,49.99999999999452,49.999999999994564,49.99999999999462,49.99999999999469,49.99999999999478,49.99999999999488,49.99999999999499,49.99999999999512,49.99999999999526,49.99999999999542,49.99999999999559,49.99999999999577,49.99999999999597,49.999999999996184,49.99999999999641,49.99999999999665,49.999999999996916,49.99999999999721
56280.0,49.999999999994465,49.99999999999447,49.999999999994486,49.99999999999452,49.999999999994564,49.99999999999462,49.99999999999469,49.99999999999478,49.99999999999488,49.99999999999499,49.99999999999512,49.99999999999526,49.99999999999542,49.99999999999559,49.99999999999577,49.99999999999597,49.999999999996184,49.99999999999641,49.99999999999665,49.999999999996916,49.99999999999721
56340.0,49.999999999994465,49.99999999999447,49.999999999994486,49.99999999999452,49.999999999994564,49.99999999999462,49.99999999999469,49.99999999999478,49.99999999999488,49.99999999999499,49.99999999999512,49.99999999999526,49.99999999999542,49.99999999999559,49.99999999999577,49.99999999999597,49.999999999996184,49.99999999999641,49.99999999999665,49.999999999996916,49.99999999999721
56400.0,49.999999999994465,49.99999999999447,49.999999999994486,49.99999999999452,49.999999999994564,49.99999999999462,49.99999999999469,49.99999999999478,49.99999999999488,49.99999999999499,49.99999999999512,49.99999999999526,49.99999999999542,49.99999999999559,49.99999999999577,49.99999999999597,49.999999999996184,49.99999999999641,49.99999999999665,49.999999999996916,49.99999999999721
56460.0,49.999999999994465,49.99999999999447,49.999999999994486,49.99999999999452,49.999999999994564,49.99999999999462,49.99999999999469,49.99999999999478,49.99999999999488,49.99999999999499,49.99999999999512,49.99999999999526,49.99999999999542,49.99999999999559,49.99999999999577,49.99999999999597,49.999999999996184,49.99999999999641,49.99999999999665,49.999999999996916,49.99999999999721
56520.0,49.999999999994465,49.99999999999447,49.999999999994486,49.99999999999452,49.999999999994564,49.99999999999462,49.99999999999469,49.99999999999478,49.99999999999488,49.99999999999499,49.99999999999512,49.99999999999526,49.99999999999542,49.99999999999559,49.99999999999577,49.99999999999597,49.999999999996184,49.99999999999641,49.99999999999665,49.999999999996916,49.99999999999721
56580.0,49.999999999994465,49.99999999999447,49.999999999994486,49.99999999999452,49.999999999994564,49.99999999999462,49.99999999999469,49.99999999999478,49.99999999999488,49.99999999999499,49.99999999999512,49.99999999999526,49.99999999999542,49.99999999999559,49.99999999999577,49.99999999999597,49.999999999996184,49.99999999999641,49.99999999999665,49.999999999996916,49.99999999999721
56640.0,49.999999999994465,49.99999999999447,49.999999999994486,49.99999999999452,49.999999999994564,49.99999999999462,49.99999999999469,49.99999999999478,49.99999999999488,49.99999999999499,49.99999999999512,49.99999999999526,49.99999999999542,49.99999999999559,49.99999999999577,49.99999999999597,49.999999999996184,49.99999999999641,49.99999999999665,49.999999999996916,49.99999999999721
56700.0,49.999999999994465,49.99999999999447,49.999999999994486,49.99999999999452,49.999999999994564,49.99999999999462,49.99999999999469,49.99999999999478,49.99999999999488,49.99999999999499,49.99999999999512,49.99999999999526,49.99999999999542,49.99999999999559,49.99999999999577,49.99999999999597,49.999999999996184,49.99999999999641,49.99999999999665,49.999999999996916,49.99999999999721
56760.0,49.99999999999447,49.99999999999448,49.99999999999449,49.99999999999453,49.99999999999457,49.99999999999463,49.9999999999947,49.999999999994785,49.999999999994884,49.999999999995,49.999999999995126,49.99999999999527,49.999999999995424,49.999999999995595,49.99999999999578,49.99999999999598,49.99999999999619,49.99999999999642,49.99999999999666,49.999999999996916,49.99999999999721
56820.0,49.99999999999447,49.99999999999448,49.99999999999449,49.99999999999453,49.99999999999457,49.99999999999463,49.9999999999947,49.999999999994785,49.999999999994884,49.999999999995,49.999999999995126,49.99999999999527,49.999999999995424,49.999999999995595,49.99999999999578,49.99999999999598,49.99999999999619,49.99999999999642,49.99999999999666,49.999999999996916,49.99999999999721
56880.0,49.99999999999447,49.99999999999448,49.99999999999449,49.99999999999453,49.99999999999457,49.99999999999463,49.9999999999947,49.999999999994785,49.999999999994884,49.999999999995,49.999999999995126,49.99999999999527,49.999999999995424,49.999999999995595,49.99999999999578,49.99999999999598,49.99999999999619,49.99999999999642,49.99999999999666,49.999999999996916,49.999999999997215
56940.0,49.99999999999447,49.99999999999448,49.99999999999449,49.99999999999453,49.99999999999457,49.99999999999463,49.9999999999947,49.999999999994785,49.999999999994884,49.999999999995,49.999999999995126,49.99999999999527,49.999999999995424,49.999999999995595,49.99999999999578,49.99999999999598,49.99999999999619,49.99999999999642,49.99999999999666,49.999999999996916,49.999999999997215
57000.0,49.99999999999447,49.99999999999448,49.99999999999449,49.99999999999453,49.99999999999457,49.99999999999463,49.9999999999947,49.999999999994785,49.999999999994884,49.999999999995,49.999999999995126,49.99999999999527,49.999999999995424,49.999999999995595,49.99999999999578,49.99999999999598,49.99999999999619,49.99999999999642,49.99999999999666,49.999999999996916,49.999999999997215
57060.0,49.99999999999447,49.99999999999448,49.99999999999449,49.99999999999453,49.99999999999457,49.99999999999463,49.9999999999947,49.999999999994785,49.999999999994884,49.999999999995,49.999999999995126,49.99999999999527,49.999999999995424,49.999999999995595,49.99999999999578,49.99999999999598,49.99999999999619,49.99999999999642,49.99999999999666,49.999999999996916,49.999999999997215
57120.0,49.99999999999447,49.99999999999448,49.99999999999449,49.99999999999453,49.99999999999457,49.99999999999463,49.9999999999947,49.999999999994785,49.999999999994884,49.999999999995,49.999999999995126,49.99999999999527,49.999999999995424,49.999999999995595,49.99999999999578,49.99999999999598,49.99999999999619,49.99999999999642,49.99999999999666,49.999999999996916,49.999999999997215
57180.0,49.99999999999447,49.99999999999448,49.99999999999449,49.99999999999453,49.99999999999457,49.99999999999463,49.9999999999947,49.999999999994785,49.999999999994884,49.999999999995,49.999999999995126,49.99999999999527,49.999999999995424,49.999999999995595,49.99999999999578,49.99999999999598,49.99999999999619,49.99999999999642,49.99999999999666,49.999999999996916,49.999999999997215
57240.0,49.99999999999447,49.99999999999448,49.99999999999449,49.99999999999453,49.99999999999457,49.99999999999463,49.9999999999947,49.999999999994785,49.999999999994884,49.999999999995,49.999999999995126,49.99999999999527,49.999999999995424,49.999999999995595,49.99999999999578,49.99999999999598,49.99999999999619,49.99999999999642,49.99999999999666,49.999999999996916,49.999999999997215
57300.0,49.99999999999447,49.99999999999448,49.99999999999449,49.99999999999453,49.99999999999457,49.99999999999463,49.9999999999947,49.999999999994785,49.999999999994884,49.999999999995,49.999999999995126,49.99999999999527,49.999999999995424,49.999999999995595,49.99999999999578,49.99999999999598,49.99999999999619,49.99999999999642,49.99999999999666,49.999999999996916,49.999999999997215
57360.0,49.99999999999447,49.99999999999448,49.99999999999449,49.99999999999453,49.99999999999457,49.99999999999463,49.9999999999947,49.999999999994785,49.999999999994884,49.999999999995,49.999999999995126,49.99999999999527,49.999999999995424,49.999999999995595,49.99999999999578,49.99999999999598,49.99999999999619,49.99999999999642,49.99999999999666,49.999999999996916,49.999999999997215
57420.0,49.99999999999447,49.99999999999448,49.99999999999449,49.99999999999453,49.99999999999457,49.99999999999463,49.9999999999947,49.999999999994785,49.999999999994884,49.999999999995,49.999999999995126,49.99999999999527,49.999999999995424,49.999999999995595,49.99999999999578,49.99999999999598,49.99999999999619,49.99999999999642,49.99999999999666,49.999999999996916,49.999999999997215
57480.0,49.99999999999447,49.99999999999448,49.99999999999449,49.99999999999453,49.99999999999457,49.99999999999463,49.9999999999947,49.999999999994785,49.999999999994884,49.999999999995,49.999999999995126,49.99999999999527,49.999999999995424,49.999999999995595,49.99999999999578,49.99999999999598,49.99999999999619,49.99999999999642,49.99999999999666,49.999999999996916,49.999999999997215
57540.0,49.99999999999447,49.99999999999448,49.99999999999449,49.99999999999453,49.99999999999457,49.99999999999463,49.9999999999947,49.999999999994785,49.999999999994884,49.999999999995,49.999999999995126,49.99999999999527,49.999999999995424,49.999999999995595,49.99999999999578,49.99999999999598,49.99999999999619,49.99999999999642,49.99999999999666,49.999999999996916,49.999999999997215
57600.0,49.99999999999447,49.99999999999448,49.99999999999449,49.99999999999453,49.99999999999457,49.99999999999463,49.9999999999947,49.999999999994785,49.999999999994884,49.999999999995,49.999999999995126,49.99999999999527,49.999999999995424,49.999999999995595,49.99999999999578,49.99999999999598,49.99999999999619,49.99999999999642,49.99999999999666,49.999999999996916,49.999999999997215
57660.0,49.99999999999447,49.99999999999448,49.99999999999449,49.99999999999453,49.99999999999457,49.99999999999463,49.9999999999947,49.999999999994785,49.999999999994884,49.999999999995,49.999999999995126,49.99999999999527,49.999999999995424,49.999999999995595,49.99999999999578,49.99999999999598,49.99999999999619,49.99999999999642,49.99999999999666,49.999999999996916,49.999999999997215
57720.0,49.99999999999447,49.99999999999448,49.99999999999449,49.99999999999453,49.99999999999457,49.99999999999463,49.9999999999947,49.999999999994785,49.999999999994884,49.999999999995,49.999999999995126,49.99999999999527,49.999999999995424,49.999999999995595,49.99999999999578,49.99999999999598,49.99999999999619,49.99999999999642,49.99999999999666,49.999999999996916,49.999999999997215
57780.0,49.99999999999447,49.99999999999448,49.99999999999449,49.99999999999453,49.99999999999457,49.99999999999463,49.9999999999947,49.999999999994785,49.999999999994884,49.999999999995,49.999999999995126,49.99999999999527,49.999999999995424,49.999999999995595,49.99999999999578,49.99999999999598,49.99999999999619,49.99999999999642,49.99999999999666,49.999999999996916,49.999999999997215
57840.0,49.99999999999447,49.99999999999448,49.99999999999449,49.99999999999453,49.99999999999457,49.99999999999463,49.9999999999947,49.999999999994785,49.999999999994884,49.999999999995,49.999999999995126,49.99999999999527,49.999999999995424,49.999999999995595,49.99999999999578,49.99999999999598,49.99999999999619,49.99999999999642,49.99999999999666,49.999999999996916,49.999999999997215
57900.0,49.99999999999447,49.99999999999448,49.99999999999449,49.99999999999453,49.99999999999457,49.99999999999463,49.9999999999947,49.999999999994785,49.999999999994884,49.999999999995,49.999999999995126,49.99999999999527,49.999999999995424,49.999999999995595,49.99999999999578,49.99999999999598,49.99999999999619,49.99999999999642,49.99999999999666,49.999999999996916,49.999999999997215
57960.0,49.99999999999447,49.99999999999448,49.99999999999449,49.99999999999453,49.99999999999457,49.99999999999463,49.9999999999947,49.999999999994785,49.999999999994884,49.999999999995,49.999999999995126,49.99999999999527,49.999999999995424,49.999999999995595,49.99999999999578,49.99999999999598,49.99999999999619,49.99999999999642,49.99999999999666,49.999999999996916,49.999999999997215
58020.0,49.99999999999447,49.99999999999448,49.99999999999449,49.99999999999453,49.99999999999457,49.99999999999463,49.9999999999947,49.999999999994785,49.999999999994884,49.999999999995,49.999999999995126,49.99999999999527,49.999999999995424,49.999999999995595,49.99999999999578,49.99999999999598,49.99999999999619,49.99999999999642,49.99999999999666,49.999999999996916,49.999999999997215
58080.0,49.99999999999447,49.99999999999448,49.99999999999449,49.99999999999453,49.99999999999457,49.99999999999463,49.9999999999947,49.999999999994785,49.999999999994884,49.999999999995,49.999999999995126,49.99999999999527,49.999999999995424,49.999999999995595,49.99999999999578,49.99999999999598,49.99999999999619,49.99999999999642,49.99999999999666,49.999999999996916,49.999999999997215
58140.0,49.99999999999447,49.99999999999448,49.99999999999449,49.99999999999453,49.99999999999457,49.99999999999463,49.9999999999947,49.999999999994785,49.999999999994884,49.999999999995,49.999999999995126,49.99999999999527,49.999999999995424,49.999999999995595,49.99999999999578,49.99999999999598,49.99999999999619,49.99999999999642,49.99999999999666,49.999999999996916,49.999999999997215
58200.0,49.99999999999447,49.99999999999448,49.99999999999449,49.99999999999453,49.99999999999457,49.99999999999463,49.9999999999947,49.999999999994785,49.999999999994884,49.999999999995,49.999999999995126,49.99999999999527,49.999999999995424,49.999999999995595,49.99999999999578,49.99999999999598,49.99999999999619,49.99999999999642,49.99999999999666,49.999999999996916,49.999999999997215
58260.0,49.99999999999447,49.99999999999448,49.99999999999449,49.99999999999453,49.99999999999457,49.99999999999463,49.9999999999947,49.999999999994785,49.999999999994884,49.999999999995,49.999999999995126,49.99999999999527,49.999999999995424,49.999999999995595,49.99999999999578,49.99999999999598,49.99999999999619,49.99999999999642,49.99999999999666,49.999999999996916,49.999999999997215
58320.0,49.99999999999447,49.99999999999448,49.99999999999449,49.99999999999453,49.99999999999457,49.99999999999463,49.9999999999947,49.999999999994785,49.999999999994884,49.999999999995,49.999999999995126,49.99999999999527,49.999999999995424,49.999999999995595,49.99999999999578,49.99999999999598,49.99999999999619,49.99999999999642,49.99999999999666,49.999999999996916,49.999999999997215
58380.0,49.99999999999447,49.99999999999448,49.99999999999449,49.99999999999453,49.99999999999457,49.99999999999463,49.9999999999947,49.999999999994785,49.999999999994884,49.999999999995,49.999999999995126,49.99999999999527,49.999999999995424,49.999999999995595,49.99999999999578,49.99999999999598,49.99999999999619,49.99999999999642,49.99999999999666,49.999999999996916,49.999999999997215
58440.0,49.99999999999447,49.99999999999448,49.99999999999449,49.99999999999453,49.99999999999457,49.99999999999463,49.9999999999947,49.999999999994785,49.999999999994884,49.999999999995,49.999999999995126,49.99999999999527,49.999999999995424,49.999999999995595,49.99999999999578,49.99999999999598,49.99999999999619,49.99999999999642,49.99999999999666,49.999999999996916,49.999999999997215
58500.0,49.99999999999447,49.99999999999448,49.99999999999449,49.99999999999453,49.99999999999457,49.99999999999463,49.9999999999947,49.999999999994785,49.999999999994884,49.999999999995,49.999999999995126,49.99999999999527,49.999999999995424,49.999999999995595,49.99999999999578,49.99999999999598,49.99999999999619,49.99999999999642,49.99999999999666,49.999999999996916,49.999999999997215
58560.0,49.99999999999447,49.99999999999448,49.99999999999449,49.99999999999453,49.99999999999457,49.99999999999463,49.9999999999947,49.999999999994785,49.999999999994884,49.999999999995,49.999999999995126,49.99999999999527,49.999999999995424,49.999999999995595,49.99999999999578,49.99999999999598,49.99999999999619,49.99999999999642,49.99999999999666,49.999999999996916,49.999999999997215
58620.0,49.99999999999447,49.99999999999448,49.99999999999449,49.99999999999453,49.99999999999457,49.99999999999463,49.9999999999947,49.999999999994785,49.999999999994884,49.999999999995,49.999999999995126,49.99999999999527,49.999999999995424,49.999999999995595,49.99999999999578,49.99999999999598,49.99999999999619,49.99999999999642,49.99999999999666,49.999999999996916,49.999999999997215
58680.0,49.99999999999447,49.99999999999448,49.99999999999449,49.99999999999453,49.99999999999457,49.99999999999463,49.9999999999947,49.999999999994785,49.999999999994884,49.999999999995,49.999999999995126,49.99999999999527,49.999999999995424,49.999999999995595,49.99999999999578,49.99999999999598,49.99999999999619,49.99999999999642,49.99999999999666,49.999999999996916,49.999999999997215
58740.0,49.99999999999447,49.99999999999448,49.99999999999449,49.99999999999453,49.99999999999457,49.99999999999463,49.9999999999947,49.999999999994785,49.999999999994884,49.999999999995,49.999999999995126,49.99999999999527,49.999999999995424,49.999999999995595,49.99999999999578,49.99999999999598,49.99999999999619,49.99999999999642,49.99999999999666,49.999999999996916,49.999999999997215
58800.0,49.99999999999447,49.99999999999448,49.99999999999449,49.99999999999453,49.99999999999457,49.99999999999463,49.9999999999947,49.999999999994785,49.999999999994884,49.999999999995,49.999999999995126,49.99999999999527,49.999999999995424,49.999999999995595,49.99999999999578,49.99999999999598,49.99999999999619,49.99999999999642,49.99999999999666,49.999999999996916,49.999999999997215
58860.0,49.99999999999447,49.99999999999448,49.99999999999449,49.99999999999453,49.99999999999457,49.99999999999463,49.9999999999947,49.999999999994785,49.999999999994884,49.999999999995,49.999999999995126,49.99999999999527,49.999999999995424,49.999999999995595,49.99999999999578,49.99999999999598,49.99999999999619,49.99999999999642,49.99999999999666,49.999999999996916,49.999999999997215
58920.0,49.99999999999447,49.99999999999448,49.99999999999449,49.99999999999453,49.99999999999457,49.99999999999463,49.9999999999947,49.999999999994785,49.999999999994884,49.999999999995,49.999999999995126,49.99999999999527,49.999999999995424,49.999999999995595,49.99999999999578,49.99999999999598,49.99999999999619,49.99999999999642,49.99999999999666,49.999999999996916,49.999999999997215
58980.0,49.99999999999447,49.99999999999448,49.99999999999449,49.99999999999453,49.99999999999457,49.99999999999463,49.9999999999947,49.999999999994785,49.999999999994884,49.999999999995,49.999999999995126,49.99999999999527,49.999999999995424,49.999999999995595,49.99999999999578,49.99999999999598,49.99999999999619,49.99999999999642,49.99999999999666,49.999999999996916,49.999999999997215
59040.0,49.99999999999447,49.99999999999448,49.99999999999449,49.99999999999453,49.99999999999457,49.99999999999463,49.9999999999947,49.999999999994785,49.999999999994884,49.999999999995,49.999999999995126,49.99999999999527,49.999999999995424,49.999999999995595,49.99999999999578,49.99999999999598,49.99999999999619,49.99999999999642,49.99999999999666,49.999999999996916,49.999999999997215
59100.0,49.99999999999447,49.99999999999448,49.99999999999449,49.99999999999453,49.99999999999457,49.99999999999463,49.9999999999947,49.999999999994785,49.999999999994884,49.999999999995,49.999999999995126,49.99999999999527,49.999999999995424,49.999999999995595,49.99999999999578,49.99999999999598,49.99999999999619,49.99999999999642,49.99999999999666,49.999999999996916,49.999999999997215
59160.0,49.99999999999447,49.99999999999448,49.99999999999449,49.99999999999453,49.99999999999457,49.99999999999463,49.9999999999947,49.999999999994785,49.999999999994884,49.999999999995,49.999999999995126,49.99999999999527,49.999999999995424,49.999999999995595,49.99999999999578,49.99999999999598,49.99999999999619,49.99999999999642,49.99999999999666,49.999999999996916,49.999999999997215
59220.0,49.99999999999447,49.99999999999448,49.99999999999449,49.99999999999453,49.99999999999457,49.99999999999463,49.9999999999947,49.999999999994785,49.999999999994884,49.999999999995,49.999999999995126,49.99999999999527,49.999999999995424,49.999999999995595,49.99999999999578,49.99999999999598,49.99999999999619,49.99999999999642,49.99999999999666,49.999999999996916,49.999999999997215
59280.0,49.99999999999447,49.99999999999448,49.99999999999449,49.99999999999453,49.99999999999457,49.99999999999463,49.9999999999947,49.999999999994785,49.999999999994884,49.999999999995,49.999999999995126,49.99999999999527,49.999999999995424,49.999999999995595,49.99999999999578,49.99999999999598,49.99999999999619,49.99999999999642,49.99999999999666,49.999999999996916,49.999999999997215
59340.0,49.99999999999447,49.99999999999448,49.99999999999449,49.99999999999453,49.99999999999457,49.99999999999463,49.9999999999947,49.999999999994785,49.999999999994884,49.999999999995,49.999999999995126,49.99999999999527,49.999999999995424,49.999999999995595,49.99999999999578,49.99999999999598,49.99999999999619,49.99999999999642,49.99999999999666,49.999999999996916,49.999999999997215
59400.0,49.99999999999447,49.99999999999448,49.99999999999449,49.99999999999453,49.99999999999457,49.99999999999463,49.9999999999947,49.999999999994785,49.999999999994884,49.999999999995,49.999999999995126,49.99999999999527,49.999999999995424,49.999999999995595,49.99999999999578,49.99999999999598,49.99999999999619,49.99999999999642,49.99999999999666,49.999999999996916,49.999999999997215
59460.0,49.99999999999448,49.999999999994486,49.9999999999945,49.999999999994536,49.99999999999458,49.999999999994635,49.99999999999471,49.99999999999479,49.99999999999489,49.999999999995005,49.99999999999513,49.999999999995275,49.99999999999543,49.9999999999956,49.99999999999579,49.999999999995985,49.9999999999962,49.999999999996426,49.99999999999667,49.99999999999692,49.999999999997215
59520.0,49.99999999999448,49.999999999994486,49.9999999999945,49.999999999994536,49.99999999999458,49.999999999994635,49.99999999999471,49.99999999999479,49.99999999999489,49.999999999995005,49.99999999999513,49.999999999995275,49.99999999999543,49.9999999999956,49.99999999999579,49.999999999995985,49.9999999999962,49.999999999996426,49.99999999999667,49.99999999999692,49.999999999997215
59580.0,49.99999999999448,49.999999999994486,49.9999999999945,49.999999999994536,49.99999999999458,49.999999999994635,49.99999999999471,49.99999999999479,49.99999999999489,49.999999999995005,49.99999999999513,49.999999999995275,49.99999999999543,49.9999999999956,49.99999999999579,49.999999999995985,49.9999999999962,49.999999999996426,49.99999999999667,49.99999999999692,49.999999999997215
59640.0,49.99999999999448,49.999999999994486,49.9999999999945,49.999999999994536,49.99999999999458,49.999999999994635,49.99999999999471,49.99999999999479,49.99999999999489,49.999999999995005,49.99999999999513,49.999999999995275,49.99999999999543,49.9999999999956,49.99999999999579,49.999999999995985,49.9999999999962,49.999999999996426,49.99999999999667,49.99999999999692,49.999999999997215
59700.0,49.99999999999448,49.999999999994486,49.9999999999945,49.999999999994536,49.99999999999458,49.999999999994635,49.99999999999471,49.99999999999479,49.99999999999489,49.999999999995005,49.99999999999513,49.999999999995275,49.99999999999543,49.9999999999956,49.99999999999579,49.999999999995985,49.9999999999962,49.999999999996426,49.99999999999667,49.99999999999692,49.999999999997215
59760.0,49.99999999999448,49.999999999994486,49.9999999999945,49.999999999994536,49.99999999999458,49.999999999994635,49.99999999999471,49.99999999999479,49.99999999999489,49.999999999995005,49.99999999999513,49.999999999995275,49.99999999999543,49.9999999999956,49.99999999999579,49.999999999995985,49.9999999999962,49.999999999996426,49.99999999999667,49.99999999999692,49.999999999997215
59820.0,49.99999999999448,49.999999999994486,49.9999999999945,49.999999999994536,49.99999999999458,49.999999999994635,49.99999999999471,49.99999999999479,49.99999999999489,49.999999999995005,49.99999999999513,49.999999999995275,49.99999999999543,49.9999999999956,49.99999999999579,49.999999999995985,49.9999999999962,49.999999999996426,49.99999999999667,49.99999999999692,49.999999999997215
59880.0,49.99999999999448,49.999999999994486,49.9999999999945,49.999999999994536,49.99999999999458,49.999999999994635,49.99999999999471,49.99999999999479,49.99999999999489,49.999999999995005,49.99999999999513,49.999999999995275,49.99999999999543,49.9999999999956,49.99999999999579,49.999999999995985,49.9999999999962,49.999999999996426,49.99999999999667,49.99999999999692,49.999999999997215
59940.0,49.99999999999448,49.999999999994486,49.9999999999945,49.999999999994536,49.99999999999458,49.999999999994635,49.99999999999471,49.99999999999479,49.99999999999489,49.999999999995005,49.99999999999513,49.999999999995275,49.99999999999543,49.9999999999956,49.99999999999579,49.999999999995985,49.9999999999962,49.999999999996426,49.99999999999667,49.99999999999692,49.999999999997215
60000.0,49.999999999994486,49.99999999999449,49.99999999999451,49.99999999999454,49.999999999994586,49.99999999999464,49.999999999994714,49.9999999999948,49.9999999999949,49.99999999999501,49.99999999999514,49.99999999999528,49.99999999999544,49.99999999999561,49.999999999995794,49.99999999999599,49.999999999996206,49.99999999999643,49.999999999996675,49.99999999999693,49.99999999999722
60060.0,49.999999999994486,49.99999999999449,49.99999999999451,49.99999999999454,49.999999999994586,49.99999999999464,49.999999999994714,49.9999999999948,49.9999999999949,49.99999999999501,49.99999999999514,49.99999999999528,49.99999999999544,49.99999999999561,49.999999999995794,49.99999999999599,49.999999999996206,49.99999999999643,49.999999999996675,49.99999999999693,49.99999999999722
60120.0,49.99999999999449,49.9999999999945,49.999999999994515,49.99999999999455,49.99999999999459,49.99999999999465,49.99999999999472,49.999999999994806,49.999999999994905,49.99999999999502,49.99999999999515,49.99999999999529,49.999999999995445,49.999999999995616,49.9999999999958,49.999999999996,49.99999999999621,49.99999999999644,49.99999999999668,49.99999999999694,49.99999999999723
60180.0,49.9999999999945,49.99999999999451,49.99999999999452,49.99999999999456,49.9999999999946,49.99999999999466,49.99999999999473,49.99999999999481,49.99999999999491,49.999999999995026,49.999999999995154,49.999999999995296,49.99999999999545,49.99999999999562,49.99999999999581,49.99999999999601,49.99999999999622,49.99999999999645,49.99999999999669,49.999999999996945,49.999999999997236
60240.0,49.9999999999945,49.99999999999451,49.99999999999453,49.99999999999456,49.99999999999461,49.999999999994664,49.999999999994735,49.99999999999482,49.99999999999492,49.99999999999503,49.99999999999516,49.999999999995296,49.99999999999546,49.99999999999562,49.99999999999581,49.99999999999601,49.99999999999622,49.99999999999645,49.99999999999669,49.999999999996945,49.999999999997236
60300.0,49.99999999999451,49.999999999994515,49.99999999999453,49.999999999994564,49.99999999999461,49.999999999994664,49.999999999994735,49.99999999999482,49.99999999999492,49.99999999999503,49.99999999999516,49.9999999999953,49.99999999999546,49.99999999999563,49.999999999995815,49.999999999996014,49.99999999999623,49.999999999996454,49.999999999996696,49.99999999999695,49.99999999999724
60360.0,49.999999999994515,49.99999999999452,49.999999999994536,49.99999999999457,49.999999999994614,49.99999999999467,49.99999999999474,49.99999999999483,49.99999999999493,49.99999999999504,49.99999999999517,49.99999999999531,49.99999999999547,49.99999999999564,49.99999999999582,49.99999999999602,49.999999999996234,49.99999999999646,49.9999999999967,49.99999999999696,49.99999999999724
60420.0,49.99999999999452,49.99999999999453,49.99999999999454,49.99999999999458,49.99999999999462,49.99999999999468,49.99999999999475,49.999999999994834,49.999999999994934,49.99999999999505,49.999999999995175,49.99999999999532,49.999999999995474,49.999999999995644,49.99999999999582,49.99999999999603,49.999999999996234,49.99999999999646,49.9999999999967,49.99999999999696,49.99999999999724
60480.0,49.99999999999452,49.99999999999453,49.99999999999454,49.99999999999458,49.99999999999462,49.99999999999468,49.99999999999475,49.999999999994834,49.999999999994934,49.99999999999505,49.999999999995175,49.99999999999532,49.999999999995474,49.999999999995644,49.99999999999583,49.99999999999603,49.99999999999624,49.99999999999647,49.9999999999967,49.99999999999696,49.99999999999724
60540.0,49.99999999999453,49.999999999994536,49.99999999999455,49.999999999994586,49.99999999999463,49.999999999994685,49.999999999994756,49.99999999999484,49.99999999999494,49.999999999995055,49.99999999999518,49.999999999995325,49.99999999999548,49.99999999999565,49.999999999995836,49.999999999996035,49.99999999999625,49.999999999996476,49.99999999999671,49.999999999996966,49.99999999999725
60600.0,49.999999999994536,49.99999999999454,49.99999999999456,49.99999999999459,49.999999999994635,49.99999999999469,49.99999999999476,49.99999999999485,49.99999999999495,49.99999999999506,49.99999999999519,49.99999999999533,49.99999999999549,49.99999999999566,49.99999999999584,49.99999999999604,49.99999999999625,49.999999999996476,49.99999999999671,49.999999999996966,49.99999999999725
60660.0,49.999999999994536,49.99999999999454,49.99999999999456,49.99999999999459,49.999999999994635,49.99999999999469,49.99999999999476,49.99999999999485,49.99999999999495,49.99999999999506,49.99999999999519,49.99999999999533,49.99999999999549,49.99999999999566,49.99999999999584,49.99999999999604,49.99999999999625,49.999999999996476,49.99999999999671,49.999999999996966,49.99999999999725
60720.0,49.99999999999454,49.99999999999455,49.999999999994564,49.9999999999946,49.99999999999464,49.9999999999947,49.99999999999477,49.999999999994856,49.999999999994955,49.99999999999507,49.9999999999952,49.99999999999534,49.999999999995495,49.999999999995666,49.99999999999584,49.99999999999604,49.99999999999625,49.999999999996476,49.99999999999671,49.999999999996966,49.99999999999725
60780.0,49.99999999999455,49.99999999999456,49.99999999999457,49.99999999999461,49.99999999999465,49.99999999999471,49.99999999999478,49.99999999999486,49.99999999999496,49.999999999995076,49.999999999995204,49.999999999995346,49.999999999995495,49.999999999995666,49.99999999999584,49.99999999999604,49.99999999999625,49.999999999996476,49.99999999999671,49.999999999996966,49.99999999999725
60840.0,49.99999999999455,49.99999999999456,49.99999999999457,49.99999999999461,49.99999999999465,49.99999999999471,49.99999999999478,49.99999999999486,49.99999999999496,49.999999999995076,49.999999999995204,49.999999999995346,49.999999999995495,49.999999999995666,49.99999999999584,49.99999999999604,49.99999999999625,49.999999999996476,49.99999999999671,49.999999999996966,49.99999999999725
60900.0,49.99999999999456,49.999999999994564,49.99999999999458,49.999999999994614,49.99999999999466,49.999999999994714,49.999999999994785,49.99999999999487,49.99999999999497,49.99999999999508,49.999999999995204,49.999999999995346,49.999999999995495,49.999999999995666,49.99999999999584,49.99999999999604,49.99999999999625,49.999999999996476,49.99999999999671,49.999999999996966,49.99999999999725
60960.0,49.999999999994564,49.99999999999457,49.999999999994586,49.99999999999462,49.999999999994664,49.99999999999472,49.99999999999479,49.99999999999488,49.99999999999497,49.99999999999508,49.999999999995204,49.999999999995346,49.999999999995495,49.999999999995666,49.99999999999584,49.99999999999604,49.99999999999625,49.999999999996476,49.99999999999671,49.999999999996966,49.99999999999725
61020.0,49.999999999994564,49.99999999999457,49.999999999994586,49.99999999999462,49.999999999994664,49.99999999999472,49.99999999999479,49.99999999999488,49.99999999999497,49.99999999999508,49.999999999995204,49.999999999995346,49.999999999995495,49.999999999995666,49.99999999999584,49.99999999999604,49.99999999999625,49.999999999996476,49.99999999999671,49.999999999996966,49.99999999999725
61080.0,49.999999999994564,49.99999999999457,49.999999999994586,49.99999999999462,49.999999999994664,49.99999999999472,49.99999999999479,49.99999999999488,49.99999999999497,49.99999999999508,49.999999999995204,49.999999999995346,49.999999999995495,49.999999999995666,49.99999999999584,49.99999999999604,49.99999999999625,49.999999999996476,49.99999999999671,49.999999999996966,49.99999999999725
61140.0,49.999999999994564,49.99999999999457,49.999999999994586,49.99999999999462,49.999999999994664,49.99999999999472,49.99999999999479,49.99999999999488,49.99999999999497,49.99999999999508,49.999999999995204,49.999999999995346,49.999999999995495,49.999999999995666,49.99999999999584,49.99999999999604,49.99999999999625,49.999999999996476,49.99999999999671,49.999999999996966,49.99999999999725
61200.0,49.999999999994564,49.99999999999457,49.999999999994586,49.99999999999462,49.999999999994664,49.99999999999472,49.99999999999479,49.99999999999488,49.99999999999497,49.99999999999508,49.999999999995204,49.999999999995346,49.999999999995495,49.999999999995666,49.99999999999584,49.99999999999604,49.99999999999625,49.999999999996476,49.99999999999671,49.999999999996966,49.99999999999725
61260.0,49.999999999994564,49.99999999999457,49.999999999994586,49.99999999999462,49.999999999994664,49.99999999999472,49.99999999999479,49.99999999999488,49.99999999999497,49.99999999999508,49.999999999995204,49.999999999995346,49.999999999995495,49.999999999995666,49.99999999999584,49.99999999999604,49.99999999999625,49.999999999996476,49.99999999999671,49.999999999996966,49.99999999999725
61320.0,49.999999999994564,49.99999999999457,49.999999999994586,49.99999999999462,49.999999999994664,49.99999999999472,49.99999999999479,49.99999999999488,49.99999999999497,49.99999999999508,49.999999999995204,49.999999999995346,49.999999999995495,49.999999999995666,49.99999999999584,49.99999999999604,49.99999999999625,49.999999999996476,49.99999999999671,49.999999999996966,49.99999999999725
61380.0,49.999999999994564,49.99999999999457,49.999999999994586,49.99999999999462,49.999999999994664,49.99999999999472,49.99999999999479,49.99999999999488,49.99999999999497,49.99999999999508,49.999999999995204,49.999999999995346,49.999999999995495,49.999999999995666,49.99999999999584,49.99999999999604,49.99999999999625,49.999999999996476,49.99999999999671,49.999999999996966,49.99999999999725
61440.0,49.999999999994564,49.99999999999457,49.999999999994586,49.99999999999462,49.999999999994664,49.99999999999472,49.99999999999479,49.99999999999488,49.99999999999497,49.99999999999508,49.999999999995204,49.999999999995346,49.999999999995495,49.999999999995666,49.99999999999584,49.99999999999604,49.99999999999625,49.999999999996476,49.99999999999671,49.999999999996966,49.99999999999725
61500.0,49.999999999994564,49.99999999999457,49.999999999994586,49.99999999999462,49.999999999994664,49.99999999999472,49.99999999999479,49.99999999999488,49.99999999999497,49.99999999999508,49.999999999995204,49.999999999995346,49.999999999995495,49.999999999995666,49.99999999999584,49.99999999999604,49.99999999999625,49.999999999996476,49.99999999999671,49.999999999996966,49.99999999999725
61560.0,49.99999999999457,49.99999999999458,49.99999999999459,49.99999999999463,49.99999999999467,49.99999999999473,49.9999999999948,49.999999999994884,49.99999999999498,49.99999999999509,49.99999999999521,49.99999999999535,49.9999999999955,49.99999999999567,49.99999999999585,49.99999999999605,49.999999999996255,49.99999999999648,49.99999999999672,49.99999999999697,49.99999999999726
61620.0,49.99999999999458,49.999999999994586,49.9999999999946,49.999999999994635,49.99999999999468,49.999999999994735,49.999999999994806,49.99999999999489,49.999999999994984,49.9999999999951,49.99999999999522,49.99999999999536,49.99999999999551,49.99999999999568,49.99999999999586,49.99999999999606,49.99999999999626,49.99999999999649,49.999999999996724,49.99999999999698,49.999999999997264
61680.0,49.999999999994586,49.99999999999459,49.99999999999461,49.99999999999464,49.999999999994685,49.99999999999474,49.99999999999481,49.9999999999949,49.99999999999499,49.999999999995104,49.999999999995225,49.99999999999537,49.99999999999552,49.99999999999569,49.999999999995865,49.999999999996064,49.99999999999627,49.9999999999965,49.99999999999673,49.99999999999699,49.99999999999727
61740.0,49.99999999999459,49.9999999999946,49.999999999994614,49.99999999999465,49.99999999999469,49.99999999999475,49.99999999999482,49.999999999994905,49.999999999995,49.99999999999511,49.99999999999523,49.999999999995374,49.999999999995524,49.999999999995694,49.99999999999587,49.99999999999607,49.99999999999628,49.999999999996504,49.99999999999674,49.999999999996994,49.99999999999728
61800.0,49.9999999999946,49.99999999999461,49.99999999999462,49.99999999999466,49.9999999999947,49.999999999994756,49.99999999999483,49.99999999999491,49.999999999995005,49.99999999999512,49.99999999999524,49.99999999999538,49.99999999999553,49.9999999999957,49.99999999999588,49.99999999999608,49.999999999996284,49.99999999999651,49.999999999996746,49.999999999997,49.999999999997286
61860.0,49.99999999999461,49.999999999994614,49.99999999999463,49.999999999994664,49.99999999999471,49.99999999999476,49.999999999994834,49.99999999999492,49.99999999999501,49.999999999995126,49.99999999999525,49.99999999999539,49.99999999999554,49.99999999999571,49.999999999995886,49.999999999996085,49.99999999999629,49.99999999999652,49.99999999999675,49.999999999997,49.999999999997286
61920.0,49.999999999994614,49.99999999999462,49.999999999994635,49.99999999999467,49.999999999994714,49.99999999999477,49.999999999994834,49.99999999999492,49.99999999999501,49.999999999995126,49.99999999999525,49.99999999999539,49.99999999999554,49.99999999999571,49.999999999995886,49.999999999996085,49.99999999999629,49.99999999999652,49.99999999999675,49.999999999997,49.999999999997286
61980.0,49.999999999994614,49.99999999999462,49.999999999994635,49.99999999999467,49.999999999994714,49.99999999999477,49.999999999994834,49.99999999999492,49.99999999999501,49.999999999995126,49.99999999999525,49.99999999999539,49.99999999999554,49.99999999999571,49.999999999995886,49.999999999996085,49.99999999999629,49.99999999999652,49.99999999999675,49.999999999997,49.999999999997286
62040.0,49.999999999994614,49.99999999999462,49.999999999994635,49.99999999999467,49.999999999994714,49.99999999999477,49.999999999994834,49.99999999999492,49.99999999999501,49.999999999995126,49.99999999999525,49.99999999999539,49.99999999999554,49.99999999999571,49.999999999995886,49.999999999996085,49.99999999999629,49.99999999999652,49.99999999999675,49.999999999997,49.999999999997286
62100.0,49.999999999994614,49.99999999999462,49.999999999994635,49.99999999999467,49.999999999994714,49.99999999999477,49.999999999994834,49.99999999999492,49.99999999999501,49.999999999995126,49.99999999999525,49.99999999999539,49.99999999999554,49.99999999999571,49.999999999995886,49.999999999996085,49.99999999999629,49.99999999999652,49.99999999999675,49.999999999997,49.999999999997286
62160.0,49.999999999994614,49.99999999999462,49.999999999994635,49.99999999999467,49.999999999994714,49.99999999999477,49.999999999994834,49.99999999999492,49.99999999999501,49.999999999995126,49.99999999999525,49.99999999999539,49.99999999999554,49.99999999999571,49.999999999995886,49.999999999996085,49.99999999999629,49.99999999999652,49.99999999999675,49.999999999997,49.999999999997286
62220.0,49.999999999994614,49.99999999999462,49.999999999994635,49.99999999999467,49.999999999994714,49.99999999999477,49.999999999994834,49.99999999999492,49.99999999999501,49.999999999995126,49.99999999999525,49.99999999999539,49.99999999999554,49.99999999999571,49.999999999995886,49.999999999996085,49.99999999999629,49.99999999999652,49.99999999999675,49.999999999997,49.999999999997286
62280.0,49.999999999994614,49.99999999999462,49.999999999994635,49.99999999999467,49.999999999994714,49.99999999999477,49.999999999994834,49.99999999999492,49.99999999999501,49.999999999995126,49.99999999999525,49.99999999999539,49.99999999999554,49.99999999999571,49.999999999995886,49.999999999996085,49.99999999999629,49.99999999999652,49.99999999999675,49.999999999997,49.999999999997286
62340.0,49.999999999994614,49.99999999999462,49.999999999994635,49.99999999999467,49.999999999994714,49.99999999999477,49.999999999994834,49.99999999999492,49.99999999999501,49.999999999995126,49.99999999999525,49.99999999999539,49.99999999999554,49.99999999999571,49.999999999995886,49.999999999996085,49.99999999999629,49.99999999999652,49.99999999999675,49.999999999997,49.999999999997286
62400.0,49.999999999994614,49.99999999999462,49.999999999994635,49.99999999999467,49.999999999994714,49.99999999999477,49.999999999994834,49.99999999999492,49.99999999999501,49.999999999995126,49.99999999999525,49.99999999999539,49.99999999999554,49.99999999999571,49.999999999995886,49.999999999996085,49.99999999999629,49.99999999999652,49.99999999999675,49.999999999997,49.999999999997286
62460.0,49.999999999994614,49.99999999999462,49.999999999994635,49.99999999999467,49.999999999994714,49.99999999999477,49.999999999994834,49.99999999999492,49.99999999999501,49.999999999995126,49.99999999999525,49.99999999999539,49.99999999999554,49.99999999999571,49.999999999995886,49.999999999996085,49.99999999999629,49.99999999999652,49.99999999999675,49.999999999997,49.999999999997286
62520.0,49.999999999994614,49.99999999999462,49.999999999994635,49.99999999999467,49.999999999994714,49.99999999999477,49.999999999994834,49.99999999999492,49.99999999999501,49.999999999995126,49.99999999999525,49.99999999999539,49.99999999999554,49.99999999999571,49.999999999995886,49.999999999996085,49.99999999999629,49.99999999999652,49.99999999999675,49.999999999997,49.999999999997286
62580.0,49.999999999994614,49.99999999999462,49.999999999994635,49.99999999999467,49.999999999994714,49.99999999999477,49.999999999994834,49.99999999999492,49.99999999999501,49.999999999995126,49.99999999999525,49.99999999999539,49.99999999999554,49.99999999999571,49.999999999995886,49.999999999996085,49.99999999999629,49.99999999999652,49.99999999999675,49.999999999997,49.999999999997286
62640.0,49.999999999994614,49.99999999999462,49.999999999994635,49.99999999999467,49.999999999994714,49.99999999999477,49.999999999994834,49.99999999999492,49.99999999999501,49.999999999995126,49.99999999999525,49.99999999999539,49.99999999999554,49.99999999999571,49.999999999995886,49.999999999996085,49.99999999999629,49.99999999999652,49.99999999999675,49.999999999997,49.999999999997286
62700.0,49.999999999994614,49.99999999999462,49.999999999994635,49.99999999999467,49.999999999994714,49.99999999999477,49.999999999994834,49.99999999999492,49.99999999999501,49.999999999995126,49.99999999999525,49.99999999999539,49.99999999999554,49.99999999999571,49.999999999995886,49.999999999996085,49.99999999999629,49.99999999999652,49.99999999999675,49.999999999997,49.999999999997286
62760.0,49.999999999994614,49.99999999999462,49.999999999994635,49.99999999999467,49.999999999994714,49.99999999999477,49.999999999994834,49.99999999999492,49.99999999999501,49.999999999995126,49.99999999999525,49.99999999999539,49.99999999999554,49.99999999999571,49.999999999995886,49.999999999996085,49.99999999999629,49.99999999999652,49.99999999999675,49.999999999997,49.999999999997286
62820.0,49.999999999994614,49.99999999999462,49.999999999994635,49.99999999999467,49.999999999994714,49.99999999999477,49.999999999994834,49.99999999999492,49.99999999999501,49.999999999995126,49.99999999999525,49.99999999999539,49.99999999999554,49.99999999999571,49.999999999995886,49.999999999996085,49.99999999999629,49.99999999999652,49.99999999999675,49.999999999997,49.999999999997286
62880.0,49.999999999994614,49.99999999999462,49.999999999994635,49.99999999999467,49.999999999994714,49.99999999999477,49.999999999994834,49.99999999999492,49.99999999999501,49.999999999995126,49.99999999999525,49.99999999999539,49.99999999999554,49.99999999999571,49.999999999995886,49.999999999996085,49.99999999999629,49.99999999999652,49.99999999999675,49.999999999997,49.999999999997286
62940.0,49.999999999994614,49.99999999999462,49.999999999994635,49.99999999999467,49.999999999994714,49.99999999999477,49.999999999994834,49.99999999999492,49.99999999999501,49.999999999995126,49.99999999999525,49.99999999999539,49.99999999999554,49.99999999999571,49.999999999995886,49.999999999996085,49.99999999999629,49.99999999999652,49.99999999999675,49.999999999997,49.999999999997286
63000.0,49.999999999994614,49.99999999999462,49.999999999994635,49.99999999999467,49.999999999994714,49.99999999999477,49.999999999994834,49.99999999999492,49.99999999999501,49.999999999995126,49.99999999999525,49.99999999999539,49.99999999999554,49.99999999999571,49.999999999995886,49.999999999996085,49.99999999999629,49.99999999999652,49.99999999999675,49.999999999997,49.999999999997286
63060.0,49.999999999994614,49.99999999999462,49.999999999994635,49.99999999999467,49.999999999994714,49.99999999999477,49.999999999994834,49.99999999999492,49.99999999999501,49.999999999995126,49.99999999999525,49.99999999999539,49.99999999999554,49.99999999999571,49.999999999995886,49.999999999996085,49.99999999999629,49.99999999999652,49.99999999999675,49.999999999997,49.999999999997286
63120.0,49.999999999994614,49.99999999999462,49.999999999994635,49.99999999999467,49.999999999994714,49.99999999999477,49.999999999994834,49.99999999999492,49.99999999999501,49.999999999995126,49.99999999999525,49.99999999999539,49.99999999999554,49.99999999999571,49.999999999995886,49.999999999996085,49.99999999999629,49.99999999999652,49.99999999999675,49.999999999997,49.999999999997286
63180.0,49.999999999994614,49.99999999999462,49.999999999994635,49.99999999999467,49.999999999994714,49.99999999999477,49.999999999994834,49.99999999999492,49.99999999999501,49.999999999995126,49.99999999999525,49.99999999999539,49.99999999999554,49.99999999999571,49.999999999995886,49.999999999996085,49.99999999999629,49.99999999999652,49.99999999999675,49.999999999997,49.999999999997286
63240.0,49.999999999994614,49.99999999999462,49.999999999994635,49.99999999999467,49.999999999994714,49.99999999999477,49.999999999994834,49.99999999999492,49.99999999999501,49.999999999995126,49.99999999999525,49.99999999999539,49.99999999999554,49.99999999999571,49.999999999995886,49.999999999996085,49.99999999999629,49.99999999999652,49.99999999999675,49.999999999997,49.999999999997286
63300.0,49.999999999994614,49.99999999999462,49.999999999994635,49.99999999999467,49.999999999994714,49.99999999999477,49.999999999994834,49.99999999999492,49.99999999999501,49.999999999995126,49.99999999999525,49.99999999999539,49.99999999999554,49.99999999999571,49.999999999995886,49.999999999996085,49.99999999999629,49.99999999999652,49.99999999999675,49.999999999997,49.999999999997286
63360.0,49.999999999994614,49.99999999999462,49.999999999994635,49.99999999999467,49.999999999994714,49.99999999999477,49.999999999994834,49.99999999999492,49.99999999999501,49.999999999995126,49.99999999999525,49.99999999999539,49.99999999999554,49.99999999999571,49.999999999995886,49.999999999996085,49.99999999999629,49.99999999999652,49.99999999999675,49.999999999997,49.999999999997286
63420.0,49.999999999994614,49.99999999999462,49.999999999994635,49.99999999999467,49.999999999994714,49.99999999999477,49.999999999994834,49.99999999999492,49.99999999999501,49.999999999995126,49.99999999999525,49.99999999999539,49.99999999999554,49.99999999999571,49.999999999995886,49.999999999996085,49.99999999999629,49.99999999999652,49.99999999999675,49.999999999997,49.999999999997286
63480.0,49.999999999994614,49.99999999999462,49.999999999994635,49.99999999999467,49.999999999994714,49.99999999999477,49.999999999994834,49.99999999999492,49.99999999999501,49.999999999995126,49.99999999999525,49.99999999999539,49.99999999999554,49.99999999999571,49.999999999995886,49.999999999996085,49.99999999999629,49.99999999999652,49.99999999999675,49.999999999997,49.999999999997286
63540.0,49.999999999994614,49.99999999999462,49.999999999994635,49.99999999999467,49.999999999994714,49.99999999999477,49.999999999994834,49.99999999999492,49.99999999999501,49.999999999995126,49.99999999999525,49.99999999999539,49.99999999999554,49.99999999999571,49.999999999995886,49.999999999996085,49.99999999999629,49.99999999999652,49.99999999999675,49.999999999997,49.999999999997286
63600.0,49.999999999994614,49.99999999999462,49.999999999994635,49.99999999999467,49.999999999994714,49.99999999999477,49.999999999994834,49.99999999999492,49.99999999999501,49.999999999995126,49.99999999999525,49.99999999999539,49.99999999999554,49.99999999999571,49.999999999995886,49.999999999996085,49.99999999999629,49.99999999999652,49.99999999999675,49.999999999997,49.999999999997286
63660.0,49.999999999994614,49.99999999999462,49.999999999994635,49.99999999999467,49.999999999994714,49.99999999999477,49.999999999994834,49.99999999999492,49.99999999999501,49.999999999995126,49.99999999999525,49.99999999999539,49.99999999999554,49.99999999999571,49.999999999995886,49.999999999996085,49.99999999999629,49.99999999999652,49.99999999999675,49.999999999997,49.999999999997286
63720.0,49.999999999994614,49.99999999999462,49.999999999994635,49.99999999999467,49.999999999994714,49.99999999999477,49.999999999994834,49.99999999999492,49.99999999999501,49.999999999995126,49.99999999999525,49.99999999999539,49.99999999999554,49.99999999999571,49.999999999995886,49.999999999996085,49.99999999999629,49.99999999999652,49.99999999999675,49.999999999997,49.999999999997286
63780.0,49.999999999994614,49.99999999999462,49.999999999994635,49.99999999999467,49.999999999994714,49.99999999999477,49.999999999994834,49.99999999999492,49.99999999999501,49.999999999995126,49.99999999999525,49.99999999999539,49.99999999999554,49.99999999999571,49.999999999995886,49.999999999996085,49.99999999999629,49.99999999999652,49.99999999999675,49.999999999997,49.999999999997286
63840.0,49.999999999994614,49.99999999999462,49.999999999994635,49.99999999999467,49.999999999994714,49.99999999999477,49.999999999994834,49.99999999999492,49.99999999999501,49.999999999995126,49.99999999999525,49.99999999999539,49.99999999999554,49.99999999999571,49.999999999995886,49.999999999996085,49.99999999999629,49.99999999999652,49.99999999999675,49.999999999997,49.999999999997286
63900.0,49.999999999994614,49.99999999999462,49.999999999994635,49.99999999999467,49.999999999994714,49.99999999999477,49.999999999994834,49.99999999999492,49.99999999999501,49.999999999995126,49.99999999999525,49.99999999999539,49.99999999999554,49.99999999999571,49.999999999995886,49.999999999996085,49.99999999999629,49.99999999999652,49.99999999999675,49.999999999997,49.999999999997286
63960.0,49.999999999994614,49.99999999999462,49.999999999994635,49.99999999999467,49.999999999994714,49.99999999999477,49.999999999994834,49.99999999999492,49.99999999999501,49.999999999995126,49.99999999999525,49.99999999999539,49.99999999999554,49.99999999999571,49.999999999995886,49.999999999996085,49.99999999999629,49.99999999999652,49.99999999999675,49.999999999997,49.999999999997286
64020.0,49.999999999994614,49.99999999999462,49.999999999994635,49.99999999999467,49.999999999994714,49.99999999999477,49.999999999994834,49.99999999999492,49.99999999999501,49.999999999995126,49.99999999999525,49.99999999999539,49.99999999999554,49.99999999999571,49.999999999995886,49.999999999996085,49.99999999999629,49.99999999999652,49.99999999999675,49.999999999997,49.999999999997286
64080.0,49.999999999994614,49.99999999999462,49.999999999994635,49.99999999999467,49.999999999994714,49.99999999999477,49.999999999994834,49.99999999999492,49.99999999999501,49.999999999995126,49.99999999999525,49.99999999999539,49.99999999999554,49.99999999999571,49.999999999995886,49.999999999996085,49.99999999999629,49.99999999999652,49.99999999999675,49.999999999997,49.999999999997286
64140.0,49.999999999994614,49.99999999999462,49.999999999994635,49.99999999999467,49.999999999994714,49.99999999999477,49.999999999994834,49.99999999999492,49.99999999999501,49.999999999995126,49.99999999999525,49.99999999999539,49.99999999999554,49.99999999999571,49.999999999995886,49.999999999996085,49.99999999999629,49.99999999999652,49.99999999999675,49.999999999997,49.999999999997286
64200.0,49.999999999994614,49.99999999999462,49.999999999994635,49.99999999999467,49.999999999994714,49.99999999999477,49.999999999994834,49.99999999999492,49.99999999999501,49.999999999995126,49.99999999999525,49.99999999999539,49.99999999999554,49.99999999999571,49.999999999995886,49.999999999996085,49.99999999999629,49.99999999999652,49.99999999999675,49.999999999997,49.999999999997286
64260.0,49.999999999994614,49.99999999999462,49.999999999994635,49.99999999999467,49.999999999994714,49.99999999999477,49.999999999994834,49.99999999999492,49.99999999999501,49.999999999995126,49.99999999999525,49.99999999999539,49.99999999999554,49.99999999999571,49.999999999995886,49.999999999996085,49.99999999999629,49.99999999999652,49.99999999999675,49.999999999997,49.999999999997286
64320.0,49.999999999994614,49.99999999999462,49.999999999994635,49.99999999999467,49.999999999994714,49.99999999999477,49.999999999994834,49.99999999999492,49.99999999999501,49.999999999995126,49.99999999999525,49.99999999999539,49.99999999999554,49.99999999999571,49.999999999995886,49.999999999996085,49.99999999999629,49.99999999999652,49.99999999999675,49.999999999997,49.999999999997286
64380.0,49.999999999994614,49.99999999999462,49.999999999994635,49.99999999999467,49.999999999994714,49.99999999999477,49.999999999994834,49.99999999999492,49.99999999999501,49.999999999995126,49.99999999999525,49.99999999999539,49.99999999999554,49.99999999999571,49.999999999995886,49.999999999996085,49.99999999999629,49.99999999999652,49.99999999999675,49.999999999997,49.999999999997286
64440.0,49.999999999994614,49.99999999999462,49.999999999994635,49.99999999999467,49.999999999994714,49.99999999999477,49.999999999994834,49.99999999999492,49.99999999999501,49.999999999995126,49.99999999999525,49.99999999999539,49.99999999999554,49.99999999999571,49.999999999995886,49.999999999996085,49.99999999999629,49.99999999999652,49.99999999999675,49.999999999997,49.999999999997286
64500.0,49.999999999994614,49.99999999999462,49.999999999994635,49.99999999999467,49.999999999994714,49.99999999999477,49.999999999994834,49.99999999999492,49.99999999999501,49.999999999995126,49.99999999999525,49.99999999999539,49.99999999999554,49.99999999999571,49.999999999995886,49.999999999996085,49.99999999999629,49.99999999999652,49.99999999999675,49.999999999997,49.999999999997286
64560.0,49.999999999994614,49.99999999999462,49.999999999994635,49.99999999999467,49.999999999994714,49.99999999999477,49.999999999994834,49.99999999999492,49.99999999999501,49.999999999995126,49.99999999999525,49.99999999999539,49.99999999999554,49.99999999999571,49.999999999995886,49.999999999996085,49.99999999999629,49.99999999999652,49.99999999999675,49.999999999997,49.999999999997286
64620.0,49.999999999994614,49.99999999999462,49.999999999994635,49.99999999999467,49.999999999994714,49.99999999999477,49.999999999994834,49.99999999999492,49.99999999999501,49.999999999995126,49.99999999999525,49.99999999999539,49.99999999999554,49.99999999999571,49.999999999995886,49.999999999996085,49.99999999999629,49.99999999999652,49.99999999999675,49.999999999997,49.999999999997286
64680.0,49.999999999994614,49.99999999999462,49.999999999994635,49.99999999999467,49.999999999994714,49.99999999999477,49.999999999994834,49.99999999999492,49.99999999999501,49.999999999995126,49.99999999999525,49.99999999999539,49.99999999999554,49.99999999999571,49.999999999995886,49.999999999996085,49.99999999999629,49.99999999999652,49.99999999999675,49.999999999997,49.999999999997286
64740.0,49.999999999994614,49.99999999999462,49.999999999994635,49.99999999999467,49.999999999994714,49.99999999999477,49.999999999994834,49.99999999999492,49.99999999999501,49.999999999995126,49.99999999999525,49.99999999999539,49.99999999999554,49.99999999999571,49.999999999995886,49.999999999996085,49.99999999999629,49.99999999999652,49.99999999999675,49.999999999997,49.999999999997286
64800.0,49.999999999994614,49.99999999999462,49.999999999994635,49.99999999999467,49.999999999994714,49.99999999999477,49.999999999994834,49.99999999999492,49.99999999999501,49.999999999995126,49.99999999999525,49.99999999999539,49.99999999999554,49.99999999999571,49.999999999995886,49.999999999996085,49.99999999999629,49.99999999999652,49.99999999999675,49.999999999997,49.999999999997286
64860.0,49.999999999994614,49.99999999999462,49.999999999994635,49.99999999999467,49.999999999994714,49.99999999999477,49.999999999994834,49.99999999999492,49.99999999999501,49.999999999995126,49.99999999999525,49.99999999999539,49.99999999999554,49.99999999999571,49.999999999995886,49.999999999996085,49.99999999999629,49.99999999999652,49.99999999999675,49.999999999997,49.999999999997286
64920.0,49.999999999994614,49.99999999999462,49.999999999994635,49.99999999999467,49.999999999994714,49.99999999999477,49.999999999994834,49.99999999999492,49.99999999999501,49.999999999995126,49.99999999999525,49.99999999999539,49.99999999999554,49.99999999999571,49.999999999995886,49.999999999996085,49.99999999999629,49.99999999999652,49.99999999999675,49.999999999997,49.999999999997286
64980.0,49.999999999994614,49.99999999999462,49.999999999994635,49.99999999999467,49.999999999994714,49.99999999999477,49.999999999994834,49.99999999999492,49.99999999999501,49.999999999995126,49.99999999999525,49.99999999999539,49.99999999999554,49.99999999999571,49.999999999995886,49.999999999996085,49.99999999999629,49.99999999999652,49.99999999999675,49.999999999997,49.999999999997286
65040.0,49.999999999994614,49.99999999999462,49.999999999994635,49.99999999999467,49.999999999994714,49.99999999999477,49.999999999994834,49.99999999999492,49.99999999999501,49.999999999995126,49.99999999999525,49.99999999999539,49.99999999999554,49.99999999999571,49.999999999995886,49.999999999996085,49.99999999999629,49.99999999999652,49.99999999999675,49.999999999997,49.999999999997286
65100.0,49.999999999994614,49.99999999999462,49.999999999994635,49.99999999999467,49.999999999994714,49.99999999999477,49.999999999994834,49.99999999999492,49.99999999999501,49.999999999995126,49.99999999999525,49.99999999999539,49.99999999999554,49.99999999999571,49.999999999995886,49.999999999996085,49.99999999999629,49.99999999999652,49.99999999999675,49.999999999997,49.999999999997286
65160.0,49.999999999994614,49.99999999999462,49.999999999994635,49.99999999999467,49.999999999994714,49.99999999999477,49.999999999994834,49.99999999999492,49.99999999999501,49.999999999995126,49.99999999999525,49.99999999999539,49.99999999999554,49.99999999999571,49.999999999995886,49.999999999996085,49.99999999999629,49.99999999999652,49.99999999999675,49.999999999997,49.999999999997286
65220.0,49.999999999994614,49.99999999999462,49.999999999994635,49.99999999999467,49.999999999994714,49.99999999999477,49.999999999994834,49.99999999999492,49.99999999999501,49.999999999995126,49.99999999999525,49.99999999999539,49.99999999999554,49.99999999999571,49.999999999995886,49.999999999996085,49.99999999999629,49.99999999999652,49.99999999999675,49.999999999997,49.999999999997286
65280.0,49.999999999994614,49.99999999999462,49.999999999994635,49.99999999999467,49.999999999994714,49.99999999999477,49.999999999994834,49.99999999999492,49.99999999999501,49.999999999995126,49.99999999999525,49.99999999999539,49.99999999999554,49.99999999999571,49.999999999995886,49.999999999996085,49.99999999999629,49.99999999999652,49.99999999999675,49.999999999997,49.999999999997286
65340.0,49.999999999994614,49.99999999999462,49.999999999994635,49.99999999999467,49.999999999994714,49.99999999999477,49.999999999994834,49.99999999999492,49.99999999999501,49.999999999995126,49.99999999999525,49.99999999999539,49.99999999999554,49.99999999999571,49.999999999995886,49.999999999996085,49.99999999999629,49.99999999999652,49.99999999999675,49.999999999997,49.999999999997286
65400.0,49.999999999994614,49.99999999999462,49.999999999994635,49.99999999999467,49.999999999994714,49.99999999999477,49.999999999994834,49.99999999999492,49.99999999999501,49.999999999995126,49.99999999999525,49.99999999999539,49.99999999999554,49.99999999999571,49.999999999995886,49.999999999996085,49.99999999999629,49.99999999999652,49.99999999999675,49.999999999997,49.999999999997286
65460.0,49.999999999994614,49.99999999999462,49.999999999994635,49.99999999999467,49.999999999994714,49.99999999999477,49.999999999994834,49.99999999999492,49.99999999999501,49.999999999995126,49.99999999999525,49.99999999999539,49.99999999999554,49.99999999999571,49.999999999995886,49.999999999996085,49.99999999999629,49.99999999999652,49.99999999999675,49.999999999997,49.999999999997286
65520.0,49.999999999994614,49.99999999999462,49.999999999994635,49.99999999999467,49.999999999994714,49.99999999999477,49.999999999994834,49.99999999999492,49.99999999999501,49.999999999995126,49.99999999999525,49.99999999999539,49.99999999999554,49.99999999999571,49.999999999995886,49.999999999996085,49.99999999999629,49.99999999999652,49.99999999999675,49.999999999997,49.999999999997286
65580.0,49.999999999994614,49.99999999999462,49.999999999994635,49.99999999999467,49.999999999994714,49.99999999999477,49.999999999994834,49.99999999999492,49.99999999999501,49.999999999995126,49.99999999999525,49.99999999999539,49.99999999999554,49.99999999999571,49.999999999995886,49.999999999996085,49.99999999999629,49.99999999999652,49.99999999999675,49.999999999997,49.999999999997286
65640.0,49.999999999994614,49.99999999999462,49.999999999994635,49.99999999999467,49.999999999994714,49.99999999999477,49.999999999994834,49.99999999999492,49.99999999999501,49.999999999995126,49.99999999999525,49.99999999999539,49.99999999999554,49.99999999999571,49.999999999995886,49.999999999996085,49.99999999999629,49.99999999999652,49.99999999999675,49.999999999997,49.999999999997286
65700.0,49.999999999994614,49.99999999999462,49.999999999994635,49.99999999999467,49.999999999994714,49.99999999999477,49.999999999994834,49.99999999999492,49.99999999999501,49.999999999995126,49.99999999999525,49.99999999999539,49.99999999999554,49.99999999999571,49.999999999995886,49.999999999996085,49.99999999999629,49.99999999999652,49.99999999999675,49.999999999997,49.999999999997286
65760.0,49.999999999994614,49.99999999999462,49.999999999994635,49.99999999999467,49.999999999994714,49.99999999999477,49.999999999994834,49.99999999999492,49.99999999999501,49.999999999995126,49.99999999999525,49.99999999999539,49.99999999999554,49.99999999999571,49.999999999995886,49.999999999996085,49.99999999999629,49.99999999999652,49.99999999999675,49.999999999997,49.999999999997286
65820.0,49.999999999994614,49.99999999999462,49.999999999994635,49.99999999999467,49.999999999994714,49.99999999999477,49.999999999994834,49.99999999999492,49.99999999999501,49.999999999995126,49.99999999999525,49.99999999999539,49.99999999999554,49.99999999999571,49.999999999995886,49.999999999996085,49.99999999999629,49.99999999999652,49.99999999999675,49.999999999997,49.999999999997286
65880.0,49.999999999994614,49.99999999999462,49.999999999994635,49.99999999999467,49.999999999994714,49.99999999999477,49.999999999994834,49.99999999999492,49.99999999999501,49.999999999995126,49.99999999999525,49.99999999999539,49.99999999999554,49.99999999999571,49.999999999995886,49.999999999996085,49.99999999999629,49.99999999999652,49.99999999999675,49.999999999997,49.999999999997286
65940.0,49.999999999994614,49.99999999999462,49.999999999994635,49.99999999999467,49.999999999994714,49.99999999999477,49.999999999994834,49.99999999999492,49.99999999999501,49.999999999995126,49.99999999999525,49.99999999999539,49.99999999999554,49.99999999999571,49.999999999995886,49.999999999996085,49.99999999999629,49.99999999999652,49.99999999999675,49.999999999997,49.999999999997286
66000.0,49.999999999994614,49.99999999999462,49.999999999994635,49.99999999999467,49.999999999994714,49.99999999999477,49.999999999994834,49.99999999999492,49.99999999999501,49.999999999995126,49.99999999999525,49.99999999999539,49.99999999999554,49.99999999999571,49.999999999995886,49.999999999996085,49.99999999999629,49.99999999999652,49.99999999999675,49.999999999997,49.999999999997286
66060.0,49.999999999994614,49.99999999999462,49.999999999994635,49.99999999999467,49.999999999994714,49.99999999999477,49.999999999994834,49.99999999999492,49.99999999999501,49.999999999995126,49.99999999999525,49.99999999999539,49.99999999999554,49.99999999999571,49.999999999995886,49.999999999996085,49.99999999999629,49.99999999999652,49.99999999999675,49.999999999997,49.999999999997286
66120.0,49.999999999994614,49.99999999999462,49.999999999994635,49.99999999999467,49.999999999994714,49.99999999999477,49.999999999994834,49.99999999999492,49.99999999999501,49.999999999995126,49.99999999999525,49.99999999999539,49.99999999999554,49.99999999999571,49.999999999995886,49.999999999996085,49.99999999999629,49.99999999999652,49.99999999999675,49.999999999997,49.999999999997286
66180.0,49.999999999994614,49.99999999999462,49.999999999994635,49.99999999999467,49.999999999994714,49.99999999999477,49.999999999994834,49.99999999999492,49.99999999999501,49.999999999995126,49.99999999999525,49.99999999999539,49.99999999999554,49.99999999999571,49.999999999995886,49.999999999996085,49.99999999999629,49.99999999999652,49.99999999999675,49.999999999997,49.999999999997286
66240.0,49.999999999994614,49.99999999999462,49.999999999994635,49.99999999999467,49.999999999994714,49.99999999999477,49.999999999994834,49.99999999999492,49.99999999999501,49.999999999995126,49.99999999999525,49.99999999999539,49.99999999999554,49.99999999999571,49.999999999995886,49.999999999996085,49.99999999999629,49.99999999999652,49.99999999999675,49.999999999997,49.999999999997286
66300.0,49.999999999994614,49.99999999999462,49.999999999994635,49.99999999999467,49.999999999994714,49.99999999999477,49.999999999994834,49.99999999999492,49.99999999999501,49.999999999995126,49.99999999999525,49.99999999999539,49.99999999999554,49.99999999999571,49.999999999995886,49.999999999996085,49.99999999999629,49.99999999999652,49.99999999999675,49.999999999997,49.999999999997286
66360.0,49.999999999994614,49.99999999999462,49.999999999994635,49.99999999999467,49.999999999994714,49.99999999999477,49.999999999994834,49.99999999999492,49.99999999999501,49.999999999995126,49.99999999999525,49.99999999999539,49.99999999999554,49.99999999999571,49.999999999995886,49.999999999996085,49.99999999999629,49.99999999999652,49.99999999999675,49.999999999997,49.999999999997286
66420.0,49.999999999994614,49.99999999999462,49.999999999994635,49.99999999999467,49.999999999994714,49.99999999999477,49.999999999994834,49.99999999999492,49.99999999999501,49.999999999995126,49.99999999999525,49.99999999999539,49.99999999999554,49.99999999999571,49.999999999995886,49.999999999996085,49.99999999999629,49.99999999999652,49.99999999999675,49.999999999997,49.999999999997286
66480.0,49.999999999994614,49.99999999999462,49.999999999994635,49.99999999999467,49.999999999994714,49.99999999999477,49.999999999994834,49.99999999999492,49.99999999999501,49.999999999995126,49.99999999999525,49.99999999999539,49.99999999999554,49.99999999999571,49.999999999995886,49.999999999996085,49.99999999999629,49.99999999999652,49.99999999999675,49.999999999997,49.999999999997286
66540.0,49.999999999994614,49.99999999999462,49.999999999994635,49.99999999999467,49.999999999994714,49.99999999999477,49.999999999994834,49.99999999999492,49.99999999999501,49.999999999995126,49.99999999999525,49.99999999999539,49.99999999999554,49.99999999999571,49.999999999995886,49.999999999996085,49.99999999999629,49.99999999999652,49.99999999999675,49.999999999997,49.999999999997286
66600.0,49.999999999994614,49.99999999999462,49.999999999994635,49.99999999999467,49.999999999994714,49.99999999999477,49.999999999994834,49.99999999999492,49.99999999999501,49.999999999995126,49.99999999999525,49.99999999999539,49.99999999999554,49.99999999999571,49.999999999995886,49.999999999996085,49.99999999999629,49.99999999999652,49.99999999999675,49.999999999997,49.999999999997286
66660.0,49.999999999994614,49.99999999999462,49.999999999994635,49.99999999999467,49.999999999994714,49.99999999999477,49.999999999994834,49.99999999999492,49.99999999999501,49.999999999995126,49.99999999999525,49.99999999999539,49.99999999999554,49.99999999999571,49.999999999995886,49.999999999996085,49.99999999999629,49.99999999999652,49.99999999999675,49.999999999997,49.999999999997286
66720.0,49.999999999994614,49.99999999999462,49.999999999994635,49.99999999999467,49.999999999994714,49.99999999999477,49.999999999994834,49.99999999999492,49.99999999999501,49.999999999995126,49.99999999999525,49.99999999999539,49.99999999999554,49.99999999999571,49.999999999995886,49.999999999996085,49.99999999999629,49.99999999999652,49.99999999999675,49.999999999997,49.999999999997286
66780.0,49.999999999994614,49.99999999999462,49.999999999994635,49.99999999999467,49.999999999994714,49.99999999999477,49.999999999994834,49.99999999999492,49.99999999999501,49.999999999995126,49.99999999999525,49.99999999999539,49.99999999999554,49.99999999999571,49.999999999995886,49.999999999996085,49.99999999999629,49.99999999999652,49.99999999999675,49.999999999997,49.999999999997286
66840.0,49.999999999994614,49.99999999999462,49.999999999994635,49.99999999999467,49.999999999994714,49.99999999999477,49.999999999994834,49.99999999999492,49.99999999999501,49.999999999995126,49.99999999999525,49.99999999999539,49.99999999999554,49.99999999999571,49.999999999995886,49.999999999996085,49.99999999999629,49.99999999999652,49.99999999999675,49.999999999997,49.999999999997286
66900.0,49.999999999994614,49.99999999999462,49.999999999994635,49.99999999999467,49.999999999994714,49.99999999999477,49.999999999994834,49.99999999999492,49.99999999999501,49.999999999995126,49.99999999999525,49.99999999999539,49.99999999999554,49.99999999999571,49.999999999995886,49.999999999996085,49.99999999999629,49.99999999999652,49.99999999999675,49.999999999997,49.999999999997286
66960.0,49.999999999994614,49.99999999999462,49.999999999994635,49.99999999999467,49.999999999994714,49.99999999999477,49.999999999994834,49.99999999999492,49.99999999999501,49.999999999995126,49.99999999999525,49.99999999999539,49.99999999999554,49.99999999999571,49.999999999995886,49.999999999996085,49.99999999999629,49.99999999999652,49.99999999999675,49.999999999997,49.999999999997286
67020.0,49.999999999994614,49.99999999999462,49.999999999994635,49.99999999999467,49.999999999994714,49.99999999999477,49.999999999994834,49.99999999999492,49.99999999999501,49.999999999995126,49.99999999999525,49.99999999999539,49.99999999999554,49.99999999999571,49.999999999995886,49.999999999996085,49.99999999999629,49.99999999999652,49.99999999999675,49.999999999997,49.999999999997286
67080.0,49.999999999994614,49.99999999999462,49.999999999994635,49.99999999999467,49.999999999994714,49.99999999999477,49.999999999994834,49.99999999999492,49.99999999999501,49.999999999995126,49.99999999999525,49.99999999999539,49.99999999999554,49.99999999999571,49.999999999995886,49.999999999996085,49.99999999999629,49.99999999999652,49.99999999999675,49.999999999997,49.999999999997286
67140.0,49.999999999994614,49.99999999999462,49.999999999994635,49.99999999999467,49.999999999994714,49.99999999999477,49.999999999994834,49.99999999999492,49.99999999999501,49.999999999995126,49.99999999999525,49.99999999999539,49.99999999999554,49.99999999999571,49.999999999995886,49.999999999996085,49.99999999999629,49.99999999999652,49.99999999999675,49.999999999997,49.999999999997286
67200.0,49.999999999994614,49.99999999999462,49.999999999994635,49.99999999999467,49.999999999994714,49.99999999999477,49.999999999994834,49.99999999999492,49.99999999999501,49.999999999995126,49.99999999999525,49.99999999999539,49.99999999999554,49.99999999999571,49.999999999995886,49.999999999996085,49.99999999999629,49.99999999999652,49.99999999999675,49.999999999997,49.999999999997286
67260.0,49.999999999994614,49.99999999999462,49.999999999994635,49.99999999999467,49.999999999994714,49.99999999999477,49.999999999994834,49.99999999999492,49.99999999999501,49.999999999995126,49.99999999999525,49.99999999999539,49.99999999999554,49.99999999999571,49.999999999995886,49.999999999996085,49.99999999999629,49.99999999999652,49.99999999999675,49.999999999997,49.999999999997286
67320.0,49.999999999994614,49.99999999999462,49.999999999994635,49.99999999999467,49.999999999994714,49.99999999999477,49.999999999994834,49.99999999999492,49.99999999999501,49.999999999995126,49.99999999999525,49.99999999999539,49.99999999999554,49.99999999999571,49.999999999995886,49.999999999996085,49.99999999999629,49.99999999999652,49.99999999999675,49.999999999997,49.999999999997286
67380.0,49.999999999994614,49.99999999999462,49.999999999994635,49.99999999999467,49.999999999994714,49.99999999999477,49.999999999994834,49.99999999999492,49.99999999999501,49.999999999995126,49.99999999999525,49.99999999999539,49.99999999999554,49.99999999999571,49.999999999995886,49.999999999996085,49.99999999999629,49.99999999999652,49.99999999999675,49.999999999997,49.999999999997286
67440.0,49.999999999994614,49.99999999999462,49.999999999994635,49.99999999999467,49.999999999994714,49.99999999999477,49.999999999994834,49.99999999999492,49.99999999999501,49.999999999995126,49.99999999999525,49.99999999999539,49.99999999999554,49.99999999999571,49.999999999995886,49.999999999996085,49.99999999999629,49.99999999999652,49.99999999999675,49.999999999997,49.999999999997286
67500.0,49.999999999994614,49.99999999999462,49.999999999994635,49.99999999999467,49.999999999994714,49.99999999999477,49.999999999994834,49.99999999999492,49.99999999999501,49.999999999995126,49.99999999999525,49.99999999999539,49.99999999999554,49.99999999999571,49.999999999995886,49.999999999996085,49.99999999999629,49.99999999999652,49.99999999999675,49.999999999997,49.999999999997286
67560.0,49.999999999994614,49.99999999999462,49.999999999994635,49.99999999999467,49.999999999994714,49.99999999999477,49.999999999994834,49.99999999999492,49.99999999999501,49.999999999995126,49.99999999999525,49.99999999999539,49.99999999999554,49.99999999999571,49.999999999995886,49.999999999996085,49.99999999999629,49.99999999999652,49.99999999999675,49.999999999997,49.999999999997286
67620.0,49.999999999994614,49.99999999999462,49.999999999994635,49.99999999999467,49.999999999994714,49.99999999999477,49.999999999994834,49.99999999999492,49.99999999999501,49.999999999995126,49.99999999999525,49.99999999999539,49.99999999999554,49.99999999999571,49.999999999995886,49.999999999996085,49.99999999999629,49.99999999999652,49.99999999999675,49.999999999997,49.999999999997286
67680.0,49.999999999994614,49.99999999999462,49.999999999994635,49.99999999999467,49.999999999994714,49.99999999999477,49.999999999994834,49.99999999999492,49.99999999999501,49.999999999995126,49.99999999999525,49.99999999999539,49.99999999999554,49.99999999999571,49.999999999995886,49.999999999996085,49.99999999999629,49.99999999999652,49.99999999999675,49.999999999997,49.999999999997286
67740.0,49.999999999994614,49.99999999999462,49.999999999994635,49.99999999999467,49.999999999994714,49.99999999999477,49.999999999994834,49.99999999999492,49.99999999999501,49.999999999995126,49.99999999999525,49.99999999999539,49.99999999999554,49.99999999999571,49.999999999995886,49.999999999996085,49.99999999999629,49.99999999999652,49.99999999999675,49.999999999997,49.999999999997286
67800.0,49.999999999994614,49.99999999999462,49.999999999994635,49.99999999999467,49.999999999994714,49.99999999999477,49.999999999994834,49.99999999999492,49.99999999999501,49.999999999995126,49.99999999999525,49.99999999999539,49.99999999999554,49.99999999999571,49.999999999995886,49.999999999996085,49.99999999999629,49.99999999999652,49.99999999999675,49.999999999997,49.999999999997286
67860.0,49.999999999994614,49.99999999999462,49.999999999994635,49.99999999999467,49.999999999994714,49.99999999999477,49.999999999994834,49.99999999999492,49.99999999999501,49.999999999995126,49.99999999999525,49.99999999999539,49.99999999999554,49.99999999999571,49.999999999995886,49.999999999996085,49.99999999999629,49.99999999999652,49.99999999999675,49.999999999997,49.999999999997286
67920.0,49.999999999994614,49.99999999999462,49.999999999994635,49.99999999999467,49.999999999994714,49.99999999999477,49.999999999994834,49.99999999999492,49.99999999999501,49.999999999995126,49.99999999999525,49.99999999999539,49.99999999999554,49.99999999999571,49.999999999995886,49.999999999996085,49.99999999999629,49.99999999999652,49.99999999999675,49.999999999997,49.999999999997286
67980.0,49.999999999994614,49.99999999999462,49.999999999994635,49.99999999999467,49.999999999994714,49.99999999999477,49.999999999994834,49.99999999999492,49.99999999999501,49.999999999995126,49.99999999999525,49.99999999999539,49.99999999999554,49.99999999999571,49.999999999995886,49.999999999996085,49.99999999999629,49.99999999999652,49.99999999999675,49.999999999997,49.999999999997286
68040.0,49.999999999994614,49.99999999999462,49.999999999994635,49.99999999999467,49.999999999994714,49.99999999999477,49.999999999994834,49.99999999999492,49.99999999999501,49.999999999995126,49.99999999999525,49.99999999999539,49.99999999999554,49.99999999999571,49.999999999995886,49.999999999996085,49.99999999999629,49.99999999999652,49.99999999999675,49.999999999997,49.999999999997286
68100.0,49.999999999994614,49.99999999999462,49.999999999994635,49.99999999999467,49.999999999994714,49.99999999999477,49.999999999994834,49.99999999999492,49.99999999999501,49.999999999995126,49.99999999999525,49.99999999999539,49.99999999999554,49.99999999999571,49.999999999995886,49.999999999996085,49.99999999999629,49.99999999999652,49.99999999999675,49.999999999997,49.999999999997286
68160.0,49.999999999994614,49.99999999999462,49.999999999994635,49.99999999999467,49.999999999994714,49.99999999999477,49.999999999994834,49.99999999999492,49.99999999999501,49.999999999995126,49.99999999999525,49.99999999999539,49.99999999999554,49.99999999999571,49.999999999995886,49.999999999996085,49.99999999999629,49.99999999999652,49.99999999999675,49.999999999997,49.999999999997286
68220.0,49.999999999994614,49.99999999999462,49.999999999994635,49.99999999999467,49.999999999994714,49.99999999999477,49.999999999994834,49.99999999999492,49.99999999999501,49.999999999995126,49.99999999999525,49.99999999999539,49.99999999999554,49.99999999999571,49.999999999995886,49.999999999996085,49.99999999999629,49.99999999999652,49.99999999999675,49.999999999997,49.999999999997286
68280.0,49.999999999994614,49.99999999999462,49.999999999994635,49.99999999999467,49.999999999994714,49.99999999999477,49.999999999994834,49.99999999999492,49.99999999999501,49.999999999995126,49.99999999999525,49.99999999999539,49.99999999999554,49.99999999999571,49.999999999995886,49.999999999996085,49.99999999999629,49.99999999999652,49.99999999999675,49.999999999997,49.999999999997286
68340.0,49.999999999994614,49.99999999999462,49.999999999994635,49.99999999999467,49.999999999994714,49.99999999999477,49.999999999994834,49.99999999999492,49.99999999999501,49.999999999995126,49.99999999999525,49.99999999999539,49.99999999999554,49.99999999999571,49.999999999995886,49.999999999996085,49.99999999999629,49.99999999999652,49.99999999999675,49.999999999997,49.999999999997286
68400.0,49.999999999994614,49.99999999999462,49.999999999994635,49.99999999999467,49.999999999994714,49.99999999999477,49.999999999994834,49.99999999999492,49.99999999999501,49.999999999995126,49.99999999999525,49.99999999999539,49.99999999999554,49.99999999999571,49.999999999995886,49.999999999996085,49.99999999999629,49.99999999999652,49.99999999999675,49.999999999997,49.999999999997286
68460.0,49.999999999994614,49.99999999999462,49.999999999994635,49.99999999999467,49.999999999994714,49.99999999999477,49.999999999994834,49.99999999999492,49.99999999999501,49.999999999995126,49.99999999999525,49.99999999999539,49.99999999999554,49.99999999999571,49.999999999995886,49.999999999996085,49.99999999999629,49.99999999999652,49.99999999999675,49.999999999997,49.999999999997286
68520.0,49.999999999994614,49.99999999999462,49.999999999994635,49.99999999999467,49.999999999994714,49.99999999999477,49.999999999994834,49.99999999999492,49.99999999999501,49.999999999995126,49.99999999999525,49.99999999999539,49.99999999999554,49.99999999999571,49.999999999995886,49.999999999996085,49.99999999999629,49.99999999999652,49.99999999999675,49.999999999997,49.999999999997286
68580.0,49.999999999994614,49.99999999999462,49.999999999994635,49.99999999999467,49.999999999994714,49.99999999999477,49.999999999994834,49.99999999999492,49.99999999999501,49.999999999995126,49.99999999999525,49.99999999999539,49.99999999999554,49.99999999999571,49.999999999995886,49.999999999996085,49.99999999999629,49.99999999999652,49.99999999999675,49.999999999997,49.999999999997286
68640.0,49.999999999994614,49.99999999999462,49.999999999994635,49.99999999999467,49.999999999994714,49.99999999999477,49.999999999994834,49.99999999999492,49.99999999999501,49.999999999995126,49.99999999999525,49.99999999999539,49.99999999999554,49.99999999999571,49.999999999995886,49.999999999996085,49.99999999999629,49.99999999999652,49.99999999999675,49.999999999997,49.999999999997286
68700.0,49.999999999994614,49.99999999999462,49.999999999994635,49.99999999999467,49.999999999994714,49.99999999999477,49.999999999994834,49.99999999999492,49.99999999999501,49.999999999995126,49.99999999999525,49.99999999999539,49.99999999999554,49.99999999999571,49.999999999995886,49.999999999996085,49.99999999999629,49.99999999999652,49.99999999999675,49.999999999997,49.999999999997286
68760.0,49.999999999994614,49.99999999999462,49.999999999994635,49.99999999999467,49.999999999994714,49.99999999999477,49.999999999994834,49.99999999999492,49.99999999999501,49.999999999995126,49.99999999999525,49.99999999999539,49.99999999999554,49.99999999999571,49.999999999995886,49.999999999996085,49.99999999999629,49.99999999999652,49.99999999999675,49.999999999997,49.999999999997286
68820.0,49.999999999994614,49.99999999999462,49.999999999994635,49.99999999999467,49.999999999994714,49.99999999999477,49.999999999994834,49.99999999999492,49.99999999999501,49.999999999995126,49.99999999999525,49.99999999999539,49.99999999999554,49.99999999999571,49.999999999995886,49.999999999996085,49.99999999999629,49.99999999999652,49.99999999999675,49.999999999997,49.999999999997286
68880.0,49.99999999999462,49.99999999999462,49.99999999999464,49.99999999999467,49.999999999994714,49.99999999999477,49.999999999994834,49.99999999999492,49.99999999999501,49.999999999995126,49.99999999999525,49.99999999999539,49.99999999999554,49.99999999999571,49.999999999995886,49.999999999996085,49.99999999999629,49.99999999999652,49.99999999999675,49.999999999997,49.999999999997286
68940.0,49.99999999999462,49.99999999999462,49.99999999999464,49.99999999999467,49.999999999994714,49.99999999999477,49.999999999994834,49.99999999999492,49.99999999999501,49.999999999995126,49.99999999999525,49.99999999999539,49.99999999999554,49.99999999999571,49.999999999995886,49.999999999996085,49.99999999999629,49.99999999999652,49.99999999999675,49.999999999997,49.999999999997286
69000.0,49.99999999999462,49.99999999999462,49.99999999999464,49.99999999999467,49.999999999994714,49.99999999999477,49.999999999994834,49.99999999999492,49.99999999999501,49.999999999995126,49.99999999999525,49.99999999999539,49.99999999999554,49.99999999999571,49.999999999995886,49.999999999996085,49.99999999999629,49.99999999999652,49.99999999999675,49.999999999997,49.999999999997286
69060.0,49.99999999999462,49.99999999999462,49.99999999999464,49.99999999999467,49.999999999994714,49.99999999999477,49.999999999994834,49.99999999999492,49.99999999999501,49.999999999995126,49.99999999999525,49.99999999999539,49.99999999999554,49.99999999999571,49.999999999995886,49.999999999996085,49.99999999999629,49.99999999999652,49.99999999999675,49.999999999997,49.999999999997286
69120.0,49.99999999999462,49.99999999999462,49.99999999999464,49.99999999999467,49.999999999994714,49.99999999999477,49.999999999994834,49.99999999999492,49.99999999999501,49.999999999995126,49.99999999999525,49.99999999999539,49.99999999999554,49.99999999999571,49.999999999995886,49.999999999996085,49.99999999999629,49.99999999999652,49.99999999999675,49.999999999997,49.999999999997286
69180.0,49.99999999999462,49.99999999999462,49.99999999999464,49.99999999999467,49.999999999994714,49.99999999999477,49.999999999994834,49.99999999999492,49.99999999999501,49.999999999995126,49.99999999999525,49.99999999999539,49.99999999999554,49.99999999999571,49.999999999995886,49.999999999996085,49.99999999999629,49.99999999999652,49.99999999999675,49.999999999997,49.999999999997286
69240.0,49.99999999999462,49.99999999999462,49.99999999999464,49.99999999999467,49.999999999994714,49.99999999999477,49.999999999994834,49.99999999999492,49.99999999999501,49.999999999995126,49.99999999999525,49.99999999999539,49.99999999999554,49.99999999999571,49.999999999995886,49.999999999996085,49.99999999999629,49.99999999999652,49.99999999999675,49.999999999997,49.999999999997286
69300.0,49.99999999999462,49.99999999999462,49.99999999999464,49.99999999999467,49.999999999994714,49.99999999999477,49.999999999994834,49.99999999999492,49.99999999999501,49.999999999995126,49.99999999999525,49.99999999999539,49.99999999999554,49.99999999999571,49.999999999995886,49.999999999996085,49.99999999999629,49.99999999999652,49.99999999999675,49.999999999997,49.999999999997286
69360.0,49.99999999999462,49.99999999999462,49.99999999999464,49.99999999999467,49.999999999994714,49.99999999999477,49.999999999994834,49.99999999999492,49.99999999999501,49.999999999995126,49.99999999999525,49.99999999999539,49.99999999999554,49.99999999999571,49.999999999995886,49.999999999996085,49.99999999999629,49.99999999999652,49.99999999999675,49.999999999997,49.999999999997286
69420.0,49.99999999999462,49.99999999999462,49.99999999999464,49.99999999999467,49.999999999994714,49.99999999999477,49.999999999994834,49.99999999999492,49.99999999999501,49.999999999995126,49.99999999999525,49.99999999999539,49.99999999999554,49.99999999999571,49.999999999995886,49.999999999996085,49.99999999999629,49.99999999999652,49.99999999999675,49.999999999997,49.999999999997286
69480.0,49.99999999999462,49.99999999999462,49.99999999999464,49.99999999999467,49.999999999994714,49.99999999999477,49.999999999994834,49.99999999999492,49.99999999999501,49.999999999995126,49.99999999999525,49.99999999999539,49.99999999999554,49.99999999999571,49.999999999995886,49.999999999996085,49.99999999999629,49.99999999999652,49.99999999999675,49.999999999997,49.999999999997286
69540.0,49.99999999999462,49.99999999999462,49.99999999999464,49.99999999999467,49.999999999994714,49.99999999999477,49.999999999994834,49.99999999999492,49.99999999999501,49.999999999995126,49.99999999999525,49.99999999999539,49.99999999999554,49.99999999999571,49.999999999995886,49.999999999996085,49.99999999999629,49.99999999999652,49.99999999999675,49.999999999997,49.999999999997286
69600.0,49.99999999999462,49.99999999999462,49.99999999999464,49.99999999999467,49.999999999994714,49.99999999999477,49.999999999994834,49.99999999999492,49.99999999999501,49.999999999995126,49.99999999999525,49.99999999999539,49.99999999999554,49.99999999999571,49.999999999995886,49.999999999996085,49.99999999999629,49.99999999999652,49.99999999999675,49.999999999997,49.999999999997286
69660.0,49.99999999999462,49.99999999999462,49.99999999999464,49.99999999999467,49.999999999994714,49.99999999999477,49.999999999994834,49.99999999999492,49.99999999999501,49.999999999995126,49.99999999999525,49.99999999999539,49.99999999999554,49.99999999999571,49.999999999995886,49.999999999996085,49.99999999999629,49.99999999999652,49.99999999999675,49.999999999997,49.999999999997286
69720.0,49.99999999999462,49.99999999999462,49.99999999999464,49.99999999999467,49.999999999994714,49.99999999999477,49.999999999994834,49.99999999999492,49.99999999999501,49.999999999995126,49.99999999999525,49.99999999999539,49.99999999999554,49.99999999999571,49.999999999995886,49.999999999996085,49.99999999999629,49.99999999999652,49.99999999999675,49.999999999997,49.999999999997286
69780.0,49.99999999999462,49.99999999999462,49.99999999999464,49.99999999999467,49.999999999994714,49.99999999999477,49.999999999994834,49.99999999999492,49.99999999999501,49.999999999995126,49.99999999999525,49.99999999999539,49.99999999999554,49.99999999999571,49.999999999995886,49.999999999996085,49.99999999999629,49.99999999999652,49.99999999999675,49.999999999997,49.999999999997286
69840.0,49.99999999999462,49.99999999999462,49.99999999999464,49.99999999999467,49.999999999994714,49.99999999999477,49.999999999994834,49.99999999999492,49.99999999999501,49.999999999995126,49.99999999999525,49.99999999999539,49.99999999999554,49.99999999999571,49.999999999995886,49.999999999996085,49.99999999999629,49.99999999999652,49.99999999999675,49.999999999997,49.999999999997286
69900.0,49.99999999999462,49.99999999999462,49.99999999999464,49.99999999999467,49.999999999994714,49.99999999999477,49.999999999994834,49.99999999999492,49.99999999999501,49.999999999995126,49.99999999999525,49.99999999999539,49.99999999999554,49.99999999999571,49.999999999995886,49.999999999996085,49.99999999999629,49.99999999999652,49.99999999999675,49.999999999997,49.999999999997286
69960.0,49.99999999999462,49.99999999999462,49.99999999999464,49.99999999999467,49.999999999994714,49.99999999999477,49.999999999994834,49.99999999999492,49.99999999999501,49.999999999995126,49.99999999999525,49.99999999999539,49.99999999999554,49.99999999999571,49.999999999995886,49.999999999996085,49.99999999999629,49.99999999999652,49.99999999999675,49.999999999997,49.999999999997286
70020.0,49.99999999999462,49.99999999999462,49.99999999999464,49.99999999999467,49.999999999994714,49.99999999999477,49.999999999994834,49.99999999999492,49.99999999999501,49.999999999995126,49.99999999999525,49.99999999999539,49.99999999999554,49.99999999999571,49.999999999995886,49.999999999996085,49.99999999999629,49.99999999999652,49.99999999999675,49.999999999997,49.999999999997286
70080.0,49.99999999999462,49.99999999999462,49.99999999999464,49.99999999999467,49.999999999994714,49.99999999999477,49.999999999994834,49.99999999999492,49.99999999999501,49.999999999995126,49.99999999999525,49.99999999999539,49.99999999999554,49.99999999999571,49.999999999995886,49.999999999996085,49.99999999999629,49.99999999999652,49.99999999999675,49.999999999997,49.999999999997286
70140.0,49.99999999999462,49.99999999999462,49.99999999999464,49.99999999999467,49.999999999994714,49.99999999999477,49.999999999994834,49.99999999999492,49.99999999999501,49.999999999995126,49.99999999999525,49.99999999999539,49.99999999999554,49.99999999999571,49.999999999995886,49.999999999996085,49.99999999999629,49.99999999999652,49.99999999999675,49.999999999997,49.999999999997286
70200.0,49.99999999999462,49.99999999999462,49.99999999999464,49.99999999999467,49.999999999994714,49.99999999999477,49.999999999994834,49.99999999999492,49.99999999999501,49.999999999995126,49.99999999999525,49.99999999999539,49.99999999999554,49.99999999999571,49.999999999995886,49.999999999996085,49.99999999999629,49.99999999999652,49.99999999999675,49.999999999997,49.999999999997286
70260.0,49.99999999999462,49.99999999999462,49.99999999999464,49.99999999999467,49.999999999994714,49.99999999999477,49.999999999994834,49.99999999999492,49.99999999999501,49.999999999995126,49.99999999999525,49.99999999999539,49.99999999999554,49.99999999999571,49.999999999995886,49.999999999996085,49.99999999999629,49.99999999999652,49.99999999999675,49.999999999997,49.999999999997286
70320.0,49.99999999999462,49.99999999999462,49.99999999999464,49.99999999999467,49.999999999994714,49.99999999999477,49.999999999994834,49.99999999999492,49.99999999999501,49.999999999995126,49.99999999999525,49.99999999999539,49.99999999999554,49.99999999999571,49.999999999995886,49.999999999996085,49.99999999999629,49.99999999999652,49.99999999999675,49.999999999997,49.999999999997286
70380.0,49.99999999999462,49.99999999999462,49.99999999999464,49.99999999999467,49.999999999994714,49.99999999999477,49.999999999994834,49.99999999999492,49.99999999999501,49.999999999995126,49.99999999999525,49.99999999999539,49.99999999999554,49.99999999999571,49.999999999995886,49.999999999996085,49.99999999999629,49.99999999999652,49.99999999999675,49.999999999997,49.999999999997286
70440.0,49.99999999999462,49.99999999999462,49.99999999999464,49.99999999999467,49.999999999994714,49.99999999999477,49.999999999994834,49.99999999999492,49.99999999999501,49.999999999995126,49.99999999999525,49.99999999999539,49.99999999999554,49.99999999999571,49.999999999995886,49.999999999996085,49.99999999999629,49.99999999999652,49.99999999999675,49.999999999997,49.999999999997286
70500.0,49.99999999999462,49.99999999999462,49.99999999999464,49.99999999999467,49.999999999994714,49.99999999999477,49.999999999994834,49.99999999999492,49.99999999999501,49.999999999995126,49.99999999999525,49.99999999999539,49.99999999999554,49.99999999999571,49.999999999995886,49.999999999996085,49.99999999999629,49.99999999999652,49.99999999999675,49.999999999997,49.999999999997286
70560.0,49.99999999999462,49.99999999999462,49.99999999999464,49.99999999999467,49.999999999994714,49.99999999999477,49.999999999994834,49.99999999999492,49.99999999999501,49.999999999995126,49.99999999999525,49.99999999999539,49.99999999999554,49.99999999999571,49.999999999995886,49.999999999996085,49.99999999999629,49.99999999999652,49.99999999999675,49.999999999997,49.999999999997286
70620.0,49.99999999999462,49.99999999999462,49.99999999999464,49.99999999999467,49.999999999994714,49.99999999999477,49.999999999994834,49.99999999999492,49.99999999999501,49.999999999995126,49.99999999999525,49.99999999999539,49.99999999999554,49.99999999999571,49.999999999995886,49.999999999996085,49.99999999999629,49.99999999999652,49.99999999999675,49.999999999997,49.999999999997286
70680.0,49.99999999999462,49.99999999999462,49.99999999999464,49.99999999999467,49.999999999994714,49.99999999999477,49.999999999994834,49.99999999999492,49.99999999999501,49.999999999995126,49.99999999999525,49.99999999999539,49.99999999999554,49.99999999999571,49.999999999995886,49.999999999996085,49.99999999999629,49.99999999999652,49.99999999999675,49.999999999997,49.999999999997286
70740.0,49.99999999999462,49.99999999999462,49.99999999999464,49.99999999999467,49.999999999994714,49.99999999999477,49.999999999994834,49.99999999999492,49.99999999999501,49.999999999995126,49.99999999999525,49.99999999999539,49.99999999999554,49.99999999999571,49.999999999995886,49.999999999996085,49.99999999999629,49.99999999999652,49.99999999999675,49.999999999997,49.999999999997286
70800.0,49.99999999999462,49.99999999999462,49.99999999999464,49.99999999999467,49.999999999994714,49.99999999999477,49.999999999994834,49.99999999999492,49.99999999999501,49.999999999995126,49.99999999999525,49.99999999999539,49.99999999999554,49.99999999999571,49.999999999995886,49.999999999996085,49.99999999999629,49.99999999999652,49.99999999999675,49.999999999997,49.999999999997286
70860.0,49.99999999999462,49.99999999999462,49.99999999999464,49.99999999999467,49.999999999994714,49.99999999999477,49.999999999994834,49.99999999999492,49.99999999999501,49.999999999995126,49.99999999999525,49.99999999999539,49.99999999999554,49.99999999999571,49.999999999995886,49.999999999996085,49.99999999999629,49.99999999999652,49.99999999999675,49.999999999997,49.999999999997286
70920.0,49.99999999999462,49.99999999999462,49.99999999999464,49.99999999999467,49.999999999994714,49.99999999999477,49.999999999994834,49.99999999999492,49.99999999999501,49.999999999995126,49.99999999999525,49.99999999999539,49.99999999999554,49.99999999999571,49.999999999995886,49.999999999996085,49.99999999999629,49.99999999999652,49.99999999999675,49.999999999997,49.999999999997286
70980.0,49.99999999999462,49.99999999999462,49.99999999999464,49.99999999999467,49.999999999994714,49.99999999999477,49.999999999994834,49.99999999999492,49.99999999999501,49.999999999995126,49.99999999999525,49.99999999999539,49.99999999999554,49.99999999999571,49.999999999995886,49.999999999996085,49.99999999999629,49.99999999999652,49.99999999999675,49.999999999997,49.999999999997286
71040.0,49.99999999999465,49.99999999999465,49.99999999999467,49.9999999999947,49.99999999999474,49.99999999999479,49.99999999999486,49.99999999999494,49.99999999999504,49.99999999999515,49.999999999995275,49.99999999999541,49.999999999995566,49.99999999999573,49.99999999999591,49.9999999999961,49.999999999996305,49.999999999996525,49.99999999999676,49.99999999999701,49.99999999999729
71100.0,49.99999999999465,49.99999999999465,49.99999999999467,49.9999999999947,49.99999999999474,49.99999999999479,49.99999999999486,49.99999999999494,49.99999999999504,49.99999999999515,49.999999999995275,49.99999999999541,49.999999999995566,49.99999999999573,49.99999999999591,49.9999999999961,49.999999999996305,49.999999999996525,49.99999999999676,49.99999999999701,49.99999999999729
71160.0,49.99999999999465,49.99999999999465,49.99999999999467,49.9999999999947,49.99999999999474,49.99999999999479,49.99999999999486,49.99999999999494,49.99999999999504,49.99999999999515,49.999999999995275,49.99999999999541,49.999999999995566,49.99999999999573,49.99999999999591,49.9999999999961,49.999999999996305,49.999999999996525,49.99999999999676,49.99999999999701,49.99999999999729
71220.0,49.99999999999465,49.99999999999465,49.99999999999467,49.9999999999947,49.99999999999474,49.99999999999479,49.99999999999486,49.99999999999494,49.99999999999504,49.99999999999515,49.999999999995275,49.99999999999541,49.999999999995566,49.99999999999573,49.99999999999591,49.9999999999961,49.999999999996305,49.999999999996525,49.99999999999676,49.99999999999701,49.99999999999729
71280.0,49.99999999999465,49.99999999999465,49.99999999999467,49.9999999999947,49.99999999999474,49.99999999999479,49.99999999999486,49.99999999999494,49.99999999999504,49.99999999999515,49.999999999995275,49.99999999999541,49.999999999995566,49.99999999999573,49.99999999999591,49.9999999999961,49.999999999996305,49.999999999996525,49.99999999999676,49.99999999999701,49.99999999999729
71340.0,49.99999999999465,49.99999999999465,49.99999999999467,49.9999999999947,49.99999999999474,49.99999999999479,49.99999999999486,49.99999999999494,49.99999999999504,49.99999999999515,49.999999999995275,49.99999999999541,49.999999999995566,49.99999999999573,49.99999999999591,49.9999999999961,49.999999999996305,49.999999999996525,49.99999999999676,49.99999999999701,49.99999999999729
71400.0,49.99999999999465,49.99999999999465,49.99999999999467,49.9999999999947,49.99999999999474,49.99999999999479,49.99999999999486,49.99999999999494,49.99999999999504,49.99999999999515,49.999999999995275,49.99999999999541,49.999999999995566,49.99999999999573,49.99999999999591,49.9999999999961,49.999999999996305,49.999999999996525,49.99999999999676,49.99999999999701,49.99999999999729
71460.0,49.99999999999465,49.99999999999465,49.99999999999467,49.9999999999947,49.99999999999474,49.99999999999479,49.99999999999486,49.99999999999494,49.99999999999504,49.99999999999515,49.999999999995275,49.99999999999541,49.999999999995566,49.99999999999573,49.99999999999591,49.9999999999961,49.999999999996305,49.999999999996525,49.99999999999676,49.99999999999701,49.99999999999729
71520.0,49.99999999999465,49.99999999999465,49.99999999999467,49.9999999999947,49.99999999999474,49.99999999999479,49.99999999999486,49.99999999999494,49.99999999999504,49.99999999999515,49.999999999995275,49.99999999999541,49.999999999995566,49.99999999999573,49.99999999999591,49.9999999999961,49.999999999996305,49.999999999996525,49.99999999999676,49.99999999999701,49.99999999999729
71580.0,49.99999999999465,49.99999999999465,49.99999999999467,49.9999999999947,49.99999999999474,49.99999999999479,49.99999999999486,49.99999999999494,49.99999999999504,49.99999999999515,49.999999999995275,49.99999999999541,49.999999999995566,49.99999999999573,49.99999999999591,49.9999999999961,49.999999999996305,49.999999999996525,49.99999999999676,49.99999999999701,49.99999999999729
71640.0,49.99999999999465,49.99999999999465,49.99999999999467,49.9999999999947,49.99999999999474,49.99999999999479,49.99999999999486,49.99999999999494,49.99999999999504,49.99999999999515,49.999999999995275,49.99999999999541,49.999999999995566,49.99999999999573,49.99999999999591,49.9999999999961,49.999999999996305,49.999999999996525,49.99999999999676,49.99999999999701,49.99999999999729
71700.0,49.99999999999465,49.99999999999465,49.99999999999467,49.9999999999947,49.99999999999474,49.99999999999479,49.99999999999486,49.99999999999494,49.99999999999504,49.99999999999515,49.999999999995275,49.99999999999541,49.999999999995566,49.99999999999573,49.99999999999591,49.9999999999961,49.999999999996305,49.999999999996525,49.99999999999676,49.99999999999701,49.99999999999729
71760.0,49.99999999999465,49.99999999999465,49.99999999999467,49.9999999999947,49.99999999999474,49.99999999999479,49.99999999999486,49.99999999999494,49.99999999999504,49.99999999999515,49.999999999995275,49.99999999999541,49.999999999995566,49.99999999999573,49.99999999999591,49.9999999999961,49.999999999996305,49.999999999996525,49.99999999999676,49.99999999999701,49.99999999999729
71820.0,49.99999999999466,49.99999999999466,49.99999999999468,49.99999999999471,49.99999999999475,49.9999999999948,49.99999999999487,49.99999999999495,49.99999999999505,49.999999999995154,49.99999999999528,49.99999999999542,49.999999999995566,49.99999999999573,49.99999999999591,49.9999999999961,49.999999999996305,49.999999999996525,49.99999999999676,49.99999999999701,49.99999999999729
71880.0,49.99999999999466,49.99999999999466,49.99999999999468,49.99999999999471,49.99999999999475,49.9999999999948,49.99999999999487,49.99999999999495,49.99999999999505,49.999999999995154,49.99999999999528,49.99999999999542,49.999999999995566,49.99999999999573,49.99999999999591,49.9999999999961,49.999999999996305,49.999999999996525,49.99999999999676,49.99999999999701,49.99999999999729
71940.0,49.999999999994664,49.999999999994664,49.999999999994685,49.999999999994714,49.999999999994756,49.999999999994806,49.99999999999488,49.999999999994955,49.999999999995055,49.99999999999516,49.99999999999528,49.99999999999542,49.999999999995566,49.99999999999573,49.99999999999591,49.9999999999961,49.999999999996305,49.999999999996525,49.99999999999676,49.99999999999701,49.99999999999729
72000.0,49.999999999994664,49.999999999994664,49.999999999994685,49.999999999994714,49.999999999994756,49.999999999994806,49.99999999999488,49.999999999994955,49.999999999995055,49.99999999999516,49.99999999999528,49.99999999999542,49.999999999995566,49.99999999999573,49.99999999999591,49.9999999999961,49.999999999996305,49.999999999996525,49.99999999999676,49.99999999999701,49.99999999999729
72060.0,49.999999999994664,49.999999999994664,49.999999999994685,49.999999999994714,49.999999999994756,49.999999999994806,49.99999999999488,49.999999999994955,49.999999999995055,49.99999999999516,49.99999999999528,49.99999999999542,49.999999999995566,49.99999999999573,49.99999999999591,49.9999999999961,49.999999999996305,49.999999999996525,49.99999999999676,49.99999999999701,49.99999999999729
72120.0,49.999999999994664,49.999999999994664,49.999999999994685,49.999999999994714,49.999999999994756,49.999999999994806,49.99999999999488,49.999999999994955,49.999999999995055,49.99999999999516,49.99999999999528,49.99999999999542,49.999999999995566,49.99999999999573,49.99999999999591,49.9999999999961,49.999999999996305,49.999999999996525,49.99999999999676,49.99999999999701,49.99999999999729
72180.0,49.999999999994664,49.999999999994664,49.999999999994685,49.999999999994714,49.999999999994756,49.999999999994806,49.99999999999488,49.999999999994955,49.999999999995055,49.99999999999516,49.99999999999528,49.99999999999542,49.999999999995566,49.99999999999573,49.99999999999591,49.9999999999961,49.999999999996305,49.999999999996525,49.99999999999676,49.99999999999701,49.99999999999729
72240.0,49.999999999994664,49.999999999994664,49.999999999994685,49.999999999994714,49.999999999994756,49.999999999994806,49.99999999999488,49.999999999994955,49.999999999995055,49.99999999999516,49.99999999999528,49.99999999999542,49.999999999995566,49.99999999999573,49.99999999999591,49.9999999999961,49.999999999996305,49.999999999996525,49.99999999999676,49.99999999999701,49.99999999999729
72300.0,49.999999999994664,49.999999999994664,49.999999999994685,49.999999999994714,49.999999999994756,49.999999999994806,49.99999999999488,49.999999999994955,49.999999999995055,49.99999999999516,49.99999999999528,49.99999999999542,49.999999999995566,49.99999999999573,49.99999999999591,49.9999999999961,49.999999999996305,49.999999999996525,49.99999999999676,49.99999999999701,49.99999999999729
72360.0,49.999999999994664,49.999999999994664,49.999999999994685,49.999999999994714,49.999999999994756,49.999999999994806,49.99999999999488,49.999999999994955,49.999999999995055,49.99999999999516,49.99999999999528,49.99999999999542,49.999999999995566,49.99999999999573,49.99999999999591,49.9999999999961,49.999999999996305,49.999999999996525,49.99999999999676,49.99999999999701,49.99999999999729
72420.0,49.999999999994664,49.999999999994664,49.999999999994685,49.999999999994714,49.999999999994756,49.999999999994806,49.99999999999488,49.999999999994955,49.999999999995055,49.99999999999516,49.99999999999528,49.99999999999542,49.999999999995566,49.99999999999573,49.99999999999591,49.9999999999961,49.999999999996305,49.999999999996525,49.99999999999676,49.99999999999701,49.99999999999729
72480.0,49.999999999994664,49.999999999994664,49.999999999994685,49.999999999994714,49.999999999994756,49.999999999994806,49.99999999999488,49.999999999994955,49.999999999995055,49.99999999999516,49.99999999999528,49.99999999999542,49.999999999995566,49.99999999999573,49.99999999999591,49.9999999999961,49.999999999996305,49.999999999996525,49.99999999999676,49.99999999999701,49.99999999999729
72540.0,49.999999999994664,49.999999999994664,49.999999999994685,49.999999999994714,49.999999999994756,49.999999999994806,49.99999999999488,49.999999999994955,49.999999999995055,49.99999999999516,49.99999999999528,49.99999999999542,49.999999999995566,49.99999999999573,49.99999999999591,49.9999999999961,49.999999999996305,49.999999999996525,49.99999999999676,49.99999999999701,49.99999999999729
72600.0,49.999999999994664,49.999999999994664,49.999999999994685,49.999999999994714,49.999999999994756,49.999999999994806,49.99999999999488,49.999999999994955,49.999999999995055,49.99999999999516,49.99999999999528,49.99999999999542,49.999999999995566,49.99999999999573,49.99999999999591,49.9999999999961,49.999999999996305,49.999999999996525,49.99999999999676,49.99999999999701,49.99999999999729
72660.0,49.999999999994664,49.999999999994664,49.999999999994685,49.999999999994714,49.999999999994756,49.999999999994806,49.99999999999488,49.999999999994955,49.999999999995055,49.99999999999516,49.99999999999528,49.99999999999542,49.999999999995566,49.99999999999573,49.99999999999591,49.9999999999961,49.999999999996305,49.999999999996525,49.99999999999676,49.99999999999701,49.99999999999729
72720.0,49.999999999994664,49.999999999994664,49.999999999994685,49.999999999994714,49.999999999994756,49.999999999994806,49.99999999999488,49.999999999994955,49.999999999995055,49.99999999999516,49.99999999999528,49.99999999999542,49.999999999995566,49.99999999999573,49.99999999999591,49.9999999999961,49.999999999996305,49.999999999996525,49.99999999999676,49.99999999999701,49.99999999999729
72780.0,49.999999999994664,49.999999999994664,49.999999999994685,49.999999999994714,49.999999999994756,49.999999999994806,49.99999999999488,49.999999999994955,49.999999999995055,49.99999999999516,49.99999999999528,49.99999999999542,49.999999999995566,49.99999999999573,49.99999999999591,49.9999999999961,49.999999999996305,49.999999999996525,49.99999999999676,49.99999999999701,49.99999999999729
72840.0,49.999999999994664,49.999999999994664,49.999999999994685,49.999999999994714,49.999999999994756,49.999999999994806,49.99999999999488,49.999999999994955,49.999999999995055,49.99999999999516,49.99999999999528,49.99999999999542,49.999999999995566,49.99999999999573,49.99999999999591,49.9999999999961,49.999999999996305,49.999999999996525,49.99999999999676,49.99999999999701,49.99999999999729
72900.0,49.999999999994664,49.999999999994664,49.999999999994685,49.999999999994714,49.999999999994756,49.999999999994806,49.99999999999488,49.999999999994955,49.999999999995055,49.99999999999516,49.99999999999528,49.99999999999542,49.999999999995566,49.99999999999573,49.99999999999591,49.9999999999961,49.999999999996305,49.999999999996525,49.99999999999676,49.99999999999701,49.99999999999729
72960.0,49.999999999994664,49.999999999994664,49.999999999994685,49.999999999994714,49.999999999994756,49.999999999994806,49.99999999999488,49.999999999994955,49.999999999995055,49.99999999999516,49.99999999999528,49.99999999999542,49.999999999995566,49.99999999999573,49.99999999999591,49.9999999999961,49.999999999996305,49.999999999996525,49.99999999999676,49.99999999999701,49.99999999999729
73020.0,49.999999999994664,49.999999999994664,49.999999999994685,49.999999999994714,49.999999999994756,49.999999999994806,49.99999999999488,49.999999999994955,49.999999999995055,49.99999999999516,49.99999999999528,49.99999999999542,49.999999999995566,49.99999999999573,49.99999999999591,49.9999999999961,49.999999999996305,49.999999999996525,49.99999999999676,49.99999999999701,49.99999999999729
73080.0,49.999999999994664,49.999999999994664,49.999999999994685,49.999999999994714,49.999999999994756,49.999999999994806,49.99999999999488,49.999999999994955,49.999999999995055,49.99999999999516,49.99999999999528,49.99999999999542,49.999999999995566,49.99999999999573,49.99999999999591,49.9999999999961,49.999999999996305,49.999999999996525,49.99999999999676,49.99999999999701,49.99999999999729
73140.0,49.999999999994664,49.999999999994664,49.999999999994685,49.999999999994714,49.999999999994756,49.999999999994806,49.99999999999488,49.999999999994955,49.999999999995055,49.99999999999516,49.99999999999528,49.99999999999542,49.999999999995566,49.99999999999573,49.99999999999591,49.9999999999961,49.999999999996305,49.999999999996525,49.99999999999676,49.99999999999701,49.99999999999729
73200.0,49.999999999994664,49.999999999994664,49.999999999994685,49.999999999994714,49.999999999994756,49.999999999994806,49.99999999999488,49.999999999994955,49.999999999995055,49.99999999999516,49.99999999999528,49.99999999999542,49.999999999995566,49.99999999999573,49.99999999999591,49.9999999999961,49.999999999996305,49.999999999996525,49.99999999999676,49.99999999999701,49.99999999999729
73260.0,49.999999999994664,49.999999999994664,49.999999999994685,49.999999999994714,49.999999999994756,49.999999999994806,49.99999999999488,49.999999999994955,49.999999999995055,49.99999999999516,49.99999999999528,49.99999999999542,49.999999999995566,49.99999999999573,49.99999999999591,49.9999999999961,49.999999999996305,49.999999999996525,49.99999999999676,49.99999999999701,49.99999999999729
73320.0,49.999999999994664,49.999999999994664,49.999999999994685,49.999999999994714,49.999999999994756,49.999999999994806,49.99999999999488,49.999999999994955,49.999999999995055,49.99999999999516,49.99999999999528,49.99999999999542,49.999999999995566,49.99999999999573,49.99999999999591,49.9999999999961,49.999999999996305,49.999999999996525,49.99999999999676,49.99999999999701,49.99999999999729
73380.0,49.999999999994664,49.999999999994664,49.999999999994685,49.999999999994714,49.999999999994756,49.999999999994806,49.99999999999488,49.999999999994955,49.999999999995055,49.99999999999516,49.99999999999528,49.99999999999542,49.999999999995566,49.99999999999573,49.99999999999591,49.9999999999961,49.999999999996305,49.999999999996525,49.99999999999676,49.99999999999701,49.99999999999729
73440.0,49.999999999994664,49.999999999994664,49.999999999994685,49.999999999994714,49.999999999994756,49.999999999994806,49.99999999999488,49.999999999994955,49.999999999995055,49.99999999999516,49.99999999999528,49.99999999999542,49.999999999995566,49.99999999999573,49.99999999999591,49.9999999999961,49.999999999996305,49.999999999996525,49.99999999999676,49.99999999999701,49.99999999999729
73500.0,49.999999999994664,49.999999999994664,49.999999999994685,49.999999999994714,49.999999999994756,49.999999999994806,49.99999999999488,49.999999999994955,49.999999999995055,49.99999999999516,49.99999999999528,49.99999999999542,49.999999999995566,49.99999999999573,49.99999999999591,49.9999999999961,49.999999999996305,49.999999999996525,49.99999999999676,49.99999999999701,49.99999999999729
73560.0,49.999999999994664,49.999999999994664,49.999999999994685,49.999999999994714,49.999999999994756,49.999999999994806,49.99999999999488,49.999999999994955,49.999999999995055,49.99999999999516,49.99999999999528,49.99999999999542,49.999999999995566,49.99999999999573,49.99999999999591,49.9999999999961,49.999999999996305,49.999999999996525,49.99999999999676,49.99999999999701,49.99999999999729
73620.0,49.999999999994664,49.999999999994664,49.999999999994685,49.999999999994714,49.999999999994756,49.999999999994806,49.99999999999488,49.999999999994955,49.999999999995055,49.99999999999516,49.99999999999528,49.99999999999542,49.999999999995566,49.99999999999573,49.99999999999591,49.9999999999961,49.999999999996305,49.999999999996525,49.99999999999676,49.99999999999701,49.99999999999729
73680.0,49.999999999994664,49.999999999994664,49.999999999994685,49.999999999994714,49.999999999994756,49.999999999994806,49.99999999999488,49.999999999994955,49.999999999995055,49.99999999999516,49.99999999999528,49.99999999999542,49.999999999995566,49.99999999999573,49.99999999999591,49.9999999999961,49.999999999996305,49.999999999996525,49.99999999999676,49.99999999999701,49.99999999999729
73740.0,49.999999999994664,49.999999999994664,49.999999999994685,49.999999999994714,49.999999999994756,49.999999999994806,49.99999999999488,49.999999999994955,49.999999999995055,49.99999999999516,49.99999999999528,49.99999999999542,49.999999999995566,49.99999999999573,49.99999999999591,49.9999999999961,49.999999999996305,49.999999999996525,49.99999999999676,49.99999999999701,49.99999999999729
73800.0,49.999999999994664,49.999999999994664,49.999999999994685,49.999999999994714,49.999999999994756,49.999999999994806,49.99999999999488,49.999999999994955,49.999999999995055,49.99999999999516,49.99999999999528,49.99999999999542,49.999999999995566,49.99999999999573,49.99999999999591,49.9999999999961,49.999999999996305,49.999999999996525,49.99999999999676,49.99999999999701,49.99999999999729
73860.0,49.99999999999467,49.99999999999467,49.99999999999469,49.99999999999472,49.999999999994756,49.99999999999481,49.99999999999488,49.99999999999496,49.999999999995055,49.99999999999516,49.99999999999528,49.99999999999542,49.999999999995566,49.99999999999573,49.99999999999591,49.9999999999961,49.999999999996305,49.999999999996525,49.99999999999676,49.99999999999701,49.99999999999729
73920.0,49.99999999999467,49.99999999999467,49.99999999999469,49.99999999999472,49.999999999994756,49.99999999999481,49.99999999999488,49.99999999999496,49.999999999995055,49.99999999999516,49.99999999999528,49.99999999999542,49.999999999995566,49.99999999999573,49.99999999999591,49.9999999999961,49.999999999996305,49.999999999996525,49.99999999999676,49.99999999999701,49.99999999999729
73980.0,49.99999999999467,49.99999999999467,49.99999999999469,49.99999999999472,49.999999999994756,49.99999999999481,49.99999999999488,49.99999999999496,49.999999999995055,49.99999999999516,49.99999999999528,49.99999999999542,49.999999999995566,49.99999999999573,49.99999999999591,49.9999999999961,49.999999999996305,49.999999999996525,49.99999999999676,49.99999999999701,49.99999999999729
74040.0,49.99999999999467,49.99999999999467,49.99999999999469,49.99999999999472,49.999999999994756,49.99999999999481,49.99999999999488,49.99999999999496,49.999999999995055,49.99999999999516,49.99999999999528,49.99999999999542,49.999999999995566,49.99999999999573,49.99999999999591,49.9999999999961,49.999999999996305,49.999999999996525,49.99999999999676,49.99999999999701,49.99999999999729
74100.0,49.99999999999467,49.99999999999467,49.99999999999469,49.99999999999472,49.999999999994756,49.99999999999481,49.99999999999488,49.99999999999496,49.999999999995055,49.99999999999516,49.99999999999528,49.99999999999542,49.999999999995566,49.99999999999573,49.99999999999591,49.9999999999961,49.999999999996305,49.999999999996525,49.99999999999676,49.99999999999701,49.99999999999729
74160.0,49.99999999999467,49.99999999999467,49.99999999999469,49.99999999999472,49.999999999994756,49.99999999999481,49.99999999999488,49.99999999999496,49.999999999995055,49.99999999999516,49.99999999999528,49.99999999999542,49.999999999995566,49.99999999999573,49.99999999999591,49.9999999999961,49.999999999996305,49.999999999996525,49.99999999999676,49.99999999999701,49.99999999999729
74220.0,49.99999999999467,49.99999999999467,49.99999999999469,49.99999999999472,49.999999999994756,49.99999999999481,49.99999999999488,49.99999999999496,49.999999999995055,49.99999999999516,49.99999999999528,49.99999999999542,49.999999999995566,49.99999999999573,49.99999999999591,49.9999999999961,49.999999999996305,49.999999999996525,49.99999999999676,49.99999999999701,49.99999999999729
74280.0,49.99999999999467,49.99999999999467,49.99999999999469,49.99999999999472,49.999999999994756,49.99999999999481,49.99999999999488,49.99999999999496,49.999999999995055,49.99999999999516,49.99999999999528,49.99999999999542,49.999999999995566,49.99999999999573,49.99999999999591,49.9999999999961,49.999999999996305,49.999999999996525,49.99999999999676,49.99999999999701,49.99999999999729
74340.0,49.99999999999467,49.99999999999467,49.99999999999469,49.99999999999472,49.999999999994756,49.99999999999481,49.99999999999488,49.99999999999496,49.999999999995055,49.99999999999516,49.99999999999528,49.99999999999542,49.999999999995566,49.99999999999573,49.99999999999591,49.9999999999961,49.999999999996305,49.999999999996525,49.99999999999676,49.99999999999701,49.99999999999729
74400.0,49.99999999999467,49.99999999999467,49.99999999999469,49.99999999999472,49.999999999994756,49.99999999999481,49.99999999999488,49.99999999999496,49.999999999995055,49.99999999999516,49.99999999999528,49.99999999999542,49.999999999995566,49.99999999999573,49.99999999999591,49.9999999999961,49.999999999996305,49.999999999996525,49.99999999999676,49.99999999999701,49.99999999999729
74460.0,49.99999999999467,49.99999999999467,49.99999999999469,49.99999999999472,49.999999999994756,49.99999999999481,49.99999999999488,49.99999999999496,49.999999999995055,49.99999999999516,49.99999999999528,49.99999999999542,49.999999999995566,49.99999999999573,49.99999999999591,49.9999999999961,49.999999999996305,49.999999999996525,49.99999999999676,49.99999999999701,49.99999999999729
74520.0,49.99999999999467,49.99999999999467,49.99999999999469,49.99999999999472,49.999999999994756,49.99999999999481,49.99999999999488,49.99999999999496,49.999999999995055,49.99999999999516,49.99999999999528,49.99999999999542,49.999999999995566,49.99999999999573,49.99999999999591,49.9999999999961,49.999999999996305,49.999999999996525,49.99999999999676,49.99999999999701,49.99999999999729
74580.0,49.99999999999467,49.99999999999467,49.99999999999469,49.99999999999472,49.999999999994756,49.99999999999481,49.99999999999488,49.99999999999496,49.999999999995055,49.99999999999516,49.99999999999528,49.99999999999542,49.999999999995566,49.99999999999573,49.99999999999591,49.9999999999961,49.999999999996305,49.999999999996525,49.99999999999676,49.99999999999701,49.99999999999729
74640.0,49.99999999999467,49.99999999999467,49.99999999999469,49.99999999999472,49.999999999994756,49.99999999999481,49.99999999999488,49.99999999999496,49.999999999995055,49.99999999999516,49.99999999999528,49.99999999999542,49.999999999995566,49.99999999999573,49.99999999999591,49.9999999999961,49.999999999996305,49.999999999996525,49.99999999999676,49.99999999999701,49.99999999999729
74700.0,49.99999999999467,49.99999999999467,49.99999999999469,49.99999999999472,49.999999999994756,49.99999999999481,49.99999999999488,49.99999999999496,49.999999999995055,49.99999999999516,49.99999999999528,49.99999999999542,49.999999999995566,49.99999999999573,49.99999999999591,49.9999999999961,49.999999999996305,49.999999999996525,49.99999999999676,49.99999999999701,49.99999999999729
74760.0,49.99999999999467,49.99999999999467,49.99999999999469,49.99999999999472,49.999999999994756,49.99999999999481,49.99999999999488,49.99999999999496,49.999999999995055,49.99999999999516,49.99999999999528,49.99999999999542,49.999999999995566,49.99999999999573,49.99999999999591,49.9999999999961,49.999999999996305,49.999999999996525,49.99999999999676,49.99999999999701,49.99999999999729
74820.0,49.99999999999467,49.99999999999467,49.99999999999469,49.99999999999472,49.999999999994756,49.99999999999481,49.99999999999488,49.99999999999496,49.999999999995055,49.99999999999516,49.99999999999528,49.99999999999542,49.999999999995566,49.99999999999573,49.99999999999591,49.9999999999961,49.999999999996305,49.999999999996525,49.99999999999676,49.99999999999701,49.99999999999729
74880.0,49.99999999999467,49.99999999999467,49.99999999999469,49.99999999999472,49.999999999994756,49.99999999999481,49.99999999999488,49.99999999999496,49.999999999995055,49.99999999999516,49.99999999999528,49.99999999999542,49.999999999995566,49.99999999999573,49.99999999999591,49.9999999999961,49.999999999996305,49.999999999996525,49.99999999999676,49.99999999999701,49.99999999999729
74940.0,49.99999999999467,49.99999999999467,49.99999999999469,49.99999999999472,49.999999999994756,49.99999999999481,49.99999999999488,49.99999999999496,49.999999999995055,49.99999999999516,49.99999999999528,49.99999999999542,49.999999999995566,49.99999999999573,49.99999999999591,49.9999999999961,49.999999999996305,49.999999999996525,49.99999999999676,49.99999999999701,49.99999999999729
75000.0,49.99999999999467,49.99999999999467,49.99999999999469,49.99999999999472,49.999999999994756,49.99999999999481,49.99999999999488,49.99999999999496,49.999999999995055,49.99999999999516,49.99999999999528,49.99999999999542,49.999999999995566,49.99999999999573,49.99999999999591,49.9999999999961,49.999999999996305,49.999999999996525,49.99999999999676,49.99999999999701,49.99999999999729
75060.0,49.99999999999467,49.99999999999467,49.99999999999469,49.99999999999472,49.999999999994756,49.99999999999481,49.99999999999488,49.99999999999496,49.999999999995055,49.99999999999516,49.99999999999528,49.99999999999542,49.999999999995566,49.99999999999573,49.99999999999591,49.9999999999961,49.999999999996305,49.999999999996525,49.99999999999676,49.99999999999701,49.99999999999729
75120.0,49.99999999999467,49.99999999999467,49.99999999999469,49.99999999999472,49.999999999994756,49.99999999999481,49.99999999999488,49.99999999999496,49.999999999995055,49.99999999999516,49.99999999999528,49.99999999999542,49.999999999995566,49.99999999999573,49.99999999999591,49.9999999999961,49.999999999996305,49.999999999996525,49.99999999999676,49.99999999999701,49.99999999999729
75180.0,49.99999999999467,49.99999999999467,49.99999999999469,49.99999999999472,49.999999999994756,49.99999999999481,49.99999999999488,49.99999999999496,49.999999999995055,49.99999999999516,49.99999999999528,49.99999999999542,49.999999999995566,49.99999999999573,49.99999999999591,49.9999999999961,49.999999999996305,49.999999999996525,49.99999999999676,49.99999999999701,49.99999999999729
75240.0,49.99999999999467,49.99999999999467,49.99999999999469,49.99999999999472,49.999999999994756,49.99999999999481,49.99999999999488,49.99999999999496,49.999999999995055,49.99999999999516,49.99999999999528,49.99999999999542,49.999999999995566,49.99999999999573,49.99999999999591,49.9999999999961,49.999999999996305,49.999999999996525,49.99999999999676,49.99999999999701,49.99999999999729
75300.0,49.99999999999467,49.99999999999467,49.99999999999469,49.99999999999472,49.999999999994756,49.99999999999481,49.99999999999488,49.99999999999496,49.999999999995055,49.99999999999516,49.99999999999528,49.99999999999542,49.999999999995566,49.99999999999573,49.99999999999591,49.9999999999961,49.999999999996305,49.999999999996525,49.99999999999676,49.99999999999701,49.99999999999729
75360.0,49.99999999999467,49.99999999999467,49.99999999999469,49.99999999999472,49.999999999994756,49.99999999999481,49.99999999999488,49.99999999999496,49.999999999995055,49.99999999999516,49.99999999999528,49.99999999999542,49.999999999995566,49.99999999999573,49.99999999999591,49.9999999999961,49.999999999996305,49.999999999996525,49.99999999999676,49.99999999999701,49.99999999999729
75420.0,49.99999999999467,49.99999999999467,49.99999999999469,49.99999999999472,49.999999999994756,49.99999999999481,49.99999999999488,49.99999999999496,49.999999999995055,49.99999999999516,49.99999999999528,49.99999999999542,49.999999999995566,49.99999999999573,49.99999999999591,49.9999999999961,49.999999999996305,49.999999999996525,49.99999999999676,49.99999999999701,49.99999999999729
75480.0,49.99999999999467,49.99999999999467,49.99999999999469,49.99999999999472,49.999999999994756,49.99999999999481,49.99999999999488,49.99999999999496,49.999999999995055,49.99999999999516,49.99999999999528,49.99999999999542,49.999999999995566,49.99999999999573,49.99999999999591,49.9999999999961,49.999999999996305,49.999999999996525,49.99999999999676,49.99999999999701,49.99999999999729
75540.0,49.99999999999467,49.99999999999467,49.99999999999469,49.99999999999472,49.999999999994756,49.99999999999481,49.99999999999488,49.99999999999496,49.999999999995055,49.99999999999516,49.99999999999528,49.99999999999542,49.999999999995566,49.99999999999573,49.99999999999591,49.9999999999961,49.999999999996305,49.999999999996525,49.99999999999676,49.99999999999701,49.99999999999729
75600.0,49.99999999999467,49.99999999999467,49.99999999999469,49.99999999999472,49.999999999994756,49.99999999999481,49.99999999999488,49.99999999999496,49.999999999995055,49.99999999999516,49.99999999999528,49.99999999999542,49.999999999995566,49.99999999999573,49.99999999999591,49.9999999999961,49.999999999996305,49.999999999996525,49.99999999999676,49.99999999999701,49.99999999999729
75660.0,49.99999999999467,49.99999999999467,49.99999999999469,49.99999999999472,49.999999999994756,49.99999999999481,49.99999999999488,49.99999999999496,49.999999999995055,49.99999999999516,49.99999999999528,49.99999999999542,49.999999999995566,49.99999999999573,49.99999999999591,49.9999999999961,49.999999999996305,49.999999999996525,49.99999999999676,49.99999999999701,49.99999999999729
75720.0,49.99999999999467,49.99999999999467,49.99999999999469,49.99999999999472,49.999999999994756,49.99999999999481,49.99999999999488,49.99999999999496,49.999999999995055,49.99999999999516,49.99999999999528,49.99999999999542,49.999999999995566,49.99999999999573,49.99999999999591,49.9999999999961,49.999999999996305,49.999999999996525,49.99999999999676,49.99999999999701,49.99999999999729
75780.0,49.99999999999467,49.99999999999467,49.99999999999469,49.99999999999472,49.999999999994756,49.99999999999481,49.99999999999488,49.99999999999496,49.999999999995055,49.99999999999516,49.99999999999528,49.99999999999542,49.999999999995566,49.99999999999573,49.99999999999591,49.9999999999961,49.999999999996305,49.999999999996525,49.99999999999676,49.99999999999701,49.99999999999729
75840.0,49.99999999999467,49.99999999999467,49.99999999999469,49.99999999999472,49.999999999994756,49.99999999999481,49.99999999999488,49.99999999999496,49.999999999995055,49.99999999999516,49.99999999999528,49.99999999999542,49.999999999995566,49.99999999999573,49.99999999999591,49.9999999999961,49.999999999996305,49.999999999996525,49.99999999999676,49.99999999999701,49.99999999999729
75900.0,49.99999999999467,49.99999999999467,49.99999999999469,49.99999999999472,49.999999999994756,49.99999999999481,49.99999999999488,49.99999999999496,49.999999999995055,49.99999999999516,49.99999999999528,49.99999999999542,49.999999999995566,49.99999999999573,49.99999999999591,49.9999999999961,49.999999999996305,49.999999999996525,49.99999999999676,49.99999999999701,49.99999999999729
75960.0,49.99999999999467,49.99999999999467,49.99999999999469,49.99999999999472,49.999999999994756,49.99999999999481,49.99999999999488,49.99999999999496,49.999999999995055,49.99999999999516,49.99999999999528,49.99999999999542,49.999999999995566,49.99999999999573,49.99999999999591,49.9999999999961,49.999999999996305,49.999999999996525,49.99999999999676,49.99999999999701,49.99999999999729
76020.0,49.99999999999467,49.99999999999467,49.99999999999469,49.99999999999472,49.999999999994756,49.99999999999481,49.99999999999488,49.99999999999496,49.999999999995055,49.99999999999516,49.99999999999528,49.99999999999542,49.999999999995566,49.99999999999573,49.99999999999591,49.9999999999961,49.999999999996305,49.999999999996525,49.99999999999676,49.99999999999701,49.99999999999729
76080.0,49.99999999999467,49.99999999999467,49.99999999999469,49.99999999999472,49.999999999994756,49.99999999999481,49.99999999999488,49.99999999999496,49.999999999995055,49.99999999999516,49.99999999999528,49.99999999999542,49.999999999995566,49.99999999999573,49.99999999999591,49.9999999999961,49.999999999996305,49.999999999996525,49.99999999999676,49.99999999999701,49.99999999999729
76140.0,49.99999999999467,49.99999999999467,49.99999999999469,49.99999999999472,49.999999999994756,49.99999999999481,49.99999999999488,49.99999999999496,49.999999999995055,49.99999999999516,49.99999999999528,49.99999999999542,49.999999999995566,49.99999999999573,49.99999999999591,49.9999999999961,49.999999999996305,49.999999999996525,49.99999999999676,49.99999999999701,49.99999999999729
76200.0,49.99999999999467,49.99999999999467,49.99999999999469,49.99999999999472,49.999999999994756,49.99999999999481,49.99999999999488,49.99999999999496,49.999999999995055,49.99999999999516,49.99999999999528,49.99999999999542,49.999999999995566,49.99999999999573,49.99999999999591,49.9999999999961,49.999999999996305,49.999999999996525,49.99999999999676,49.99999999999701,49.99999999999729
76260.0,49.99999999999467,49.99999999999467,49.99999999999469,49.99999999999472,49.999999999994756,49.99999999999481,49.99999999999488,49.99999999999496,49.999999999995055,49.99999999999516,49.99999999999528,49.99999999999542,49.999999999995566,49.99999999999573,49.99999999999591,49.9999999999961,49.999999999996305,49.999999999996525,49.99999999999676,49.99999999999701,49.99999999999729
76320.0,49.99999999999467,49.99999999999467,49.99999999999469,49.99999999999472,49.999999999994756,49.99999999999481,49.99999999999488,49.99999999999496,49.999999999995055,49.99999999999516,49.99999999999528,49.99999999999542,49.999999999995566,49.99999999999573,49.99999999999591,49.9999999999961,49.999999999996305,49.999999999996525,49.99999999999676,49.99999999999701,49.99999999999729
76380.0,49.99999999999467,49.99999999999467,49.99999999999469,49.99999999999472,49.999999999994756,49.99999999999481,49.99999999999488,49.99999999999496,49.999999999995055,49.99999999999516,49.99999999999528,49.99999999999542,49.999999999995566,49.99999999999573,49.99999999999591,49.9999999999961,49.999999999996305,49.999999999996525,49.99999999999676,49.99999999999701,49.99999999999729
76440.0,49.99999999999467,49.99999999999467,49.99999999999469,49.99999999999472,49.999999999994756,49.99999999999481,49.99999999999488,49.99999999999496,49.999999999995055,49.99999999999516,49.99999999999528,49.99999999999542,49.999999999995566,49.99999999999573,49.99999999999591,49.9999999999961,49.999999999996305,49.999999999996525,49.99999999999676,49.99999999999701,49.99999999999729
76500.0,49.99999999999467,49.99999999999467,49.99999999999469,49.99999999999472,49.999999999994756,49.99999999999481,49.99999999999488,49.99999999999496,49.999999999995055,49.99999999999516,49.99999999999528,49.99999999999542,49.999999999995566,49.99999999999573,49.99999999999591,49.9999999999961,49.999999999996305,49.999999999996525,49.99999999999676,49.99999999999701,49.99999999999729
76560.0,49.99999999999467,49.99999999999467,49.99999999999469,49.99999999999472,49.999999999994756,49.99999999999481,49.99999999999488,49.99999999999496,49.999999999995055,49.99999999999516,49.99999999999528,49.99999999999542,49.999999999995566,49.99999999999573,49.99999999999591,49.9999999999961,49.999999999996305,49.999999999996525,49.99999999999676,49.99999999999701,49.99999999999729
76620.0,49.99999999999467,49.99999999999467,49.99999999999469,49.99999999999472,49.999999999994756,49.99999999999481,49.99999999999488,49.99999999999496,49.999999999995055,49.99999999999516,49.99999999999528,49.99999999999542,49.999999999995566,49.99999999999573,49.99999999999591,49.9999999999961,49.999999999996305,49.999999999996525,49.99999999999676,49.99999999999701,49.99999999999729
76680.0,49.99999999999467,49.99999999999467,49.99999999999469,49.99999999999472,49.999999999994756,49.99999999999481,49.99999999999488,49.99999999999496,49.999999999995055,49.99999999999516,49.99999999999528,49.99999999999542,49.999999999995566,49.99999999999573,49.99999999999591,49.9999999999961,49.999999999996305,49.999999999996525,49.99999999999676,49.99999999999701,49.99999999999729
76740.0,49.99999999999467,49.99999999999467,49.99999999999469,49.99999999999472,49.999999999994756,49.99999999999481,49.99999999999488,49.99999999999496,49.999999999995055,49.99999999999516,49.99999999999528,49.99999999999542,49.999999999995566,49.99999999999573,49.99999999999591,49.9999999999961,49.999999999996305,49.999999999996525,49.99999999999676,49.99999999999701,49.99999999999729
76800.0,49.99999999999467,49.99999999999467,49.99999999999469,49.99999999999472,49.999999999994756,49.99999999999481,49.99999999999488,49.99999999999496,49.999999999995055,49.99999999999516,49.99999999999528,49.99999999999542,49.999999999995566,49.99999999999573,49.99999999999591,49.9999999999961,49.999999999996305,49.999999999996525,49.99999999999676,49.99999999999701,49.99999999999729
76860.0,49.99999999999467,49.99999999999467,49.99999999999469,49.99999999999472,49.999999999994756,49.99999999999481,49.99999999999488,49.99999999999496,49.999999999995055,49.99999999999516,49.99999999999528,49.99999999999542,49.999999999995566,49.99999999999573,49.99999999999591,49.9999999999961,49.999999999996305,49.999999999996525,49.99999999999676,49.99999999999701,49.99999999999729
76920.0,49.99999999999467,49.99999999999467,49.99999999999469,49.99999999999472,49.999999999994756,49.99999999999481,49.99999999999488,49.99999999999496,49.999999999995055,49.99999999999516,49.99999999999528,49.99999999999542,49.999999999995566,49.99999999999573,49.99999999999591,49.9999999999961,49.999999999996305,49.999999999996525,49.99999999999676,49.99999999999701,49.99999999999729
76980.0,49.99999999999467,49.99999999999467,49.99999999999469,49.99999999999472,49.999999999994756,49.99999999999481,49.99999999999488,49.99999999999496,49.999999999995055,49.99999999999516,49.99999999999528,49.99999999999542,49.999999999995566,49.99999999999573,49.99999999999591,49.9999999999961,49.999999999996305,49.999999999996525,49.99999999999676,49.99999999999701,49.99999999999729
77040.0,49.99999999999467,49.99999999999467,49.99999999999469,49.99999999999472,49.999999999994756,49.99999999999481,49.99999999999488,49.99999999999496,49.999999999995055,49.99999999999516,49.99999999999528,49.99999999999542,49.999999999995566,49.99999999999573,49.99999999999591,49.9999999999961,49.999999999996305,49.999999999996525,49.99999999999676,49.99999999999701,49.99999999999729
77100.0,49.99999999999467,49.99999999999467,49.99999999999469,49.99999999999472,49.999999999994756,49.99999999999481,49.99999999999488,49.99999999999496,49.999999999995055,49.99999999999516,49.99999999999528,49.99999999999542,49.999999999995566,49.99999999999573,49.99999999999591,49.9999999999961,49.999999999996305,49.999999999996525,49.99999999999676,49.99999999999701,49.99999999999729
77160.0,49.99999999999467,49.99999999999467,49.99999999999469,49.99999999999472,49.999999999994756,49.99999999999481,49.99999999999488,49.99999999999496,49.999999999995055,49.99999999999516,49.99999999999528,49.99999999999542,49.999999999995566,49.99999999999573,49.99999999999591,49.9999999999961,49.999999999996305,49.999999999996525,49.99999999999676,49.99999999999701,49.99999999999729
77220.0,49.99999999999467,49.99999999999467,49.99999999999469,49.99999999999472,49.999999999994756,49.99999999999481,49.99999999999488,49.99999999999496,49.999999999995055,49.99999999999516,49.99999999999528,49.99999999999542,49.999999999995566,49.99999999999573,49.99999999999591,49.9999999999961,49.999999999996305,49.999999999996525,49.99999999999676,49.99999999999701,49.99999999999729
77280.0,49.99999999999467,49.99999999999467,49.99999999999469,49.99999999999472,49.999999999994756,49.99999999999481,49.99999999999488,49.99999999999496,49.999999999995055,49.99999999999516,49.99999999999528,49.99999999999542,49.999999999995566,49.99999999999573,49.99999999999591,49.9999999999961,49.999999999996305,49.999999999996525,49.99999999999676,49.99999999999701,49.99999999999729
77340.0,49.99999999999467,49.99999999999467,49.99999999999469,49.99999999999472,49.999999999994756,49.99999999999481,49.99999999999488,49.99999999999496,49.999999999995055,49.99999999999516,49.99999999999528,49.99999999999542,49.999999999995566,49.99999999999573,49.99999999999591,49.9999999999961,49.999999999996305,49.999999999996525,49.99999999999676,49.99999999999701,49.99999999999729
77400.0,49.99999999999467,49.99999999999467,49.99999999999469,49.99999999999472,49.999999999994756,49.99999999999481,49.99999999999488,49.99999999999496,49.999999999995055,49.99999999999516,49.99999999999528,49.99999999999542,49.999999999995566,49.99999999999573,49.99999999999591,49.9999999999961,49.999999999996305,49.999999999996525,49.99999999999676,49.99999999999701,49.99999999999729
77460.0,49.99999999999467,49.99999999999467,49.99999999999469,49.99999999999472,49.999999999994756,49.99999999999481,49.99999999999488,49.99999999999496,49.999999999995055,49.99999999999516,49.99999999999528,49.99999999999542,49.999999999995566,49.99999999999573,49.99999999999591,49.9999999999961,49.999999999996305,49.999999999996525,49.99999999999676,49.99999999999701,49.99999999999729
77520.0,49.99999999999467,49.99999999999467,49.99999999999469,49.99999999999472,49.999999999994756,49.99999999999481,49.99999999999488,49.99999999999496,49.999999999995055,49.99999999999516,49.99999999999528,49.99999999999542,49.999999999995566,49.99999999999573,49.99999999999591,49.9999999999961,49.999999999996305,49.999999999996525,49.99999999999676,49.99999999999701,49.99999999999729
77580.0,49.99999999999467,49.99999999999467,49.99999999999469,49.99999999999472,49.999999999994756,49.99999999999481,49.99999999999488,49.99999999999496,49.999999999995055,49.99999999999516,49.99999999999528,49.99999999999542,49.999999999995566,49.99999999999573,49.99999999999591,49.9999999999961,49.999999999996305,49.999999999996525,49.99999999999676,49.99999999999701,49.99999999999729
77640.0,49.99999999999467,49.99999999999467,49.99999999999469,49.99999999999472,49.999999999994756,49.99999999999481,49.99999999999488,49.99999999999496,49.999999999995055,49.99999999999516,49.99999999999528,49.99999999999542,49.999999999995566,49.99999999999573,49.99999999999591,49.9999999999961,49.999999999996305,49.999999999996525,49.99999999999676,49.99999999999701,49.99999999999729
77700.0,49.99999999999467,49.99999999999467,49.99999999999469,49.99999999999472,49.999999999994756,49.99999999999481,49.99999999999488,49.99999999999496,49.999999999995055,49.99999999999516,49.99999999999528,49.99999999999542,49.999999999995566,49.99999999999573,49.99999999999591,49.9999999999961,49.999999999996305,49.999999999996525,49.99999999999676,49.99999999999701,49.99999999999729
77760.0,49.99999999999467,49.99999999999467,49.99999999999469,49.99999999999472,49.999999999994756,49.99999999999481,49.99999999999488,49.99999999999496,49.999999999995055,49.99999999999516,49.99999999999528,49.99999999999542,49.999999999995566,49.99999999999573,49.99999999999591,49.9999999999961,49.999999999996305,49.999999999996525,49.99999999999676,49.99999999999701,49.99999999999729
77820.0,49.99999999999467,49.99999999999467,49.99999999999469,49.99999999999472,49.999999999994756,49.99999999999481,49.99999999999488,49.99999999999496,49.999999999995055,49.99999999999516,49.99999999999528,49.99999999999542,49.999999999995566,49.99999999999573,49.99999999999591,49.9999999999961,49.999999999996305,49.999999999996525,49.99999999999676,49.99999999999701,49.99999999999729
77880.0,49.99999999999467,49.99999999999467,49.99999999999469,49.99999999999472,49.999999999994756,49.99999999999481,49.99999999999488,49.99999999999496,49.999999999995055,49.99999999999516,49.99999999999528,49.99999999999542,49.999999999995566,49.99999999999573,49.99999999999591,49.9999999999961,49.999999999996305,49.999999999996525,49.99999999999676,49.99999999999701,49.99999999999729
77940.0,49.99999999999467,49.99999999999467,49.99999999999469,49.99999999999472,49.999999999994756,49.99999999999481,49.99999999999488,49.99999999999496,49.999999999995055,49.99999999999516,49.99999999999528,49.99999999999542,49.999999999995566,49.99999999999573,49.99999999999591,49.9999999999961,49.999999999996305,49.999999999996525,49.99999999999676,49.99999999999701,49.99999999999729
78000.0,49.99999999999467,49.99999999999467,49.99999999999469,49.99999999999472,49.999999999994756,49.99999999999481,49.99999999999488,49.99999999999496,49.999999999995055,49.99999999999516,49.99999999999528,49.99999999999542,49.999999999995566,49.99999999999573,49.99999999999591,49.9999999999961,49.999999999996305,49.999999999996525,49.99999999999676,49.99999999999701,49.99999999999729
78060.0,49.99999999999467,49.99999999999467,49.99999999999469,49.99999999999472,49.999999999994756,49.99999999999481,49.99999999999488,49.99999999999496,49.999999999995055,49.99999999999516,49.99999999999528,49.99999999999542,49.999999999995566,49.99999999999573,49.99999999999591,49.9999999999961,49.999999999996305,49.999999999996525,49.99999999999676,49.99999999999701,49.99999999999729
78120.0,49.99999999999467,49.99999999999467,49.99999999999469,49.99999999999472,49.999999999994756,49.99999999999481,49.99999999999488,49.99999999999496,49.999999999995055,49.99999999999516,49.99999999999528,49.99999999999542,49.999999999995566,49.99999999999573,49.99999999999591,49.9999999999961,49.999999999996305,49.999999999996525,49.99999999999676,49.99999999999701,49.99999999999729
78180.0,49.99999999999467,49.99999999999467,49.99999999999469,49.99999999999472,49.999999999994756,49.99999999999481,49.99999999999488,49.99999999999496,49.999999999995055,49.99999999999516,49.99999999999528,49.99999999999542,49.999999999995566,49.99999999999573,49.99999999999591,49.9999999999961,49.999999999996305,49.999999999996525,49.99999999999676,49.99999999999701,49.99999999999729
78240.0,49.99999999999467,49.99999999999467,49.99999999999469,49.99999999999472,49.999999999994756,49.99999999999481,49.99999999999488,49.99999999999496,49.999999999995055,49.99999999999516,49.99999999999528,49.99999999999542,49.999999999995566,49.99999999999573,49.99999999999591,49.9999999999961,49.999999999996305,49.999999999996525,49.99999999999676,49.99999999999701,49.99999999999729
78300.0,49.99999999999467,49.99999999999467,49.99999999999469,49.99999999999472,49.999999999994756,49.99999999999481,49.99999999999488,49.99999999999496,49.999999999995055,49.99999999999516,49.99999999999528,49.99999999999542,49.999999999995566,49.99999999999573,49.99999999999591,49.9999999999961,49.999999999996305,49.999999999996525,49.99999999999676,49.99999999999701,49.99999999999729
78360.0,49.99999999999467,49.99999999999467,49.99999999999469,49.99999999999472,49.999999999994756,49.99999999999481,49.99999999999488,49.99999999999496,49.999999999995055,49.99999999999516,49.99999999999528,49.99999999999542,49.999999999995566,49.99999999999573,49.99999999999591,49.9999999999961,49.999999999996305,49.999999999996525,49.99999999999676,49.99999999999701,49.99999999999729
78420.0,49.99999999999467,49.99999999999467,49.99999999999469,49.99999999999472,49.999999999994756,49.99999999999481,49.99999999999488,49.99999999999496,49.999999999995055,49.99999999999516,49.99999999999528,49.99999999999542,49.999999999995566,49.99999999999573,49.99999999999591,49.9999999999961,49.999999999996305,49.999999999996525,49.99999999999676,49.99999999999701,49.99999999999729
78480.0,49.99999999999467,49.99999999999467,49.99999999999469,49.99999999999472,49.999999999994756,49.99999999999481,49.99999999999488,49.99999999999496,49.999999999995055,49.99999999999516,49.99999999999528,49.99999999999542,49.999999999995566,49.99999999999573,49.99999999999591,49.9999999999961,49.999999999996305,49.999999999996525,49.99999999999676,49.99999999999701,49.99999999999729
78540.0,49.99999999999467,49.99999999999467,49.99999999999469,49.99999999999472,49.999999999994756,49.99999999999481,49.99999999999488,49.99999999999496,49.999999999995055,49.99999999999516,49.99999999999528,49.99999999999542,49.999999999995566,49.99999999999573,49.99999999999591,49.9999999999961,49.999999999996305,49.999999999996525,49.99999999999676,49.99999999999701,49.99999999999729
78600.0,49.99999999999467,49.99999999999467,49.99999999999469,49.99999999999472,49.999999999994756,49.99999999999481,49.99999999999488,49.99999999999496,49.999999999995055,49.99999999999516,49.99999999999528,49.99999999999542,49.999999999995566,49.99999999999573,49.99999999999591,49.9999999999961,49.999999999996305,49.999999999996525,49.99999999999676,49.99999999999701,49.99999999999729
78660.0,49.99999999999467,49.99999999999467,49.99999999999469,49.99999999999472,49.999999999994756,49.99999999999481,49.99999999999488,49.99999999999496,49.999999999995055,49.99999999999516,49.99999999999528,49.99999999999542,49.999999999995566,49.99999999999573,49.99999999999591,49.9999999999961,49.999999999996305,49.999999999996525,49.99999999999676,49.99999999999701,49.99999999999729
78720.0,49.99999999999467,49.99999999999467,49.99999999999469,49.99999999999472,49.999999999994756,49.99999999999481,49.99999999999488,49.99999999999496,49.999999999995055,49.99999999999516,49.99999999999528,49.99999999999542,49.999999999995566,49.99999999999573,49.99999999999591,49.9999999999961,49.999999999996305,49.999999999996525,49.99999999999676,49.99999999999701,49.99999999999729
78780.0,49.99999999999467,49.99999999999467,49.99999999999469,49.99999999999472,49.999999999994756,49.99999999999481,49.99999999999488,49.99999999999496,49.999999999995055,49.99999999999516,49.99999999999528,49.99999999999542,49.999999999995566,49.99999999999573,49.99999999999591,49.9999999999961,49.999999999996305,49.999999999996525,49.99999999999676,49.99999999999701,49.99999999999729
78840.0,49.99999999999467,49.99999999999467,49.99999999999469,49.99999999999472,49.99999999999476,49.99999999999481,49.999999999994884,49.99999999999496,49.999999999995055,49.99999999999516,49.99999999999528,49.99999999999542,49.999999999995566,49.99999999999573,49.99999999999591,49.9999999999961,49.999999999996305,49.999999999996525,49.99999999999676,49.99999999999701,49.99999999999729
78900.0,49.99999999999467,49.99999999999467,49.99999999999469,49.99999999999472,49.99999999999476,49.99999999999481,49.999999999994884,49.99999999999496,49.999999999995055,49.99999999999516,49.99999999999528,49.99999999999542,49.999999999995566,49.99999999999573,49.99999999999591,49.9999999999961,49.999999999996305,49.999999999996525,49.99999999999676,49.99999999999701,49.99999999999729
78960.0,49.99999999999468,49.99999999999468,49.9999999999947,49.99999999999473,49.99999999999476,49.99999999999482,49.999999999994884,49.99999999999497,49.99999999999506,49.99999999999517,49.99999999999529,49.999999999995424,49.99999999999557,49.99999999999574,49.999999999995914,49.999999999996106,49.99999999999631,49.99999999999653,49.99999999999677,49.999999999997016,49.9999999999973
79020.0,49.99999999999468,49.99999999999468,49.9999999999947,49.99999999999473,49.99999999999477,49.99999999999482,49.99999999999489,49.99999999999497,49.99999999999506,49.99999999999517,49.99999999999529,49.999999999995424,49.99999999999557,49.99999999999574,49.999999999995914,49.999999999996106,49.99999999999631,49.99999999999653,49.99999999999677,49.999999999997016,49.9999999999973
79080.0,49.99999999999468,49.99999999999468,49.9999999999947,49.99999999999473,49.99999999999477,49.99999999999482,49.99999999999489,49.99999999999497,49.99999999999506,49.99999999999517,49.99999999999529,49.999999999995424,49.99999999999557,49.99999999999574,49.999999999995914,49.999999999996106,49.99999999999631,49.99999999999653,49.99999999999677,49.999999999997016,49.9999999999973
79140.0,49.99999999999468,49.99999999999468,49.9999999999947,49.99999999999473,49.99999999999477,49.99999999999482,49.99999999999489,49.99999999999497,49.99999999999506,49.99999999999517,49.99999999999529,49.999999999995424,49.99999999999557,49.99999999999574,49.999999999995914,49.999999999996106,49.99999999999631,49.99999999999653,49.99999999999677,49.999999999997016,49.9999999999973
79200.0,49.99999999999468,49.99999999999468,49.9999999999947,49.99999999999473,49.99999999999477,49.99999999999482,49.99999999999489,49.99999999999497,49.99999999999506,49.99999999999517,49.99999999999529,49.999999999995424,49.99999999999557,49.99999999999574,49.999999999995914,49.999999999996106,49.99999999999631,49.99999999999653,49.99999999999677,49.999999999997016,49.9999999999973
79260.0,49.99999999999468,49.99999999999468,49.9999999999947,49.99999999999473,49.99999999999477,49.99999999999482,49.99999999999489,49.99999999999497,49.99999999999506,49.99999999999517,49.99999999999529,49.999999999995424,49.99999999999557,49.99999999999574,49.999999999995914,49.999999999996106,49.99999999999631,49.99999999999653,49.99999999999677,49.999999999997016,49.9999999999973
79320.0,49.99999999999468,49.99999999999468,49.9999999999947,49.99999999999473,49.99999999999477,49.99999999999482,49.99999999999489,49.99999999999497,49.99999999999506,49.99999999999517,49.99999999999529,49.999999999995424,49.99999999999557,49.99999999999574,49.999999999995914,49.999999999996106,49.99999999999631,49.99999999999653,49.99999999999677,49.999999999997016,49.9999999999973
79380.0,49.99999999999468,49.99999999999468,49.9999999999947,49.99999999999473,49.99999999999477,49.99999999999482,49.99999999999489,49.99999999999497,49.99999999999506,49.99999999999517,49.99999999999529,49.999999999995424,49.99999999999557,49.99999999999574,49.999999999995914,49.999999999996106,49.99999999999631,49.99999999999653,49.99999999999677,49.999999999997016,49.9999999999973
79440.0,49.99999999999468,49.99999999999468,49.9999999999947,49.99999999999473,49.99999999999477,49.99999999999482,49.99999999999489,49.99999999999497,49.99999999999506,49.99999999999517,49.99999999999529,49.999999999995424,49.99999999999557,49.99999999999574,49.999999999995914,49.999999999996106,49.99999999999631,49.99999999999653,49.99999999999677,49.999999999997016,49.9999999999973
79500.0,49.99999999999468,49.99999999999468,49.9999999999947,49.99999999999473,49.99999999999477,49.99999999999482,49.99999999999489,49.99999999999497,49.99999999999506,49.99999999999517,49.99999999999529,49.999999999995424,49.99999999999557,49.99999999999574,49.999999999995914,49.999999999996106,49.99999999999631,49.99999999999653,49.99999999999677,49.999999999997016,49.9999999999973
79560.0,49.99999999999468,49.99999999999468,49.9999999999947,49.99999999999473,49.99999999999477,49.99999999999482,49.99999999999489,49.99999999999497,49.99999999999506,49.99999999999517,49.99999999999529,49.999999999995424,49.99999999999557,49.99999999999574,49.999999999995914,49.999999999996106,49.99999999999631,49.99999999999653,49.99999999999677,49.999999999997016,49.9999999999973
79620.0,49.99999999999468,49.99999999999468,49.9999999999947,49.99999999999473,49.99999999999477,49.99999999999482,49.99999999999489,49.99999999999497,49.99999999999506,49.99999999999517,49.99999999999529,49.999999999995424,49.99999999999557,49.99999999999574,49.999999999995914,49.999999999996106,49.99999999999631,49.99999999999653,49.99999999999677,49.999999999997016,49.9999999999973
79680.0,49.99999999999468,49.99999999999468,49.9999999999947,49.99999999999473,49.99999999999477,49.99999999999482,49.99999999999489,49.99999999999497,49.99999999999506,49.99999999999517,49.99999999999529,49.999999999995424,49.99999999999557,49.99999999999574,49.999999999995914,49.999999999996106,49.99999999999631,49.99999999999653,49.99999999999677,49.999999999997016,49.9999999999973
79740.0,49.99999999999468,49.99999999999468,49.9999999999947,49.99999999999473,49.99999999999477,49.99999999999482,49.99999999999489,49.99999999999497,49.99999999999506,49.99999999999517,49.99999999999529,49.999999999995424,49.99999999999557,49.99999999999574,49.999999999995914,49.999999999996106,49.99999999999631,49.99999999999653,49.99999999999677,49.999999999997016,49.9999999999973
79800.0,49.99999999999468,49.99999999999468,49.9999999999947,49.99999999999473,49.99999999999477,49.99999999999482,49.99999999999489,49.99999999999497,49.99999999999506,49.99999999999517,49.99999999999529,49.999999999995424,49.99999999999557,49.99999999999574,49.999999999995914,49.999999999996106,49.99999999999631,49.99999999999653,49.99999999999677,49.999999999997016,49.9999999999973
79860.0,49.99999999999468,49.99999999999468,49.9999999999947,49.99999999999473,49.99999999999477,49.99999999999482,49.99999999999489,49.99999999999497,49.99999999999506,49.99999999999517,49.99999999999529,49.999999999995424,49.99999999999557,49.99999999999574,49.999999999995914,49.999999999996106,49.99999999999631,49.99999999999653,49.99999999999677,49.999999999997016,49.9999999999973
79920.0,49.999999999994685,49.999999999994685,49.99999999999471,49.999999999994735,49.99999999999478,49.99999999999483,49.9999999999949,49.999999999994984,49.999999999995076,49.99999999999518,49.9999999999953,49.99999999999544,49.99999999999559,49.99999999999575,49.99999999999593,49.99999999999612,49.99999999999633,49.99999999999655,49.99999999999678,49.99999999999703,49.999999999997314
79980.0,49.99999999999471,49.99999999999471,49.99999999999473,49.999999999994756,49.99999999999479,49.99999999999485,49.99999999999491,49.999999999995,49.99999999999509,49.9999999999952,49.99999999999532,49.99999999999545,49.9999999999956,49.999999999995765,49.99999999999594,49.999999999996135,49.99999999999634,49.99999999999656,49.999999999996795,49.999999999997044,49.99999999999733
80040.0,49.999999999994714,49.999999999994714,49.999999999994735,49.99999999999476,49.9999999999948,49.999999999994856,49.99999999999492,49.999999999995005,49.9999999999951,49.999999999995204,49.999999999995325,49.99999999999546,49.99999999999561,49.99999999999577,49.99999999999595,49.99999999999614,49.99999999999635,49.99999999999657,49.9999999999968,49.99999999999705,49.99999999999733
80100.0,49.999999999994714,49.999999999994714,49.999999999994735,49.99999999999476,49.9999999999948,49.999999999994856,49.99999999999492,49.999999999995005,49.9999999999951,49.999999999995204,49.999999999995325,49.99999999999546,49.99999999999561,49.99999999999577,49.99999999999595,49.99999999999614,49.99999999999635,49.99999999999657,49.9999999999968,49.99999999999705,49.99999999999733
80160.0,49.999999999994714,49.999999999994714,49.999999999994735,49.99999999999476,49.9999999999948,49.999999999994856,49.99999999999492,49.999999999995005,49.9999999999951,49.999999999995204,49.999999999995325,49.99999999999546,49.99999999999561,49.99999999999577,49.99999999999595,49.99999999999614,49.99999999999635,49.99999999999657,49.9999999999968,49.99999999999705,49.99999999999733
80220.0,49.999999999994714,49.999999999994714,49.999999999994735,49.99999999999476,49.9999999999948,49.999999999994856,49.99999999999492,49.999999999995005,49.9999999999951,49.999999999995204,49.999999999995325,49.99999999999546,49.99999999999561,49.99999999999577,49.99999999999595,49.99999999999614,49.99999999999635,49.99999999999657,49.9999999999968,49.99999999999705,49.99999999999733
80280.0,49.999999999994714,49.999999999994714,49.999999999994735,49.99999999999476,49.9999999999948,49.999999999994856,49.99999999999492,49.999999999995005,49.9999999999951,49.999999999995204,49.999999999995325,49.99999999999546,49.99999999999561,49.99999999999577,49.99999999999595,49.99999999999614,49.99999999999635,49.99999999999657,49.9999999999968,49.99999999999705,49.99999999999733
80340.0,49.999999999994714,49.999999999994714,49.999999999994735,49.99999999999476,49.9999999999948,49.999999999994856,49.99999999999492,49.999999999995005,49.9999999999951,49.999999999995204,49.999999999995325,49.99999999999546,49.99999999999561,49.99999999999577,49.99999999999595,49.99999999999614,49.99999999999635,49.99999999999657,49.9999999999968,49.99999999999705,49.99999999999733
80400.0,49.999999999994714,49.999999999994714,49.999999999994735,49.99999999999476,49.9999999999948,49.999999999994856,49.99999999999492,49.999999999995005,49.9999999999951,49.999999999995204,49.999999999995325,49.99999999999546,49.99999999999561,49.99999999999577,49.99999999999595,49.99999999999614,49.99999999999635,49.99999999999657,49.9999999999968,49.99999999999705,49.99999999999733
80460.0,49.999999999994714,49.999999999994714,49.999999999994735,49.99999999999476,49.9999999999948,49.999999999994856,49.99999999999492,49.999999999995005,49.9999999999951,49.999999999995204,49.999999999995325,49.99999999999546,49.99999999999561,49.99999999999577,49.99999999999595,49.99999999999614,49.99999999999635,49.99999999999657,49.9999999999968,49.99999999999705,49.99999999999733
80520.0,49.999999999994714,49.999999999994714,49.999999999994735,49.99999999999476,49.9999999999948,49.999999999994856,49.99999999999492,49.999999999995005,49.9999999999951,49.999999999995204,49.999999999995325,49.99999999999546,49.99999999999561,49.99999999999577,49.99999999999595,49.99999999999614,49.99999999999635,49.99999999999657,49.9999999999968,49.99999999999705,49.99999999999733
80580.0,49.999999999994714,49.999999999994714,49.999999999994735,49.99999999999476,49.9999999999948,49.999999999994856,49.99999999999492,49.999999999995005,49.9999999999951,49.999999999995204,49.999999999995325,49.99999999999546,49.99999999999561,49.99999999999577,49.99999999999595,49.99999999999614,49.99999999999635,49.99999999999657,49.9999999999968,49.99999999999705,49.99999999999733
80640.0,49.999999999994714,49.999999999994714,49.999999999994735,49.99999999999476,49.9999999999948,49.999999999994856,49.99999999999492,49.999999999995005,49.9999999999951,49.999999999995204,49.999999999995325,49.99999999999546,49.99999999999561,49.99999999999577,49.99999999999595,49.99999999999614,49.99999999999635,49.99999999999657,49.9999999999968,49.99999999999705,49.99999999999733
80700.0,49.999999999994714,49.999999999994714,49.999999999994735,49.99999999999476,49.9999999999948,49.999999999994856,49.99999999999492,49.999999999995005,49.9999999999951,49.999999999995204,49.999999999995325,49.99999999999546,49.99999999999561,49.99999999999577,49.99999999999595,49.99999999999614,49.99999999999635,49.99999999999657,49.9999999999968,49.99999999999705,49.99999999999733
80760.0,49.999999999994714,49.999999999994714,49.999999999994735,49.99999999999476,49.9999999999948,49.999999999994856,49.99999999999492,49.999999999995005,49.9999999999951,49.999999999995204,49.999999999995325,49.99999999999546,49.99999999999561,49.99999999999577,49.99999999999595,49.99999999999614,49.99999999999635,49.99999999999657,49.9999999999968,49.99999999999705,49.99999999999733
80820.0,49.999999999994714,49.999999999994714,49.999999999994735,49.99999999999476,49.9999999999948,49.999999999994856,49.99999999999492,49.999999999995005,49.9999999999951,49.999999999995204,49.999999999995325,49.99999999999546,49.99999999999561,49.99999999999577,49.99999999999595,49.99999999999614,49.99999999999635,49.99999999999657,49.9999999999968,49.99999999999705,49.99999999999733
80880.0,49.999999999994714,49.999999999994714,49.999999999994735,49.99999999999476,49.9999999999948,49.999999999994856,49.99999999999492,49.999999999995005,49.9999999999951,49.999999999995204,49.999999999995325,49.99999999999546,49.99999999999561,49.99999999999577,49.99999999999595,49.99999999999614,49.99999999999635,49.99999999999657,49.9999999999968,49.99999999999705,49.99999999999733
80940.0,49.999999999994714,49.999999999994714,49.999999999994735,49.99999999999476,49.9999999999948,49.999999999994856,49.99999999999492,49.999999999995005,49.9999999999951,49.999999999995204,49.999999999995325,49.99999999999546,49.99999999999561,49.99999999999577,49.99999999999595,49.99999999999614,49.99999999999635,49.99999999999657,49.9999999999968,49.99999999999705,49.99999999999733
81000.0,49.999999999994714,49.999999999994714,49.999999999994735,49.99999999999476,49.9999999999948,49.999999999994856,49.99999999999492,49.999999999995005,49.9999999999951,49.999999999995204,49.999999999995325,49.99999999999546,49.99999999999561,49.99999999999577,49.99999999999595,49.99999999999614,49.99999999999635,49.99999999999657,49.9999999999968,49.99999999999705,49.99999999999733
81060.0,49.999999999994714,49.999999999994714,49.999999999994735,49.99999999999476,49.9999999999948,49.999999999994856,49.99999999999492,49.999999999995005,49.9999999999951,49.999999999995204,49.999999999995325,49.99999999999546,49.99999999999561,49.99999999999577,49.99999999999595,49.99999999999614,49.99999999999635,49.99999999999657,49.9999999999968,49.99999999999705,49.99999999999733
81120.0,49.999999999994714,49.999999999994714,49.999999999994735,49.99999999999476,49.9999999999948,49.999999999994856,49.99999999999492,49.999999999995005,49.9999999999951,49.999999999995204,49.999999999995325,49.99999999999546,49.99999999999561,49.99999999999577,49.99999999999595,49.99999999999614,49.99999999999635,49.99999999999657,49.9999999999968,49.99999999999705,49.99999999999733
81180.0,49.999999999994714,49.999999999994714,49.999999999994735,49.99999999999476,49.9999999999948,49.999999999994856,49.99999999999492,49.999999999995005,49.9999999999951,49.999999999995204,49.999999999995325,49.99999999999546,49.99999999999561,49.99999999999577,49.99999999999595,49.99999999999614,49.99999999999635,49.99999999999657,49.9999999999968,49.99999999999705,49.99999999999733
81240.0,49.999999999994714,49.999999999994714,49.999999999994735,49.99999999999476,49.9999999999948,49.999999999994856,49.99999999999492,49.999999999995005,49.9999999999951,49.999999999995204,49.999999999995325,49.99999999999546,49.99999999999561,49.99999999999577,49.99999999999595,49.99999999999614,49.99999999999635,49.99999999999657,49.9999999999968,49.99999999999705,49.99999999999733
81300.0,49.999999999994714,49.999999999994714,49.999999999994735,49.99999999999476,49.9999999999948,49.999999999994856,49.99999999999492,49.999999999995005,49.9999999999951,49.999999999995204,49.999999999995325,49.99999999999546,49.99999999999561,49.99999999999577,49.99999999999595,49.99999999999614,49.99999999999635,49.99999999999657,49.9999999999968,49.99999999999705,49.99999999999733
81360.0,49.999999999994714,49.999999999994714,49.999999999994735,49.99999999999476,49.9999999999948,49.999999999994856,49.99999999999492,49.999999999995005,49.9999999999951,49.999999999995204,49.999999999995325,49.99999999999546,49.99999999999561,49.99999999999577,49.99999999999595,49.99999999999614,49.99999999999635,49.99999999999657,49.9999999999968,49.99999999999705,49.99999999999733
81420.0,49.999999999994714,49.999999999994714,49.999999999994735,49.99999999999476,49.9999999999948,49.999999999994856,49.99999999999492,49.999999999995005,49.9999999999951,49.999999999995204,49.999999999995325,49.99999999999546,49.99999999999561,49.99999999999577,49.99999999999595,49.99999999999614,49.99999999999635,49.99999999999657,49.9999999999968,49.99999999999705,49.99999999999733
81480.0,49.999999999994714,49.999999999994714,49.999999999994735,49.99999999999476,49.9999999999948,49.999999999994856,49.99999999999492,49.999999999995005,49.9999999999951,49.999999999995204,49.999999999995325,49.99999999999546,49.99999999999561,49.99999999999577,49.99999999999595,49.99999999999614,49.99999999999635,49.99999999999657,49.9999999999968,49.99999999999705,49.99999999999733
81540.0,49.999999999994714,49.999999999994714,49.999999999994735,49.99999999999476,49.999999999994806,49.999999999994856,49.99999999999493,49.999999999995005,49.9999999999951,49.999999999995204,49.999999999995325,49.99999999999546,49.99999999999561,49.99999999999577,49.99999999999595,49.99999999999614,49.99999999999635,49.99999999999657,49.9999999999968,49.99999999999705,49.99999999999733
81600.0,49.999999999994714,49.999999999994714,49.999999999994735,49.99999999999476,49.999999999994806,49.999999999994856,49.99999999999493,49.999999999995005,49.9999999999951,49.999999999995204,49.999999999995325,49.99999999999546,49.99999999999561,49.99999999999577,49.99999999999595,49.99999999999614,49.99999999999635,49.99999999999657,49.9999999999968,49.99999999999705,49.99999999999733
81660.0,49.999999999994714,49.999999999994714,49.999999999994735,49.99999999999476,49.999999999994806,49.999999999994856,49.99999999999493,49.999999999995005,49.9999999999951,49.999999999995204,49.999999999995325,49.99999999999546,49.99999999999561,49.99999999999577,49.99999999999595,49.99999999999614,49.99999999999635,49.99999999999657,49.9999999999968,49.99999999999705,49.99999999999733
81720.0,49.999999999994714,49.999999999994714,49.999999999994735,49.99999999999476,49.999999999994806,49.999999999994856,49.99999999999493,49.999999999995005,49.9999999999951,49.999999999995204,49.999999999995325,49.99999999999546,49.99999999999561,49.99999999999577,49.99999999999595,49.99999999999614,49.99999999999635,49.99999999999657,49.9999999999968,49.99999999999705,49.99999999999733
81780.0,49.999999999994714,49.999999999994714,49.999999999994735,49.99999999999476,49.999999999994806,49.999999999994856,49.99999999999493,49.999999999995005,49.9999999999951,49.999999999995204,49.999999999995325,49.99999999999546,49.99999999999561,49.99999999999577,49.99999999999595,49.99999999999614,49.99999999999635,49.99999999999657,49.9999999999968,49.99999999999705,49.99999999999733
81840.0,49.999999999994714,49.999999999994714,49.999999999994735,49.99999999999476,49.999999999994806,49.999999999994856,49.99999999999493,49.999999999995005,49.9999999999951,49.999999999995204,49.999999999995325,49.99999999999546,49.99999999999561,49.99999999999577,49.99999999999595,49.99999999999614,49.99999999999635,49.99999999999657,49.9999999999968,49.99999999999705,49.99999999999733
81900.0,49.999999999994714,49.999999999994714,49.999999999994735,49.99999999999476,49.999999999994806,49.999999999994856,49.99999999999493,49.999999999995005,49.9999999999951,49.999999999995204,49.999999999995325,49.99999999999546,49.99999999999561,49.99999999999577,49.99999999999595,49.99999999999614,49.99999999999635,49.99999999999657,49.9999999999968,49.99999999999705,49.99999999999733
81960.0,49.999999999994714,49.999999999994714,49.999999999994735,49.99999999999476,49.999999999994806,49.999999999994856,49.99999999999493,49.999999999995005,49.9999999999951,49.999999999995204,49.999999999995325,49.99999999999546,49.99999999999561,49.99999999999577,49.99999999999595,49.99999999999614,49.99999999999635,49.99999999999657,49.9999999999968,49.99999999999705,49.99999999999733
82020.0,49.999999999994714,49.999999999994714,49.999999999994735,49.99999999999476,49.999999999994806,49.999999999994856,49.99999999999493,49.999999999995005,49.9999999999951,49.999999999995204,49.999999999995325,49.99999999999546,49.99999999999561,49.99999999999577,49.99999999999595,49.99999999999614,49.99999999999635,49.99999999999657,49.9999999999968,49.99999999999705,49.99999999999733
82080.0,49.999999999994714,49.999999999994714,49.999999999994735,49.99999999999476,49.999999999994806,49.999999999994856,49.99999999999493,49.999999999995005,49.9999999999951,49.999999999995204,49.999999999995325,49.99999999999546,49.99999999999561,49.99999999999577,49.99999999999595,49.99999999999614,49.99999999999635,49.99999999999657,49.9999999999968,49.99999999999705,49.99999999999733
82140.0,49.999999999994714,49.999999999994714,49.999999999994735,49.99999999999476,49.999999999994806,49.999999999994856,49.99999999999493,49.999999999995005,49.9999999999951,49.999999999995204,49.999999999995325,49.99999999999546,49.99999999999561,49.99999999999577,49.99999999999595,49.99999999999614,49.99999999999635,49.99999999999657,49.9999999999968,49.99999999999705,49.99999999999733
82200.0,49.999999999994714,49.999999999994714,49.999999999994735,49.99999999999476,49.999999999994806,49.999999999994856,49.99999999999493,49.999999999995005,49.9999999999951,49.999999999995204,49.999999999995325,49.99999999999546,49.99999999999561,49.99999999999577,49.99999999999595,49.99999999999614,49.99999999999635,49.99999999999657,49.9999999999968,49.99999999999705,49.99999999999733
82260.0,49.999999999994714,49.999999999994714,49.999999999994735,49.99999999999476,49.999999999994806,49.999999999994856,49.99999999999493,49.999999999995005,49.9999999999951,49.999999999995204,49.999999999995325,49.99999999999546,49.99999999999561,49.99999999999577,49.99999999999595,49.99999999999614,49.99999999999635,49.99999999999657,49.9999999999968,49.99999999999705,49.99999999999733
82320.0,49.999999999994714,49.999999999994714,49.999999999994735,49.99999999999476,49.999999999994806,49.999999999994856,49.99999999999493,49.999999999995005,49.9999999999951,49.999999999995204,49.999999999995325,49.99999999999546,49.99999999999561,49.99999999999577,49.99999999999595,49.99999999999614,49.99999999999635,49.99999999999657,49.9999999999968,49.99999999999705,49.99999999999733
82380.0,49.999999999994714,49.999999999994714,49.999999999994735,49.99999999999476,49.999999999994806,49.999999999994856,49.99999999999493,49.999999999995005,49.9999999999951,49.999999999995204,49.999999999995325,49.99999999999546,49.99999999999561,49.99999999999577,49.99999999999595,49.99999999999614,49.99999999999635,49.99999999999657,49.9999999999968,49.99999999999705,49.99999999999733
82440.0,49.999999999994714,49.999999999994714,49.999999999994735,49.99999999999476,49.999999999994806,49.999999999994856,49.99999999999493,49.999999999995005,49.9999999999951,49.999999999995204,49.999999999995325,49.99999999999546,49.99999999999561,49.99999999999577,49.99999999999595,49.99999999999614,49.99999999999635,49.99999999999657,49.9999999999968,49.99999999999705,49.99999999999733
82500.0,49.999999999994714,49.999999999994714,49.999999999994735,49.99999999999476,49.999999999994806,49.999999999994856,49.99999999999493,49.999999999995005,49.9999999999951,49.999999999995204,49.999999999995325,49.99999999999546,49.99999999999561,49.99999999999577,49.99999999999595,49.99999999999614,49.99999999999635,49.99999999999657,49.9999999999968,49.99999999999705,49.99999999999733
82560.0,49.999999999994714,49.999999999994714,49.999999999994735,49.99999999999476,49.999999999994806,49.999999999994856,49.99999999999493,49.999999999995005,49.9999999999951,49.999999999995204,49.999999999995325,49.99999999999546,49.99999999999561,49.99999999999577,49.99999999999595,49.99999999999614,49.99999999999635,49.99999999999657,49.9999999999968,49.99999999999705,49.99999999999733
82620.0,49.999999999994714,49.999999999994714,49.999999999994735,49.99999999999476,49.999999999994806,49.999999999994856,49.99999999999493,49.999999999995005,49.9999999999951,49.999999999995204,49.999999999995325,49.99999999999546,49.99999999999561,49.99999999999577,49.99999999999595,49.99999999999614,49.99999999999635,49.99999999999657,49.9999999999968,49.99999999999705,49.99999999999733
82680.0,49.999999999994714,49.999999999994714,49.999999999994735,49.99999999999476,49.999999999994806,49.999999999994856,49.99999999999493,49.999999999995005,49.9999999999951,49.999999999995204,49.999999999995325,49.99999999999546,49.99999999999561,49.99999999999577,49.99999999999595,49.99999999999614,49.99999999999635,49.99999999999657,49.9999999999968,49.99999999999705,49.99999999999733
82740.0,49.999999999994714,49.999999999994714,49.999999999994735,49.99999999999476,49.999999999994806,49.999999999994856,49.99999999999493,49.999999999995005,49.9999999999951,49.999999999995204,49.999999999995325,49.99999999999546,49.99999999999561,49.99999999999577,49.99999999999595,49.99999999999614,49.99999999999635,49.99999999999657,49.9999999999968,49.99999999999705,49.99999999999733
82800.0,49.999999999994714,49.999999999994714,49.999999999994735,49.99999999999476,49.999999999994806,49.999999999994856,49.99999999999493,49.999999999995005,49.9999999999951,49.999999999995204,49.999999999995325,49.99999999999546,49.99999999999561,49.99999999999577,49.99999999999595,49.99999999999614,49.99999999999635,49.99999999999657,49.9999999999968,49.99999999999705,49.99999999999733
82860.0,49.999999999994714,49.999999999994714,49.999999999994735,49.99999999999476,49.999999999994806,49.999999999994856,49.99999999999493,49.999999999995005,49.9999999999951,49.999999999995204,49.999999999995325,49.99999999999546,49.99999999999561,49.99999999999577,49.99999999999595,49.99999999999614,49.99999999999635,49.99999999999657,49.9999999999968,49.99999999999705,49.99999999999733
82920.0,49.999999999994714,49.999999999994714,49.999999999994735,49.99999999999476,49.999999999994806,49.999999999994856,49.99999999999493,49.999999999995005,49.9999999999951,49.999999999995204,49.999999999995325,49.99999999999546,49.99999999999561,49.99999999999577,49.99999999999595,49.99999999999614,49.99999999999635,49.99999999999657,49.9999999999968,49.99999999999705,49.99999999999733
82980.0,49.999999999994714,49.999999999994714,49.999999999994735,49.99999999999476,49.999999999994806,49.999999999994856,49.99999999999493,49.999999999995005,49.9999999999951,49.999999999995204,49.999999999995325,49.99999999999546,49.99999999999561,49.99999999999577,49.99999999999595,49.99999999999614,49.99999999999635,49.99999999999657,49.9999999999968,49.99999999999705,49.99999999999733
83040.0,49.999999999994714,49.999999999994714,49.999999999994735,49.99999999999476,49.999999999994806,49.999999999994856,49.99999999999493,49.999999999995005,49.9999999999951,49.999999999995204,49.999999999995325,49.99999999999546,49.99999999999561,49.99999999999577,49.99999999999595,49.99999999999614,49.99999999999635,49.99999999999657,49.9999999999968,49.99999999999705,49.99999999999733
83100.0,49.999999999994714,49.999999999994714,49.999999999994735,49.99999999999476,49.999999999994806,49.999999999994856,49.99999999999493,49.999999999995005,49.9999999999951,49.999999999995204,49.999999999995325,49.99999999999546,49.99999999999561,49.99999999999577,49.99999999999595,49.99999999999614,49.99999999999635,49.99999999999657,49.9999999999968,49.99999999999705,49.99999999999733
83160.0,49.999999999994714,49.999999999994714,49.999999999994735,49.99999999999476,49.999999999994806,49.999999999994856,49.99999999999493,49.999999999995005,49.9999999999951,49.999999999995204,49.999999999995325,49.99999999999546,49.99999999999561,49.99999999999577,49.99999999999595,49.99999999999614,49.99999999999635,49.99999999999657,49.9999999999968,49.99999999999705,49.99999999999733
83220.0,49.999999999994714,49.999999999994714,49.999999999994735,49.99999999999476,49.999999999994806,49.999999999994856,49.99999999999493,49.999999999995005,49.9999999999951,49.999999999995204,49.999999999995325,49.99999999999546,49.99999999999561,49.99999999999577,49.99999999999595,49.99999999999614,49.99999999999635,49.99999999999657,49.9999999999968,49.99999999999705,49.99999999999733
83280.0,49.999999999994714,49.999999999994714,49.999999999994735,49.99999999999476,49.999999999994806,49.999999999994856,49.99999999999493,49.999999999995005,49.9999999999951,49.999999999995204,49.999999999995325,49.99999999999546,49.99999999999561,49.99999999999577,49.99999999999595,49.99999999999614,49.99999999999635,49.99999999999657,49.9999999999968,49.99999999999705,49.99999999999733
83340.0,49.999999999994714,49.999999999994714,49.999999999994735,49.99999999999476,49.999999999994806,49.999999999994856,49.99999999999493,49.999999999995005,49.9999999999951,49.999999999995204,49.999999999995325,49.99999999999546,49.99999999999561,49.99999999999577,49.99999999999595,49.99999999999614,49.99999999999635,49.99999999999657,49.9999999999968,49.99999999999705,49.99999999999733
83400.0,49.99999999999472,49.99999999999472,49.99999999999474,49.99999999999477,49.99999999999481,49.99999999999486,49.999999999994934,49.99999999999501,49.999999999995104,49.99999999999521,49.99999999999533,49.99999999999547,49.999999999995616,49.99999999999578,49.99999999999596,49.99999999999615,49.999999999996355,49.999999999996575,49.99999999999681,49.99999999999706,49.999999999997335
83460.0,49.99999999999472,49.99999999999472,49.99999999999474,49.99999999999477,49.99999999999481,49.99999999999486,49.999999999994934,49.99999999999501,49.999999999995104,49.99999999999521,49.99999999999533,49.99999999999547,49.999999999995616,49.99999999999578,49.99999999999596,49.99999999999615,49.999999999996355,49.999999999996575,49.99999999999681,49.99999999999706,49.999999999997335
83520.0,49.99999999999472,49.99999999999472,49.99999999999474,49.99999999999477,49.99999999999481,49.99999999999486,49.999999999994934,49.99999999999501,49.999999999995104,49.99999999999521,49.99999999999533,49.99999999999547,49.999999999995616,49.99999999999578,49.99999999999596,49.99999999999615,49.999999999996355,49.999999999996575,49.99999999999681,49.99999999999706,49.999999999997335
83580.0,49.99999999999472,49.99999999999472,49.99999999999474,49.99999999999477,49.99999999999481,49.99999999999486,49.999999999994934,49.99999999999501,49.999999999995104,49.99999999999521,49.99999999999533,49.99999999999547,49.999999999995616,49.99999999999578,49.99999999999596,49.99999999999615,49.999999999996355,49.999999999996575,49.99999999999681,49.99999999999706,49.999999999997335
83640.0,49.99999999999472,49.99999999999472,49.99999999999474,49.99999999999477,49.99999999999481,49.99999999999486,49.999999999994934,49.99999999999501,49.999999999995104,49.99999999999521,49.99999999999533,49.99999999999547,49.999999999995616,49.99999999999578,49.99999999999596,49.99999999999615,49.999999999996355,49.999999999996575,49.99999999999681,49.99999999999706,49.999999999997335
83700.0,49.99999999999472,49.99999999999472,49.99999999999474,49.99999999999477,49.99999999999481,49.99999999999486,49.999999999994934,49.99999999999501,49.999999999995104,49.99999999999521,49.99999999999533,49.99999999999547,49.999999999995616,49.99999999999578,49.99999999999596,49.99999999999615,49.999999999996355,49.999999999996575,49.99999999999681,49.99999999999706,49.999999999997335
83760.0,49.99999999999472,49.99999999999472,49.99999999999474,49.99999999999477,49.99999999999481,49.99999999999486,49.999999999994934,49.99999999999501,49.999999999995104,49.99999999999521,49.99999999999533,49.99999999999547,49.999999999995616,49.99999999999578,49.99999999999596,49.99999999999615,49.999999999996355,49.999999999996575,49.99999999999681,49.99999999999706,49.999999999997335
83820.0,49.99999999999472,49.99999999999472,49.99999999999474,49.99999999999477,49.99999999999481,49.99999999999486,49.999999999994934,49.99999999999501,49.999999999995104,49.99999999999521,49.99999999999533,49.99999999999547,49.999999999995616,49.99999999999578,49.99999999999596,49.99999999999615,49.999999999996355,49.999999999996575,49.99999999999681,49.99999999999706,49.999999999997335
83880.0,49.99999999999472,49.99999999999472,49.99999999999474,49.99999999999477,49.99999999999481,49.99999999999486,49.999999999994934,49.99999999999501,49.999999999995104,49.99999999999521,49.99999999999533,49.99999999999547,49.999999999995616,49.99999999999578,49.99999999999596,49.99999999999615,49.999999999996355,49.999999999996575,49.99999999999681,49.99999999999706,49.999999999997335
83940.0,49.99999999999472,49.99999999999472,49.99999999999474,49.99999999999477,49.99999999999481,49.99999999999486,49.999999999994934,49.99999999999501,49.999999999995104,49.99999999999521,49.99999999999533,49.99999999999547,49.999999999995616,49.99999999999578,49.99999999999596,49.99999999999615,49.999999999996355,49.999999999996575,49.99999999999681,49.99999999999706,49.999999999997335
84000.0,49.99999999999472,49.99999999999472,49.99999999999474,49.99999999999477,49.99999999999481,49.99999999999486,49.999999999994934,49.99999999999501,49.999999999995104,49.99999999999521,49.99999999999533,49.99999999999547,49.999999999995616,49.99999999999578,49.99999999999596,49.99999999999615,49.999999999996355,49.999999999996575,49.99999999999681,49.99999999999706,49.999999999997335
84060.0,49.99999999999472,49.99999999999472,49.99999999999474,49.99999999999477,49.99999999999481,49.99999999999486,49.999999999994934,49.99999999999501,49.999999999995104,49.99999999999521,49.99999999999533,49.99999999999547,49.999999999995616,49.99999999999578,49.99999999999596,49.99999999999615,49.999999999996355,49.999999999996575,49.99999999999681,49.99999999999706,49.999999999997335
84120.0,49.99999999999472,49.99999999999472,49.99999999999474,49.99999999999477,49.99999999999481,49.99999999999486,49.999999999994934,49.99999999999501,49.999999999995104,49.99999999999521,49.99999999999533,49.99999999999547,49.999999999995616,49.99999999999578,49.99999999999596,49.99999999999615,49.999999999996355,49.999999999996575,49.99999999999681,49.99999999999706,49.999999999997335
84180.0,49.99999999999472,49.99999999999472,49.99999999999474,49.99999999999477,49.99999999999481,49.99999999999486,49.999999999994934,49.99999999999501,49.999999999995104,49.99999999999521,49.99999999999533,49.99999999999547,49.999999999995616,49.99999999999578,49.99999999999596,49.99999999999615,49.999999999996355,49.999999999996575,49.99999999999681,49.99999999999706,49.999999999997335
84240.0,49.99999999999472,49.99999999999472,49.99999999999474,49.99999999999477,49.99999999999481,49.99999999999486,49.999999999994934,49.99999999999501,49.999999999995104,49.99999999999521,49.99999999999533,49.99999999999547,49.999999999995616,49.99999999999578,49.99999999999596,49.99999999999615,49.999999999996355,49.999999999996575,49.99999999999681,49.99999999999706,49.999999999997335
84300.0,49.99999999999472,49.99999999999472,49.99999999999474,49.99999999999477,49.99999999999481,49.99999999999486,49.999999999994934,49.99999999999501,49.999999999995104,49.99999999999521,49.99999999999533,49.99999999999547,49.999999999995616,49.99999999999578,49.99999999999596,49.99999999999615,49.999999999996355,49.999999999996575,49.99999999999681,49.99999999999706,49.999999999997335
84360.0,49.99999999999472,49.99999999999472,49.99999999999474,49.99999999999477,49.99999999999481,49.99999999999486,49.999999999994934,49.99999999999501,49.999999999995104,49.99999999999521,49.99999999999533,49.99999999999547,49.999999999995616,49.99999999999578,49.99999999999596,49.99999999999615,49.999999999996355,49.999999999996575,49.99999999999681,49.99999999999706,49.999999999997335
84420.0,49.99999999999472,49.99999999999472,49.99999999999474,49.99999999999477,49.99999999999481,49.99999999999486,49.999999999994934,49.99999999999501,49.999999999995104,49.99999999999521,49.99999999999533,49.99999999999547,49.999999999995616,49.99999999999578,49.99999999999596,49.99999999999615,49.999999999996355,49.999999999996575,49.99999999999681,49.99999999999706,49.999999999997335
84480.0,49.99999999999472,49.99999999999472,49.99999999999474,49.99999999999477,49.99999999999481,49.99999999999486,49.999999999994934,49.99999999999501,49.999999999995104,49.99999999999521,49.99999999999533,49.99999999999547,49.999999999995616,49.99999999999578,49.99999999999596,49.99999999999615,49.999999999996355,49.999999999996575,49.99999999999681,49.99999999999706,49.999999999997335
84540.0,49.99999999999472,49.99999999999472,49.99999999999474,49.99999999999477,49.99999999999481,49.99999999999486,49.999999999994934,49.99999999999501,49.999999999995104,49.99999999999521,49.99999999999533,49.99999999999547,49.999999999995616,49.99999999999578,49.99999999999596,49.99999999999615,49.999999999996355,49.999999999996575,49.99999999999681,49.99999999999706,49.999999999997335
84600.0,49.99999999999472,49.99999999999472,49.99999999999474,49.99999999999477,49.99999999999481,49.99999999999486,49.999999999994934,49.99999999999501,49.999999999995104,49.99999999999521,49.99999999999533,49.99999999999547,49.999999999995616,49.99999999999578,49.99999999999596,49.99999999999615,49.999999999996355,49.999999999996575,49.99999999999681,49.99999999999706,49.999999999997335
84660.0,49.99999999999472,49.99999999999472,49.99999999999474,49.99999999999477,49.99999999999481,49.99999999999486,49.999999999994934,49.99999999999501,49.999999999995104,49.99999999999521,49.99999999999533,49.99999999999547,49.999999999995616,49.99999999999578,49.99999999999596,49.99999999999615,49.999999999996355,49.999999999996575,49.99999999999681,49.99999999999706,49.999999999997335
84720.0,49.99999999999472,49.99999999999472,49.99999999999474,49.99999999999477,49.99999999999481,49.99999999999486,49.999999999994934,49.99999999999501,49.999999999995104,49.99999999999521,49.99999999999533,49.99999999999547,49.999999999995616,49.99999999999578,49.99999999999596,49.99999999999615,49.999999999996355,49.999999999996575,49.99999999999681,49.99999999999706,49.999999999997335
84780.0,49.99999999999472,49.99999999999472,49.99999999999474,49.99999999999477,49.99999999999481,49.99999999999486,49.999999999994934,49.99999999999501,49.999999999995104,49.99999999999521,49.99999999999533,49.99999999999547,49.999999999995616,49.99999999999578,49.99999999999596,49.99999999999615,49.999999999996355,49.999999999996575,49.99999999999681,49.99999999999706,49.999999999997335
84840.0,49.99999999999472,49.99999999999472,49.99999999999474,49.99999999999477,49.99999999999481,49.99999999999486,49.999999999994934,49.99999999999501,49.999999999995104,49.99999999999521,49.99999999999533,49.99999999999547,49.999999999995616,49.99999999999578,49.99999999999596,49.99999999999615,49.999999999996355,49.999999999996575,49.99999999999681,49.99999999999706,49.999999999997335
84900.0,49.99999999999472,49.99999999999472,49.99999999999474,49.99999999999477,49.99999999999481,49.99999999999486,49.999999999994934,49.99999999999501,49.999999999995104,49.99999999999521,49.99999999999533,49.99999999999547,49.999999999995616,49.99999999999578,49.99999999999596,49.99999999999615,49.999999999996355,49.999999999996575,49.99999999999681,49.99999999999706,49.999999999997335
84960.0,49.99999999999472,49.99999999999472,49.99999999999474,49.99999999999477,49.99999999999481,49.99999999999486,49.999999999994934,49.99999999999501,49.999999999995104,49.99999999999521,49.99999999999533,49.99999999999547,49.999999999995616,49.99999999999578,49.99999999999596,49.99999999999615,49.999999999996355,49.999999999996575,49.99999999999681,49.99999999999706,49.999999999997335
85020.0,49.99999999999472,49.99999999999472,49.99999999999474,49.99999999999477,49.99999999999481,49.99999999999486,49.999999999994934,49.99999999999501,49.999999999995104,49.99999999999521,49.99999999999533,49.99999999999547,49.999999999995616,49.99999999999578,49.99999999999596,49.99999999999615,49.999999999996355,49.999999999996575,49.99999999999681,49.99999999999706,49.999999999997335
85080.0,49.99999999999472,49.99999999999472,49.99999999999474,49.99999999999477,49.99999999999481,49.99999999999486,49.999999999994934,49.99999999999501,49.999999999995104,49.99999999999521,49.99999999999533,49.99999999999547,49.999999999995616,49.99999999999578,49.99999999999596,49.99999999999615,49.999999999996355,49.999999999996575,49.99999999999681,49.99999999999706,49.999999999997335
85140.0,49.99999999999472,49.99999999999472,49.99999999999474,49.99999999999477,49.99999999999481,49.99999999999486,49.999999999994934,49.99999999999501,49.999999999995104,49.99999999999521,49.99999999999533,49.99999999999547,49.999999999995616,49.99999999999578,49.99999999999596,49.99999999999615,49.999999999996355,49.999999999996575,49.99999999999681,49.99999999999706,49.999999999997335
85200.0,49.99999999999472,49.99999999999472,49.99999999999474,49.99999999999477,49.99999999999481,49.99999999999486,49.999999999994934,49.99999999999501,49.999999999995104,49.99999999999521,49.99999999999533,49.99999999999547,49.999999999995616,49.99999999999578,49.99999999999596,49.99999999999615,49.999999999996355,49.999999999996575,49.99999999999681,49.99999999999706,49.999999999997335
85260.0,49.99999999999472,49.99999999999472,49.99999999999474,49.99999999999477,49.99999999999481,49.99999999999486,49.999999999994934,49.99999999999501,49.999999999995104,49.99999999999521,49.99999999999533,49.99999999999547,49.999999999995616,49.99999999999578,49.99999999999596,49.99999999999615,49.999999999996355,49.999999999996575,49.99999999999681,49.99999999999706,49.999999999997335
85320.0,49.99999999999472,49.99999999999472,49.99999999999474,49.99999999999477,49.99999999999481,49.99999999999486,49.999999999994934,49.99999999999501,49.999999999995104,49.99999999999521,49.99999999999533,49.99999999999547,49.999999999995616,49.99999999999578,49.99999999999596,49.99999999999615,49.999999999996355,49.999999999996575,49.99999999999681,49.99999999999706,49.999999999997335
85380.0,49.99999999999472,49.99999999999472,49.99999999999474,49.99999999999477,49.99999999999481,49.99999999999486,49.999999999994934,49.99999999999501,49.999999999995104,49.99999999999521,49.99999999999533,49.99999999999547,49.999999999995616,49.99999999999578,49.99999999999596,49.99999999999615,49.999999999996355,49.999999999996575,49.99999999999681,49.99999999999706,49.999999999997335
85440.0,49.99999999999472,49.99999999999472,49.99999999999474,49.99999999999477,49.99999999999481,49.99999999999486,49.999999999994934,49.99999999999501,49.999999999995104,49.99999999999521,49.99999999999533,49.99999999999547,49.999999999995616,49.99999999999578,49.99999999999596,49.99999999999615,49.999999999996355,49.999999999996575,49.99999999999681,49.99999999999706,49.999999999997335
85500.0,49.99999999999472,49.99999999999472,49.99999999999474,49.99999999999477,49.99999999999481,49.99999999999486,49.999999999994934,49.99999999999501,49.999999999995104,49.99999999999521,49.99999999999533,49.99999999999547,49.999999999995616,49.99999999999578,49.99999999999596,49.99999999999615,49.999999999996355,49.999999999996575,49.99999999999681,49.99999999999706,49.999999999997335
85560.0,49.99999999999472,49.99999999999472,49.99999999999474,49.99999999999477,49.99999999999481,49.99999999999486,49.999999999994934,49.99999999999501,49.999999999995104,49.99999999999521,49.99999999999533,49.99999999999547,49.999999999995616,49.99999999999578,49.99999999999596,49.99999999999615,49.999999999996355,49.999999999996575,49.99999999999681,49.99999999999706,49.999999999997335
85620.0,49.99999999999472,49.99999999999472,49.99999999999474,49.99999999999477,49.99999999999481,49.99999999999486,49.999999999994934,49.99999999999501,49.999999999995104,49.99999999999521,49.99999999999533,49.99999999999547,49.999999999995616,49.99999999999578,49.99999999999596,49.99999999999615,49.999999999996355,49.999999999996575,49.99999999999681,49.99999999999706,49.999999999997335
85680.0,49.99999999999472,49.99999999999472,49.99999999999474,49.99999999999477,49.99999999999481,49.99999999999486,49.999999999994934,49.99999999999501,49.999999999995104,49.99999999999521,49.99999999999533,49.99999999999547,49.999999999995616,49.99999999999578,49.99999999999596,49.99999999999615,49.999999999996355,49.999999999996575,49.99999999999681,49.99999999999706,49.999999999997335
85740.0,49.99999999999472,49.99999999999472,49.99999999999474,49.99999999999477,49.99999999999481,49.99999999999486,49.999999999994934,49.99999999999501,49.999999999995104,49.99999999999521,49.99999999999533,49.99999999999547,49.999999999995616,49.99999999999578,49.99999999999596,49.99999999999615,49.999999999996355,49.999999999996575,49.99999999999681,49.99999999999706,49.999999999997335
85800.0,49.99999999999472,49.99999999999472,49.99999999999474,49.99999999999477,49.99999999999481,49.99999999999486,49.999999999994934,49.99999999999501,49.999999999995104,49.99999999999521,49.99999999999533,49.99999999999547,49.999999999995616,49.99999999999578,49.99999999999596,49.99999999999615,49.999999999996355,49.999999999996575,49.99999999999681,49.99999999999706,49.999999999997335
85860.0,49.99999999999472,49.99999999999472,49.99999999999474,49.99999999999477,49.99999999999481,49.99999999999486,49.999999999994934,49.99999999999501,49.999999999995104,49.99999999999521,49.99999999999533,49.99999999999547,49.999999999995616,49.99999999999578,49.99999999999596,49.99999999999615,49.999999999996355,49.999999999996575,49.99999999999681,49.99999999999706,49.999999999997335
85920.0,49.99999999999472,49.99999999999472,49.99999999999474,49.99999999999477,49.99999999999481,49.99999999999486,49.999999999994934,49.99999999999501,49.999999999995104,49.99999999999521,49.99999999999533,49.99999999999547,49.999999999995616,49.99999999999578,49.99999999999596,49.99999999999615,49.999999999996355,49.999999999996575,49.99999999999681,49.99999999999706,49.999999999997335
85980.0,49.99999999999472,49.99999999999472,49.99999999999474,49.99999999999477,49.99999999999481,49.99999999999486,49.999999999994934,49.99999999999501,49.999999999995104,49.99999999999521,49.99999999999533,49.99999999999547,49.999999999995616,49.99999999999578,49.99999999999596,49.99999999999615,49.999999999996355,49.999999999996575,49.99999999999681,49.99999999999706,49.999999999997335
86040.0,49.99999999999472,49.99999999999472,49.99999999999474,49.99999999999477,49.99999999999481,49.99999999999486,49.999999999994934,49.99999999999501,49.999999999995104,49.99999999999521,49.99999999999533,49.99999999999547,49.999999999995616,49.99999999999578,49.99999999999596,49.99999999999615,49.999999999996355,49.999999999996575,49.99999999999681,49.99999999999706,49.999999999997335
86100.0,49.99999999999472,49.99999999999472,49.99999999999474,49.99999999999477,49.99999999999481,49.99999999999486,49.999999999994934,49.99999999999501,49.999999999995104,49.99999999999521,49.99999999999533,49.99999999999547,49.999999999995616,49.99999999999578,49.99999999999596,49.99999999999615,49.999999999996355,49.999999999996575,49.99999999999681,49.99999999999706,49.999999999997335
86160.0,49.99999999999472,49.99999999999472,49.99999999999474,49.99999999999477,49.99999999999481,49.99999999999486,49.999999999994934,49.99999999999501,49.999999999995104,49.99999999999521,49.99999999999533,49.99999999999547,49.999999999995616,49.99999999999578,49.99999999999596,49.99999999999615,49.999999999996355,49.999999999996575,49.99999999999681,49.99999999999706,49.999999999997335
86220.0,49.99999999999472,49.99999999999472,49.99999999999474,49.99999999999477,49.99999999999481,49.99999999999486,49.999999999994934,49.99999999999501,49.999999999995104,49.99999999999521,49.99999999999533,49.99999999999547,49.999999999995616,49.99999999999578,49.99999999999596,49.99999999999615,49.999999999996355,49.999999999996575,49.99999999999681,49.99999999999706,49.999999999997335
86280.0,49.99999999999472,49.99999999999472,49.99999999999474,49.99999999999477,49.99999999999481,49.99999999999486,49.999999999994934,49.99999999999501,49.999999999995104,49.99999999999521,49.99999999999533,49.99999999999547,49.999999999995616,49.99999999999578,49.99999999999596,49.99999999999615,49.999999999996355,49.999999999996575,49.99999999999681,49.99999999999706,49.999999999997335
86340.0,49.99999999999472,49.99999999999472,49.99999999999474,49.99999999999477,49.99999999999481,49.99999999999486,49.999999999994934,49.99999999999501,49.999999999995104,49.99999999999521,49.99999999999533,49.99999999999547,49.999999999995616,49.99999999999578,49.99999999999596,49.99999999999615,49.999999999996355,49.999999999996575,49.99999999999681,49.99999999999706,49.999999999997335
86400.0,49.99999999999472,49.99999999999472,49.99999999999474,49.99999999999477,49.99999999999481,49.99999999999486,49.999999999994934,49.99999999999501,49.999999999995104,49.99999999999521,49.99999999999533,49.99999999999547,49.999999999995616,49.99999999999578,49.99999999999596,49.99999999999615,49.999999999996355,49.999999999996575,49.99999999999681,49.99999999999706,49.999999999997335
86460.0,49.99999999999472,49.99999999999472,49.99999999999474,49.99999999999477,49.99999999999481,49.99999999999486,49.999999999994934,49.99999999999501,49.999999999995104,49.99999999999521,49.99999999999533,49.99999999999547,49.999999999995616,49.99999999999578,49.99999999999596,49.99999999999615,49.999999999996355,49.999999999996575,49.99999999999681,49.99999999999706,49.999999999997335
86520.0,49.99999999999472,49.99999999999472,49.99999999999474,49.99999999999477,49.99999999999481,49.99999999999486,49.999999999994934,49.99999999999501,49.999999999995104,49.99999999999521,49.99999999999533,49.99999999999547,49.999999999995616,49.99999999999578,49.99999999999596,49.99999999999615,49.999999999996355,49.999999999996575,49.99999999999681,49.99999999999706,49.999999999997335
86580.0,49.99999999999472,49.99999999999472,49.99999999999474,49.99999999999477,49.99999999999481,49.99999999999486,49.999999999994934,49.99999999999501,49.999999999995104,49.99999999999521,49.99999999999533,49.99999999999547,49.999999999995616,49.99999999999578,49.99999999999596,49.99999999999615,49.999999999996355,49.999999999996575,49.99999999999681,49.99999999999706,49.999999999997335
86640.0,49.99999999999472,49.99999999999472,49.99999999999474,49.99999999999477,49.99999999999481,49.99999999999486,49.999999999994934,49.99999999999501,49.999999999995104,49.99999999999521,49.99999999999533,49.99999999999547,49.999999999995616,49.99999999999578,49.99999999999596,49.99999999999615,49.999999999996355,49.999999999996575,49.99999999999681,49.99999999999706,49.999999999997335
86700.0,49.99999999999472,49.99999999999472,49.99999999999474,49.99999999999477,49.99999999999481,49.99999999999486,49.999999999994934,49.99999999999501,49.999999999995104,49.99999999999521,49.99999999999533,49.99999999999547,49.999999999995616,49.99999999999578,49.99999999999596,49.99999999999615,49.999999999996355,49.999999999996575,49.99999999999681,49.99999999999706,49.999999999997335
86760.0,49.99999999999472,49.99999999999472,49.99999999999474,49.99999999999477,49.99999999999481,49.99999999999486,49.999999999994934,49.99999999999501,49.999999999995104,49.99999999999521,49.99999999999533,49.99999999999547,49.999999999995616,49.99999999999578,49.99999999999596,49.99999999999615,49.999999999996355,49.999999999996575,49.99999999999681,49.99999999999706,49.999999999997335
86820.0,49.99999999999472,49.99999999999472,49.99999999999474,49.99999999999477,49.99999999999481,49.99999999999486,49.999999999994934,49.99999999999501,49.999999999995104,49.99999999999521,49.99999999999533,49.99999999999547,49.999999999995616,49.99999999999578,49.99999999999596,49.99999999999615,49.999999999996355,49.999999999996575,49.99999999999681,49.99999999999706,49.999999999997335
86880.0,49.99999999999472,49.99999999999472,49.99999999999474,49.99999999999477,49.99999999999481,49.99999999999486,49.999999999994934,49.99999999999501,49.999999999995104,49.99999999999521,49.99999999999533,49.99999999999547,49.999999999995616,49.99999999999578,49.99999999999596,49.99999999999615,49.999999999996355,49.999999999996575,49.99999999999681,49.99999999999706,49.999999999997335
86940.0,49.99999999999472,49.99999999999472,49.99999999999474,49.99999999999477,49.99999999999481,49.99999999999486,49.999999999994934,49.99999999999501,49.999999999995104,49.99999999999521,49.99999999999533,49.99999999999547,49.999999999995616,49.99999999999578,49.99999999999596,49.99999999999615,49.999999999996355,49.999999999996575,49.99999999999681,49.99999999999706,49.999999999997335
87000.0,49.99999999999472,49.99999999999472,49.99999999999474,49.99999999999477,49.99999999999481,49.99999999999486,49.999999999994934,49.99999999999501,49.999999999995104,49.99999999999521,49.99999999999533,49.99999999999547,49.999999999995616,49.99999999999578,49.99999999999596,49.99999999999615,49.999999999996355,49.999999999996575,49.99999999999681,49.99999999999706,49.999999999997335
87060.0,49.99999999999472,49.99999999999472,49.99999999999474,49.99999999999477,49.99999999999481,49.99999999999486,49.999999999994934,49.99999999999501,49.999999999995104,49.99999999999521,49.99999999999533,49.99999999999547,49.999999999995616,49.99999999999578,49.99999999999596,49.99999999999615,49.999999999996355,49.999999999996575,49.99999999999681,49.99999999999706,49.999999999997335
87120.0,49.99999999999472,49.99999999999472,49.99999999999474,49.99999999999477,49.99999999999481,49.99999999999486,49.999999999994934,49.99999999999501,49.999999999995104,49.99999999999521,49.99999999999533,49.99999999999547,49.999999999995616,49.99999999999578,49.99999999999596,49.99999999999615,49.999999999996355,49.999999999996575,49.99999999999681,49.99999999999706,49.999999999997335
87180.0,49.99999999999472,49.99999999999472,49.99999999999474,49.99999999999477,49.99999999999481,49.99999999999486,49.999999999994934,49.99999999999501,49.999999999995104,49.99999999999521,49.99999999999533,49.99999999999547,49.999999999995616,49.99999999999578,49.99999999999596,49.99999999999615,49.999999999996355,49.999999999996575,49.99999999999681,49.99999999999706,49.999999999997335
87240.0,49.99999999999472,49.99999999999472,49.99999999999474,49.99999999999477,49.99999999999481,49.99999999999486,49.999999999994934,49.99999999999501,49.999999999995104,49.99999999999521,49.99999999999533,49.99999999999547,49.999999999995616,49.99999999999578,49.99999999999596,49.99999999999615,49.999999999996355,49.999999999996575,49.99999999999681,49.99999999999706,49.999999999997335
87300.0,49.99999999999472,49.99999999999472,49.99999999999474,49.99999999999477,49.99999999999481,49.99999999999486,49.999999999994934,49.99999999999501,49.999999999995104,49.99999999999521,49.99999999999533,49.99999999999547,49.999999999995616,49.99999999999578,49.99999999999596,49.99999999999615,49.999999999996355,49.999999999996575,49.99999999999681,49.99999999999706,49.999999999997335
87360.0,49.99999999999472,49.99999999999472,49.99999999999474,49.99999999999477,49.99999999999481,49.99999999999486,49.999999999994934,49.99999999999501,49.999999999995104,49.99999999999521,49.99999999999533,49.99999999999547,49.999999999995616,49.99999999999578,49.99999999999596,49.99999999999615,49.999999999996355,49.999999999996575,49.99999999999681,49.99999999999706,49.999999999997335
87420.0,49.99999999999473,49.99999999999473,49.99999999999475,49.99999999999478,49.99999999999482,49.99999999999487,49.99999999999494,49.99999999999502,49.99999999999511,49.99999999999522,49.99999999999534,49.999999999995474,49.99999999999562,49.99999999999579,49.999999999995964,49.999999999996156,49.99999999999636,49.99999999999658,49.99999999999682,49.999999999997065,49.99999999999734
87480.0,49.99999999999473,49.99999999999473,49.99999999999475,49.99999999999478,49.99999999999482,49.99999999999487,49.99999999999494,49.99999999999502,49.99999999999511,49.99999999999522,49.99999999999534,49.999999999995474,49.99999999999562,49.99999999999579,49.999999999995964,49.999999999996156,49.99999999999636,49.99999999999658,49.99999999999682,49.999999999997065,49.99999999999734
87540.0,49.99999999999473,49.99999999999473,49.99999999999475,49.99999999999478,49.99999999999482,49.99999999999487,49.99999999999494,49.99999999999502,49.99999999999511,49.99999999999522,49.99999999999534,49.999999999995474,49.99999999999562,49.99999999999579,49.999999999995964,49.999999999996156,49.99999999999636,49.99999999999658,49.99999999999682,49.999999999997065,49.99999999999734
87600.0,49.99999999999473,49.99999999999473,49.99999999999475,49.99999999999478,49.99999999999482,49.99999999999487,49.99999999999494,49.99999999999502,49.99999999999511,49.99999999999522,49.99999999999534,49.999999999995474,49.99999999999562,49.99999999999579,49.999999999995964,49.999999999996156,49.99999999999636,49.99999999999658,49.99999999999682,49.999999999997065,49.99999999999734
87660.0,49.99999999999473,49.99999999999473,49.99999999999475,49.99999999999478,49.99999999999482,49.99999999999487,49.99999999999494,49.99999999999502,49.99999999999511,49.99999999999522,49.99999999999534,49.999999999995474,49.99999999999562,49.99999999999579,49.999999999995964,49.999999999996156,49.99999999999636,49.99999999999658,49.99999999999682,49.999999999997065,49.99999999999734
87720.0,49.99999999999473,49.99999999999473,49.99999999999475,49.99999999999478,49.99999999999482,49.99999999999487,49.99999999999494,49.99999999999502,49.99999999999511,49.99999999999522,49.99999999999534,49.999999999995474,49.99999999999562,49.99999999999579,49.999999999995964,49.999999999996156,49.99999999999636,49.99999999999658,49.99999999999682,49.999999999997065,49.99999999999734
87780.0,49.99999999999473,49.99999999999473,49.99999999999475,49.99999999999478,49.99999999999482,49.99999999999487,49.99999999999494,49.99999999999502,49.99999999999511,49.99999999999522,49.99999999999534,49.999999999995474,49.99999999999562,49.99999999999579,49.999999999995964,49.999999999996156,49.99999999999636,49.99999999999658,49.99999999999682,49.999999999997065,49.99999999999734
87840.0,49.99999999999473,49.99999999999473,49.99999999999475,49.99999999999478,49.99999999999482,49.99999999999487,49.99999999999494,49.99999999999502,49.99999999999511,49.99999999999522,49.99999999999534,49.999999999995474,49.99999999999562,49.99999999999579,49.999999999995964,49.999999999996156,49.99999999999636,49.99999999999658,49.99999999999682,49.999999999997065,49.99999999999734
87900.0,49.99999999999473,49.99999999999473,49.99999999999475,49.99999999999478,49.99999999999482,49.99999999999487,49.99999999999494,49.99999999999502,49.99999999999511,49.99999999999522,49.99999999999534,49.999999999995474,49.99999999999562,49.99999999999579,49.999999999995964,49.999999999996156,49.99999999999636,49.99999999999658,49.99999999999682,49.999999999997065,49.99999999999734
87960.0,49.99999999999473,49.99999999999473,49.99999999999475,49.99999999999478,49.99999999999482,49.99999999999487,49.99999999999494,49.99999999999502,49.99999999999511,49.99999999999522,49.99999999999534,49.999999999995474,49.99999999999562,49.99999999999579,49.999999999995964,49.999999999996156,49.99999999999636,49.99999999999658,49.99999999999682,49.999999999997065,49.99999999999734
88020.0,49.99999999999473,49.99999999999473,49.99999999999475,49.99999999999478,49.99999999999482,49.99999999999487,49.99999999999494,49.99999999999502,49.99999999999511,49.99999999999522,49.99999999999534,49.999999999995474,49.99999999999562,49.99999999999579,49.999999999995964,49.999999999996156,49.99999999999636,49.99999999999658,49.99999999999682,49.999999999997065,49.99999999999734
88080.0,49.999999999994735,49.999999999994735,49.999999999994756,49.999999999994785,49.99999999999483,49.99999999999488,49.99999999999495,49.999999999995026,49.99999999999512,49.999999999995225,49.999999999995346,49.99999999999548,49.99999999999563,49.999999999995794,49.99999999999597,49.99999999999616,49.99999999999637,49.99999999999659,49.999999999996824,49.99999999999707,49.99999999999735
88140.0,49.999999999994735,49.999999999994735,49.999999999994756,49.999999999994785,49.99999999999483,49.99999999999488,49.99999999999495,49.999999999995026,49.99999999999512,49.999999999995225,49.999999999995346,49.99999999999548,49.99999999999563,49.999999999995794,49.99999999999597,49.99999999999616,49.99999999999637,49.99999999999659,49.999999999996824,49.99999999999707,49.99999999999735
88200.0,49.999999999994735,49.999999999994735,49.999999999994756,49.999999999994785,49.99999999999483,49.99999999999488,49.99999999999495,49.999999999995026,49.99999999999512,49.999999999995225,49.999999999995346,49.99999999999548,49.99999999999563,49.999999999995794,49.99999999999597,49.99999999999616,49.99999999999637,49.99999999999659,49.999999999996824,49.99999999999707,49.99999999999735
88260.0,49.999999999994735,49.999999999994735,49.999999999994756,49.999999999994785,49.99999999999483,49.99999999999488,49.99999999999495,49.999999999995026,49.99999999999512,49.999999999995225,49.999999999995346,49.99999999999548,49.99999999999563,49.999999999995794,49.99999999999597,49.99999999999616,49.99999999999637,49.99999999999659,49.999999999996824,49.99999999999707,49.99999999999735
88320.0,49.999999999994735,49.999999999994735,49.999999999994756,49.999999999994785,49.99999999999483,49.99999999999488,49.99999999999495,49.999999999995026,49.99999999999512,49.999999999995225,49.999999999995346,49.99999999999548,49.99999999999563,49.999999999995794,49.99999999999597,49.99999999999616,49.99999999999637,49.99999999999659,49.999999999996824,49.99999999999707,49.99999999999735
88380.0,49.999999999994735,49.999999999994735,49.999999999994756,49.999999999994785,49.99999999999483,49.99999999999488,49.99999999999495,49.999999999995026,49.99999999999512,49.999999999995225,49.999999999995346,49.99999999999548,49.99999999999563,49.999999999995794,49.99999999999597,49.99999999999616,49.99999999999637,49.99999999999659,49.999999999996824,49.99999999999707,49.99999999999735
88440.0,49.99999999999474,49.99999999999474,49.99999999999476,49.99999999999479,49.999999999994834,49.999999999994884,49.999999999994955,49.99999999999503,49.999999999995126,49.99999999999523,49.99999999999535,49.99999999999549,49.99999999999564,49.9999999999958,49.99999999999598,49.99999999999617,49.999999999996376,49.9999999999966,49.99999999999683,49.99999999999708,49.99999999999736
88500.0,49.99999999999474,49.99999999999474,49.99999999999476,49.99999999999479,49.999999999994834,49.999999999994884,49.999999999994955,49.99999999999503,49.999999999995126,49.99999999999523,49.99999999999535,49.99999999999549,49.99999999999564,49.9999999999958,49.99999999999598,49.99999999999617,49.999999999996376,49.9999999999966,49.99999999999683,49.99999999999708,49.99999999999736
88560.0,49.99999999999475,49.99999999999475,49.99999999999477,49.9999999999948,49.99999999999484,49.99999999999489,49.99999999999496,49.99999999999504,49.99999999999513,49.99999999999524,49.99999999999536,49.999999999995495,49.999999999995644,49.99999999999581,49.999999999995985,49.99999999999618,49.99999999999638,49.999999999996604,49.99999999999684,49.99999999999709,49.999999999997364
88620.0,49.99999999999475,49.99999999999475,49.99999999999477,49.9999999999948,49.99999999999484,49.99999999999489,49.99999999999496,49.99999999999504,49.99999999999513,49.99999999999524,49.99999999999536,49.999999999995495,49.999999999995644,49.99999999999581,49.999999999995985,49.99999999999618,49.99999999999638,49.999999999996604,49.99999999999684,49.99999999999709,49.999999999997364
88680.0,49.999999999994756,49.999999999994756,49.99999999999478,49.999999999994806,49.99999999999485,49.9999999999949,49.99999999999497,49.99999999999505,49.99999999999514,49.99999999999525,49.99999999999537,49.9999999999955,49.99999999999565,49.999999999995815,49.99999999999599,49.999999999996184,49.99999999999639,49.99999999999661,49.999999999996845,49.999999999997094,49.99999999999737
88740.0,49.999999999994756,49.999999999994756,49.99999999999478,49.999999999994806,49.99999999999485,49.9999999999949,49.99999999999497,49.99999999999505,49.99999999999514,49.99999999999525,49.99999999999537,49.9999999999955,49.99999999999565,49.999999999995815,49.99999999999599,49.999999999996184,49.99999999999639,49.99999999999661,49.999999999996845,49.999999999997094,49.99999999999737
88800.0,49.99999999999476,49.99999999999476,49.999999999994785,49.99999999999481,49.999999999994856,49.999999999994905,49.99999999999498,49.999999999995055,49.99999999999515,49.999999999995254,49.999999999995374,49.99999999999551,49.99999999999566,49.99999999999582,49.999999999996,49.99999999999619,49.9999999999964,49.99999999999662,49.99999999999685,49.999999999997094,49.99999999999737
88860.0,49.99999999999477,49.99999999999477,49.99999999999479,49.99999999999482,49.99999999999486,49.99999999999491,49.999999999994984,49.99999999999506,49.999999999995154,49.99999999999526,49.99999999999538,49.99999999999552,49.999999999995666,49.99999999999583,49.99999999999601,49.9999999999962,49.999999999996405,49.999999999996625,49.99999999999686,49.99999999999711,49.999999999997385
88920.0,49.99999999999477,49.99999999999478,49.99999999999479,49.99999999999483,49.99999999999487,49.99999999999492,49.99999999999499,49.99999999999507,49.99999999999516,49.99999999999527,49.99999999999539,49.999999999995524,49.99999999999567,49.999999999995836,49.999999999996014,49.999999999996206,49.99999999999641,49.99999999999663,49.99999999999687,49.99999999999711,49.99999999999739
88980.0,49.99999999999478,49.99999999999478,49.9999999999948,49.99999999999483,49.99999999999487,49.99999999999492,49.99999999999499,49.99999999999507,49.99999999999516,49.99999999999527,49.99999999999539,49.999999999995524,49.99999999999567,49.999999999995836,49.999999999996014,49.999999999996206,49.99999999999641,49.99999999999663,49.99999999999687,49.999999999997115,49.99999999999739
89040.0,49.999999999994785,49.999999999994785,49.999999999994806,49.999999999994834,49.99999999999488,49.99999999999493,49.999999999995,49.999999999995076,49.99999999999517,49.999999999995275,49.999999999995396,49.99999999999553,49.99999999999568,49.99999999999584,49.99999999999602,49.99999999999621,49.99999999999642,49.99999999999664,49.99999999999687,49.999999999997115,49.99999999999739
89100.0,49.99999999999479,49.99999999999479,49.99999999999481,49.99999999999484,49.999999999994884,49.999999999994934,49.999999999995005,49.99999999999508,49.999999999995175,49.99999999999528,49.9999999999954,49.99999999999554,49.99999999999569,49.99999999999585,49.99999999999603,49.99999999999622,49.99999999999642,49.99999999999664,49.99999999999687,49.999999999997115,49.99999999999739
89160.0,49.99999999999479,49.99999999999479,49.99999999999481,49.99999999999484,49.999999999994884,49.99999999999494,49.99999999999501,49.99999999999509,49.99999999999518,49.99999999999529,49.99999999999541,49.999999999995545,49.999999999995694,49.99999999999586,49.999999999996035,49.99999999999623,49.99999999999642,49.99999999999664,49.99999999999687,49.999999999997115,49.99999999999739
89220.0,49.9999999999948,49.9999999999948,49.99999999999482,49.99999999999485,49.99999999999489,49.99999999999494,49.99999999999501,49.99999999999509,49.99999999999518,49.99999999999529,49.99999999999541,49.999999999995545,49.999999999995694,49.99999999999586,49.999999999996035,49.99999999999623,49.99999999999643,49.99999999999665,49.99999999999689,49.99999999999713,49.99999999999741
89280.0,49.999999999994806,49.999999999994806,49.99999999999483,49.999999999994856,49.9999999999949,49.99999999999495,49.99999999999502,49.9999999999951,49.99999999999519,49.999999999995296,49.99999999999542,49.99999999999555,49.9999999999957,49.999999999995865,49.99999999999604,49.999999999996234,49.99999999999644,49.99999999999666,49.999999999996895,49.99999999999714,49.99999999999741
89340.0,49.99999999999481,49.99999999999481,49.999999999994834,49.99999999999486,49.999999999994905,49.999999999994955,49.999999999995026,49.999999999995104,49.9999999999952,49.9999999999953,49.999999999995424,49.99999999999556,49.99999999999571,49.99999999999587,49.99999999999605,49.99999999999624,49.99999999999645,49.99999999999666,49.999999999996895,49.99999999999714,49.99999999999741
89400.0,49.99999999999481,49.99999999999481,49.999999999994834,49.99999999999486,49.999999999994905,49.999999999994955,49.999999999995026,49.999999999995104,49.9999999999952,49.9999999999953,49.999999999995424,49.99999999999556,49.99999999999571,49.99999999999587,49.99999999999605,49.99999999999624,49.99999999999645,49.99999999999666,49.999999999996895,49.99999999999714,49.99999999999741
89460.0,49.99999999999482,49.99999999999482,49.99999999999484,49.99999999999487,49.99999999999491,49.99999999999496,49.99999999999503,49.99999999999511,49.999999999995204,49.99999999999531,49.99999999999543,49.999999999995566,49.999999999995715,49.99999999999588,49.99999999999606,49.99999999999624,49.99999999999645,49.99999999999666,49.999999999996895,49.99999999999714,49.99999999999741
89520.0,49.99999999999483,49.99999999999483,49.99999999999485,49.99999999999488,49.99999999999492,49.99999999999497,49.99999999999504,49.99999999999512,49.99999999999521,49.99999999999532,49.99999999999544,49.99999999999557,49.99999999999572,49.99999999999588,49.99999999999606,49.99999999999624,49.99999999999645,49.99999999999666,49.999999999996895,49.99999999999714,49.99999999999741
89580.0,49.99999999999483,49.99999999999483,49.99999999999485,49.99999999999488,49.99999999999492,49.99999999999497,49.99999999999504,49.99999999999512,49.99999999999521,49.99999999999532,49.99999999999544,49.99999999999557,49.99999999999572,49.99999999999588,49.99999999999606,49.99999999999624,49.99999999999645,49.99999999999666,49.999999999996895,49.99999999999714,49.99999999999741
89640.0,49.999999999994834,49.999999999994834,49.999999999994856,49.999999999994884,49.99999999999493,49.99999999999498,49.99999999999505,49.999999999995126,49.99999999999522,49.999999999995325,49.999999999995445,49.99999999999557,49.99999999999572,49.99999999999588,49.99999999999606,49.99999999999624,49.99999999999645,49.99999999999666,49.999999999996895,49.99999999999714,49.99999999999741
89700.0,49.999999999994834,49.999999999994834,49.999999999994856,49.999999999994884,49.99999999999493,49.99999999999498,49.99999999999505,49.999999999995126,49.99999999999522,49.999999999995325,49.999999999995445,49.99999999999557,49.99999999999572,49.99999999999588,49.99999999999606,49.99999999999624,49.99999999999645,49.99999999999666,49.999999999996895,49.99999999999714,49.99999999999741
89760.0,49.999999999994834,49.999999999994834,49.999999999994856,49.999999999994884,49.99999999999493,49.99999999999498,49.99999999999505,49.999999999995126,49.99999999999522,49.999999999995325,49.999999999995445,49.99999999999557,49.99999999999572,49.99999999999588,49.99999999999606,49.99999999999624,49.99999999999645,49.99999999999666,49.999999999996895,49.99999999999714,49.99999999999741
89820.0,49.999999999994834,49.999999999994834,49.999999999994856,49.999999999994884,49.99999999999493,49.99999999999498,49.99999999999505,49.999999999995126,49.99999999999522,49.999999999995325,49.999999999995445,49.99999999999557,49.99999999999572,49.99999999999588,49.99999999999606,49.99999999999624,49.99999999999645,49.99999999999666,49.999999999996895,49.99999999999714,49.99999999999741
89880.0,49.999999999994834,49.999999999994834,49.999999999994856,49.999999999994884,49.99999999999493,49.99999999999498,49.99999999999505,49.999999999995126,49.99999999999522,49.999999999995325,49.999999999995445,49.99999999999557,49.99999999999572,49.99999999999588,49.99999999999606,49.99999999999624,49.99999999999645,49.99999999999666,49.999999999996895,49.99999999999714,49.99999999999741
89940.0,49.999999999994834,49.999999999994834,49.999999999994856,49.999999999994884,49.99999999999493,49.99999999999498,49.99999999999505,49.999999999995126,49.99999999999522,49.999999999995325,49.999999999995445,49.99999999999557,49.99999999999572,49.99999999999588,49.99999999999606,49.99999999999624,49.99999999999645,49.99999999999666,49.999999999996895,49.99999999999714,49.99999999999741
90000.0,49.999999999994834,49.999999999994834,49.999999999994856,49.999999999994884,49.99999999999493,49.99999999999498,49.99999999999505,49.999999999995126,49.99999999999522,49.999999999995325,49.999999999995445,49.99999999999557,49.99999999999572,49.99999999999588,49.99999999999606,49.99999999999624,49.99999999999645,49.99999999999666,49.999999999996895,49.99999999999714,49.99999999999741
90060.0,49.999999999994834,49.999999999994834,49.999999999994856,49.999999999994884,49.99999999999493,49.99999999999498,49.99999999999505,49.999999999995126,49.99999999999522,49.999999999995325,49.999999999995445,49.99999999999557,49.99999999999572,49.99999999999588,49.99999999999606,49.99999999999624,49.99999999999645,49.99999999999666,49.999999999996895,49.99999999999714,49.99999999999741
90120.0,49.999999999994834,49.999999999994834,49.999999999994856,49.999999999994884,49.99999999999493,49.99999999999498,49.99999999999505,49.999999999995126,49.99999999999522,49.999999999995325,49.999999999995445,49.99999999999557,49.99999999999572,49.99999999999588,49.99999999999606,49.99999999999624,49.99999999999645,49.99999999999666,49.999999999996895,49.99999999999714,49.99999999999741
90180.0,49.999999999994834,49.999999999994834,49.999999999994856,49.999999999994884,49.99999999999493,49.99999999999498,49.99999999999505,49.999999999995126,49.99999999999522,49.999999999995325,49.999999999995445,49.99999999999557,49.99999999999572,49.99999999999588,49.99999999999606,49.99999999999624,49.99999999999645,49.99999999999666,49.999999999996895,49.99999999999714,49.99999999999741
90240.0,49.999999999994834,49.999999999994834,49.999999999994856,49.999999999994884,49.99999999999493,49.99999999999498,49.99999999999505,49.999999999995126,49.99999999999522,49.999999999995325,49.999999999995445,49.99999999999557,49.99999999999572,49.99999999999588,49.99999999999606,49.99999999999624,49.99999999999645,49.99999999999666,49.999999999996895,49.99999999999714,49.99999999999741
90300.0,49.999999999994834,49.999999999994834,49.999999999994856,49.999999999994884,49.99999999999493,49.99999999999498,49.99999999999505,49.999999999995126,49.99999999999522,49.999999999995325,49.999999999995445,49.99999999999557,49.99999999999572,49.99999999999588,49.99999999999606,49.99999999999624,49.99999999999645,49.99999999999666,49.999999999996895,49.99999999999714,49.99999999999741
90360.0,49.999999999994834,49.999999999994834,49.999999999994856,49.999999999994884,49.99999999999493,49.99999999999498,49.99999999999505,49.999999999995126,49.99999999999522,49.999999999995325,49.999999999995445,49.99999999999557,49.99999999999572,49.99999999999588,49.99999999999606,49.99999999999624,49.99999999999645,49.99999999999666,49.999999999996895,49.99999999999714,49.99999999999741
90420.0,49.999999999994834,49.999999999994834,49.999999999994856,49.999999999994884,49.99999999999493,49.99999999999498,49.99999999999505,49.999999999995126,49.99999999999522,49.999999999995325,49.999999999995445,49.99999999999557,49.99999999999572,49.99999999999588,49.99999999999606,49.99999999999624,49.99999999999645,49.99999999999666,49.999999999996895,49.99999999999714,49.99999999999741
90480.0,49.999999999994834,49.999999999994834,49.999999999994856,49.999999999994884,49.99999999999493,49.99999999999498,49.99999999999505,49.999999999995126,49.99999999999522,49.999999999995325,49.999999999995445,49.99999999999557,49.99999999999572,49.99999999999588,49.99999999999606,49.99999999999624,49.99999999999645,49.99999999999666,49.999999999996895,49.99999999999714,49.99999999999741
90540.0,49.999999999994834,49.999999999994834,49.999999999994856,49.999999999994884,49.99999999999493,49.99999999999498,49.99999999999505,49.999999999995126,49.99999999999522,49.999999999995325,49.999999999995445,49.99999999999557,49.99999999999572,49.99999999999588,49.99999999999606,49.99999999999624,49.99999999999645,49.99999999999666,49.999999999996895,49.99999999999714,49.99999999999741
90600.0,49.999999999994834,49.999999999994834,49.999999999994856,49.999999999994884,49.99999999999493,49.99999999999498,49.99999999999505,49.999999999995126,49.99999999999522,49.999999999995325,49.999999999995445,49.99999999999557,49.99999999999572,49.99999999999588,49.99999999999606,49.99999999999624,49.99999999999645,49.99999999999666,49.999999999996895,49.99999999999714,49.99999999999741
90660.0,49.999999999994834,49.999999999994834,49.999999999994856,49.999999999994884,49.99999999999493,49.99999999999498,49.99999999999505,49.999999999995126,49.99999999999522,49.999999999995325,49.999999999995445,49.99999999999557,49.99999999999572,49.99999999999588,49.99999999999606,49.99999999999624,49.99999999999645,49.99999999999666,49.999999999996895,49.99999999999714,49.99999999999741
90720.0,49.999999999994834,49.999999999994834,49.999999999994856,49.999999999994884,49.99999999999493,49.99999999999498,49.99999999999505,49.999999999995126,49.99999999999522,49.999999999995325,49.999999999995445,49.99999999999557,49.99999999999572,49.99999999999588,49.99999999999606,49.99999999999624,49.99999999999645,49.99999999999666,49.999999999996895,49.99999999999714,49.99999999999741
90780.0,49.999999999994834,49.999999999994834,49.999999999994856,49.999999999994884,49.99999999999493,49.99999999999498,49.99999999999505,49.999999999995126,49.99999999999522,49.999999999995325,49.999999999995445,49.99999999999557,49.99999999999572,49.99999999999588,49.99999999999606,49.99999999999624,49.99999999999645,49.99999999999666,49.999999999996895,49.99999999999714,49.99999999999741
90840.0,49.999999999994834,49.999999999994834,49.999999999994856,49.999999999994884,49.99999999999493,49.99999999999498,49.99999999999505,49.999999999995126,49.99999999999522,49.999999999995325,49.999999999995445,49.99999999999557,49.99999999999572,49.99999999999588,49.99999999999606,49.99999999999624,49.99999999999645,49.99999999999666,49.999999999996895,49.99999999999714,49.99999999999741
90900.0,49.999999999994834,49.999999999994834,49.999999999994856,49.999999999994884,49.99999999999493,49.99999999999498,49.99999999999505,49.999999999995126,49.99999999999522,49.999999999995325,49.999999999995445,49.99999999999557,49.99999999999572,49.99999999999588,49.99999999999606,49.99999999999624,49.99999999999645,49.99999999999666,49.999999999996895,49.99999999999714,49.99999999999741
90960.0,49.999999999994834,49.999999999994834,49.999999999994856,49.999999999994884,49.99999999999493,49.99999999999498,49.99999999999505,49.999999999995126,49.99999999999522,49.999999999995325,49.999999999995445,49.99999999999557,49.99999999999572,49.99999999999588,49.99999999999606,49.99999999999624,49.99999999999645,49.99999999999666,49.999999999996895,49.99999999999714,49.99999999999741
91020.0,49.999999999994834,49.999999999994834,49.999999999994856,49.999999999994884,49.99999999999493,49.99999999999498,49.99999999999505,49.999999999995126,49.99999999999522,49.999999999995325,49.999999999995445,49.99999999999557,49.99999999999572,49.99999999999588,49.99999999999606,49.99999999999624,49.99999999999645,49.99999999999666,49.999999999996895,49.99999999999714,49.99999999999741
91080.0,49.999999999994834,49.999999999994834,49.999999999994856,49.999999999994884,49.99999999999493,49.99999999999498,49.99999999999505,49.999999999995126,49.99999999999522,49.999999999995325,49.999999999995445,49.99999999999557,49.99999999999572,49.99999999999588,49.99999999999606,49.99999999999624,49.99999999999645,49.99999999999666,49.999999999996895,49.99999999999714,49.99999999999741
91140.0,49.999999999994834,49.999999999994834,49.999999999994856,49.999999999994884,49.99999999999493,49.99999999999498,49.99999999999505,49.999999999995126,49.99999999999522,49.999999999995325,49.999999999995445,49.99999999999557,49.99999999999572,49.99999999999588,49.99999999999606,49.99999999999624,49.99999999999645,49.99999999999666,49.999999999996895,49.99999999999714,49.99999999999741
91200.0,49.999999999994834,49.999999999994834,49.999999999994856,49.999999999994884,49.99999999999493,49.99999999999498,49.99999999999505,49.999999999995126,49.99999999999522,49.999999999995325,49.999999999995445,49.99999999999557,49.99999999999572,49.99999999999588,49.99999999999606,49.99999999999624,49.99999999999645,49.99999999999666,49.999999999996895,49.99999999999714,49.99999999999741
91260.0,49.999999999994834,49.999999999994834,49.999999999994856,49.999999999994884,49.99999999999493,49.99999999999498,49.99999999999505,49.999999999995126,49.99999999999522,49.999999999995325,49.999999999995445,49.99999999999557,49.99999999999572,49.99999999999588,49.99999999999606,49.99999999999624,49.99999999999645,49.99999999999666,49.999999999996895,49.99999999999714,49.99999999999741
91320.0,49.999999999994834,49.999999999994834,49.999999999994856,49.999999999994884,49.99999999999493,49.99999999999498,49.99999999999505,49.999999999995126,49.99999999999522,49.999999999995325,49.999999999995445,49.99999999999557,49.99999999999572,49.99999999999588,49.99999999999606,49.99999999999624,49.99999999999645,49.99999999999666,49.999999999996895,49.99999999999714,49.99999999999741
91380.0,49.999999999994834,49.999999999994834,49.999999999994856,49.999999999994884,49.99999999999493,49.99999999999498,49.99999999999505,49.999999999995126,49.99999999999522,49.999999999995325,49.999999999995445,49.99999999999557,49.99999999999572,49.99999999999588,49.99999999999606,49.99999999999624,49.99999999999645,49.99999999999666,49.999999999996895,49.99999999999714,49.99999999999741
91440.0,49.999999999994834,49.999999999994834,49.999999999994856,49.999999999994884,49.99999999999493,49.99999999999498,49.99999999999505,49.999999999995126,49.99999999999522,49.999999999995325,49.999999999995445,49.99999999999557,49.99999999999572,49.99999999999588,49.99999999999606,49.99999999999624,49.99999999999645,49.99999999999666,49.999999999996895,49.99999999999714,49.99999999999741
91500.0,49.999999999994834,49.999999999994834,49.999999999994856,49.999999999994884,49.99999999999493,49.99999999999498,49.99999999999505,49.999999999995126,49.99999999999522,49.999999999995325,49.999999999995445,49.99999999999557,49.99999999999572,49.99999999999588,49.99999999999606,49.99999999999624,49.99999999999645,49.99999999999666,49.999999999996895,49.99999999999714,49.99999999999741
91560.0,49.999999999994834,49.999999999994834,49.999999999994856,49.999999999994884,49.99999999999493,49.99999999999498,49.99999999999505,49.999999999995126,49.99999999999522,49.999999999995325,49.999999999995445,49.99999999999557,49.99999999999572,49.99999999999588,49.99999999999606,49.99999999999624,49.99999999999645,49.99999999999666,49.999999999996895,49.99999999999714,49.99999999999741
91620.0,49.999999999994834,49.999999999994834,49.999999999994856,49.999999999994884,49.99999999999493,49.99999999999498,49.99999999999505,49.999999999995126,49.99999999999522,49.999999999995325,49.999999999995445,49.99999999999557,49.99999999999572,49.99999999999588,49.99999999999606,49.99999999999624,49.99999999999645,49.99999999999666,49.999999999996895,49.99999999999714,49.99999999999741
91680.0,49.999999999994834,49.999999999994834,49.999999999994856,49.999999999994884,49.99999999999493,49.99999999999498,49.99999999999505,49.999999999995126,49.99999999999522,49.999999999995325,49.999999999995445,49.99999999999557,49.99999999999572,49.99999999999588,49.99999999999606,49.99999999999624,49.99999999999645,49.99999999999666,49.999999999996895,49.99999999999714,49.99999999999741
91740.0,49.999999999994834,49.999999999994834,49.999999999994856,49.999999999994884,49.99999999999493,49.99999999999498,49.99999999999505,49.999999999995126,49.99999999999522,49.999999999995325,49.999999999995445,49.99999999999557,49.99999999999572,49.99999999999588,49.99999999999606,49.99999999999624,49.99999999999645,49.99999999999666,49.999999999996895,49.99999999999714,49.99999999999741
91800.0,49.999999999994834,49.999999999994834,49.999999999994856,49.999999999994884,49.99999999999493,49.99999999999498,49.99999999999505,49.999999999995126,49.99999999999522,49.999999999995325,49.999999999995445,49.99999999999557,49.99999999999572,49.99999999999588,49.99999999999606,49.99999999999624,49.99999999999645,49.99999999999666,49.999999999996895,49.99999999999714,49.99999999999741
91860.0,49.999999999994834,49.999999999994834,49.999999999994856,49.999999999994884,49.99999999999493,49.99999999999498,49.99999999999505,49.999999999995126,49.99999999999522,49.999999999995325,49.999999999995445,49.99999999999557,49.99999999999572,49.99999999999588,49.99999999999606,49.99999999999624,49.99999999999645,49.99999999999666,49.999999999996895,49.99999999999714,49.99999999999741
91920.0,49.999999999994834,49.999999999994834,49.999999999994856,49.999999999994884,49.99999999999493,49.99999999999498,49.99999999999505,49.999999999995126,49.99999999999522,49.999999999995325,49.999999999995445,49.99999999999557,49.99999999999572,49.99999999999588,49.99999999999606,49.99999999999624,49.99999999999645,49.99999999999666,49.999999999996895,49.99999999999714,49.99999999999741
91980.0,49.999999999994834,49.999999999994834,49.999999999994856,49.999999999994884,49.99999999999493,49.99999999999498,49.99999999999505,49.999999999995126,49.99999999999522,49.999999999995325,49.999999999995445,49.99999999999557,49.99999999999572,49.99999999999588,49.99999999999606,49.99999999999624,49.99999999999645,49.99999999999666,49.999999999996895,49.99999999999714,49.99999999999741
92040.0,49.999999999994834,49.999999999994834,49.999999999994856,49.999999999994884,49.99999999999493,49.99999999999498,49.99999999999505,49.999999999995126,49.99999999999522,49.999999999995325,49.999999999995445,49.99999999999557,49.99999999999572,49.99999999999588,49.99999999999606,49.99999999999624,49.99999999999645,49.99999999999666,49.999999999996895,49.99999999999714,49.99999999999741
92100.0,49.999999999994834,49.999999999994834,49.999999999994856,49.999999999994884,49.99999999999493,49.99999999999498,49.99999999999505,49.999999999995126,49.99999999999522,49.999999999995325,49.999999999995445,49.99999999999557,49.99999999999572,49.99999999999588,49.99999999999606,49.99999999999624,49.99999999999645,49.99999999999666,49.999999999996895,49.99999999999714,49.99999999999741
92160.0,49.999999999994834,49.999999999994834,49.999999999994856,49.999999999994884,49.99999999999493,49.99999999999498,49.99999999999505,49.999999999995126,49.99999999999522,49.999999999995325,49.999999999995445,49.99999999999557,49.99999999999572,49.99999999999588,49.99999999999606,49.99999999999624,49.99999999999645,49.99999999999666,49.999999999996895,49.99999999999714,49.99999999999741
92220.0,49.999999999994834,49.999999999994834,49.999999999994856,49.999999999994884,49.99999999999493,49.99999999999498,49.99999999999505,49.999999999995126,49.99999999999522,49.999999999995325,49.999999999995445,49.99999999999557,49.99999999999572,49.99999999999588,49.99999999999606,49.99999999999624,49.99999999999645,49.99999999999666,49.999999999996895,49.99999999999714,49.99999999999741
92280.0,49.999999999994834,49.999999999994834,49.999999999994856,49.999999999994884,49.99999999999493,49.99999999999498,49.99999999999505,49.999999999995126,49.99999999999522,49.999999999995325,49.999999999995445,49.99999999999557,49.99999999999572,49.99999999999588,49.99999999999606,49.99999999999624,49.99999999999645,49.99999999999666,49.999999999996895,49.99999999999714,49.99999999999741
92340.0,49.999999999994834,49.999999999994834,49.999999999994856,49.999999999994884,49.99999999999493,49.99999999999498,49.99999999999505,49.999999999995126,49.99999999999522,49.999999999995325,49.999999999995445,49.99999999999557,49.99999999999572,49.99999999999588,49.99999999999606,49.99999999999624,49.99999999999645,49.99999999999666,49.999999999996895,49.99999999999714,49.99999999999741
92400.0,49.999999999994834,49.999999999994834,49.999999999994856,49.999999999994884,49.99999999999493,49.99999999999498,49.99999999999505,49.999999999995126,49.99999999999522,49.999999999995325,49.999999999995445,49.99999999999557,49.99999999999572,49.99999999999588,49.99999999999606,49.99999999999624,49.99999999999645,49.99999999999666,49.999999999996895,49.99999999999714,49.99999999999741
92460.0,49.999999999994834,49.999999999994834,49.999999999994856,49.999999999994884,49.99999999999493,49.99999999999498,49.99999999999505,49.999999999995126,49.99999999999522,49.999999999995325,49.999999999995445,49.99999999999557,49.99999999999572,49.99999999999588,49.99999999999606,49.99999999999624,49.99999999999645,49.99999999999666,49.999999999996895,49.99999999999714,49.99999999999741
92520.0,49.999999999994834,49.999999999994834,49.999999999994856,49.999999999994884,49.99999999999493,49.99999999999498,49.99999999999505,49.999999999995126,49.99999999999522,49.999999999995325,49.999999999995445,49.99999999999557,49.99999999999572,49.99999999999588,49.99999999999606,49.99999999999624,49.99999999999645,49.99999999999666,49.999999999996895,49.99999999999714,49.99999999999741
92580.0,49.999999999994834,49.999999999994834,49.999999999994856,49.999999999994884,49.99999999999493,49.99999999999498,49.99999999999505,49.999999999995126,49.99999999999522,49.999999999995325,49.999999999995445,49.99999999999557,49.99999999999572,49.99999999999588,49.99999999999606,49.99999999999624,49.99999999999645,49.99999999999666,49.999999999996895,49.99999999999714,49.99999999999741
92640.0,49.999999999994834,49.999999999994834,49.999999999994856,49.999999999994884,49.99999999999493,49.99999999999498,49.99999999999505,49.999999999995126,49.99999999999522,49.999999999995325,49.999999999995445,49.99999999999557,49.99999999999572,49.99999999999588,49.99999999999606,49.99999999999624,49.99999999999645,49.99999999999666,49.999999999996895,49.99999999999714,49.99999999999741
92700.0,49.999999999994834,49.999999999994834,49.999999999994856,49.999999999994884,49.99999999999493,49.99999999999498,49.99999999999505,49.999999999995126,49.99999999999522,49.999999999995325,49.999999999995445,49.99999999999557,49.99999999999572,49.99999999999588,49.99999999999606,49.99999999999624,49.99999999999645,49.99999999999666,49.999999999996895,49.99999999999714,49.99999999999741
92760.0,49.999999999994834,49.999999999994834,49.999999999994856,49.999999999994884,49.99999999999493,49.99999999999498,49.99999999999505,49.999999999995126,49.99999999999522,49.999999999995325,49.999999999995445,49.99999999999557,49.99999999999572,49.99999999999588,49.99999999999606,49.99999999999624,49.99999999999645,49.99999999999666,49.999999999996895,49.99999999999714,49.99999999999741
92820.0,49.999999999994834,49.999999999994834,49.999999999994856,49.999999999994884,49.99999999999493,49.99999999999498,49.99999999999505,49.999999999995126,49.99999999999522,49.999999999995325,49.999999999995445,49.99999999999557,49.99999999999572,49.99999999999588,49.99999999999606,49.99999999999624,49.99999999999645,49.99999999999666,49.999999999996895,49.99999999999714,49.99999999999741
92880.0,49.999999999994834,49.999999999994834,49.999999999994856,49.999999999994884,49.99999999999493,49.99999999999498,49.99999999999505,49.999999999995126,49.99999999999522,49.999999999995325,49.999999999995445,49.99999999999557,49.99999999999572,49.99999999999588,49.99999999999606,49.99999999999624,49.99999999999645,49.99999999999666,49.999999999996895,49.99999999999714,49.99999999999741
92940.0,49.999999999994834,49.999999999994834,49.999999999994856,49.999999999994884,49.99999999999493,49.99999999999498,49.99999999999505,49.999999999995126,49.99999999999522,49.999999999995325,49.999999999995445,49.99999999999557,49.99999999999572,49.99999999999588,49.99999999999606,49.99999999999624,49.99999999999645,49.99999999999666,49.999999999996895,49.99999999999714,49.99999999999741
93000.0,49.999999999994834,49.999999999994834,49.999999999994856,49.999999999994884,49.99999999999493,49.99999999999498,49.99999999999505,49.999999999995126,49.99999999999522,49.999999999995325,49.999999999995445,49.99999999999557,49.99999999999572,49.99999999999588,49.99999999999606,49.99999999999624,49.99999999999645,49.99999999999666,49.999999999996895,49.99999999999714,49.999999999997414
93060.0,49.999999999994834,49.999999999994834,49.999999999994856,49.999999999994884,49.99999999999493,49.99999999999498,49.99999999999505,49.999999999995126,49.99999999999522,49.999999999995325,49.999999999995445,49.99999999999557,49.99999999999572,49.99999999999588,49.99999999999606,49.99999999999624,49.99999999999645,49.99999999999666,49.999999999996895,49.99999999999714,49.999999999997414
93120.0,49.999999999994834,49.999999999994834,49.999999999994856,49.999999999994884,49.99999999999493,49.99999999999498,49.99999999999505,49.999999999995126,49.99999999999522,49.999999999995325,49.999999999995445,49.99999999999557,49.99999999999572,49.99999999999588,49.99999999999606,49.99999999999624,49.99999999999645,49.99999999999666,49.999999999996895,49.99999999999714,49.999999999997414
93180.0,49.999999999994834,49.999999999994834,49.999999999994856,49.999999999994884,49.99999999999493,49.99999999999498,49.99999999999505,49.999999999995126,49.99999999999522,49.999999999995325,49.999999999995445,49.99999999999557,49.99999999999572,49.99999999999588,49.99999999999606,49.99999999999624,49.99999999999645,49.99999999999666,49.999999999996895,49.99999999999714,49.999999999997414
93240.0,49.999999999994834,49.999999999994834,49.999999999994856,49.999999999994884,49.99999999999493,49.99999999999498,49.99999999999505,49.999999999995126,49.99999999999522,49.999999999995325,49.999999999995445,49.99999999999557,49.99999999999572,49.99999999999588,49.99999999999606,49.99999999999624,49.99999999999645,49.99999999999666,49.999999999996895,49.99999999999714,49.999999999997414
93300.0,49.999999999994834,49.999999999994834,49.999999999994856,49.999999999994884,49.99999999999493,49.99999999999498,49.99999999999505,49.999999999995126,49.99999999999522,49.999999999995325,49.999999999995445,49.99999999999557,49.99999999999572,49.99999999999588,49.99999999999606,49.99999999999624,49.99999999999645,49.99999999999666,49.999999999996895,49.99999999999714,49.999999999997414
93360.0,49.999999999994834,49.999999999994834,49.999999999994856,49.999999999994884,49.99999999999493,49.99999999999498,49.99999999999505,49.999999999995126,49.99999999999522,49.999999999995325,49.999999999995445,49.99999999999557,49.99999999999572,49.99999999999588,49.99999999999606,49.99999999999624,49.99999999999645,49.99999999999666,49.999999999996895,49.99999999999714,49.999999999997414
93420.0,49.999999999994834,49.999999999994834,49.999999999994856,49.999999999994884,49.99999999999493,49.99999999999498,49.99999999999505,49.999999999995126,49.99999999999522,49.999999999995325,49.999999999995445,49.99999999999557,49.99999999999572,49.99999999999588,49.99999999999606,49.99999999999624,49.99999999999645,49.99999999999666,49.999999999996895,49.99999999999714,49.999999999997414
93480.0,49.999999999994834,49.999999999994834,49.999999999994856,49.999999999994884,49.99999999999493,49.99999999999498,49.99999999999505,49.999999999995126,49.99999999999522,49.999999999995325,49.999999999995445,49.99999999999557,49.99999999999572,49.99999999999588,49.99999999999606,49.99999999999624,49.99999999999645,49.99999999999666,49.999999999996895,49.99999999999714,49.999999999997414
93540.0,49.999999999994834,49.999999999994834,49.999999999994856,49.999999999994884,49.99999999999493,49.99999999999498,49.99999999999505,49.999999999995126,49.99999999999522,49.999999999995325,49.999999999995445,49.99999999999557,49.99999999999572,49.99999999999588,49.99999999999606,49.99999999999624,49.99999999999645,49.99999999999666,49.999999999996895,49.99999999999714,49.999999999997414
93600.0,49.999999999994834,49.999999999994834,49.999999999994856,49.999999999994884,49.99999999999493,49.99999999999498,49.99999999999505,49.999999999995126,49.99999999999522,49.999999999995325,49.999999999995445,49.99999999999557,49.99999999999572,49.99999999999588,49.99999999999606,49.99999999999624,49.99999999999645,49.99999999999666,49.999999999996895,49.99999999999714,49.999999999997414
93660.0,49.999999999994834,49.999999999994834,49.999999999994856,49.999999999994884,49.99999999999493,49.99999999999498,49.99999999999505,49.999999999995126,49.99999999999522,49.999999999995325,49.999999999995445,49.99999999999557,49.99999999999572,49.99999999999588,49.99999999999606,49.99999999999624,49.99999999999645,49.99999999999666,49.999999999996895,49.99999999999714,49.999999999997414
93720.0,49.999999999994834,49.999999999994834,49.999999999994856,49.999999999994884,49.99999999999493,49.99999999999498,49.99999999999505,49.999999999995126,49.99999999999522,49.999999999995325,49.999999999995445,49.99999999999557,49.99999999999572,49.99999999999588,49.99999999999606,49.99999999999624,49.99999999999645,49.99999999999666,49.999999999996895,49.99999999999714,49.999999999997414
93780.0,49.999999999994834,49.999999999994834,49.999999999994856,49.999999999994884,49.99999999999493,49.99999999999498,49.99999999999505,49.999999999995126,49.99999999999522,49.999999999995325,49.999999999995445,49.99999999999557,49.99999999999572,49.99999999999588,49.99999999999606,49.99999999999624,49.99999999999645,49.99999999999666,49.999999999996895,49.99999999999714,49.999999999997414
93840.0,49.999999999994834,49.999999999994834,49.999999999994856,49.999999999994884,49.99999999999493,49.99999999999498,49.99999999999505,49.999999999995126,49.99999999999522,49.999999999995325,49.999999999995445,49.99999999999557,49.99999999999572,49.99999999999588,49.99999999999606,49.99999999999624,49.99999999999645,49.99999999999666,49.999999999996895,49.99999999999714,49.999999999997414
93900.0,49.999999999994834,49.999999999994834,49.999999999994856,49.999999999994884,49.99999999999493,49.99999999999498,49.99999999999505,49.999999999995126,49.99999999999522,49.999999999995325,49.999999999995445,49.99999999999557,49.99999999999572,49.99999999999588,49.99999999999606,49.99999999999624,49.99999999999645,49.99999999999666,49.999999999996895,49.99999999999714,49.999999999997414
93960.0,49.999999999994834,49.999999999994834,49.999999999994856,49.999999999994884,49.99999999999493,49.99999999999498,49.99999999999505,49.999999999995126,49.99999999999522,49.999999999995325,49.999999999995445,49.99999999999557,49.99999999999572,49.99999999999588,49.99999999999606,49.99999999999624,49.99999999999645,49.99999999999666,49.999999999996895,49.99999999999714,49.999999999997414
94020.0,49.999999999994834,49.999999999994834,49.999999999994856,49.999999999994884,49.99999999999493,49.99999999999498,49.99999999999505,49.999999999995126,49.99999999999522,49.999999999995325,49.999999999995445,49.99999999999557,49.99999999999572,49.99999999999588,49.99999999999606,49.99999999999624,49.99999999999645,49.99999999999666,49.999999999996895,49.99999999999714,49.999999999997414
94080.0,49.999999999994834,49.999999999994834,49.999999999994856,49.999999999994884,49.99999999999493,49.99999999999498,49.99999999999505,49.999999999995126,49.99999999999522,49.999999999995325,49.999999999995445,49.99999999999557,49.99999999999572,49.99999999999588,49.99999999999606,49.99999999999624,49.99999999999645,49.99999999999666,49.999999999996895,49.99999999999714,49.999999999997414
94140.0,49.999999999994834,49.999999999994834,49.999999999994856,49.999999999994884,49.99999999999493,49.99999999999498,49.99999999999505,49.999999999995126,49.99999999999522,49.999999999995325,49.999999999995445,49.99999999999557,49.99999999999572,49.99999999999588,49.99999999999606,49.99999999999624,49.99999999999645,49.99999999999666,49.999999999996895,49.99999999999714,49.999999999997414
94200.0,49.999999999994834,49.999999999994834,49.999999999994856,49.999999999994884,49.99999999999493,49.99999999999498,49.99999999999505,49.999999999995126,49.99999999999522,49.999999999995325,49.999999999995445,49.99999999999557,49.99999999999572,49.99999999999588,49.99999999999606,49.99999999999624,49.99999999999645,49.99999999999666,49.999999999996895,49.99999999999714,49.999999999997414
94260.0,49.999999999994834,49.999999999994834,49.999999999994856,49.999999999994884,49.99999999999493,49.99999999999498,49.99999999999505,49.999999999995126,49.99999999999522,49.999999999995325,49.999999999995445,49.99999999999557,49.99999999999572,49.99999999999588,49.99999999999606,49.99999999999624,49.99999999999645,49.99999999999666,49.999999999996895,49.99999999999714,49.999999999997414
94320.0,49.999999999994834,49.999999999994834,49.999999999994856,49.999999999994884,49.99999999999493,49.99999999999498,49.99999999999505,49.999999999995126,49.99999999999522,49.999999999995325,49.999999999995445,49.99999999999557,49.99999999999572,49.99999999999588,49.99999999999606,49.99999999999624,49.99999999999645,49.99999999999666,49.999999999996895,49.99999999999714,49.999999999997414
94380.0,49.999999999994834,49.999999999994834,49.999999999994856,49.999999999994884,49.99999999999493,49.99999999999498,49.99999999999505,49.999999999995126,49.99999999999522,49.999999999995325,49.999999999995445,49.99999999999557,49.99999999999572,49.99999999999588,49.99999999999606,49.99999999999624,49.99999999999645,49.99999999999666,49.999999999996895,49.99999999999714,49.999999999997414
94440.0,49.999999999994834,49.999999999994834,49.999999999994856,49.999999999994884,49.99999999999493,49.99999999999498,49.99999999999505,49.999999999995126,49.99999999999522,49.999999999995325,49.999999999995445,49.99999999999557,49.99999999999572,49.99999999999588,49.99999999999606,49.99999999999624,49.99999999999645,49.99999999999666,49.999999999996895,49.99999999999714,49.999999999997414
94500.0,49.999999999994834,49.999999999994834,49.999999999994856,49.999999999994884,49.99999999999493,49.99999999999498,49.99999999999505,49.999999999995126,49.99999999999522,49.999999999995325,49.999999999995445,49.99999999999557,49.99999999999572,49.99999999999588,49.99999999999606,49.99999999999624,49.99999999999645,49.99999999999666,49.999999999996895,49.99999999999714,49.999999999997414
94560.0,49.999999999994834,49.999999999994834,49.999999999994856,49.999999999994884,49.99999999999493,49.99999999999498,49.99999999999505,49.999999999995126,49.99999999999522,49.999999999995325,49.999999999995445,49.99999999999557,49.99999999999572,49.99999999999588,49.99999999999606,49.99999999999624,49.99999999999645,49.99999999999666,49.999999999996895,49.99999999999714,49.999999999997414
94620.0,49.999999999994834,49.999999999994834,49.999999999994856,49.999999999994884,49.99999999999493,49.99999999999498,49.99999999999505,49.999999999995126,49.99999999999522,49.999999999995325,49.999999999995445,49.99999999999557,49.99999999999572,49.99999999999588,49.99999999999606,49.99999999999624,49.99999999999645,49.99999999999666,49.999999999996895,49.99999999999714,49.999999999997414
94680.0,49.999999999994834,49.999999999994834,49.999999999994856,49.999999999994884,49.99999999999493,49.99999999999498,49.99999999999505,49.999999999995126,49.99999999999522,49.999999999995325,49.999999999995445,49.99999999999557,49.99999999999572,49.99999999999588,49.99999999999606,49.99999999999624,49.99999999999645,49.99999999999666,49.999999999996895,49.99999999999714,49.999999999997414
94740.0,49.999999999994834,49.999999999994834,49.999999999994856,49.999999999994884,49.99999999999493,49.99999999999498,49.99999999999505,49.999999999995126,49.99999999999522,49.999999999995325,49.999999999995445,49.99999999999557,49.99999999999572,49.99999999999588,49.99999999999606,49.99999999999624,49.99999999999645,49.99999999999666,49.999999999996895,49.99999999999714,49.999999999997414
94800.0,49.999999999994834,49.999999999994834,49.999999999994856,49.999999999994884,49.99999999999493,49.99999999999498,49.99999999999505,49.999999999995126,49.99999999999522,49.999999999995325,49.999999999995445,49.99999999999557,49.99999999999572,49.99999999999588,49.99999999999606,49.99999999999624,49.99999999999645,49.99999999999666,49.999999999996895,49.99999999999714,49.999999999997414
94860.0,49.999999999994834,49.999999999994834,49.999999999994856,49.999999999994884,49.99999999999493,49.99999999999498,49.99999999999505,49.999999999995126,49.99999999999522,49.999999999995325,49.999999999995445,49.99999999999557,49.99999999999572,49.99999999999588,49.99999999999606,49.99999999999624,49.99999999999645,49.99999999999666,49.999999999996895,49.99999999999714,49.999999999997414
94920.0,49.999999999994834,49.999999999994834,49.999999999994856,49.999999999994884,49.99999999999493,49.99999999999498,49.99999999999505,49.999999999995126,49.99999999999522,49.999999999995325,49.999999999995445,49.99999999999557,49.99999999999572,49.99999999999588,49.99999999999606,49.99999999999624,49.99999999999645,49.99999999999666,49.999999999996895,49.99999999999714,49.999999999997414
94980.0,49.999999999994834,49.99999999999484,49.999999999994856,49.99999999999489,49.999999999994934,49.999999999994984,49.999999999995055,49.99999999999513,49.999999999995225,49.99999999999533,49.99999999999545,49.99999999999558,49.99999999999573,49.999999999995886,49.999999999996064,49.99999999999625,49.999999999996454,49.99999999999667,49.9999999999969,49.999999999997144,49.99999999999742
95040.0,49.99999999999484,49.99999999999484,49.99999999999486,49.99999999999489,49.999999999994934,49.999999999994984,49.999999999995055,49.99999999999513,49.999999999995225,49.99999999999533,49.99999999999545,49.99999999999558,49.99999999999573,49.999999999995886,49.999999999996064,49.99999999999625,49.999999999996454,49.99999999999667,49.9999999999969,49.999999999997144,49.99999999999742
95100.0,49.99999999999484,49.99999999999484,49.99999999999486,49.99999999999489,49.999999999994934,49.999999999994984,49.999999999995055,49.99999999999513,49.999999999995225,49.99999999999533,49.99999999999545,49.99999999999558,49.99999999999573,49.999999999995886,49.999999999996064,49.99999999999625,49.999999999996454,49.99999999999667,49.9999999999969,49.999999999997144,49.99999999999742
95160.0,49.99999999999484,49.99999999999484,49.99999999999486,49.99999999999489,49.999999999994934,49.999999999994984,49.999999999995055,49.99999999999513,49.999999999995225,49.99999999999533,49.99999999999545,49.99999999999558,49.99999999999573,49.999999999995886,49.999999999996064,49.99999999999625,49.999999999996454,49.99999999999667,49.9999999999969,49.999999999997144,49.99999999999742
95220.0,49.99999999999484,49.99999999999484,49.99999999999486,49.99999999999489,49.999999999994934,49.999999999994984,49.999999999995055,49.99999999999513,49.999999999995225,49.99999999999533,49.99999999999545,49.99999999999558,49.99999999999573,49.999999999995886,49.999999999996064,49.99999999999625,49.999999999996454,49.99999999999667,49.9999999999969,49.999999999997144,49.99999999999742
95280.0,49.99999999999484,49.99999999999484,49.99999999999486,49.99999999999489,49.999999999994934,49.999999999994984,49.999999999995055,49.99999999999513,49.999999999995225,49.99999999999533,49.99999999999545,49.99999999999558,49.99999999999573,49.999999999995886,49.999999999996064,49.99999999999625,49.999999999996454,49.99999999999667,49.9999999999969,49.999999999997144,49.99999999999742
95340.0,49.99999999999484,49.99999999999484,49.99999999999486,49.99999999999489,49.999999999994934,49.999999999994984,49.999999999995055,49.99999999999513,49.999999999995225,49.99999999999533,49.99999999999545,49.99999999999558,49.99999999999573,49.999999999995886,49.999999999996064,49.99999999999625,49.999999999996454,49.99999999999667,49.9999999999969,49.999999999997144,49.99999999999742
95400.0,49.99999999999484,49.99999999999484,49.99999999999486,49.99999999999489,49.999999999994934,49.999999999994984,49.999999999995055,49.99999999999513,49.999999999995225,49.99999999999533,49.99999999999545,49.99999999999558,49.99999999999573,49.999999999995886,49.999999999996064,49.99999999999625,49.999999999996454,49.99999999999667,49.9999999999969,49.999999999997144,49.99999999999742
95460.0,49.99999999999484,49.99999999999484,49.99999999999486,49.99999999999489,49.999999999994934,49.999999999994984,49.999999999995055,49.99999999999513,49.999999999995225,49.99999999999533,49.99999999999545,49.99999999999558,49.99999999999573,49.999999999995886,49.999999999996064,49.99999999999625,49.999999999996454,49.99999999999667,49.9999999999969,49.999999999997144,49.99999999999742
95520.0,49.99999999999484,49.99999999999484,49.99999999999486,49.99999999999489,49.999999999994934,49.999999999994984,49.999999999995055,49.99999999999513,49.999999999995225,49.99999999999533,49.99999999999545,49.99999999999558,49.99999999999573,49.999999999995886,49.999999999996064,49.99999999999625,49.999999999996454,49.99999999999667,49.9999999999969,49.999999999997144,49.99999999999742
95580.0,49.99999999999484,49.99999999999484,49.99999999999486,49.99999999999489,49.999999999994934,49.999999999994984,49.999999999995055,49.99999999999513,49.999999999995225,49.99999999999533,49.99999999999545,49.99999999999558,49.99999999999573,49.999999999995886,49.999999999996064,49.99999999999625,49.999999999996454,49.99999999999667,49.9999999999969,49.999999999997144,49.99999999999742
95640.0,49.99999999999484,49.99999999999484,49.99999999999486,49.99999999999489,49.999999999994934,49.999999999994984,49.999999999995055,49.99999999999513,49.999999999995225,49.99999999999533,49.99999999999545,49.99999999999558,49.99999999999573,49.999999999995886,49.999999999996064,49.99999999999625,49.999999999996454,49.99999999999667,49.9999999999969,49.999999999997144,49.99999999999742
95700.0,49.99999999999484,49.99999999999484,49.99999999999486,49.99999999999489,49.999999999994934,49.999999999994984,49.999999999995055,49.99999999999513,49.999999999995225,49.99999999999533,49.99999999999545,49.99999999999558,49.99999999999573,49.999999999995886,49.999999999996064,49.99999999999625,49.999999999996454,49.99999999999667,49.9999999999969,49.999999999997144,49.99999999999742
95760.0,49.99999999999484,49.99999999999484,49.99999999999486,49.99999999999489,49.999999999994934,49.999999999994984,49.999999999995055,49.99999999999513,49.999999999995225,49.99999999999533,49.99999999999545,49.99999999999558,49.99999999999573,49.999999999995886,49.999999999996064,49.99999999999625,49.999999999996454,49.99999999999667,49.9999999999969,49.999999999997144,49.99999999999742
95820.0,49.99999999999484,49.99999999999484,49.99999999999486,49.99999999999489,49.999999999994934,49.999999999994984,49.999999999995055,49.99999999999513,49.999999999995225,49.99999999999533,49.99999999999545,49.99999999999558,49.99999999999573,49.999999999995886,49.999999999996064,49.99999999999625,49.999999999996454,49.99999999999667,49.9999999999969,49.999999999997144,49.99999999999742
95880.0,49.99999999999484,49.99999999999484,49.99999999999486,49.99999999999489,49.999999999994934,49.999999999994984,49.999999999995055,49.99999999999513,49.999999999995225,49.99999999999533,49.99999999999545,49.99999999999558,49.99999999999573,49.999999999995886,49.999999999996064,49.99999999999625,49.999999999996454,49.99999999999667,49.9999999999969,49.999999999997144,49.99999999999742
95940.0,49.99999999999484,49.99999999999484,49.99999999999486,49.99999999999489,49.999999999994934,49.999999999994984,49.999999999995055,49.99999999999513,49.999999999995225,49.99999999999533,49.99999999999545,49.99999999999558,49.99999999999573,49.999999999995886,49.999999999996064,49.99999999999625,49.999999999996454,49.99999999999667,49.9999999999969,49.999999999997144,49.99999999999742
96000.0,49.99999999999485,49.99999999999485,49.99999999999487,49.9999999999949,49.99999999999494,49.99999999999499,49.99999999999506,49.99999999999514,49.99999999999523,49.99999999999534,49.99999999999546,49.99999999999559,49.99999999999574,49.99999999999589,49.99999999999607,49.999999999996255,49.99999999999646,49.999999999996675,49.99999999999691,49.99999999999715,49.99999999999742
96060.0,49.99999999999485,49.99999999999485,49.99999999999487,49.9999999999949,49.99999999999494,49.99999999999499,49.99999999999506,49.99999999999514,49.99999999999523,49.99999999999534,49.99999999999546,49.99999999999559,49.99999999999574,49.99999999999589,49.99999999999607,49.999999999996255,49.99999999999646,49.999999999996675,49.99999999999691,49.99999999999715,49.99999999999742
96120.0,49.999999999994856,49.999999999994856,49.99999999999488,49.999999999994905,49.99999999999495,49.999999999995,49.99999999999507,49.99999999999515,49.99999999999524,49.999999999995346,49.99999999999547,49.999999999995595,49.999999999995744,49.9999999999959,49.99999999999608,49.99999999999626,49.99999999999647,49.99999999999668,49.99999999999691,49.99999999999715,49.99999999999742
96180.0,49.99999999999486,49.99999999999486,49.999999999994884,49.99999999999491,49.999999999994955,49.999999999995005,49.999999999995076,49.999999999995154,49.99999999999525,49.999999999995346,49.99999999999547,49.999999999995595,49.999999999995744,49.9999999999959,49.99999999999608,49.99999999999626,49.99999999999647,49.99999999999668,49.99999999999691,49.99999999999715,49.99999999999742
96240.0,49.99999999999486,49.99999999999486,49.999999999994884,49.99999999999491,49.999999999994955,49.999999999995005,49.999999999995076,49.999999999995154,49.99999999999525,49.999999999995346,49.99999999999547,49.999999999995595,49.999999999995744,49.9999999999959,49.99999999999608,49.99999999999626,49.99999999999647,49.99999999999668,49.99999999999691,49.99999999999715,49.99999999999742
96300.0,49.99999999999486,49.99999999999486,49.999999999994884,49.99999999999491,49.999999999994955,49.999999999995005,49.999999999995076,49.999999999995154,49.99999999999525,49.999999999995346,49.99999999999547,49.999999999995595,49.999999999995744,49.9999999999959,49.99999999999608,49.99999999999626,49.99999999999647,49.99999999999668,49.99999999999691,49.99999999999715,49.99999999999742
96360.0,49.99999999999486,49.99999999999486,49.999999999994884,49.99999999999491,49.999999999994955,49.999999999995005,49.999999999995076,49.999999999995154,49.99999999999525,49.999999999995346,49.99999999999547,49.999999999995595,49.999999999995744,49.9999999999959,49.99999999999608,49.99999999999626,49.99999999999647,49.99999999999668,49.99999999999691,49.99999999999715,49.99999999999742
96420.0,49.99999999999486,49.99999999999486,49.999999999994884,49.99999999999491,49.999999999994955,49.999999999995005,49.999999999995076,49.999999999995154,49.99999999999525,49.999999999995346,49.99999999999547,49.999999999995595,49.999999999995744,49.9999999999959,49.99999999999608,49.99999999999626,49.99999999999647,49.99999999999668,49.99999999999691,49.99999999999715,49.99999999999742
96480.0,49.99999999999486,49.99999999999486,49.999999999994884,49.99999999999491,49.999999999994955,49.999999999995005,49.999999999995076,49.999999999995154,49.99999999999525,49.999999999995346,49.99999999999547,49.999999999995595,49.999999999995744,49.9999999999959,49.99999999999608,49.99999999999626,49.99999999999647,49.99999999999668,49.99999999999691,49.99999999999715,49.99999999999742
96540.0,49.99999999999486,49.99999999999486,49.999999999994884,49.99999999999491,49.999999999994955,49.999999999995005,49.999999999995076,49.999999999995154,49.99999999999525,49.999999999995346,49.99999999999547,49.999999999995595,49.999999999995744,49.9999999999959,49.99999999999608,49.99999999999626,49.99999999999647,49.99999999999668,49.99999999999691,49.99999999999715,49.99999999999742
96600.0,49.99999999999486,49.99999999999486,49.999999999994884,49.99999999999491,49.999999999994955,49.999999999995005,49.999999999995076,49.999999999995154,49.99999999999525,49.999999999995346,49.99999999999547,49.999999999995595,49.999999999995744,49.9999999999959,49.99999999999608,49.99999999999626,49.99999999999647,49.99999999999668,49.99999999999691,49.99999999999715,49.99999999999742
96660.0,49.99999999999486,49.99999999999486,49.999999999994884,49.99999999999491,49.999999999994955,49.999999999995005,49.999999999995076,49.999999999995154,49.99999999999525,49.999999999995346,49.99999999999547,49.999999999995595,49.999999999995744,49.9999999999959,49.99999999999608,49.99999999999626,49.99999999999647,49.99999999999668,49.99999999999691,49.99999999999715,49.99999999999742
96720.0,49.99999999999486,49.99999999999486,49.999999999994884,49.99999999999491,49.999999999994955,49.999999999995005,49.999999999995076,49.999999999995154,49.99999999999525,49.999999999995346,49.99999999999547,49.999999999995595,49.999999999995744,49.9999999999959,49.99999999999608,49.99999999999626,49.99999999999647,49.99999999999668,49.99999999999691,49.99999999999715,49.99999999999742
96780.0,49.99999999999486,49.99999999999486,49.999999999994884,49.99999999999491,49.999999999994955,49.999999999995005,49.999999999995076,49.999999999995154,49.99999999999525,49.999999999995346,49.99999999999547,49.999999999995595,49.999999999995744,49.9999999999959,49.99999999999608,49.99999999999626,49.99999999999647,49.99999999999668,49.99999999999691,49.99999999999715,49.99999999999742
96840.0,49.99999999999486,49.99999999999486,49.999999999994884,49.99999999999491,49.999999999994955,49.999999999995005,49.999999999995076,49.999999999995154,49.99999999999525,49.999999999995346,49.99999999999547,49.999999999995595,49.999999999995744,49.9999999999959,49.99999999999608,49.99999999999626,49.99999999999647,49.99999999999668,49.99999999999691,49.99999999999715,49.99999999999742
96900.0,49.99999999999486,49.99999999999486,49.999999999994884,49.99999999999491,49.999999999994955,49.999999999995005,49.999999999995076,49.999999999995154,49.99999999999525,49.999999999995346,49.99999999999547,49.999999999995595,49.999999999995744,49.9999999999959,49.99999999999608,49.99999999999626,49.99999999999647,49.99999999999668,49.99999999999691,49.99999999999715,49.99999999999742
96960.0,49.99999999999486,49.99999999999486,49.999999999994884,49.99999999999491,49.999999999994955,49.999999999995005,49.999999999995076,49.999999999995154,49.99999999999525,49.999999999995346,49.99999999999547,49.999999999995595,49.999999999995744,49.9999999999959,49.99999999999608,49.99999999999626,49.99999999999647,49.99999999999668,49.99999999999691,49.99999999999715,49.99999999999742
97020.0,49.99999999999486,49.99999999999486,49.999999999994884,49.99999999999491,49.999999999994955,49.999999999995005,49.999999999995076,49.999999999995154,49.99999999999525,49.999999999995346,49.99999999999547,49.999999999995595,49.999999999995744,49.9999999999959,49.99999999999608,49.99999999999626,49.99999999999647,49.99999999999668,49.99999999999691,49.99999999999715,49.99999999999742
97080.0,49.99999999999486,49.99999999999486,49.999999999994884,49.99999999999491,49.999999999994955,49.999999999995005,49.999999999995076,49.999999999995154,49.99999999999525,49.999999999995346,49.99999999999547,49.999999999995595,49.999999999995744,49.9999999999959,49.99999999999608,49.99999999999626,49.99999999999647,49.99999999999668,49.99999999999691,49.99999999999715,49.99999999999742
97140.0,49.99999999999486,49.99999999999486,49.999999999994884,49.99999999999491,49.999999999994955,49.999999999995005,49.999999999995076,49.999999999995154,49.99999999999525,49.999999999995346,49.99999999999547,49.999999999995595,49.999999999995744,49.9999999999959,49.99999999999608,49.99999999999626,49.99999999999647,49.99999999999668,49.99999999999691,49.99999999999715,49.99999999999742
97200.0,49.99999999999486,49.99999999999486,49.999999999994884,49.99999999999491,49.999999999994955,49.999999999995005,49.999999999995076,49.999999999995154,49.99999999999525,49.999999999995346,49.99999999999547,49.999999999995595,49.999999999995744,49.9999999999959,49.99999999999608,49.99999999999626,49.99999999999647,49.99999999999668,49.99999999999691,49.99999999999715,49.99999999999742
97260.0,49.99999999999486,49.99999999999486,49.999999999994884,49.99999999999491,49.999999999994955,49.999999999995005,49.999999999995076,49.999999999995154,49.99999999999525,49.999999999995346,49.99999999999547,49.999999999995595,49.999999999995744,49.9999999999959,49.99999999999608,49.99999999999626,49.99999999999647,49.99999999999668,49.99999999999691,49.99999999999715,49.99999999999742
97320.0,49.99999999999486,49.99999999999486,49.999999999994884,49.99999999999491,49.999999999994955,49.999999999995005,49.999999999995076,49.999999999995154,49.99999999999525,49.999999999995346,49.99999999999547,49.999999999995595,49.999999999995744,49.9999999999959,49.99999999999608,49.99999999999626,49.99999999999647,49.99999999999668,49.99999999999691,49.99999999999715,49.99999999999742
97380.0,49.99999999999486,49.99999999999486,49.999999999994884,49.99999999999491,49.999999999994955,49.999999999995005,49.999999999995076,49.999999999995154,49.99999999999525,49.999999999995346,49.99999999999547,49.999999999995595,49.999999999995744,49.9999999999959,49.99999999999608,49.99999999999626,49.99999999999647,49.99999999999668,49.99999999999691,49.99999999999715,49.99999999999742
97440.0,49.99999999999486,49.99999999999486,49.999999999994884,49.99999999999491,49.999999999994955,49.999999999995005,49.999999999995076,49.999999999995154,49.99999999999525,49.999999999995346,49.99999999999547,49.999999999995595,49.999999999995744,49.9999999999959,49.99999999999608,49.99999999999626,49.99999999999647,49.99999999999668,49.99999999999691,49.99999999999715,49.99999999999742
97500.0,49.99999999999486,49.99999999999486,49.999999999994884,49.99999999999491,49.999999999994955,49.999999999995005,49.999999999995076,49.999999999995154,49.99999999999525,49.999999999995346,49.99999999999547,49.999999999995595,49.999999999995744,49.9999999999959,49.99999999999608,49.99999999999626,49.99999999999647,49.99999999999668,49.99999999999691,49.99999999999715,49.99999999999742
97560.0,49.99999999999486,49.99999999999486,49.999999999994884,49.99999999999491,49.999999999994955,49.999999999995005,49.999999999995076,49.999999999995154,49.99999999999525,49.999999999995346,49.99999999999547,49.999999999995595,49.999999999995744,49.9999999999959,49.99999999999608,49.99999999999626,49.99999999999647,49.99999999999668,49.99999999999691,49.99999999999715,49.99999999999742
97620.0,49.99999999999486,49.99999999999486,49.999999999994884,49.99999999999491,49.999999999994955,49.999999999995005,49.999999999995076,49.999999999995154,49.99999999999525,49.999999999995346,49.99999999999547,49.999999999995595,49.999999999995744,49.9999999999959,49.99999999999608,49.99999999999626,49.99999999999647,49.99999999999668,49.99999999999691,49.99999999999715,49.99999999999742
97680.0,49.99999999999486,49.99999999999486,49.999999999994884,49.99999999999491,49.999999999994955,49.999999999995005,49.999999999995076,49.999999999995154,49.99999999999525,49.999999999995346,49.99999999999547,49.999999999995595,49.999999999995744,49.9999999999959,49.99999999999608,49.99999999999626,49.99999999999647,49.99999999999668,49.99999999999691,49.99999999999715,49.99999999999742
97740.0,49.99999999999486,49.99999999999486,49.999999999994884,49.99999999999491,49.999999999994955,49.999999999995005,49.999999999995076,49.999999999995154,49.99999999999525,49.999999999995346,49.99999999999547,49.999999999995595,49.999999999995744,49.9999999999959,49.99999999999608,49.99999999999626,49.99999999999647,49.99999999999668,49.99999999999691,49.99999999999715,49.99999999999742
97800.0,49.99999999999486,49.99999999999486,49.999999999994884,49.99999999999491,49.999999999994955,49.999999999995005,49.999999999995076,49.999999999995154,49.99999999999525,49.999999999995346,49.99999999999547,49.999999999995595,49.999999999995744,49.9999999999959,49.99999999999608,49.99999999999626,49.99999999999647,49.99999999999668,49.99999999999691,49.99999999999715,49.99999999999742
97860.0,49.99999999999486,49.99999999999486,49.999999999994884,49.99999999999491,49.999999999994955,49.999999999995005,49.999999999995076,49.999999999995154,49.99999999999525,49.999999999995346,49.99999999999547,49.999999999995595,49.999999999995744,49.9999999999959,49.99999999999608,49.99999999999626,49.99999999999647,49.99999999999668,49.99999999999691,49.99999999999715,49.99999999999742
97920.0,49.99999999999486,49.99999999999486,49.999999999994884,49.99999999999491,49.999999999994955,49.999999999995005,49.999999999995076,49.999999999995154,49.99999999999525,49.999999999995346,49.99999999999547,49.999999999995595,49.999999999995744,49.9999999999959,49.99999999999608,49.99999999999626,49.99999999999647,49.99999999999668,49.99999999999691,49.99999999999715,49.99999999999742
97980.0,49.99999999999486,49.99999999999486,49.999999999994884,49.99999999999491,49.999999999994955,49.999999999995005,49.999999999995076,49.999999999995154,49.99999999999525,49.999999999995346,49.99999999999547,49.999999999995595,49.999999999995744,49.9999999999959,49.99999999999608,49.99999999999626,49.99999999999647,49.99999999999668,49.99999999999691,49.99999999999715,49.99999999999742
98040.0,49.99999999999486,49.99999999999486,49.999999999994884,49.99999999999491,49.999999999994955,49.999999999995005,49.999999999995076,49.999999999995154,49.99999999999525,49.999999999995346,49.99999999999547,49.999999999995595,49.999999999995744,49.9999999999959,49.99999999999608,49.99999999999626,49.99999999999647,49.99999999999668,49.99999999999691,49.99999999999715,49.99999999999742
98100.0,49.99999999999486,49.99999999999486,49.999999999994884,49.99999999999491,49.999999999994955,49.999999999995005,49.999999999995076,49.999999999995154,49.99999999999525,49.999999999995346,49.99999999999547,49.999999999995595,49.999999999995744,49.9999999999959,49.99999999999608,49.99999999999626,49.99999999999647,49.99999999999668,49.99999999999691,49.99999999999715,49.99999999999742
98160.0,49.99999999999486,49.99999999999486,49.999999999994884,49.99999999999491,49.999999999994955,49.999999999995005,49.999999999995076,49.999999999995154,49.99999999999525,49.999999999995346,49.99999999999547,49.999999999995595,49.999999999995744,49.9999999999959,49.99999999999608,49.99999999999626,49.99999999999647,49.99999999999668,49.99999999999691,49.99999999999715,49.99999999999742
98220.0,49.99999999999486,49.99999999999486,49.999999999994884,49.99999999999491,49.999999999994955,49.999999999995005,49.999999999995076,49.999999999995154,49.99999999999525,49.999999999995346,49.99999999999547,49.999999999995595,49.999999999995744,49.9999999999959,49.99999999999608,49.99999999999626,49.99999999999647,49.99999999999668,49.99999999999691,49.99999999999715,49.99999999999742
98280.0,49.99999999999486,49.99999999999486,49.999999999994884,49.99999999999491,49.999999999994955,49.999999999995005,49.999999999995076,49.999999999995154,49.99999999999525,49.999999999995346,49.99999999999547,49.999999999995595,49.999999999995744,49.9999999999959,49.99999999999608,49.99999999999626,49.99999999999647,49.99999999999668,49.99999999999691,49.99999999999715,49.99999999999742
98340.0,49.99999999999486,49.99999999999486,49.999999999994884,49.99999999999491,49.999999999994955,49.999999999995005,49.999999999995076,49.999999999995154,49.99999999999525,49.999999999995346,49.99999999999547,49.999999999995595,49.999999999995744,49.9999999999959,49.99999999999608,49.99999999999626,49.99999999999647,49.99999999999668,49.99999999999691,49.99999999999715,49.99999999999742
98400.0,49.99999999999486,49.99999999999486,49.999999999994884,49.99999999999491,49.999999999994955,49.999999999995005,49.999999999995076,49.999999999995154,49.99999999999525,49.999999999995346,49.99999999999547,49.999999999995595,49.999999999995744,49.9999999999959,49.99999999999608,49.99999999999626,49.99999999999647,49.99999999999668,49.99999999999691,49.99999999999715,49.99999999999742
98460.0,49.99999999999486,49.99999999999486,49.999999999994884,49.99999999999491,49.999999999994955,49.999999999995005,49.999999999995076,49.999999999995154,49.99999999999525,49.999999999995346,49.99999999999547,49.999999999995595,49.999999999995744,49.9999999999959,49.99999999999608,49.99999999999626,49.99999999999647,49.99999999999668,49.99999999999691,49.99999999999715,49.99999999999742
98520.0,49.99999999999486,49.99999999999486,49.999999999994884,49.99999999999491,49.999999999994955,49.999999999995005,49.999999999995076,49.999999999995154,49.99999999999525,49.999999999995346,49.99999999999547,49.999999999995595,49.999999999995744,49.9999999999959,49.99999999999608,49.99999999999626,49.99999999999647,49.99999999999668,49.99999999999691,49.99999999999715,49.99999999999742
98580.0,49.99999999999486,49.99999999999486,49.999999999994884,49.99999999999491,49.999999999994955,49.999999999995005,49.999999999995076,49.999999999995154,49.99999999999525,49.999999999995346,49.99999999999547,49.999999999995595,49.999999999995744,49.9999999999959,49.99999999999608,49.99999999999626,49.99999999999647,49.99999999999668,49.99999999999691,49.99999999999715,49.99999999999742
98640.0,49.99999999999486,49.99999999999486,49.999999999994884,49.99999999999491,49.999999999994955,49.999999999995005,49.999999999995076,49.999999999995154,49.99999999999525,49.999999999995346,49.99999999999547,49.999999999995595,49.999999999995744,49.9999999999959,49.99999999999608,49.99999999999626,49.99999999999647,49.99999999999668,49.99999999999691,49.99999999999715,49.99999999999742
98700.0,49.99999999999486,49.99999999999486,49.999999999994884,49.99999999999491,49.999999999994955,49.999999999995005,49.999999999995076,49.999999999995154,49.99999999999525,49.999999999995346,49.99999999999547,49.999999999995595,49.999999999995744,49.9999999999959,49.99999999999608,49.99999999999626,49.99999999999647,49.99999999999668,49.99999999999691,49.99999999999715,49.99999999999742
98760.0,49.99999999999486,49.99999999999486,49.999999999994884,49.99999999999491,49.999999999994955,49.999999999995005,49.999999999995076,49.999999999995154,49.99999999999525,49.999999999995346,49.99999999999547,49.999999999995595,49.999999999995744,49.9999999999959,49.99999999999608,49.99999999999626,49.99999999999647,49.99999999999668,49.99999999999691,49.99999999999715,49.99999999999742
98820.0,49.99999999999486,49.99999999999486,49.999999999994884,49.99999999999491,49.999999999994955,49.999999999995005,49.999999999995076,49.999999999995154,49.99999999999525,49.999999999995346,49.99999999999547,49.999999999995595,49.999999999995744,49.9999999999959,49.99999999999608,49.99999999999626,49.99999999999647,49.99999999999668,49.99999999999691,49.99999999999715,49.99999999999742
98880.0,49.99999999999486,49.99999999999486,49.999999999994884,49.99999999999491,49.999999999994955,49.999999999995005,49.999999999995076,49.999999999995154,49.99999999999525,49.999999999995346,49.99999999999547,49.999999999995595,49.999999999995744,49.9999999999959,49.99999999999608,49.99999999999626,49.99999999999647,49.99999999999668,49.99999999999691,49.99999999999715,49.99999999999742
98940.0,49.99999999999486,49.99999999999486,49.999999999994884,49.99999999999491,49.999999999994955,49.999999999995005,49.999999999995076,49.999999999995154,49.99999999999525,49.999999999995346,49.99999999999547,49.999999999995595,49.999999999995744,49.9999999999959,49.99999999999608,49.99999999999626,49.99999999999647,49.99999999999668,49.99999999999691,49.99999999999715,49.99999999999742
99000.0,49.99999999999486,49.99999999999486,49.999999999994884,49.99999999999491,49.999999999994955,49.999999999995005,49.999999999995076,49.999999999995154,49.99999999999525,49.999999999995346,49.99999999999547,49.999999999995595,49.999999999995744,49.9999999999959,49.99999999999608,49.99999999999626,49.99999999999647,49.99999999999668,49.99999999999691,49.99999999999715,49.99999999999742
99060.0,49.99999999999486,49.99999999999486,49.999999999994884,49.99999999999491,49.999999999994955,49.999999999995005,49.999999999995076,49.999999999995154,49.99999999999525,49.999999999995346,49.99999999999547,49.999999999995595,49.999999999995744,49.9999999999959,49.99999999999608,49.99999999999626,49.99999999999647,49.99999999999668,49.99999999999691,49.99999999999715,49.99999999999742
99120.0,49.99999999999486,49.99999999999486,49.999999999994884,49.99999999999491,49.999999999994955,49.999999999995005,49.999999999995076,49.999999999995154,49.99999999999525,49.999999999995346,49.99999999999547,49.999999999995595,49.999999999995744,49.9999999999959,49.99999999999608,49.99999999999626,49.99999999999647,49.99999999999668,49.99999999999691,49.99999999999715,49.99999999999742
99180.0,49.99999999999486,49.99999999999486,49.999999999994884,49.99999999999491,49.999999999994955,49.999999999995005,49.999999999995076,49.999999999995154,49.99999999999525,49.999999999995346,49.99999999999547,49.999999999995595,49.999999999995744,49.9999999999959,49.99999999999608,49.99999999999626,49.99999999999647,49.99999999999668,49.99999999999691,49.99999999999715,49.99999999999742
99240.0,49.99999999999486,49.99999999999486,49.999999999994884,49.99999999999491,49.999999999994955,49.999999999995005,49.999999999995076,49.999999999995154,49.99999999999525,49.999999999995346,49.99999999999547,49.999999999995595,49.999999999995744,49.9999999999959,49.99999999999608,49.99999999999626,49.99999999999647,49.99999999999668,49.99999999999691,49.99999999999715,49.99999999999742
99300.0,49.99999999999486,49.99999999999486,49.999999999994884,49.99999999999491,49.999999999994955,49.999999999995005,49.999999999995076,49.999999999995154,49.99999999999525,49.999999999995346,49.99999999999547,49.999999999995595,49.999999999995744,49.9999999999959,49.99999999999608,49.99999999999626,49.99999999999647,49.99999999999668,49.99999999999691,49.99999999999715,49.99999999999742
99360.0,49.99999999999486,49.99999999999486,49.999999999994884,49.99999999999491,49.999999999994955,49.999999999995005,49.999999999995076,49.999999999995154,49.99999999999525,49.999999999995346,49.99999999999547,49.999999999995595,49.999999999995744,49.9999999999959,49.99999999999608,49.99999999999626,49.99999999999647,49.99999999999668,49.99999999999691,49.99999999999715,49.99999999999742
99420.0,49.99999999999486,49.99999999999486,49.999999999994884,49.99999999999491,49.999999999994955,49.999999999995005,49.999999999995076,49.999999999995154,49.99999999999525,49.999999999995346,49.99999999999547,49.999999999995595,49.999999999995744,49.9999999999959,49.99999999999608,49.99999999999626,49.99999999999647,49.99999999999668,49.99999999999691,49.99999999999715,49.99999999999742
99480.0,49.99999999999486,49.99999999999486,49.999999999994884,49.99999999999491,49.999999999994955,49.999999999995005,49.999999999995076,49.999999999995154,49.99999999999525,49.999999999995346,49.99999999999547,49.999999999995595,49.999999999995744,49.9999999999959,49.99999999999608,49.99999999999626,49.99999999999647,49.99999999999668,49.99999999999691,49.99999999999715,49.99999999999742
99540.0,49.99999999999486,49.99999999999486,49.999999999994884,49.99999999999491,49.999999999994955,49.999999999995005,49.999999999995076,49.999999999995154,49.99999999999525,49.999999999995346,49.99999999999547,49.999999999995595,49.999999999995744,49.9999999999959,49.99999999999608,49.99999999999626,49.99999999999647,49.99999999999668,49.99999999999691,49.99999999999715,49.99999999999742
99600.0,49.99999999999486,49.99999999999486,49.999999999994884,49.99999999999491,49.999999999994955,49.999999999995005,49.999999999995076,49.999999999995154,49.99999999999525,49.999999999995346,49.99999999999547,49.999999999995595,49.999999999995744,49.9999999999959,49.99999999999608,49.99999999999626,49.99999999999647,49.99999999999668,49.99999999999691,49.99999999999715,49.99999999999742
99660.0,49.99999999999486,49.99999999999486,49.999999999994884,49.99999999999491,49.999999999994955,49.999999999995005,49.999999999995076,49.999999999995154,49.99999999999525,49.999999999995346,49.99999999999547,49.999999999995595,49.999999999995744,49.9999999999959,49.99999999999608,49.99999999999626,49.99999999999647,49.99999999999668,49.99999999999691,49.99999999999715,49.99999999999742
99720.0,49.99999999999486,49.99999999999486,49.999999999994884,49.99999999999491,49.999999999994955,49.999999999995005,49.999999999995076,49.999999999995154,49.99999999999525,49.999999999995346,49.99999999999547,49.999999999995595,49.999999999995744,49.9999999999959,49.99999999999608,49.99999999999626,49.99999999999647,49.99999999999668,49.99999999999691,49.99999999999715,49.99999999999742
99780.0,49.99999999999486,49.99999999999486,49.999999999994884,49.99999999999491,49.999999999994955,49.999999999995005,49.999999999995076,49.999999999995154,49.99999999999525,49.999999999995346,49.99999999999547,49.999999999995595,49.999999999995744,49.9999999999959,49.99999999999608,49.99999999999626,49.99999999999647,49.99999999999668,49.99999999999691,49.99999999999715,49.99999999999742
99840.0,49.99999999999486,49.99999999999486,49.999999999994884,49.99999999999491,49.999999999994955,49.999999999995005,49.999999999995076,49.999999999995154,49.99999999999525,49.999999999995346,49.99999999999547,49.999999999995595,49.999999999995744,49.9999999999959,49.99999999999608,49.99999999999626,49.99999999999647,49.99999999999668,49.99999999999691,49.99999999999715,49.99999999999742
99900.0,49.99999999999486,49.99999999999486,49.999999999994884,49.99999999999491,49.999999999994955,49.999999999995005,49.999999999995076,49.999999999995154,49.99999999999525,49.999999999995346,49.99999999999547,49.999999999995595,49.999999999995744,49.9999999999959,49.99999999999608,49.99999999999626,49.99999999999647,49.99999999999668,49.99999999999691,49.99999999999715,49.99999999999742
99960.0,49.99999999999486,49.99999999999486,49.999999999994884,49.99999999999491,49.999999999994955,49.999999999995005,49.999999999995076,49.999999999995154,49.99999999999525,49.999999999995346,49.99999999999547,49.999999999995595,49.999999999995744,49.9999999999959,49.99999999999608,49.99999999999626,49.99999999999647,49.99999999999668,49.99999999999691,49.99999999999715,49.99999999999742
100020.0,49.99999999999486,49.99999999999486,49.999999999994884,49.99999999999491,49.999999999994955,49.999999999995005,49.999999999995076,49.999999999995154,49.99999999999525,49.999999999995346,49.99999999999547,49.999999999995595,49.999999999995744,49.9999999999959,49.99999999999608,49.99999999999626,49.99999999999647,49.99999999999668,49.99999999999691,49.99999999999715,49.99999999999742
100080.0,49.99999999999486,49.99999999999486,49.999999999994884,49.99999999999491,49.999999999994955,49.999999999995005,49.999999999995076,49.999999999995154,49.99999999999525,49.999999999995346,49.99999999999547,49.999999999995595,49.999999999995744,49.9999999999959,49.99999999999608,49.99999999999626,49.99999999999647,49.99999999999668,49.99999999999691,49.99999999999715,49.99999999999742
100140.0,49.99999999999486,49.99999999999486,49.999999999994884,49.99999999999491,49.999999999994955,49.999999999995005,49.999999999995076,49.999999999995154,49.99999999999525,49.999999999995346,49.99999999999547,49.999999999995595,49.999999999995744,49.9999999999959,49.99999999999608,49.99999999999626,49.99999999999647,49.99999999999668,49.99999999999691,49.99999999999715,49.99999999999742
100200.0,49.99999999999486,49.99999999999486,49.999999999994884,49.99999999999492,49.999999999994955,49.99999999999501,49.99999999999509,49.99999999999517,49.99999999999526,49.99999999999537,49.99999999999548,49.999999999995616,49.99999999999576,49.99999999999592,49.99999999999609,49.99999999999628,49.999999999996476,49.99999999999669,49.999999999996916,49.99999999999716,49.99999999999743
100260.0,49.99999999999488,49.99999999999488,49.9999999999949,49.99999999999493,49.99999999999497,49.99999999999502,49.99999999999509,49.99999999999517,49.99999999999526,49.99999999999537,49.99999999999548,49.999999999995616,49.99999999999576,49.99999999999592,49.99999999999609,49.999999999996284,49.99999999999648,49.9999999999967,49.99999999999693,49.99999999999717,49.99999999999744
100320.0,49.99999999999488,49.99999999999488,49.9999999999949,49.99999999999493,49.99999999999497,49.99999999999502,49.99999999999509,49.99999999999517,49.99999999999526,49.99999999999537,49.99999999999548,49.999999999995616,49.99999999999576,49.99999999999592,49.99999999999609,49.999999999996284,49.99999999999648,49.9999999999967,49.99999999999693,49.99999999999718,49.99999999999745
100380.0,49.99999999999488,49.99999999999488,49.9999999999949,49.99999999999493,49.99999999999497,49.99999999999502,49.99999999999509,49.99999999999517,49.99999999999526,49.99999999999537,49.99999999999548,49.999999999995616,49.99999999999576,49.99999999999592,49.99999999999609,49.999999999996284,49.99999999999648,49.9999999999967,49.99999999999693,49.99999999999718,49.99999999999745
100440.0,49.99999999999488,49.99999999999488,49.9999999999949,49.99999999999493,49.99999999999497,49.99999999999502,49.99999999999509,49.99999999999517,49.99999999999526,49.99999999999537,49.99999999999548,49.999999999995616,49.99999999999576,49.99999999999592,49.99999999999609,49.999999999996284,49.99999999999648,49.9999999999967,49.99999999999693,49.99999999999718,49.99999999999745
100500.0,49.99999999999488,49.99999999999488,49.9999999999949,49.99999999999493,49.99999999999497,49.99999999999502,49.99999999999509,49.99999999999517,49.99999999999526,49.99999999999537,49.99999999999548,49.999999999995616,49.99999999999576,49.99999999999592,49.99999999999609,49.999999999996284,49.99999999999648,49.9999999999967,49.99999999999693,49.99999999999718,49.99999999999745
100560.0,49.99999999999488,49.99999999999488,49.9999999999949,49.99999999999493,49.99999999999497,49.99999999999502,49.99999999999509,49.99999999999517,49.99999999999526,49.99999999999537,49.99999999999548,49.999999999995616,49.99999999999576,49.99999999999592,49.99999999999609,49.999999999996284,49.99999999999648,49.9999999999967,49.99999999999693,49.99999999999718,49.99999999999745
100620.0,49.99999999999488,49.99999999999488,49.9999999999949,49.99999999999493,49.99999999999497,49.99999999999502,49.99999999999509,49.99999999999517,49.99999999999526,49.99999999999537,49.99999999999548,49.999999999995616,49.99999999999576,49.99999999999592,49.99999999999609,49.999999999996284,49.99999999999648,49.9999999999967,49.99999999999693,49.99999999999718,49.99999999999745
100680.0,49.99999999999488,49.99999999999488,49.9999999999949,49.99999999999493,49.99999999999497,49.99999999999502,49.99999999999509,49.99999999999517,49.99999999999526,49.99999999999537,49.99999999999548,49.999999999995616,49.99999999999576,49.99999999999592,49.99999999999609,49.999999999996284,49.99999999999648,49.9999999999967,49.99999999999693,49.99999999999718,49.99999999999745
100740.0,49.99999999999488,49.99999999999488,49.9999999999949,49.99999999999493,49.99999999999497,49.99999999999502,49.99999999999509,49.99999999999517,49.99999999999526,49.99999999999537,49.99999999999548,49.999999999995616,49.99999999999576,49.99999999999592,49.99999999999609,49.999999999996284,49.99999999999648,49.9999999999967,49.99999999999693,49.99999999999718,49.99999999999745
100800.0,49.99999999999488,49.99999999999488,49.9999999999949,49.99999999999493,49.99999999999497,49.99999999999502,49.99999999999509,49.99999999999517,49.99999999999526,49.99999999999537,49.99999999999548,49.999999999995616,49.99999999999576,49.99999999999592,49.99999999999609,49.999999999996284,49.99999999999648,49.9999999999967,49.99999999999693,49.99999999999718,49.99999999999745
100860.0,49.99999999999488,49.99999999999488,49.9999999999949,49.99999999999493,49.99999999999497,49.99999999999502,49.99999999999509,49.99999999999517,49.99999999999526,49.99999999999537,49.99999999999548,49.999999999995616,49.99999999999576,49.99999999999592,49.99999999999609,49.999999999996284,49.99999999999648,49.9999999999967,49.99999999999693,49.99999999999718,49.99999999999745
100920.0,49.99999999999488,49.99999999999488,49.9999999999949,49.99999999999493,49.99999999999497,49.99999999999502,49.99999999999509,49.99999999999517,49.99999999999526,49.99999999999537,49.99999999999548,49.999999999995616,49.99999999999576,49.99999999999592,49.99999999999609,49.999999999996284,49.99999999999648,49.9999999999967,49.99999999999693,49.99999999999718,49.99999999999745
100980.0,49.99999999999488,49.99999999999488,49.9999999999949,49.99999999999493,49.99999999999497,49.99999999999502,49.99999999999509,49.99999999999517,49.99999999999526,49.99999999999537,49.99999999999548,49.999999999995616,49.99999999999576,49.99999999999592,49.99999999999609,49.999999999996284,49.99999999999648,49.9999999999967,49.99999999999693,49.99999999999718,49.99999999999745
101040.0,49.99999999999488,49.99999999999488,49.9999999999949,49.99999999999493,49.99999999999497,49.99999999999502,49.99999999999509,49.99999999999517,49.99999999999526,49.99999999999537,49.99999999999548,49.999999999995616,49.99999999999576,49.99999999999592,49.99999999999609,49.999999999996284,49.99999999999648,49.9999999999967,49.99999999999693,49.99999999999718,49.99999999999745
101100.0,49.99999999999488,49.99999999999488,49.9999999999949,49.99999999999493,49.99999999999497,49.99999999999502,49.99999999999509,49.99999999999517,49.99999999999526,49.99999999999537,49.99999999999548,49.999999999995616,49.99999999999576,49.99999999999592,49.99999999999609,49.999999999996284,49.99999999999648,49.9999999999967,49.99999999999693,49.99999999999718,49.99999999999745
101160.0,49.99999999999488,49.99999999999488,49.9999999999949,49.99999999999493,49.99999999999497,49.99999999999502,49.99999999999509,49.99999999999517,49.99999999999526,49.99999999999537,49.99999999999548,49.999999999995616,49.99999999999576,49.99999999999592,49.99999999999609,49.999999999996284,49.99999999999648,49.9999999999967,49.99999999999693,49.99999999999718,49.99999999999745
101220.0,49.99999999999488,49.99999999999488,49.9999999999949,49.99999999999493,49.99999999999497,49.99999999999502,49.99999999999509,49.99999999999517,49.99999999999526,49.99999999999537,49.99999999999548,49.999999999995616,49.99999999999576,49.99999999999592,49.99999999999609,49.999999999996284,49.99999999999648,49.9999999999967,49.99999999999693,49.99999999999718,49.99999999999745
101280.0,49.99999999999488,49.99999999999488,49.9999999999949,49.99999999999493,49.99999999999497,49.99999999999502,49.99999999999509,49.99999999999517,49.99999999999526,49.99999999999537,49.99999999999548,49.999999999995616,49.99999999999576,49.99999999999592,49.99999999999609,49.999999999996284,49.99999999999648,49.9999999999967,49.99999999999693,49.99999999999718,49.99999999999745
101340.0,49.99999999999488,49.99999999999488,49.9999999999949,49.99999999999493,49.99999999999497,49.99999999999502,49.99999999999509,49.99999999999517,49.99999999999526,49.99999999999537,49.99999999999548,49.999999999995616,49.99999999999576,49.99999999999592,49.99999999999609,49.999999999996284,49.99999999999648,49.9999999999967,49.99999999999693,49.99999999999718,49.99999999999745
101400.0,49.99999999999488,49.99999999999488,49.9999999999949,49.99999999999493,49.99999999999497,49.99999999999502,49.99999999999509,49.99999999999517,49.99999999999526,49.99999999999537,49.99999999999548,49.999999999995616,49.99999999999576,49.99999999999592,49.99999999999609,49.999999999996284,49.99999999999648,49.9999999999967,49.99999999999693,49.99999999999718,49.99999999999745
101460.0,49.99999999999488,49.99999999999488,49.9999999999949,49.99999999999493,49.99999999999497,49.99999999999502,49.99999999999509,49.99999999999517,49.99999999999526,49.99999999999537,49.99999999999548,49.999999999995616,49.99999999999576,49.99999999999592,49.99999999999609,49.999999999996284,49.99999999999648,49.9999999999967,49.99999999999693,49.99999999999718,49.99999999999745
101520.0,49.99999999999488,49.99999999999488,49.9999999999949,49.99999999999493,49.99999999999497,49.99999999999502,49.99999999999509,49.99999999999517,49.99999999999526,49.99999999999537,49.99999999999548,49.999999999995616,49.99999999999576,49.99999999999592,49.99999999999609,49.999999999996284,49.99999999999648,49.9999999999967,49.99999999999693,49.99999999999718,49.99999999999745
101580.0,49.99999999999488,49.99999999999488,49.9999999999949,49.99999999999493,49.99999999999497,49.99999999999502,49.99999999999509,49.99999999999517,49.99999999999526,49.99999999999537,49.99999999999548,49.999999999995616,49.99999999999576,49.99999999999592,49.99999999999609,49.999999999996284,49.99999999999648,49.9999999999967,49.99999999999693,49.99999999999718,49.99999999999745
101640.0,49.99999999999488,49.99999999999488,49.9999999999949,49.99999999999493,49.99999999999497,49.99999999999502,49.99999999999509,49.99999999999517,49.99999999999526,49.99999999999537,49.99999999999548,49.999999999995616,49.99999999999576,49.99999999999592,49.99999999999609,49.999999999996284,49.99999999999648,49.9999999999967,49.99999999999693,49.99999999999718,49.99999999999745
101700.0,49.99999999999488,49.99999999999488,49.9999999999949,49.99999999999493,49.99999999999497,49.99999999999502,49.99999999999509,49.99999999999517,49.99999999999526,49.99999999999537,49.99999999999548,49.999999999995616,49.99999999999576,49.99999999999592,49.99999999999609,49.999999999996284,49.99999999999648,49.9999999999967,49.99999999999693,49.99999999999718,49.99999999999745
101760.0,49.99999999999488,49.99999999999488,49.9999999999949,49.99999999999493,49.99999999999497,49.99999999999502,49.99999999999509,49.99999999999517,49.99999999999526,49.99999999999537,49.99999999999548,49.999999999995616,49.99999999999576,49.99999999999592,49.99999999999609,49.999999999996284,49.99999999999648,49.9999999999967,49.99999999999693,49.99999999999718,49.99999999999745
101820.0,49.99999999999488,49.99999999999488,49.9999999999949,49.99999999999493,49.99999999999497,49.99999999999502,49.99999999999509,49.99999999999517,49.99999999999526,49.99999999999537,49.99999999999548,49.999999999995616,49.99999999999576,49.99999999999592,49.99999999999609,49.999999999996284,49.99999999999648,49.9999999999967,49.99999999999693,49.99999999999718,49.99999999999745
101880.0,49.99999999999488,49.99999999999488,49.9999999999949,49.99999999999493,49.99999999999497,49.99999999999502,49.99999999999509,49.99999999999517,49.99999999999526,49.99999999999537,49.99999999999548,49.999999999995616,49.99999999999576,49.99999999999592,49.99999999999609,49.999999999996284,49.99999999999648,49.9999999999967,49.99999999999693,49.99999999999718,49.99999999999745
101940.0,49.99999999999488,49.99999999999488,49.9999999999949,49.99999999999493,49.99999999999497,49.99999999999502,49.99999999999509,49.99999999999517,49.99999999999526,49.99999999999537,49.99999999999548,49.999999999995616,49.99999999999576,49.99999999999592,49.99999999999609,49.999999999996284,49.99999999999648,49.9999999999967,49.99999999999693,49.99999999999718,49.99999999999745
102000.0,49.99999999999488,49.99999999999488,49.9999999999949,49.99999999999493,49.99999999999497,49.99999999999502,49.99999999999509,49.99999999999517,49.99999999999526,49.99999999999537,49.99999999999548,49.999999999995616,49.99999999999576,49.99999999999592,49.99999999999609,49.999999999996284,49.99999999999648,49.9999999999967,49.99999999999693,49.99999999999718,49.99999999999745
102060.0,49.99999999999488,49.99999999999488,49.9999999999949,49.99999999999493,49.99999999999497,49.99999999999502,49.99999999999509,49.99999999999517,49.99999999999526,49.99999999999537,49.99999999999548,49.999999999995616,49.99999999999576,49.99999999999592,49.99999999999609,49.999999999996284,49.99999999999648,49.9999999999967,49.99999999999693,49.99999999999718,49.99999999999745
102120.0,49.99999999999488,49.99999999999488,49.9999999999949,49.99999999999493,49.99999999999497,49.99999999999502,49.99999999999509,49.99999999999517,49.99999999999526,49.99999999999537,49.99999999999548,49.999999999995616,49.99999999999576,49.99999999999592,49.99999999999609,49.999999999996284,49.99999999999648,49.9999999999967,49.99999999999693,49.99999999999718,49.99999999999745
102180.0,49.99999999999488,49.99999999999488,49.9999999999949,49.99999999999493,49.99999999999497,49.99999999999502,49.99999999999509,49.99999999999517,49.99999999999526,49.99999999999537,49.99999999999548,49.999999999995616,49.99999999999576,49.99999999999592,49.99999999999609,49.999999999996284,49.99999999999648,49.9999999999967,49.99999999999693,49.99999999999718,49.99999999999745
102240.0,49.99999999999488,49.99999999999488,49.9999999999949,49.99999999999493,49.99999999999497,49.99999999999502,49.99999999999509,49.99999999999517,49.99999999999526,49.99999999999537,49.99999999999548,49.999999999995616,49.99999999999576,49.99999999999592,49.99999999999609,49.999999999996284,49.99999999999648,49.9999999999967,49.99999999999693,49.99999999999718,49.99999999999745
102300.0,49.99999999999488,49.99999999999488,49.9999999999949,49.99999999999493,49.99999999999497,49.99999999999502,49.99999999999509,49.99999999999517,49.99999999999526,49.99999999999537,49.99999999999548,49.999999999995616,49.99999999999576,49.99999999999592,49.99999999999609,49.999999999996284,49.99999999999648,49.9999999999967,49.99999999999693,49.99999999999718,49.99999999999745
102360.0,49.99999999999488,49.99999999999488,49.9999999999949,49.99999999999493,49.99999999999497,49.99999999999502,49.99999999999509,49.99999999999517,49.99999999999526,49.99999999999537,49.99999999999548,49.999999999995616,49.99999999999576,49.99999999999592,49.99999999999609,49.999999999996284,49.99999999999648,49.9999999999967,49.99999999999693,49.99999999999718,49.99999999999745
102420.0,49.99999999999488,49.99999999999488,49.9999999999949,49.99999999999493,49.99999999999497,49.99999999999502,49.99999999999509,49.99999999999517,49.99999999999526,49.99999999999537,49.99999999999548,49.999999999995616,49.99999999999576,49.99999999999592,49.99999999999609,49.999999999996284,49.99999999999648,49.9999999999967,49.99999999999693,49.99999999999718,49.99999999999745
102480.0,49.99999999999488,49.99999999999488,49.9999999999949,49.99999999999493,49.99999999999497,49.99999999999502,49.99999999999509,49.99999999999517,49.99999999999526,49.99999999999537,49.99999999999548,49.999999999995616,49.99999999999576,49.99999999999592,49.99999999999609,49.999999999996284,49.99999999999648,49.9999999999967,49.99999999999693,49.99999999999718,49.99999999999745
102540.0,49.99999999999488,49.99999999999488,49.9999999999949,49.99999999999493,49.99999999999497,49.99999999999502,49.99999999999509,49.99999999999517,49.99999999999526,49.99999999999537,49.99999999999548,49.999999999995616,49.99999999999576,49.99999999999592,49.99999999999609,49.999999999996284,49.99999999999648,49.9999999999967,49.99999999999693,49.99999999999718,49.99999999999745
102600.0,49.99999999999488,49.99999999999488,49.9999999999949,49.99999999999493,49.99999999999497,49.99999999999502,49.99999999999509,49.99999999999517,49.99999999999526,49.99999999999537,49.99999999999548,49.999999999995616,49.99999999999576,49.99999999999592,49.99999999999609,49.999999999996284,49.99999999999648,49.9999999999967,49.99999999999693,49.99999999999718,49.99999999999745
102660.0,49.99999999999488,49.99999999999488,49.9999999999949,49.99999999999493,49.99999999999497,49.99999999999502,49.99999999999509,49.99999999999517,49.99999999999526,49.99999999999537,49.99999999999548,49.999999999995616,49.99999999999576,49.99999999999592,49.99999999999609,49.999999999996284,49.99999999999648,49.9999999999967,49.99999999999693,49.99999999999718,49.99999999999745
102720.0,49.99999999999488,49.99999999999488,49.9999999999949,49.99999999999493,49.99999999999497,49.99999999999502,49.99999999999509,49.99999999999517,49.99999999999526,49.99999999999537,49.99999999999548,49.999999999995616,49.99999999999576,49.99999999999592,49.99999999999609,49.999999999996284,49.99999999999648,49.9999999999967,49.99999999999693,49.99999999999718,49.99999999999745
102780.0,49.99999999999488,49.99999999999488,49.9999999999949,49.99999999999493,49.99999999999497,49.99999999999502,49.99999999999509,49.99999999999517,49.99999999999526,49.99999999999537,49.99999999999548,49.999999999995616,49.99999999999576,49.99999999999592,49.99999999999609,49.999999999996284,49.99999999999648,49.9999999999967,49.99999999999693,49.99999999999718,49.99999999999745
102840.0,49.99999999999488,49.99999999999488,49.9999999999949,49.99999999999493,49.99999999999497,49.99999999999502,49.99999999999509,49.99999999999517,49.99999999999526,49.99999999999537,49.99999999999548,49.999999999995616,49.99999999999576,49.99999999999592,49.99999999999609,49.999999999996284,49.99999999999648,49.9999999999967,49.99999999999693,49.99999999999718,49.99999999999745
102900.0,49.99999999999488,49.99999999999488,49.9999999999949,49.99999999999493,49.99999999999497,49.99999999999502,49.99999999999509,49.99999999999517,49.99999999999526,49.99999999999537,49.99999999999548,49.999999999995616,49.99999999999576,49.99999999999592,49.99999999999609,49.999999999996284,49.99999999999648,49.9999999999967,49.99999999999693,49.99999999999718,49.99999999999745
102960.0,49.99999999999488,49.99999999999488,49.9999999999949,49.99999999999493,49.99999999999497,49.99999999999502,49.99999999999509,49.99999999999517,49.99999999999526,49.99999999999537,49.99999999999548,49.999999999995616,49.99999999999576,49.99999999999592,49.99999999999609,49.999999999996284,49.99999999999648,49.9999999999967,49.99999999999693,49.99999999999718,49.99999999999745
103020.0,49.99999999999488,49.99999999999488,49.9999999999949,49.99999999999493,49.99999999999497,49.99999999999502,49.99999999999509,49.99999999999517,49.99999999999526,49.99999999999537,49.99999999999548,49.999999999995616,49.99999999999576,49.99999999999592,49.99999999999609,49.999999999996284,49.99999999999648,49.9999999999967,49.99999999999693,49.99999999999718,49.99999999999745
103080.0,49.99999999999488,49.99999999999488,49.9999999999949,49.99999999999493,49.99999999999497,49.99999999999502,49.99999999999509,49.99999999999517,49.99999999999526,49.99999999999537,49.99999999999548,49.999999999995616,49.99999999999576,49.99999999999592,49.99999999999609,49.999999999996284,49.99999999999648,49.9999999999967,49.99999999999693,49.99999999999718,49.99999999999745
103140.0,49.99999999999488,49.99999999999488,49.9999999999949,49.99999999999493,49.99999999999497,49.99999999999502,49.99999999999509,49.99999999999517,49.99999999999526,49.99999999999537,49.99999999999548,49.999999999995616,49.99999999999576,49.99999999999592,49.99999999999609,49.999999999996284,49.99999999999648,49.9999999999967,49.99999999999693,49.99999999999718,49.99999999999745
103200.0,49.99999999999488,49.99999999999488,49.9999999999949,49.99999999999493,49.99999999999497,49.99999999999502,49.99999999999509,49.99999999999517,49.99999999999526,49.99999999999537,49.99999999999548,49.999999999995616,49.99999999999576,49.99999999999592,49.99999999999609,49.999999999996284,49.99999999999648,49.9999999999967,49.99999999999693,49.99999999999718,49.99999999999745
103260.0,49.99999999999488,49.99999999999488,49.9999999999949,49.99999999999493,49.99999999999497,49.99999999999502,49.99999999999509,49.99999999999517,49.99999999999526,49.99999999999537,49.99999999999548,49.999999999995616,49.99999999999576,49.99999999999592,49.99999999999609,49.999999999996284,49.99999999999648,49.9999999999967,49.99999999999693,49.99999999999718,49.99999999999745
103320.0,49.99999999999488,49.99999999999488,49.9999999999949,49.99999999999493,49.99999999999497,49.99999999999502,49.99999999999509,49.99999999999517,49.99999999999526,49.99999999999537,49.99999999999548,49.999999999995616,49.99999999999576,49.99999999999592,49.99999999999609,49.999999999996284,49.99999999999648,49.9999999999967,49.99999999999693,49.99999999999718,49.99999999999745
103380.0,49.99999999999488,49.99999999999488,49.9999999999949,49.99999999999493,49.99999999999497,49.99999999999502,49.99999999999509,49.99999999999517,49.99999999999526,49.99999999999537,49.99999999999548,49.999999999995616,49.99999999999576,49.99999999999592,49.99999999999609,49.999999999996284,49.99999999999648,49.9999999999967,49.99999999999693,49.99999999999718,49.99999999999745
103440.0,49.99999999999488,49.99999999999488,49.9999999999949,49.99999999999493,49.99999999999497,49.99999999999502,49.99999999999509,49.99999999999517,49.99999999999526,49.99999999999537,49.99999999999548,49.999999999995616,49.99999999999576,49.99999999999592,49.99999999999609,49.999999999996284,49.99999999999648,49.9999999999967,49.99999999999693,49.99999999999718,49.99999999999745
103500.0,49.99999999999488,49.99999999999488,49.9999999999949,49.99999999999493,49.99999999999497,49.99999999999502,49.99999999999509,49.99999999999517,49.99999999999526,49.99999999999537,49.99999999999548,49.999999999995616,49.99999999999576,49.99999999999592,49.99999999999609,49.999999999996284,49.99999999999648,49.9999999999967,49.99999999999693,49.99999999999718,49.99999999999745
103560.0,49.99999999999488,49.99999999999488,49.9999999999949,49.99999999999493,49.99999999999497,49.99999999999502,49.99999999999509,49.99999999999517,49.99999999999526,49.99999999999537,49.99999999999548,49.999999999995616,49.99999999999576,49.99999999999592,49.99999999999609,49.999999999996284,49.99999999999648,49.9999999999967,49.99999999999693,49.99999999999718,49.99999999999745
103620.0,49.99999999999488,49.99999999999488,49.9999999999949,49.99999999999493,49.99999999999497,49.99999999999502,49.99999999999509,49.99999999999517,49.99999999999526,49.99999999999537,49.99999999999548,49.999999999995616,49.99999999999576,49.99999999999592,49.99999999999609,49.999999999996284,49.99999999999648,49.9999999999967,49.99999999999693,49.99999999999718,49.99999999999745
103680.0,49.99999999999488,49.99999999999488,49.9999999999949,49.99999999999493,49.99999999999497,49.99999999999502,49.99999999999509,49.99999999999517,49.99999999999526,49.99999999999537,49.99999999999548,49.999999999995616,49.99999999999576,49.99999999999592,49.99999999999609,49.999999999996284,49.99999999999648,49.9999999999967,49.99999999999693,49.99999999999718,49.99999999999745
103740.0,49.99999999999488,49.99999999999488,49.9999999999949,49.99999999999493,49.99999999999497,49.99999999999502,49.99999999999509,49.99999999999517,49.99999999999526,49.99999999999537,49.99999999999548,49.999999999995616,49.99999999999576,49.99999999999592,49.99999999999609,49.999999999996284,49.99999999999648,49.9999999999967,49.99999999999693,49.99999999999718,49.99999999999745
103800.0,49.99999999999488,49.99999999999488,49.9999999999949,49.99999999999493,49.99999999999497,49.99999999999502,49.99999999999509,49.99999999999517,49.99999999999526,49.99999999999537,49.99999999999548,49.999999999995616,49.99999999999576,49.99999999999592,49.99999999999609,49.999999999996284,49.99999999999648,49.9999999999967,49.99999999999693,49.99999999999718,49.99999999999745
103860.0,49.99999999999488,49.99999999999488,49.9999999999949,49.99999999999493,49.99999999999497,49.99999999999502,49.99999999999509,49.99999999999517,49.99999999999526,49.99999999999537,49.99999999999548,49.999999999995616,49.99999999999576,49.99999999999592,49.99999999999609,49.999999999996284,49.99999999999648,49.9999999999967,49.99999999999693,49.99999999999718,49.99999999999745
103920.0,49.99999999999488,49.99999999999488,49.9999999999949,49.99999999999493,49.99999999999497,49.99999999999502,49.99999999999509,49.99999999999517,49.99999999999526,49.99999999999537,49.99999999999548,49.999999999995616,49.99999999999576,49.99999999999592,49.99999999999609,49.999999999996284,49.99999999999648,49.9999999999967,49.99999999999693,49.99999999999718,49.99999999999745
103980.0,49.99999999999488,49.99999999999488,49.9999999999949,49.99999999999493,49.99999999999497,49.99999999999502,49.99999999999509,49.99999999999517,49.99999999999526,49.99999999999537,49.99999999999548,49.999999999995616,49.99999999999576,49.99999999999592,49.99999999999609,49.999999999996284,49.99999999999648,49.9999999999967,49.99999999999693,49.99999999999718,49.99999999999745
104040.0,49.99999999999488,49.99999999999488,49.9999999999949,49.99999999999493,49.99999999999497,49.99999999999502,49.99999999999509,49.99999999999517,49.99999999999526,49.99999999999537,49.99999999999548,49.999999999995616,49.99999999999576,49.99999999999592,49.99999999999609,49.999999999996284,49.99999999999648,49.9999999999967,49.99999999999693,49.99999999999718,49.99999999999745
104100.0,49.99999999999488,49.99999999999488,49.9999999999949,49.99999999999493,49.99999999999497,49.99999999999502,49.99999999999509,49.99999999999517,49.99999999999526,49.99999999999537,49.99999999999548,49.999999999995616,49.99999999999576,49.99999999999592,49.99999999999609,49.999999999996284,49.99999999999648,49.9999999999967,49.99999999999693,49.99999999999718,49.99999999999745
104160.0,49.99999999999488,49.99999999999488,49.9999999999949,49.99999999999493,49.99999999999497,49.99999999999502,49.99999999999509,49.99999999999517,49.99999999999526,49.99999999999537,49.99999999999548,49.999999999995616,49.99999999999576,49.99999999999592,49.99999999999609,49.999999999996284,49.99999999999648,49.9999999999967,49.99999999999693,49.99999999999718,49.99999999999745
104220.0,49.99999999999488,49.99999999999488,49.9999999999949,49.99999999999493,49.99999999999497,49.99999999999502,49.99999999999509,49.99999999999517,49.99999999999526,49.99999999999537,49.99999999999548,49.999999999995616,49.99999999999576,49.99999999999592,49.99999999999609,49.999999999996284,49.99999999999648,49.9999999999967,49.99999999999693,49.99999999999718,49.99999999999745
104280.0,49.99999999999488,49.99999999999488,49.9999999999949,49.99999999999493,49.99999999999497,49.99999999999502,49.99999999999509,49.99999999999517,49.99999999999526,49.99999999999537,49.99999999999548,49.999999999995616,49.99999999999576,49.99999999999592,49.99999999999609,49.999999999996284,49.99999999999648,49.9999999999967,49.99999999999693,49.99999999999718,49.99999999999745
104340.0,49.99999999999488,49.99999999999488,49.9999999999949,49.99999999999493,49.99999999999497,49.99999999999502,49.99999999999509,49.99999999999517,49.99999999999526,49.99999999999537,49.99999999999548,49.999999999995616,49.99999999999576,49.99999999999592,49.99999999999609,49.999999999996284,49.99999999999648,49.9999999999967,49.99999999999693,49.99999999999718,49.99999999999745
104400.0,49.99999999999488,49.99999999999488,49.9999999999949,49.99999999999493,49.99999999999497,49.99999999999502,49.99999999999509,49.99999999999517,49.99999999999526,49.99999999999537,49.99999999999548,49.999999999995616,49.99999999999576,49.99999999999592,49.99999999999609,49.999999999996284,49.99999999999648,49.9999999999967,49.99999999999693,49.99999999999718,49.99999999999745
104460.0,49.99999999999488,49.99999999999488,49.9999999999949,49.99999999999493,49.99999999999497,49.99999999999502,49.99999999999509,49.99999999999517,49.99999999999526,49.99999999999537,49.99999999999548,49.999999999995616,49.99999999999576,49.99999999999592,49.99999999999609,49.999999999996284,49.99999999999648,49.9999999999967,49.99999999999693,49.99999999999718,49.99999999999745
104520.0,49.99999999999488,49.99999999999488,49.9999999999949,49.99999999999493,49.99999999999497,49.99999999999502,49.99999999999509,49.99999999999517,49.99999999999526,49.99999999999537,49.99999999999548,49.999999999995616,49.99999999999576,49.99999999999592,49.99999999999609,49.999999999996284,49.99999999999648,49.9999999999967,49.99999999999693,49.99999999999718,49.99999999999745
104580.0,49.99999999999488,49.99999999999488,49.9999999999949,49.99999999999493,49.99999999999497,49.99999999999502,49.99999999999509,49.99999999999517,49.99999999999526,49.99999999999537,49.99999999999548,49.999999999995616,49.99999999999576,49.99999999999592,49.99999999999609,49.999999999996284,49.99999999999648,49.9999999999967,49.99999999999693,49.99999999999718,49.99999999999745
104640.0,49.99999999999488,49.99999999999488,49.9999999999949,49.99999999999493,49.99999999999497,49.99999999999502,49.99999999999509,49.99999999999517,49.99999999999526,49.99999999999537,49.99999999999548,49.999999999995616,49.99999999999576,49.99999999999592,49.99999999999609,49.999999999996284,49.99999999999648,49.9999999999967,49.99999999999693,49.99999999999718,49.99999999999745
104700.0,49.99999999999488,49.99999999999488,49.9999999999949,49.99999999999493,49.99999999999497,49.99999999999502,49.99999999999509,49.99999999999517,49.99999999999526,49.99999999999537,49.99999999999548,49.999999999995616,49.99999999999576,49.99999999999592,49.99999999999609,49.999999999996284,49.99999999999648,49.9999999999967,49.99999999999693,49.99999999999718,49.99999999999745
104760.0,49.99999999999488,49.99999999999488,49.9999999999949,49.99999999999493,49.99999999999497,49.99999999999502,49.99999999999509,49.99999999999517,49.99999999999526,49.99999999999537,49.99999999999548,49.999999999995616,49.99999999999576,49.99999999999592,49.99999999999609,49.999999999996284,49.99999999999648,49.9999999999967,49.99999999999693,49.99999999999718,49.99999999999745
104820.0,49.99999999999488,49.99999999999488,49.9999999999949,49.99999999999493,49.99999999999497,49.99999999999502,49.99999999999509,49.99999999999517,49.99999999999526,49.99999999999537,49.99999999999548,49.999999999995616,49.99999999999576,49.99999999999592,49.99999999999609,49.999999999996284,49.99999999999648,49.9999999999967,49.99999999999693,49.99999999999718,49.99999999999745
104880.0,49.99999999999488,49.99999999999488,49.9999999999949,49.99999999999493,49.99999999999497,49.99999999999502,49.99999999999509,49.99999999999517,49.99999999999526,49.99999999999537,49.99999999999548,49.999999999995616,49.99999999999576,49.99999999999592,49.99999999999609,49.999999999996284,49.99999999999648,49.9999999999967,49.99999999999693,49.99999999999718,49.99999999999745
104940.0,49.99999999999488,49.99999999999488,49.9999999999949,49.99999999999493,49.99999999999497,49.99999999999502,49.99999999999509,49.99999999999517,49.99999999999526,49.99999999999537,49.99999999999548,49.999999999995616,49.99999999999576,49.99999999999592,49.99999999999609,49.999999999996284,49.99999999999648,49.9999999999967,49.99999999999693,49.99999999999718,49.99999999999745
105000.0,49.99999999999488,49.99999999999488,49.9999999999949,49.99999999999493,49.99999999999497,49.99999999999502,49.99999999999509,49.99999999999517,49.99999999999526,49.99999999999537,49.99999999999548,49.999999999995616,49.99999999999576,49.99999999999592,49.99999999999609,49.999999999996284,49.99999999999648,49.9999999999967,49.99999999999693,49.99999999999718,49.99999999999745
105060.0,49.99999999999488,49.99999999999488,49.9999999999949,49.99999999999493,49.99999999999497,49.99999999999502,49.99999999999509,49.99999999999517,49.99999999999526,49.99999999999537,49.99999999999548,49.999999999995616,49.99999999999576,49.99999999999592,49.99999999999609,49.999999999996284,49.99999999999648,49.9999999999967,49.99999999999693,49.99999999999718,49.99999999999745
105120.0,49.99999999999488,49.99999999999488,49.9999999999949,49.99999999999493,49.99999999999497,49.99999999999502,49.99999999999509,49.99999999999517,49.99999999999526,49.99999999999537,49.99999999999548,49.999999999995616,49.99999999999576,49.99999999999592,49.99999999999609,49.999999999996284,49.99999999999648,49.9999999999967,49.99999999999693,49.99999999999718,49.99999999999745
105180.0,49.99999999999488,49.99999999999488,49.9999999999949,49.99999999999493,49.99999999999497,49.99999999999502,49.99999999999509,49.99999999999517,49.99999999999526,49.99999999999537,49.99999999999548,49.999999999995616,49.99999999999576,49.99999999999592,49.99999999999609,49.999999999996284,49.99999999999648,49.9999999999967,49.99999999999693,49.99999999999718,49.99999999999745
105240.0,49.99999999999488,49.99999999999488,49.9999999999949,49.99999999999493,49.99999999999497,49.99999999999502,49.99999999999509,49.99999999999517,49.99999999999526,49.99999999999537,49.99999999999548,49.999999999995616,49.99999999999576,49.99999999999592,49.99999999999609,49.999999999996284,49.99999999999648,49.9999999999967,49.99999999999693,49.99999999999718,49.99999999999745
105300.0,49.99999999999488,49.99999999999488,49.9999999999949,49.99999999999493,49.99999999999497,49.99999999999502,49.99999999999509,49.99999999999517,49.99999999999526,49.99999999999537,49.99999999999548,49.999999999995616,49.99999999999576,49.99999999999592,49.99999999999609,49.999999999996284,49.99999999999648,49.9999999999967,49.99999999999693,49.99999999999718,49.99999999999745
105360.0,49.99999999999488,49.99999999999488,49.9999999999949,49.99999999999493,49.99999999999497,49.99999999999502,49.99999999999509,49.99999999999517,49.99999999999526,49.99999999999537,49.99999999999548,49.999999999995616,49.99999999999576,49.99999999999592,49.99999999999609,49.999999999996284,49.99999999999648,49.9999999999967,49.99999999999693,49.99999999999718,49.99999999999745
105420.0,49.99999999999488,49.99999999999488,49.9999999999949,49.99999999999493,49.99999999999497,49.99999999999502,49.99999999999509,49.99999999999517,49.99999999999526,49.99999999999537,49.99999999999548,49.999999999995616,49.99999999999576,49.99999999999592,49.99999999999609,49.999999999996284,49.99999999999648,49.9999999999967,49.99999999999693,49.99999999999718,49.99999999999745
105480.0,49.99999999999488,49.99999999999488,49.9999999999949,49.99999999999493,49.99999999999497,49.99999999999502,49.99999999999509,49.99999999999517,49.99999999999526,49.99999999999537,49.99999999999548,49.999999999995616,49.99999999999576,49.99999999999592,49.99999999999609,49.999999999996284,49.99999999999648,49.9999999999967,49.99999999999693,49.99999999999718,49.99999999999745
105540.0,49.99999999999488,49.99999999999488,49.9999999999949,49.99999999999493,49.99999999999497,49.99999999999502,49.99999999999509,49.99999999999517,49.99999999999526,49.99999999999537,49.99999999999548,49.999999999995616,49.99999999999576,49.99999999999592,49.99999999999609,49.999999999996284,49.99999999999648,49.9999999999967,49.99999999999693,49.99999999999718,49.99999999999745
105600.0,49.99999999999488,49.99999999999488,49.9999999999949,49.99999999999493,49.99999999999497,49.99999999999502,49.99999999999509,49.99999999999517,49.99999999999526,49.99999999999537,49.99999999999548,49.999999999995616,49.99999999999576,49.99999999999592,49.99999999999609,49.999999999996284,49.99999999999648,49.9999999999967,49.99999999999693,49.99999999999718,49.99999999999745
105660.0,49.99999999999488,49.99999999999488,49.9999999999949,49.99999999999493,49.99999999999497,49.99999999999502,49.99999999999509,49.99999999999517,49.99999999999526,49.99999999999537,49.99999999999548,49.999999999995616,49.99999999999576,49.99999999999592,49.99999999999609,49.999999999996284,49.99999999999648,49.9999999999967,49.99999999999693,49.99999999999718,49.99999999999745
105720.0,49.99999999999488,49.99999999999488,49.9999999999949,49.99999999999493,49.99999999999497,49.99999999999502,49.99999999999509,49.99999999999517,49.99999999999526,49.99999999999537,49.99999999999548,49.999999999995616,49.99999999999576,49.99999999999592,49.99999999999609,49.999999999996284,49.99999999999648,49.9999999999967,49.99999999999693,49.99999999999718,49.99999999999745
105780.0,49.99999999999488,49.99999999999488,49.9999999999949,49.99999999999493,49.99999999999497,49.99999999999502,49.99999999999509,49.99999999999517,49.99999999999526,49.99999999999537,49.99999999999548,49.999999999995616,49.99999999999576,49.99999999999592,49.99999999999609,49.999999999996284,49.99999999999648,49.9999999999967,49.99999999999693,49.99999999999718,49.99999999999745
105840.0,49.99999999999488,49.99999999999488,49.9999999999949,49.99999999999493,49.99999999999497,49.99999999999502,49.99999999999509,49.99999999999517,49.99999999999526,49.99999999999537,49.99999999999548,49.999999999995616,49.99999999999576,49.99999999999592,49.99999999999609,49.999999999996284,49.99999999999648,49.9999999999967,49.99999999999693,49.99999999999718,49.99999999999745
105900.0,49.99999999999488,49.99999999999488,49.9999999999949,49.99999999999493,49.99999999999497,49.99999999999502,49.99999999999509,49.99999999999517,49.99999999999526,49.99999999999537,49.99999999999548,49.999999999995616,49.99999999999576,49.99999999999592,49.99999999999609,49.999999999996284,49.99999999999648,49.9999999999967,49.99999999999693,49.99999999999718,49.99999999999745
105960.0,49.99999999999488,49.99999999999488,49.9999999999949,49.99999999999493,49.99999999999497,49.99999999999502,49.99999999999509,49.99999999999517,49.99999999999526,49.99999999999537,49.99999999999548,49.999999999995616,49.99999999999576,49.99999999999592,49.99999999999609,49.999999999996284,49.99999999999648,49.9999999999967,49.99999999999693,49.99999999999718,49.99999999999745
106020.0,49.99999999999488,49.99999999999488,49.9999999999949,49.99999999999493,49.99999999999497,49.99999999999502,49.99999999999509,49.99999999999517,49.99999999999526,49.99999999999537,49.99999999999548,49.999999999995616,49.99999999999576,49.99999999999592,49.99999999999609,49.999999999996284,49.99999999999648,49.9999999999967,49.99999999999693,49.99999999999718,49.99999999999745
106080.0,49.99999999999488,49.99999999999488,49.9999999999949,49.99999999999493,49.99999999999497,49.99999999999502,49.99999999999509,49.99999999999517,49.99999999999526,49.99999999999537,49.99999999999548,49.999999999995616,49.99999999999576,49.99999999999592,49.99999999999609,49.999999999996284,49.99999999999648,49.9999999999967,49.99999999999693,49.99999999999718,49.99999999999745
106140.0,49.99999999999488,49.99999999999488,49.9999999999949,49.99999999999493,49.99999999999497,49.99999999999502,49.99999999999509,49.99999999999517,49.99999999999526,49.99999999999537,49.99999999999548,49.999999999995616,49.99999999999576,49.99999999999592,49.99999999999609,49.999999999996284,49.99999999999648,49.9999999999967,49.99999999999693,49.99999999999718,49.99999999999745
106200.0,49.99999999999488,49.99999999999488,49.9999999999949,49.99999999999493,49.99999999999497,49.99999999999502,49.99999999999509,49.99999999999517,49.99999999999526,49.99999999999537,49.99999999999548,49.999999999995616,49.99999999999576,49.99999999999592,49.99999999999609,49.999999999996284,49.99999999999648,49.9999999999967,49.99999999999693,49.99999999999718,49.99999999999745
106260.0,49.99999999999488,49.99999999999488,49.9999999999949,49.99999999999493,49.99999999999497,49.99999999999502,49.99999999999509,49.99999999999517,49.99999999999526,49.99999999999537,49.99999999999548,49.999999999995616,49.99999999999576,49.99999999999592,49.99999999999609,49.999999999996284,49.99999999999648,49.9999999999967,49.99999999999693,49.99999999999718,49.99999999999745
106320.0,49.99999999999488,49.99999999999488,49.9999999999949,49.99999999999493,49.99999999999497,49.99999999999502,49.99999999999509,49.99999999999517,49.99999999999526,49.99999999999537,49.99999999999548,49.999999999995616,49.99999999999576,49.99999999999592,49.99999999999609,49.999999999996284,49.99999999999648,49.9999999999967,49.99999999999693,49.99999999999718,49.99999999999745
106380.0,49.99999999999488,49.99999999999488,49.9999999999949,49.99999999999493,49.99999999999497,49.99999999999502,49.99999999999509,49.99999999999517,49.99999999999526,49.99999999999537,49.99999999999548,49.999999999995616,49.99999999999576,49.99999999999592,49.99999999999609,49.999999999996284,49.99999999999648,49.9999999999967,49.99999999999693,49.99999999999718,49.99999999999745
106440.0,49.99999999999488,49.99999999999488,49.9999999999949,49.99999999999493,49.99999999999497,49.99999999999502,49.99999999999509,49.99999999999517,49.99999999999526,49.99999999999537,49.99999999999548,49.999999999995616,49.99999999999576,49.99999999999592,49.99999999999609,49.999999999996284,49.99999999999648,49.9999999999967,49.99999999999693,49.99999999999718,49.99999999999745
106500.0,49.99999999999488,49.99999999999488,49.9999999999949,49.99999999999493,49.99999999999497,49.99999999999502,49.99999999999509,49.99999999999517,49.99999999999526,49.99999999999537,49.99999999999548,49.999999999995616,49.99999999999576,49.99999999999592,49.99999999999609,49.999999999996284,49.99999999999648,49.9999999999967,49.99999999999693,49.99999999999718,49.99999999999745
106560.0,49.99999999999488,49.99999999999488,49.9999999999949,49.99999999999493,49.99999999999497,49.99999999999502,49.99999999999509,49.99999999999517,49.99999999999526,49.99999999999537,49.99999999999548,49.999999999995616,49.99999999999576,49.99999999999592,49.99999999999609,49.999999999996284,49.99999999999648,49.9999999999967,49.99999999999693,49.99999999999718,49.99999999999745
106620.0,49.99999999999488,49.99999999999488,49.9999999999949,49.99999999999493,49.99999999999497,49.99999999999502,49.99999999999509,49.99999999999517,49.99999999999526,49.99999999999537,49.99999999999548,49.999999999995616,49.99999999999576,49.99999999999592,49.99999999999609,49.999999999996284,49.99999999999648,49.9999999999967,49.99999999999693,49.99999999999718,49.99999999999745
106680.0,49.99999999999488,49.99999999999488,49.9999999999949,49.99999999999493,49.99999999999497,49.99999999999502,49.99999999999509,49.99999999999517,49.99999999999526,49.99999999999537,49.99999999999548,49.999999999995616,49.99999999999576,49.99999999999592,49.99999999999609,49.999999999996284,49.99999999999648,49.9999999999967,49.99999999999693,49.99999999999718,49.99999999999745
106740.0,49.99999999999488,49.99999999999488,49.9999999999949,49.99999999999493,49.99999999999497,49.99999999999502,49.99999999999509,49.99999999999517,49.99999999999526,49.99999999999537,49.99999999999548,49.999999999995616,49.99999999999576,49.99999999999592,49.99999999999609,49.999999999996284,49.99999999999648,49.9999999999967,49.99999999999693,49.99999999999718,49.99999999999745
106800.0,49.99999999999488,49.99999999999488,49.9999999999949,49.99999999999493,49.99999999999497,49.99999999999502,49.99999999999509,49.99999999999517,49.99999999999526,49.99999999999537,49.99999999999548,49.999999999995616,49.99999999999576,49.99999999999592,49.99999999999609,49.999999999996284,49.99999999999648,49.9999999999967,49.99999999999693,49.99999999999718,49.99999999999745
106860.0,49.99999999999488,49.99999999999488,49.9999999999949,49.99999999999493,49.99999999999497,49.99999999999502,49.99999999999509,49.99999999999517,49.99999999999526,49.99999999999537,49.99999999999548,49.999999999995616,49.99999999999576,49.99999999999592,49.99999999999609,49.999999999996284,49.99999999999648,49.9999999999967,49.99999999999693,49.99999999999718,49.99999999999745
106920.0,49.99999999999488,49.99999999999488,49.9999999999949,49.99999999999493,49.99999999999497,49.99999999999502,49.99999999999509,49.99999999999517,49.99999999999526,49.99999999999537,49.99999999999548,49.999999999995616,49.99999999999576,49.99999999999592,49.99999999999609,49.999999999996284,49.99999999999648,49.9999999999967,49.99999999999693,49.99999999999718,49.99999999999745
106980.0,49.99999999999488,49.99999999999488,49.9999999999949,49.99999999999493,49.99999999999497,49.99999999999502,49.99999999999509,49.99999999999517,49.99999999999526,49.99999999999537,49.99999999999548,49.999999999995616,49.99999999999576,49.99999999999592,49.99999999999609,49.999999999996284,49.99999999999648,49.9999999999967,49.99999999999693,49.99999999999718,49.99999999999745
107040.0,49.99999999999488,49.99999999999488,49.9999999999949,49.99999999999493,49.99999999999497,49.99999999999502,49.99999999999509,49.99999999999517,49.99999999999526,49.99999999999537,49.99999999999548,49.999999999995616,49.99999999999576,49.99999999999592,49.99999999999609,49.999999999996284,49.99999999999648,49.9999999999967,49.99999999999693,49.99999999999718,49.99999999999745
107100.0,49.99999999999488,49.99999999999488,49.9999999999949,49.99999999999493,49.99999999999497,49.99999999999502,49.99999999999509,49.99999999999517,49.99999999999526,49.99999999999537,49.99999999999548,49.999999999995616,49.99999999999576,49.99999999999592,49.99999999999609,49.999999999996284,49.99999999999648,49.9999999999967,49.99999999999693,49.99999999999718,49.99999999999745
107160.0,49.99999999999488,49.99999999999488,49.9999999999949,49.99999999999493,49.99999999999497,49.99999999999502,49.99999999999509,49.99999999999517,49.99999999999526,49.99999999999537,49.99999999999548,49.999999999995616,49.99999999999576,49.99999999999592,49.99999999999609,49.999999999996284,49.99999999999648,49.9999999999967,49.99999999999693,49.99999999999718,49.99999999999745
107220.0,49.99999999999488,49.99999999999488,49.9999999999949,49.99999999999493,49.99999999999497,49.99999999999502,49.99999999999509,49.99999999999517,49.99999999999526,49.99999999999537,49.99999999999548,49.999999999995616,49.99999999999576,49.99999999999592,49.99999999999609,49.999999999996284,49.99999999999648,49.9999999999967,49.99999999999693,49.99999999999718,49.99999999999745
107280.0,49.99999999999488,49.99999999999488,49.9999999999949,49.99999999999493,49.99999999999497,49.99999999999502,49.99999999999509,49.99999999999517,49.99999999999526,49.99999999999537,49.99999999999548,49.999999999995616,49.99999999999576,49.99999999999592,49.99999999999609,49.999999999996284,49.99999999999648,49.9999999999967,49.99999999999693,49.99999999999718,49.99999999999745
107340.0,49.99999999999488,49.99999999999488,49.9999999999949,49.99999999999493,49.99999999999497,49.99999999999502,49.99999999999509,49.99999999999517,49.99999999999526,49.99999999999537,49.99999999999548,49.999999999995616,49.99999999999576,49.99999999999592,49.99999999999609,49.999999999996284,49.99999999999648,49.9999999999967,49.99999999999693,49.99999999999718,49.99999999999745
107400.0,49.99999999999488,49.99999999999488,49.9999999999949,49.99999999999493,49.99999999999497,49.99999999999502,49.99999999999509,49.99999999999517,49.99999999999526,49.99999999999537,49.99999999999548,49.999999999995616,49.99999999999576,49.99999999999592,49.99999999999609,49.999999999996284,49.99999999999648,49.9999999999967,49.99999999999693,49.99999999999718,49.99999999999745
107460.0,49.99999999999488,49.99999999999488,49.9999999999949,49.99999999999493,49.99999999999497,49.99999999999502,49.99999999999509,49.99999999999517,49.99999999999526,49.99999999999537,49.99999999999548,49.999999999995616,49.99999999999576,49.99999999999592,49.99999999999609,49.999999999996284,49.99999999999648,49.9999999999967,49.99999999999693,49.99999999999718,49.99999999999745
107520.0,49.99999999999488,49.99999999999488,49.9999999999949,49.99999999999493,49.99999999999497,49.99999999999502,49.99999999999509,49.99999999999517,49.99999999999526,49.99999999999537,49.99999999999548,49.999999999995616,49.99999999999576,49.99999999999592,49.99999999999609,49.999999999996284,49.99999999999648,49.9999999999967,49.99999999999693,49.99999999999718,49.99999999999745
107580.0,49.99999999999488,49.99999999999488,49.9999999999949,49.99999999999493,49.99999999999497,49.99999999999502,49.99999999999509,49.99999999999517,49.99999999999526,49.99999999999537,49.99999999999548,49.999999999995616,49.99999999999576,49.99999999999592,49.99999999999609,49.999999999996284,49.99999999999648,49.9999999999967,49.99999999999693,49.99999999999718,49.99999999999745
107640.0,49.99999999999488,49.99999999999488,49.9999999999949,49.99999999999493,49.99999999999497,49.99999999999502,49.99999999999509,49.99999999999517,49.99999999999526,49.99999999999537,49.99999999999548,49.999999999995616,49.99999999999576,49.99999999999592,49.99999999999609,49.999999999996284,49.99999999999648,49.9999999999967,49.99999999999693,49.99999999999718,49.99999999999745
107700.0,49.99999999999488,49.99999999999488,49.9999999999949,49.99999999999493,49.99999999999497,49.99999999999502,49.99999999999509,49.99999999999517,49.99999999999526,49.99999999999537,49.99999999999548,49.999999999995616,49.99999999999576,49.99999999999592,49.99999999999609,49.999999999996284,49.99999999999648,49.9999999999967,49.99999999999693,49.99999999999718,49.99999999999745
107760.0,49.99999999999488,49.99999999999488,49.9999999999949,49.99999999999493,49.99999999999497,49.99999999999502,49.99999999999509,49.99999999999517,49.99999999999526,49.99999999999537,49.99999999999548,49.999999999995616,49.99999999999576,49.99999999999592,49.99999999999609,49.999999999996284,49.99999999999648,49.9999999999967,49.99999999999693,49.99999999999718,49.99999999999745
107820.0,49.99999999999488,49.99999999999488,49.9999999999949,49.99999999999493,49.99999999999497,49.99999999999502,49.99999999999509,49.99999999999517,49.99999999999526,49.99999999999537,49.99999999999548,49.999999999995616,49.99999999999576,49.99999999999592,49.99999999999609,49.999999999996284,49.99999999999648,49.9999999999967,49.99999999999693,49.99999999999718,49.99999999999745
107880.0,49.99999999999488,49.99999999999488,49.9999999999949,49.99999999999493,49.99999999999497,49.99999999999502,49.99999999999509,49.99999999999517,49.99999999999526,49.99999999999537,49.99999999999548,49.999999999995616,49.99999999999576,49.99999999999592,49.99999999999609,49.999999999996284,49.99999999999648,49.9999999999967,49.99999999999693,49.99999999999718,49.99999999999745
107940.0,49.99999999999488,49.99999999999488,49.9999999999949,49.99999999999493,49.99999999999497,49.99999999999502,49.99999999999509,49.99999999999517,49.99999999999526,49.99999999999537,49.99999999999548,49.999999999995616,49.99999999999576,49.99999999999592,49.99999999999609,49.999999999996284,49.99999999999648,49.9999999999967,49.99999999999693,49.99999999999718,49.99999999999745
108000.0,49.99999999999488,49.99999999999488,49.9999999999949,49.99999999999493,49.99999999999497,49.99999999999502,49.99999999999509,49.99999999999517,49.99999999999526,49.99999999999537,49.99999999999548,49.999999999995616,49.99999999999576,49.99999999999592,49.99999999999609,49.999999999996284,49.99999999999648,49.9999999999967,49.99999999999693,49.99999999999718,49.99999999999745
108060.0,49.99999999999488,49.99999999999488,49.9999999999949,49.99999999999493,49.99999999999497,49.99999999999502,49.99999999999509,49.99999999999517,49.99999999999526,49.99999999999537,49.99999999999548,49.999999999995616,49.99999999999576,49.99999999999592,49.99999999999609,49.999999999996284,49.99999999999648,49.9999999999967,49.99999999999693,49.99999999999718,49.99999999999745
108120.0,49.99999999999488,49.99999999999488,49.9999999999949,49.99999999999493,49.99999999999497,49.99999999999502,49.99999999999509,49.99999999999517,49.99999999999526,49.99999999999537,49.99999999999548,49.999999999995616,49.99999999999576,49.99999999999592,49.99999999999609,49.999999999996284,49.99999999999648,49.9999999999967,49.99999999999693,49.99999999999718,49.99999999999745
108180.0,49.99999999999488,49.99999999999488,49.9999999999949,49.99999999999493,49.99999999999497,49.99999999999502,49.99999999999509,49.99999999999517,49.99999999999526,49.99999999999537,49.99999999999548,49.999999999995616,49.99999999999576,49.99999999999592,49.99999999999609,49.999999999996284,49.99999999999648,49.9999999999967,49.99999999999693,49.99999999999718,49.99999999999745
108240.0,49.99999999999488,49.99999999999488,49.9999999999949,49.99999999999493,49.99999999999497,49.99999999999502,49.99999999999509,49.99999999999517,49.99999999999526,49.99999999999537,49.99999999999548,49.999999999995616,49.99999999999576,49.99999999999592,49.99999999999609,49.999999999996284,49.99999999999648,49.9999999999967,49.99999999999693,49.99999999999718,49.99999999999745
108300.0,49.99999999999488,49.99999999999488,49.9999999999949,49.99999999999493,49.99999999999497,49.99999999999502,49.99999999999509,49.99999999999517,49.99999999999526,49.99999999999537,49.99999999999548,49.999999999995616,49.99999999999576,49.99999999999592,49.99999999999609,49.999999999996284,49.99999999999648,49.9999999999967,49.99999999999693,49.99999999999718,49.99999999999745
108360.0,49.99999999999488,49.99999999999488,49.9999999999949,49.99999999999493,49.99999999999497,49.99999999999502,49.99999999999509,49.99999999999517,49.99999999999526,49.99999999999537,49.99999999999548,49.999999999995616,49.99999999999576,49.99999999999592,49.99999999999609,49.999999999996284,49.99999999999648,49.9999999999967,49.99999999999693,49.99999999999718,49.99999999999745
108420.0,49.99999999999488,49.99999999999488,49.9999999999949,49.99999999999493,49.99999999999497,49.99999999999502,49.99999999999509,49.99999999999517,49.99999999999526,49.99999999999537,49.99999999999548,49.999999999995616,49.99999999999576,49.99999999999592,49.99999999999609,49.999999999996284,49.99999999999648,49.9999999999967,49.99999999999693,49.99999999999718,49.99999999999745
108480.0,49.99999999999488,49.99999999999488,49.9999999999949,49.99999999999493,49.99999999999497,49.99999999999502,49.99999999999509,49.99999999999517,49.99999999999526,49.99999999999537,49.99999999999548,49.999999999995616,49.99999999999576,49.99999999999592,49.99999999999609,49.999999999996284,49.99999999999648,49.9999999999967,49.99999999999693,49.99999999999718,49.99999999999745
108540.0,49.99999999999488,49.99999999999488,49.9999999999949,49.99999999999493,49.99999999999497,49.99999999999502,49.99999999999509,49.99999999999517,49.99999999999526,49.99999999999537,49.99999999999548,49.999999999995616,49.99999999999576,49.99999999999592,49.99999999999609,49.999999999996284,49.99999999999648,49.9999999999967,49.99999999999693,49.99999999999718,49.99999999999745
108600.0,49.99999999999488,49.99999999999488,49.9999999999949,49.99999999999493,49.99999999999497,49.99999999999502,49.99999999999509,49.99999999999517,49.99999999999526,49.99999999999537,49.99999999999548,49.999999999995616,49.99999999999576,49.99999999999592,49.99999999999609,49.999999999996284,49.99999999999648,49.9999999999967,49.99999999999693,49.99999999999718,49.99999999999745
108660.0,49.99999999999488,49.99999999999488,49.9999999999949,49.99999999999493,49.99999999999497,49.99999999999502,49.99999999999509,49.99999999999517,49.99999999999526,49.99999999999537,49.99999999999548,49.999999999995616,49.99999999999576,49.99999999999592,49.99999999999609,49.999999999996284,49.99999999999648,49.9999999999967,49.99999999999693,49.99999999999718,49.99999999999745
108720.0,49.99999999999488,49.99999999999488,49.9999999999949,49.99999999999493,49.99999999999497,49.99999999999502,49.99999999999509,49.99999999999517,49.99999999999526,49.99999999999537,49.99999999999548,49.999999999995616,49.99999999999576,49.99999999999592,49.99999999999609,49.999999999996284,49.99999999999648,49.9999999999967,49.99999999999693,49.99999999999718,49.99999999999745
108780.0,49.99999999999488,49.99999999999488,49.9999999999949,49.99999999999493,49.99999999999497,49.99999999999502,49.99999999999509,49.99999999999517,49.99999999999526,49.99999999999537,49.99999999999548,49.999999999995616,49.99999999999576,49.99999999999592,49.99999999999609,49.999999999996284,49.99999999999648,49.9999999999967,49.99999999999693,49.99999999999718,49.99999999999745
108840.0,49.99999999999488,49.99999999999488,49.9999999999949,49.99999999999493,49.99999999999497,49.99999999999502,49.99999999999509,49.99999999999517,49.99999999999526,49.99999999999537,49.99999999999548,49.999999999995616,49.99999999999576,49.99999999999592,49.99999999999609,49.999999999996284,49.99999999999648,49.9999999999967,49.99999999999693,49.99999999999718,49.99999999999745
108900.0,49.99999999999488,49.99999999999488,49.9999999999949,49.99999999999493,49.99999999999497,49.99999999999502,49.99999999999509,49.99999999999517,49.99999999999526,49.99999999999537,49.99999999999548,49.999999999995616,49.99999999999576,49.99999999999592,49.99999999999609,49.999999999996284,49.99999999999648,49.9999999999967,49.99999999999693,49.99999999999718,49.99999999999745
108960.0,49.99999999999488,49.99999999999488,49.9999999999949,49.99999999999493,49.99999999999497,49.99999999999502,49.99999999999509,49.99999999999517,49.99999999999526,49.99999999999537,49.99999999999548,49.999999999995616,49.99999999999576,49.99999999999592,49.99999999999609,49.999999999996284,49.99999999999648,49.9999999999967,49.99999999999693,49.99999999999718,49.99999999999745
109020.0,49.99999999999488,49.99999999999488,49.9999999999949,49.99999999999493,49.99999999999497,49.99999999999502,49.99999999999509,49.99999999999517,49.99999999999526,49.99999999999537,49.99999999999548,49.999999999995616,49.99999999999576,49.99999999999592,49.99999999999609,49.999999999996284,49.99999999999648,49.9999999999967,49.99999999999693,49.99999999999718,49.99999999999745
109080.0,49.99999999999488,49.99999999999488,49.9999999999949,49.99999999999493,49.99999999999497,49.99999999999502,49.99999999999509,49.99999999999517,49.99999999999526,49.99999999999537,49.99999999999548,49.999999999995616,49.99999999999576,49.99999999999592,49.99999999999609,49.999999999996284,49.99999999999648,49.9999999999967,49.99999999999693,49.99999999999718,49.99999999999745
109140.0,49.99999999999488,49.99999999999488,49.9999999999949,49.99999999999493,49.99999999999497,49.99999999999502,49.99999999999509,49.99999999999517,49.99999999999526,49.99999999999537,49.99999999999548,49.999999999995616,49.99999999999576,49.99999999999592,49.99999999999609,49.999999999996284,49.99999999999648,49.9999999999967,49.99999999999693,49.99999999999718,49.99999999999745
109200.0,49.99999999999488,49.99999999999488,49.9999999999949,49.99999999999493,49.99999999999497,49.99999999999502,49.99999999999509,49.99999999999517,49.99999999999526,49.99999999999537,49.99999999999548,49.999999999995616,49.99999999999576,49.99999999999592,49.99999999999609,49.999999999996284,49.99999999999648,49.9999999999967,49.99999999999693,49.99999999999718,49.99999999999745
109260.0,49.99999999999488,49.99999999999488,49.9999999999949,49.99999999999493,49.99999999999497,49.99999999999502,49.99999999999509,49.99999999999517,49.99999999999526,49.99999999999537,49.99999999999548,49.999999999995616,49.99999999999576,49.99999999999592,49.99999999999609,49.999999999996284,49.99999999999648,49.9999999999967,49.99999999999693,49.99999999999718,49.99999999999745
109320.0,49.99999999999488,49.99999999999488,49.9999999999949,49.99999999999493,49.99999999999497,49.99999999999502,49.99999999999509,49.99999999999517,49.99999999999526,49.99999999999537,49.99999999999548,49.999999999995616,49.99999999999576,49.99999999999592,49.99999999999609,49.999999999996284,49.99999999999648,49.9999999999967,49.99999999999693,49.99999999999718,49.99999999999745
109380.0,49.99999999999488,49.99999999999488,49.9999999999949,49.99999999999493,49.99999999999497,49.99999999999502,49.99999999999509,49.99999999999517,49.99999999999526,49.99999999999537,49.99999999999548,49.999999999995616,49.99999999999576,49.99999999999592,49.99999999999609,49.999999999996284,49.99999999999648,49.9999999999967,49.99999999999693,49.99999999999718,49.99999999999745
109440.0,49.99999999999488,49.99999999999488,49.9999999999949,49.99999999999493,49.99999999999497,49.99999999999502,49.99999999999509,49.99999999999517,49.99999999999526,49.99999999999537,49.99999999999548,49.999999999995616,49.99999999999576,49.99999999999592,49.99999999999609,49.999999999996284,49.99999999999648,49.9999999999967,49.99999999999693,49.99999999999718,49.99999999999745
109500.0,49.99999999999488,49.99999999999488,49.9999999999949,49.99999999999493,49.99999999999497,49.99999999999502,49.99999999999509,49.99999999999517,49.99999999999526,49.99999999999537,49.99999999999548,49.999999999995616,49.99999999999576,49.99999999999592,49.99999999999609,49.999999999996284,49.99999999999648,49.9999999999967,49.99999999999693,49.99999999999718,49.99999999999745
109560.0,49.99999999999488,49.99999999999488,49.9999999999949,49.99999999999493,49.99999999999497,49.99999999999502,49.99999999999509,49.99999999999517,49.99999999999526,49.99999999999537,49.99999999999548,49.999999999995616,49.99999999999576,49.99999999999592,49.99999999999609,49.999999999996284,49.99999999999648,49.9999999999967,49.99999999999693,49.99999999999718,49.99999999999745
109620.0,49.99999999999488,49.99999999999488,49.9999999999949,49.99999999999493,49.99999999999497,49.99999999999502,49.99999999999509,49.99999999999517,49.99999999999526,49.99999999999537,49.99999999999548,49.999999999995616,49.99999999999576,49.99999999999592,49.99999999999609,49.999999999996284,49.99999999999648,49.9999999999967,49.99999999999693,49.99999999999718,49.99999999999745
109680.0,49.99999999999488,49.99999999999488,49.9999999999949,49.99999999999493,49.99999999999497,49.99999999999502,49.99999999999509,49.99999999999517,49.99999999999526,49.99999999999537,49.99999999999548,49.999999999995616,49.99999999999576,49.99999999999592,49.99999999999609,49.999999999996284,49.99999999999648,49.9999999999967,49.99999999999693,49.99999999999718,49.99999999999745
109740.0,49.99999999999488,49.99999999999488,49.9999999999949,49.99999999999493,49.99999999999497,49.99999999999502,49.99999999999509,49.99999999999517,49.99999999999526,49.99999999999537,49.99999999999548,49.999999999995616,49.99999999999576,49.99999999999592,49.99999999999609,49.999999999996284,49.99999999999648,49.9999999999967,49.99999999999693,49.99999999999718,49.99999999999745
109800.0,49.99999999999488,49.99999999999488,49.9999999999949,49.99999999999493,49.99999999999497,49.99999999999502,49.99999999999509,49.99999999999517,49.99999999999526,49.99999999999537,49.99999999999548,49.999999999995616,49.99999999999576,49.99999999999592,49.99999999999609,49.999999999996284,49.99999999999648,49.9999999999967,49.99999999999693,49.99999999999718,49.99999999999745
109860.0,49.99999999999488,49.99999999999488,49.9999999999949,49.99999999999493,49.99999999999497,49.99999999999502,49.99999999999509,49.99999999999517,49.99999999999526,49.99999999999537,49.99999999999548,49.999999999995616,49.99999999999576,49.99999999999592,49.99999999999609,49.999999999996284,49.99999999999648,49.9999999999967,49.99999999999693,49.99999999999718,49.99999999999745
109920.0,49.99999999999488,49.99999999999488,49.9999999999949,49.99999999999493,49.99999999999497,49.99999999999502,49.99999999999509,49.99999999999517,49.99999999999526,49.99999999999537,49.99999999999548,49.999999999995616,49.99999999999576,49.99999999999592,49.99999999999609,49.999999999996284,49.99999999999648,49.9999999999967,49.99999999999693,49.99999999999718,49.99999999999745
109980.0,49.99999999999488,49.99999999999488,49.9999999999949,49.99999999999493,49.99999999999497,49.99999999999502,49.99999999999509,49.99999999999517,49.99999999999526,49.99999999999537,49.99999999999548,49.999999999995616,49.99999999999576,49.99999999999592,49.99999999999609,49.999999999996284,49.99999999999648,49.9999999999967,49.99999999999693,49.99999999999718,49.99999999999745
110040.0,49.99999999999488,49.99999999999488,49.9999999999949,49.99999999999493,49.99999999999497,49.99999999999502,49.99999999999509,49.99999999999517,49.99999999999526,49.99999999999537,49.99999999999548,49.999999999995616,49.99999999999576,49.99999999999592,49.99999999999609,49.999999999996284,49.99999999999648,49.9999999999967,49.99999999999693,49.99999999999718,49.99999999999745
110100.0,49.99999999999488,49.99999999999488,49.9999999999949,49.99999999999493,49.99999999999497,49.99999999999502,49.99999999999509,49.99999999999517,49.99999999999526,49.99999999999537,49.99999999999548,49.999999999995616,49.99999999999576,49.99999999999592,49.99999999999609,49.999999999996284,49.99999999999648,49.9999999999967,49.99999999999693,49.99999999999718,49.99999999999745
110160.0,49.99999999999488,49.99999999999488,49.9999999999949,49.99999999999493,49.99999999999497,49.99999999999502,49.99999999999509,49.99999999999517,49.99999999999526,49.99999999999537,49.99999999999548,49.999999999995616,49.99999999999576,49.99999999999592,49.99999999999609,49.999999999996284,49.99999999999648,49.9999999999967,49.99999999999693,49.99999999999718,49.99999999999745
110220.0,49.99999999999488,49.99999999999488,49.9999999999949,49.99999999999493,49.99999999999497,49.99999999999502,49.99999999999509,49.99999999999517,49.99999999999526,49.99999999999537,49.99999999999548,49.999999999995616,49.99999999999576,49.99999999999592,49.99999999999609,49.999999999996284,49.99999999999648,49.9999999999967,49.99999999999693,49.99999999999718,49.99999999999745
110280.0,49.99999999999488,49.99999999999488,49.9999999999949,49.99999999999493,49.99999999999497,49.99999999999502,49.99999999999509,49.99999999999517,49.99999999999526,49.99999999999537,49.99999999999548,49.999999999995616,49.99999999999576,49.99999999999592,49.99999999999609,49.999999999996284,49.99999999999648,49.9999999999967,49.99999999999693,49.99999999999718,49.99999999999745
110340.0,49.99999999999488,49.99999999999488,49.9999999999949,49.99999999999493,49.99999999999497,49.99999999999502,49.99999999999509,49.99999999999517,49.99999999999526,49.99999999999537,49.99999999999548,49.999999999995616,49.99999999999576,49.99999999999592,49.99999999999609,49.999999999996284,49.99999999999648,49.9999999999967,49.99999999999693,49.99999999999718,49.99999999999745
110400.0,49.99999999999488,49.99999999999488,49.9999999999949,49.99999999999493,49.99999999999497,49.99999999999502,49.99999999999509,49.99999999999517,49.99999999999526,49.99999999999537,49.99999999999548,49.999999999995616,49.99999999999576,49.99999999999592,49.99999999999609,49.999999999996284,49.99999999999648,49.9999999999967,49.99999999999693,49.99999999999718,49.99999999999745
110460.0,49.99999999999488,49.99999999999488,49.9999999999949,49.99999999999493,49.99999999999497,49.99999999999502,49.99999999999509,49.99999999999517,49.99999999999526,49.99999999999537,49.99999999999548,49.999999999995616,49.99999999999576,49.99999999999592,49.99999999999609,49.999999999996284,49.99999999999648,49.9999999999967,49.99999999999693,49.99999999999718,49.99999999999745
110520.0,49.99999999999488,49.99999999999488,49.9999999999949,49.99999999999493,49.99999999999497,49.99999999999502,49.99999999999509,49.99999999999517,49.99999999999526,49.99999999999537,49.99999999999548,49.999999999995616,49.99999999999576,49.99999999999592,49.99999999999609,49.999999999996284,49.99999999999648,49.9999999999967,49.99999999999693,49.99999999999718,49.99999999999745
110580.0,49.99999999999488,49.99999999999488,49.9999999999949,49.99999999999493,49.99999999999497,49.99999999999502,49.99999999999509,49.99999999999517,49.99999999999526,49.99999999999537,49.99999999999548,49.999999999995616,49.99999999999576,49.99999999999592,49.99999999999609,49.999999999996284,49.99999999999648,49.9999999999967,49.99999999999693,49.99999999999718,49.99999999999745
110640.0,49.99999999999488,49.99999999999488,49.9999999999949,49.99999999999493,49.99999999999497,49.99999999999502,49.99999999999509,49.99999999999517,49.99999999999526,49.99999999999537,49.99999999999548,49.999999999995616,49.99999999999576,49.99999999999592,49.99999999999609,49.999999999996284,49.99999999999648,49.9999999999967,49.99999999999693,49.99999999999718,49.99999999999745
110700.0,49.99999999999488,49.99999999999488,49.9999999999949,49.99999999999493,49.99999999999497,49.99999999999502,49.99999999999509,49.99999999999517,49.99999999999526,49.99999999999537,49.99999999999548,49.999999999995616,49.99999999999576,49.99999999999592,49.99999999999609,49.999999999996284,49.99999999999648,49.9999999999967,49.99999999999693,49.99999999999718,49.99999999999745
110760.0,49.99999999999488,49.99999999999488,49.9999999999949,49.99999999999493,49.99999999999497,49.99999999999502,49.99999999999509,49.99999999999517,49.99999999999526,49.99999999999537,49.99999999999548,49.999999999995616,49.99999999999576,49.99999999999592,49.99999999999609,49.999999999996284,49.99999999999648,49.9999999999967,49.99999999999693,49.99999999999718,49.99999999999745
110820.0,49.99999999999488,49.99999999999488,49.9999999999949,49.99999999999493,49.99999999999497,49.99999999999502,49.99999999999509,49.99999999999517,49.99999999999526,49.99999999999537,49.99999999999548,49.999999999995616,49.99999999999576,49.99999999999592,49.99999999999609,49.999999999996284,49.99999999999648,49.9999999999967,49.99999999999693,49.99999999999718,49.99999999999745
110880.0,49.99999999999488,49.99999999999488,49.9999999999949,49.99999999999493,49.99999999999497,49.99999999999502,49.99999999999509,49.99999999999517,49.99999999999526,49.99999999999537,49.99999999999548,49.999999999995616,49.99999999999576,49.99999999999592,49.99999999999609,49.999999999996284,49.99999999999648,49.9999999999967,49.99999999999693,49.99999999999718,49.99999999999745
110940.0,49.99999999999488,49.99999999999488,49.9999999999949,49.99999999999493,49.99999999999497,49.99999999999502,49.99999999999509,49.99999999999517,49.99999999999526,49.99999999999537,49.99999999999548,49.999999999995616,49.99999999999576,49.99999999999592,49.99999999999609,49.999999999996284,49.99999999999648,49.9999999999967,49.99999999999693,49.99999999999718,49.99999999999745
111000.0,49.99999999999488,49.99999999999488,49.9999999999949,49.99999999999493,49.99999999999497,49.99999999999502,49.99999999999509,49.99999999999517,49.99999999999526,49.99999999999537,49.99999999999548,49.999999999995616,49.99999999999576,49.99999999999592,49.99999999999609,49.999999999996284,49.99999999999648,49.9999999999967,49.99999999999693,49.99999999999718,49.99999999999745
111060.0,49.99999999999488,49.99999999999488,49.9999999999949,49.99999999999493,49.99999999999497,49.99999999999502,49.99999999999509,49.99999999999517,49.99999999999526,49.99999999999537,49.99999999999548,49.999999999995616,49.99999999999576,49.99999999999592,49.99999999999609,49.999999999996284,49.99999999999648,49.9999999999967,49.99999999999693,49.99999999999718,49.99999999999745
111120.0,49.99999999999488,49.99999999999488,49.9999999999949,49.99999999999493,49.99999999999497,49.99999999999502,49.99999999999509,49.99999999999517,49.99999999999526,49.99999999999537,49.99999999999548,49.999999999995616,49.99999999999576,49.99999999999592,49.99999999999609,49.999999999996284,49.99999999999648,49.9999999999967,49.99999999999693,49.99999999999718,49.99999999999745
111180.0,49.99999999999488,49.99999999999488,49.9999999999949,49.99999999999493,49.99999999999497,49.99999999999502,49.99999999999509,49.99999999999517,49.99999999999526,49.99999999999537,49.99999999999548,49.999999999995616,49.99999999999576,49.99999999999592,49.99999999999609,49.999999999996284,49.99999999999648,49.9999999999967,49.99999999999693,49.99999999999718,49.99999999999745
111240.0,49.99999999999488,49.99999999999488,49.9999999999949,49.99999999999493,49.99999999999497,49.99999999999502,49.99999999999509,49.99999999999517,49.99999999999526,49.99999999999537,49.99999999999548,49.999999999995616,49.99999999999576,49.99999999999592,49.99999999999609,49.999999999996284,49.99999999999648,49.9999999999967,49.99999999999693,49.99999999999718,49.99999999999745
111300.0,49.99999999999488,49.99999999999488,49.9999999999949,49.99999999999493,49.99999999999497,49.99999999999502,49.99999999999509,49.99999999999517,49.99999999999526,49.99999999999537,49.99999999999548,49.999999999995616,49.99999999999576,49.99999999999592,49.99999999999609,49.999999999996284,49.99999999999648,49.9999999999967,49.99999999999693,49.99999999999718,49.99999999999745
111360.0,49.99999999999488,49.99999999999488,49.9999999999949,49.99999999999493,49.99999999999497,49.99999999999502,49.99999999999509,49.99999999999517,49.99999999999526,49.99999999999537,49.99999999999548,49.999999999995616,49.99999999999576,49.99999999999592,49.99999999999609,49.999999999996284,49.99999999999648,49.9999999999967,49.99999999999693,49.99999999999718,49.99999999999745
111420.0,49.99999999999488,49.99999999999488,49.9999999999949,49.99999999999493,49.99999999999497,49.99999999999502,49.99999999999509,49.99999999999517,49.99999999999526,49.99999999999537,49.99999999999548,49.999999999995616,49.99999999999576,49.99999999999592,49.99999999999609,49.999999999996284,49.99999999999648,49.9999999999967,49.99999999999693,49.99999999999718,49.99999999999745
111480.0,49.99999999999488,49.99999999999488,49.9999999999949,49.99999999999493,49.99999999999497,49.99999999999502,49.99999999999509,49.99999999999517,49.99999999999526,49.99999999999537,49.99999999999548,49.999999999995616,49.99999999999576,49.99999999999592,49.99999999999609,49.999999999996284,49.99999999999648,49.9999999999967,49.99999999999693,49.99999999999718,49.99999999999745
111540.0,49.99999999999488,49.99999999999488,49.9999999999949,49.99999999999493,49.99999999999497,49.99999999999502,49.99999999999509,49.99999999999517,49.99999999999526,49.99999999999537,49.99999999999548,49.999999999995616,49.99999999999576,49.99999999999592,49.99999999999609,49.999999999996284,49.99999999999648,49.9999999999967,49.99999999999693,49.99999999999718,49.99999999999745
111600.0,49.99999999999488,49.99999999999488,49.9999999999949,49.99999999999493,49.99999999999497,49.99999999999502,49.99999999999509,49.99999999999517,49.99999999999526,49.99999999999537,49.99999999999548,49.999999999995616,49.99999999999576,49.99999999999592,49.99999999999609,49.999999999996284,49.99999999999648,49.9999999999967,49.99999999999693,49.99999999999718,49.99999999999745
111660.0,49.99999999999488,49.99999999999488,49.9999999999949,49.99999999999493,49.99999999999497,49.99999999999502,49.99999999999509,49.99999999999517,49.99999999999526,49.99999999999537,49.99999999999548,49.999999999995616,49.99999999999576,49.99999999999592,49.99999999999609,49.999999999996284,49.99999999999648,49.9999999999967,49.99999999999693,49.99999999999718,49.99999999999745
111720.0,49.99999999999488,49.99999999999488,49.9999999999949,49.99999999999493,49.99999999999497,49.99999999999502,49.99999999999509,49.99999999999517,49.99999999999526,49.99999999999537,49.99999999999548,49.999999999995616,49.99999999999576,49.99999999999592,49.99999999999609,49.999999999996284,49.99999999999648,49.9999999999967,49.99999999999693,49.99999999999718,49.99999999999745
111780.0,49.99999999999488,49.99999999999488,49.9999999999949,49.99999999999493,49.99999999999497,49.99999999999502,49.99999999999509,49.99999999999517,49.99999999999526,49.99999999999537,49.99999999999548,49.999999999995616,49.99999999999576,49.99999999999592,49.99999999999609,49.999999999996284,49.99999999999648,49.9999999999967,49.99999999999693,49.99999999999718,49.99999999999745
111840.0,49.99999999999488,49.99999999999488,49.9999999999949,49.99999999999493,49.99999999999497,49.99999999999502,49.99999999999509,49.99999999999517,49.99999999999526,49.99999999999537,49.99999999999548,49.999999999995616,49.99999999999576,49.99999999999592,49.99999999999609,49.999999999996284,49.99999999999648,49.9999999999967,49.99999999999693,49.99999999999718,49.99999999999745
111900.0,49.99999999999488,49.99999999999488,49.9999999999949,49.99999999999493,49.99999999999497,49.99999999999502,49.99999999999509,49.99999999999517,49.99999999999526,49.99999999999537,49.99999999999548,49.999999999995616,49.99999999999576,49.99999999999592,49.99999999999609,49.999999999996284,49.99999999999648,49.9999999999967,49.99999999999693,49.99999999999718,49.99999999999745
111960.0,49.99999999999488,49.99999999999488,49.9999999999949,49.99999999999493,49.99999999999497,49.99999999999502,49.99999999999509,49.99999999999517,49.99999999999526,49.99999999999537,49.99999999999548,49.999999999995616,49.99999999999576,49.99999999999592,49.99999999999609,49.999999999996284,49.99999999999648,49.9999999999967,49.99999999999693,49.99999999999718,49.99999999999745
112020.0,49.99999999999488,49.99999999999488,49.9999999999949,49.99999999999493,49.99999999999497,49.99999999999502,49.99999999999509,49.99999999999517,49.99999999999526,49.99999999999537,49.99999999999548,49.999999999995616,49.99999999999576,49.99999999999592,49.99999999999609,49.999999999996284,49.99999999999648,49.9999999999967,49.99999999999693,49.99999999999718,49.99999999999745
112080.0,49.99999999999488,49.99999999999488,49.9999999999949,49.99999999999493,49.99999999999497,49.99999999999502,49.99999999999509,49.99999999999517,49.99999999999526,49.99999999999537,49.99999999999548,49.999999999995616,49.99999999999576,49.99999999999592,49.99999999999609,49.999999999996284,49.99999999999648,49.9999999999967,49.99999999999693,49.99999999999718,49.99999999999745
112140.0,49.99999999999488,49.99999999999488,49.9999999999949,49.99999999999493,49.99999999999497,49.99999999999502,49.99999999999509,49.99999999999517,49.99999999999526,49.99999999999537,49.99999999999548,49.999999999995616,49.99999999999576,49.99999999999592,49.99999999999609,49.999999999996284,49.99999999999648,49.9999999999967,49.99999999999693,49.99999999999718,49.99999999999745
112200.0,49.99999999999488,49.99999999999488,49.9999999999949,49.99999999999493,49.99999999999497,49.99999999999502,49.99999999999509,49.99999999999517,49.99999999999526,49.99999999999537,49.99999999999548,49.999999999995616,49.99999999999576,49.99999999999592,49.99999999999609,49.999999999996284,49.99999999999648,49.9999999999967,49.99999999999693,49.99999999999718,49.99999999999745
112260.0,49.99999999999488,49.99999999999488,49.9999999999949,49.99999999999493,49.99999999999497,49.99999999999502,49.99999999999509,49.99999999999517,49.99999999999526,49.99999999999537,49.99999999999548,49.999999999995616,49.99999999999576,49.99999999999592,49.99999999999609,49.999999999996284,49.99999999999648,49.9999999999967,49.99999999999693,49.99999999999718,49.99999999999745
112320.0,49.99999999999488,49.99999999999488,49.9999999999949,49.99999999999493,49.99999999999497,49.99999999999502,49.99999999999509,49.99999999999517,49.99999999999526,49.99999999999537,49.99999999999548,49.999999999995616,49.99999999999576,49.99999999999592,49.99999999999609,49.999999999996284,49.99999999999648,49.9999999999967,49.99999999999693,49.99999999999718,49.99999999999745
112380.0,49.99999999999488,49.99999999999488,49.9999999999949,49.99999999999493,49.99999999999497,49.99999999999502,49.99999999999509,49.99999999999517,49.99999999999526,49.99999999999537,49.99999999999548,49.999999999995616,49.99999999999576,49.99999999999592,49.99999999999609,49.999999999996284,49.99999999999648,49.9999999999967,49.99999999999693,49.99999999999718,49.99999999999745
112440.0,49.99999999999488,49.99999999999488,49.9999999999949,49.99999999999493,49.99999999999497,49.99999999999502,49.99999999999509,49.99999999999517,49.99999999999526,49.99999999999537,49.99999999999548,49.999999999995616,49.99999999999576,49.99999999999592,49.99999999999609,49.999999999996284,49.99999999999648,49.9999999999967,49.99999999999693,49.99999999999718,49.99999999999745
112500.0,49.99999999999488,49.99999999999488,49.9999999999949,49.99999999999493,49.99999999999497,49.99999999999502,49.99999999999509,49.99999999999517,49.99999999999526,49.99999999999537,49.99999999999548,49.999999999995616,49.99999999999576,49.99999999999592,49.99999999999609,49.999999999996284,49.99999999999648,49.9999999999967,49.99999999999693,49.99999999999718,49.99999999999745
112560.0,49.99999999999488,49.99999999999488,49.9999999999949,49.99999999999493,49.99999999999497,49.99999999999502,49.99999999999509,49.99999999999517,49.99999999999526,49.99999999999537,49.99999999999548,49.999999999995616,49.99999999999576,49.99999999999592,49.99999999999609,49.999999999996284,49.99999999999648,49.9999999999967,49.99999999999693,49.99999999999718,49.99999999999745
112620.0,49.99999999999488,49.99999999999488,49.9999999999949,49.99999999999493,49.99999999999497,49.99999999999502,49.99999999999509,49.99999999999517,49.99999999999526,49.99999999999537,49.99999999999548,49.999999999995616,49.99999999999576,49.99999999999592,49.99999999999609,49.999999999996284,49.99999999999648,49.9999999999967,49.99999999999693,49.99999999999718,49.99999999999745
112680.0,49.99999999999488,49.99999999999488,49.9999999999949,49.99999999999493,49.99999999999497,49.99999999999502,49.99999999999509,49.99999999999517,49.99999999999526,49.99999999999537,49.99999999999548,49.999999999995616,49.99999999999576,49.99999999999592,49.99999999999609,49.999999999996284,49.99999999999648,49.9999999999967,49.99999999999693,49.99999999999718,49.99999999999745
112740.0,49.99999999999488,49.99999999999488,49.9999999999949,49.99999999999493,49.99999999999497,49.99999999999502,49.99999999999509,49.99999999999517,49.99999999999526,49.99999999999537,49.99999999999548,49.999999999995616,49.99999999999576,49.99999999999592,49.99999999999609,49.999999999996284,49.99999999999648,49.9999999999967,49.99999999999693,49.99999999999718,49.99999999999745
112800.0,49.99999999999488,49.99999999999488,49.9999999999949,49.99999999999493,49.99999999999497,49.99999999999502,49.99999999999509,49.99999999999517,49.99999999999526,49.99999999999537,49.99999999999548,49.999999999995616,49.99999999999576,49.99999999999592,49.99999999999609,49.999999999996284,49.99999999999648,49.9999999999967,49.99999999999693,49.99999999999718,49.99999999999745
112860.0,49.99999999999488,49.99999999999488,49.9999999999949,49.99999999999493,49.99999999999497,49.99999999999502,49.99999999999509,49.99999999999517,49.99999999999526,49.99999999999537,49.99999999999548,49.999999999995616,49.99999999999576,49.99999999999592,49.99999999999609,49.999999999996284,49.99999999999648,49.9999999999967,49.99999999999693,49.99999999999718,49.99999999999745
112920.0,49.99999999999488,49.99999999999488,49.9999999999949,49.99999999999493,49.99999999999497,49.99999999999502,49.99999999999509,49.99999999999517,49.99999999999526,49.99999999999537,49.99999999999548,49.999999999995616,49.99999999999576,49.99999999999592,49.99999999999609,49.999999999996284,49.99999999999648,49.9999999999967,49.99999999999693,49.99999999999718,49.99999999999745
112980.0,49.99999999999488,49.99999999999488,49.9999999999949,49.99999999999493,49.99999999999497,49.99999999999502,49.99999999999509,49.99999999999517,49.99999999999526,49.99999999999537,49.99999999999548,49.999999999995616,49.99999999999576,49.99999999999592,49.99999999999609,49.999999999996284,49.99999999999648,49.9999999999967,49.99999999999693,49.99999999999718,49.99999999999745
113040.0,49.99999999999488,49.99999999999488,49.9999999999949,49.99999999999493,49.99999999999497,49.99999999999502,49.99999999999509,49.99999999999517,49.99999999999526,49.99999999999537,49.99999999999548,49.999999999995616,49.99999999999576,49.99999999999592,49.99999999999609,49.999999999996284,49.99999999999648,49.9999999999967,49.99999999999693,49.99999999999718,49.99999999999745
113100.0,49.99999999999488,49.99999999999488,49.9999999999949,49.99999999999493,49.99999999999497,49.99999999999502,49.99999999999509,49.99999999999517,49.99999999999526,49.99999999999537,49.99999999999548,49.999999999995616,49.99999999999576,49.99999999999592,49.99999999999609,49.999999999996284,49.99999999999648,49.9999999999967,49.99999999999693,49.99999999999718,49.99999999999745
113160.0,49.99999999999488,49.99999999999488,49.9999999999949,49.99999999999493,49.99999999999497,49.99999999999502,49.99999999999509,49.99999999999517,49.99999999999526,49.99999999999537,49.99999999999548,49.999999999995616,49.99999999999576,49.99999999999592,49.99999999999609,49.999999999996284,49.99999999999648,49.9999999999967,49.99999999999693,49.99999999999718,49.99999999999745
113220.0,49.99999999999488,49.99999999999488,49.9999999999949,49.99999999999493,49.99999999999497,49.99999999999502,49.99999999999509,49.99999999999517,49.99999999999526,49.99999999999537,49.99999999999548,49.999999999995616,49.99999999999576,49.99999999999592,49.99999999999609,49.999999999996284,49.99999999999648,49.9999999999967,49.99999999999693,49.99999999999718,49.99999999999745
113280.0,49.99999999999488,49.99999999999488,49.9999999999949,49.99999999999493,49.99999999999497,49.99999999999502,49.99999999999509,49.99999999999517,49.99999999999526,49.99999999999537,49.99999999999548,49.999999999995616,49.99999999999576,49.99999999999592,49.99999999999609,49.999999999996284,49.99999999999648,49.9999999999967,49.99999999999693,49.99999999999718,49.99999999999745
113340.0,49.99999999999488,49.99999999999488,49.9999999999949,49.99999999999493,49.99999999999497,49.99999999999502,49.99999999999509,49.99999999999517,49.99999999999526,49.99999999999537,49.99999999999548,49.999999999995616,49.99999999999576,49.99999999999592,49.99999999999609,49.999999999996284,49.99999999999648,49.9999999999967,49.99999999999693,49.99999999999718,49.99999999999745
113400.0,49.99999999999488,49.99999999999488,49.9999999999949,49.99999999999493,49.99999999999497,49.99999999999502,49.99999999999509,49.99999999999517,49.99999999999526,49.99999999999537,49.99999999999548,49.999999999995616,49.99999999999576,49.99999999999592,49.99999999999609,49.999999999996284,49.99999999999648,49.9999999999967,49.99999999999693,49.99999999999718,49.99999999999745
113460.0,49.99999999999488,49.99999999999488,49.9999999999949,49.99999999999493,49.99999999999497,49.99999999999502,49.99999999999509,49.99999999999517,49.99999999999526,49.99999999999537,49.99999999999548,49.999999999995616,49.99999999999576,49.99999999999592,49.99999999999609,49.999999999996284,49.99999999999648,49.9999999999967,49.99999999999693,49.99999999999718,49.99999999999745
113520.0,49.99999999999488,49.99999999999488,49.9999999999949,49.99999999999493,49.99999999999497,49.99999999999502,49.99999999999509,49.99999999999517,49.99999999999526,49.99999999999537,49.99999999999548,49.999999999995616,49.99999999999576,49.99999999999592,49.99999999999609,49.999999999996284,49.99999999999648,49.9999999999967,49.99999999999693,49.99999999999718,49.99999999999745
113580.0,49.99999999999488,49.99999999999488,49.9999999999949,49.99999999999493,49.99999999999497,49.99999999999502,49.99999999999509,49.99999999999517,49.99999999999526,49.99999999999537,49.99999999999548,49.999999999995616,49.99999999999576,49.99999999999592,49.99999999999609,49.999999999996284,49.99999999999648,49.9999999999967,49.99999999999693,49.99999999999718,49.99999999999745
113640.0,49.99999999999488,49.99999999999488,49.9999999999949,49.99999999999493,49.99999999999497,49.99999999999502,49.99999999999509,49.99999999999517,49.99999999999526,49.99999999999537,49.99999999999548,49.999999999995616,49.99999999999576,49.99999999999592,49.99999999999609,49.999999999996284,49.99999999999648,49.9999999999967,49.99999999999693,49.99999999999718,49.99999999999745
113700.0,49.99999999999488,49.99999999999488,49.9999999999949,49.99999999999493,49.99999999999497,49.99999999999502,49.99999999999509,49.99999999999517,49.99999999999526,49.99999999999537,49.99999999999548,49.999999999995616,49.99999999999576,49.99999999999592,49.99999999999609,49.999999999996284,49.99999999999648,49.9999999999967,49.99999999999693,49.99999999999718,49.99999999999745
113760.0,49.99999999999488,49.99999999999488,49.9999999999949,49.99999999999493,49.99999999999497,49.99999999999502,49.99999999999509,49.99999999999517,49.99999999999526,49.99999999999537,49.99999999999548,49.999999999995616,49.99999999999576,49.99999999999592,49.99999999999609,49.999999999996284,49.99999999999648,49.9999999999967,49.99999999999693,49.99999999999718,49.99999999999745
113820.0,49.99999999999488,49.99999999999488,49.9999999999949,49.99999999999493,49.99999999999497,49.99999999999502,49.99999999999509,49.99999999999517,49.99999999999526,49.99999999999537,49.99999999999548,49.999999999995616,49.99999999999576,49.99999999999592,49.99999999999609,49.999999999996284,49.99999999999648,49.9999999999967,49.99999999999693,49.99999999999718,49.99999999999745
113880.0,49.99999999999488,49.99999999999488,49.9999999999949,49.99999999999493,49.99999999999497,49.99999999999502,49.99999999999509,49.99999999999517,49.99999999999526,49.99999999999537,49.99999999999548,49.999999999995616,49.99999999999576,49.99999999999592,49.99999999999609,49.999999999996284,49.99999999999648,49.9999999999967,49.99999999999693,49.99999999999718,49.99999999999745
113940.0,49.99999999999488,49.99999999999488,49.9999999999949,49.99999999999493,49.99999999999497,49.99999999999502,49.99999999999509,49.99999999999517,49.99999999999526,49.99999999999537,49.99999999999548,49.999999999995616,49.99999999999576,49.99999999999592,49.99999999999609,49.999999999996284,49.99999999999648,49.9999999999967,49.99999999999693,49.99999999999718,49.99999999999745
114000.0,49.99999999999488,49.99999999999488,49.9999999999949,49.99999999999493,49.99999999999497,49.99999999999502,49.99999999999509,49.99999999999517,49.99999999999526,49.99999999999537,49.99999999999548,49.999999999995616,49.99999999999576,49.99999999999592,49.99999999999609,49.999999999996284,49.99999999999648,49.9999999999967,49.99999999999693,49.99999999999718,49.99999999999745
114060.0,49.99999999999488,49.99999999999488,49.9999999999949,49.99999999999493,49.99999999999497,49.99999999999502,49.99999999999509,49.99999999999517,49.99999999999526,49.99999999999537,49.99999999999548,49.999999999995616,49.99999999999576,49.99999999999592,49.99999999999609,49.999999999996284,49.99999999999648,49.9999999999967,49.99999999999693,49.99999999999718,49.99999999999745
114120.0,49.99999999999488,49.99999999999488,49.9999999999949,49.99999999999493,49.99999999999497,49.99999999999502,49.99999999999509,49.99999999999517,49.99999999999526,49.99999999999537,49.99999999999548,49.999999999995616,49.99999999999576,49.99999999999592,49.99999999999609,49.999999999996284,49.99999999999648,49.9999999999967,49.99999999999693,49.99999999999718,49.99999999999745
114180.0,49.99999999999488,49.99999999999488,49.9999999999949,49.99999999999493,49.99999999999497,49.99999999999502,49.99999999999509,49.99999999999517,49.99999999999526,49.99999999999537,49.99999999999548,49.999999999995616,49.99999999999576,49.99999999999592,49.99999999999609,49.999999999996284,49.99999999999648,49.9999999999967,49.99999999999693,49.99999999999718,49.99999999999745
114240.0,49.99999999999488,49.99999999999488,49.9999999999949,49.99999999999493,49.99999999999497,49.99999999999502,49.99999999999509,49.99999999999517,49.99999999999526,49.99999999999537,49.99999999999548,49.999999999995616,49.99999999999576,49.99999999999592,49.99999999999609,49.999999999996284,49.99999999999648,49.9999999999967,49.99999999999693,49.99999999999718,49.99999999999745
114300.0,49.99999999999488,49.99999999999488,49.9999999999949,49.99999999999493,49.99999999999497,49.99999999999502,49.99999999999509,49.99999999999517,49.99999999999526,49.99999999999537,49.99999999999548,49.999999999995616,49.99999999999576,49.99999999999592,49.99999999999609,49.999999999996284,49.99999999999648,49.9999999999967,49.99999999999693,49.99999999999718,49.99999999999745
114360.0,49.99999999999488,49.99999999999488,49.9999999999949,49.99999999999493,49.99999999999497,49.99999999999502,49.99999999999509,49.99999999999517,49.99999999999526,49.99999999999537,49.99999999999548,49.999999999995616,49.99999999999576,49.99999999999592,49.99999999999609,49.999999999996284,49.99999999999648,49.9999999999967,49.99999999999693,49.99999999999718,49.99999999999745
114420.0,49.99999999999488,49.99999999999488,49.9999999999949,49.99999999999493,49.99999999999497,49.99999999999502,49.99999999999509,49.99999999999517,49.99999999999526,49.99999999999537,49.99999999999548,49.999999999995616,49.99999999999576,49.99999999999592,49.99999999999609,49.999999999996284,49.99999999999648,49.9999999999967,49.99999999999693,49.99999999999718,49.99999999999745
114480.0,49.99999999999488,49.99999999999488,49.9999999999949,49.99999999999493,49.99999999999497,49.99999999999502,49.99999999999509,49.99999999999517,49.99999999999526,49.99999999999537,49.99999999999548,49.999999999995616,49.99999999999576,49.99999999999592,49.99999999999609,49.999999999996284,49.99999999999648,49.9999999999967,49.99999999999693,49.99999999999718,49.99999999999745
114540.0,49.99999999999488,49.99999999999488,49.9999999999949,49.99999999999493,49.99999999999497,49.99999999999502,49.99999999999509,49.99999999999517,49.99999999999526,49.99999999999537,49.99999999999548,49.999999999995616,49.99999999999576,49.99999999999592,49.99999999999609,49.999999999996284,49.99999999999648,49.9999999999967,49.99999999999693,49.99999999999718,49.99999999999745
114600.0,49.99999999999488,49.99999999999488,49.9999999999949,49.99999999999493,49.99999999999497,49.99999999999502,49.99999999999509,49.99999999999517,49.99999999999526,49.99999999999537,49.99999999999548,49.999999999995616,49.99999999999576,49.99999999999592,49.99999999999609,49.999999999996284,49.99999999999648,49.9999999999967,49.99999999999693,49.99999999999718,49.99999999999745
114660.0,49.99999999999488,49.99999999999488,49.9999999999949,49.99999999999493,49.99999999999497,49.99999999999502,49.99999999999509,49.99999999999517,49.99999999999526,49.99999999999537,49.99999999999548,49.999999999995616,49.99999999999576,49.99999999999592,49.99999999999609,49.999999999996284,49.99999999999648,49.9999999999967,49.99999999999693,49.99999999999718,49.99999999999745
114720.0,49.99999999999488,49.99999999999488,49.9999999999949,49.99999999999493,49.99999999999497,49.99999999999502,49.99999999999509,49.99999999999517,49.99999999999526,49.99999999999537,49.99999999999548,49.999999999995616,49.99999999999576,49.99999999999592,49.99999999999609,49.999999999996284,49.99999999999648,49.9999999999967,49.99999999999693,49.99999999999718,49.99999999999745
114780.0,49.99999999999488,49.99999999999488,49.9999999999949,49.99999999999493,49.99999999999497,49.99999999999502,49.99999999999509,49.99999999999517,49.99999999999526,49.99999999999537,49.99999999999548,49.999999999995616,49.99999999999576,49.99999999999592,49.99999999999609,49.999999999996284,49.99999999999648,49.9999999999967,49.99999999999693,49.99999999999718,49.99999999999745
114840.0,49.99999999999488,49.99999999999488,49.9999999999949,49.99999999999493,49.99999999999497,49.99999999999502,49.99999999999509,49.99999999999517,49.99999999999526,49.99999999999537,49.99999999999548,49.999999999995616,49.99999999999576,49.99999999999592,49.99999999999609,49.999999999996284,49.99999999999648,49.9999999999967,49.99999999999693,49.99999999999718,49.99999999999745
114900.0,49.99999999999488,49.99999999999488,49.9999999999949,49.99999999999493,49.99999999999497,49.99999999999502,49.99999999999509,49.99999999999517,49.99999999999526,49.99999999999537,49.99999999999548,49.999999999995616,49.99999999999576,49.99999999999592,49.99999999999609,49.999999999996284,49.99999999999648,49.9999999999967,49.99999999999693,49.99999999999718,49.99999999999745
114960.0,49.99999999999488,49.99999999999488,49.9999999999949,49.99999999999493,49.99999999999497,49.99999999999502,49.99999999999509,49.99999999999517,49.99999999999526,49.99999999999537,49.99999999999548,49.999999999995616,49.99999999999576,49.99999999999592,49.99999999999609,49.999999999996284,49.99999999999648,49.9999999999967,49.99999999999693,49.99999999999718,49.99999999999745
115020.0,49.99999999999488,49.99999999999488,49.9999999999949,49.99999999999493,49.99999999999497,49.99999999999502,49.99999999999509,49.99999999999517,49.99999999999526,49.99999999999537,49.99999999999548,49.999999999995616,49.99999999999576,49.99999999999592,49.99999999999609,49.999999999996284,49.99999999999648,49.9999999999967,49.99999999999693,49.99999999999718,49.99999999999745
115080.0,49.99999999999488,49.99999999999488,49.9999999999949,49.99999999999493,49.99999999999497,49.99999999999502,49.99999999999509,49.99999999999517,49.99999999999526,49.99999999999537,49.99999999999548,49.999999999995616,49.99999999999576,49.99999999999592,49.99999999999609,49.999999999996284,49.99999999999648,49.9999999999967,49.99999999999693,49.99999999999718,49.99999999999745
115140.0,49.99999999999488,49.99999999999488,49.9999999999949,49.99999999999493,49.99999999999497,49.99999999999502,49.99999999999509,49.99999999999517,49.99999999999526,49.99999999999537,49.99999999999548,49.999999999995616,49.99999999999576,49.99999999999592,49.99999999999609,49.999999999996284,49.99999999999648,49.9999999999967,49.99999999999693,49.99999999999718,49.99999999999745
115200.0,49.99999999999488,49.99999999999488,49.9999999999949,49.99999999999493,49.99999999999497,49.99999999999502,49.99999999999509,49.99999999999517,49.99999999999526,49.99999999999537,49.99999999999548,49.999999999995616,49.99999999999576,49.99999999999592,49.99999999999609,49.999999999996284,49.99999999999648,49.9999999999967,49.99999999999693,49.99999999999718,49.99999999999745
115260.0,49.99999999999488,49.99999999999488,49.9999999999949,49.99999999999493,49.99999999999497,49.99999999999502,49.99999999999509,49.99999999999517,49.99999999999526,49.99999999999537,49.99999999999548,49.999999999995616,49.99999999999576,49.99999999999592,49.99999999999609,49.999999999996284,49.99999999999648,49.9999999999967,49.99999999999693,49.99999999999718,49.99999999999745
115320.0,49.99999999999488,49.99999999999488,49.9999999999949,49.99999999999493,49.99999999999497,49.99999999999502,49.99999999999509,49.99999999999517,49.99999999999526,49.99999999999537,49.99999999999548,49.999999999995616,49.99999999999576,49.99999999999592,49.99999999999609,49.999999999996284,49.99999999999648,49.9999999999967,49.99999999999693,49.99999999999718,49.99999999999745
115380.0,49.99999999999488,49.99999999999488,49.9999999999949,49.99999999999493,49.99999999999497,49.99999999999502,49.99999999999509,49.99999999999517,49.99999999999526,49.99999999999537,49.99999999999548,49.999999999995616,49.99999999999576,49.99999999999592,49.99999999999609,49.999999999996284,49.99999999999648,49.9999999999967,49.99999999999693,49.99999999999718,49.99999999999745
115440.0,49.99999999999488,49.99999999999488,49.9999999999949,49.99999999999493,49.99999999999497,49.99999999999502,49.99999999999509,49.99999999999517,49.99999999999526,49.99999999999537,49.99999999999548,49.999999999995616,49.99999999999576,49.99999999999592,49.99999999999609,49.999999999996284,49.99999999999648,49.9999999999967,49.99999999999693,49.99999999999718,49.99999999999745
115500.0,49.99999999999488,49.99999999999488,49.9999999999949,49.99999999999493,49.99999999999497,49.99999999999502,49.99999999999509,49.99999999999517,49.99999999999526,49.99999999999537,49.99999999999548,49.999999999995616,49.99999999999576,49.99999999999592,49.99999999999609,49.999999999996284,49.99999999999648,49.9999999999967,49.99999999999693,49.99999999999718,49.99999999999745
115560.0,49.99999999999488,49.99999999999488,49.9999999999949,49.99999999999493,49.99999999999497,49.99999999999502,49.99999999999509,49.99999999999517,49.99999999999526,49.99999999999537,49.99999999999548,49.999999999995616,49.99999999999576,49.99999999999592,49.99999999999609,49.999999999996284,49.99999999999648,49.9999999999967,49.99999999999693,49.99999999999718,49.99999999999745
115620.0,49.99999999999488,49.99999999999488,49.9999999999949,49.99999999999493,49.99999999999497,49.99999999999502,49.99999999999509,49.99999999999517,49.99999999999526,49.99999999999537,49.99999999999548,49.999999999995616,49.99999999999576,49.99999999999592,49.99999999999609,49.999999999996284,49.99999999999648,49.9999999999967,49.99999999999693,49.99999999999718,49.99999999999745
115680.0,49.99999999999488,49.99999999999488,49.9999999999949,49.99999999999493,49.99999999999497,49.99999999999502,49.99999999999509,49.99999999999517,49.99999999999526,49.99999999999537,49.99999999999548,49.999999999995616,49.99999999999576,49.99999999999592,49.99999999999609,49.999999999996284,49.99999999999648,49.9999999999967,49.99999999999693,49.99999999999718,49.99999999999745
115740.0,49.99999999999488,49.99999999999488,49.9999999999949,49.99999999999493,49.99999999999497,49.99999999999502,49.99999999999509,49.99999999999517,49.99999999999526,49.99999999999537,49.99999999999548,49.999999999995616,49.99999999999576,49.99999999999592,49.99999999999609,49.999999999996284,49.99999999999648,49.9999999999967,49.99999999999693,49.99999999999718,49.99999999999745
115800.0,49.99999999999488,49.99999999999488,49.9999999999949,49.99999999999493,49.99999999999497,49.99999999999502,49.99999999999509,49.99999999999517,49.99999999999526,49.99999999999537,49.99999999999548,49.999999999995616,49.99999999999576,49.99999999999592,49.99999999999609,49.999999999996284,49.99999999999648,49.9999999999967,49.99999999999693,49.99999999999718,49.99999999999745
115860.0,49.99999999999488,49.99999999999488,49.9999999999949,49.99999999999493,49.99999999999497,49.99999999999502,49.99999999999509,49.99999999999517,49.99999999999526,49.99999999999537,49.99999999999548,49.999999999995616,49.99999999999576,49.99999999999592,49.99999999999609,49.999999999996284,49.99999999999648,49.9999999999967,49.99999999999693,49.99999999999718,49.99999999999745
115920.0,49.99999999999488,49.99999999999488,49.9999999999949,49.99999999999493,49.99999999999497,49.99999999999502,49.99999999999509,49.99999999999517,49.99999999999526,49.99999999999537,49.99999999999548,49.999999999995616,49.99999999999576,49.99999999999592,49.99999999999609,49.999999999996284,49.99999999999648,49.9999999999967,49.99999999999693,49.99999999999718,49.99999999999745
115980.0,49.99999999999488,49.99999999999488,49.9999999999949,49.99999999999493,49.99999999999497,49.99999999999502,49.99999999999509,49.99999999999517,49.99999999999526,49.99999999999537,49.99999999999548,49.999999999995616,49.99999999999576,49.99999999999592,49.99999999999609,49.999999999996284,49.99999999999648,49.9999999999967,49.99999999999693,49.99999999999718,49.99999999999745
116040.0,49.99999999999488,49.99999999999488,49.9999999999949,49.99999999999493,49.99999999999497,49.99999999999502,49.99999999999509,49.99999999999517,49.99999999999526,49.99999999999537,49.99999999999548,49.999999999995616,49.99999999999576,49.99999999999592,49.99999999999609,49.999999999996284,49.99999999999648,49.9999999999967,49.99999999999693,49.99999999999718,49.99999999999745
116100.0,49.99999999999488,49.99999999999488,49.9999999999949,49.99999999999493,49.99999999999497,49.99999999999502,49.99999999999509,49.99999999999517,49.99999999999526,49.99999999999537,49.99999999999548,49.999999999995616,49.99999999999576,49.99999999999592,49.99999999999609,49.999999999996284,49.99999999999648,49.9999999999967,49.99999999999693,49.99999999999718,49.99999999999745
116160.0,49.99999999999488,49.99999999999488,49.9999999999949,49.99999999999493,49.99999999999497,49.99999999999502,49.99999999999509,49.99999999999517,49.99999999999526,49.99999999999537,49.99999999999548,49.999999999995616,49.99999999999576,49.99999999999592,49.99999999999609,49.999999999996284,49.99999999999648,49.9999999999967,49.99999999999693,49.99999999999718,49.99999999999745
116220.0,49.99999999999488,49.99999999999488,49.9999999999949,49.99999999999493,49.99999999999497,49.99999999999502,49.99999999999509,49.99999999999517,49.99999999999526,49.99999999999537,49.99999999999548,49.999999999995616,49.99999999999576,49.99999999999592,49.99999999999609,49.999999999996284,49.99999999999648,49.9999999999967,49.99999999999693,49.99999999999718,49.99999999999745
116280.0,49.99999999999488,49.99999999999488,49.9999999999949,49.99999999999493,49.99999999999497,49.99999999999502,49.99999999999509,49.99999999999517,49.99999999999526,49.99999999999537,49.99999999999548,49.999999999995616,49.99999999999576,49.99999999999592,49.99999999999609,49.999999999996284,49.99999999999648,49.9999999999967,49.99999999999693,49.99999999999718,49.99999999999745
116340.0,49.99999999999488,49.99999999999488,49.9999999999949,49.99999999999493,49.99999999999497,49.99999999999502,49.99999999999509,49.99999999999517,49.99999999999526,49.99999999999537,49.99999999999548,49.999999999995616,49.99999999999576,49.99999999999592,49.99999999999609,49.999999999996284,49.99999999999648,49.9999999999967,49.99999999999693,49.99999999999718,49.99999999999745
116400.0,49.99999999999488,49.99999999999488,49.9999999999949,49.99999999999493,49.99999999999497,49.99999999999502,49.99999999999509,49.99999999999517,49.99999999999526,49.99999999999537,49.99999999999548,49.999999999995616,49.99999999999576,49.99999999999592,49.99999999999609,49.999999999996284,49.99999999999648,49.9999999999967,49.99999999999693,49.99999999999718,49.99999999999745
116460.0,49.99999999999488,49.99999999999488,49.9999999999949,49.99999999999493,49.99999999999497,49.99999999999502,49.99999999999509,49.99999999999517,49.99999999999526,49.99999999999537,49.99999999999548,49.999999999995616,49.99999999999576,49.99999999999592,49.99999999999609,49.999999999996284,49.99999999999648,49.9999999999967,49.99999999999693,49.99999999999718,49.99999999999745
116520.0,49.99999999999488,49.99999999999488,49.9999999999949,49.99999999999493,49.99999999999497,49.99999999999502,49.99999999999509,49.99999999999517,49.99999999999526,49.99999999999537,49.99999999999548,49.999999999995616,49.99999999999576,49.99999999999592,49.99999999999609,49.999999999996284,49.99999999999648,49.9999999999967,49.99999999999693,49.99999999999718,49.99999999999745
116580.0,49.99999999999488,49.99999999999488,49.9999999999949,49.99999999999493,49.99999999999497,49.99999999999502,49.99999999999509,49.99999999999517,49.99999999999526,49.99999999999537,49.99999999999548,49.999999999995616,49.99999999999576,49.99999999999592,49.99999999999609,49.999999999996284,49.99999999999648,49.9999999999967,49.99999999999693,49.99999999999718,49.99999999999745
116640.0,49.99999999999488,49.99999999999488,49.9999999999949,49.99999999999493,49.99999999999497,49.99999999999502,49.99999999999509,49.99999999999517,49.99999999999526,49.99999999999537,49.99999999999548,49.999999999995616,49.99999999999576,49.99999999999592,49.99999999999609,49.999999999996284,49.99999999999648,49.9999999999967,49.99999999999693,49.99999999999718,49.99999999999745
116700.0,49.99999999999488,49.99999999999488,49.9999999999949,49.99999999999493,49.99999999999497,49.99999999999502,49.99999999999509,49.99999999999517,49.99999999999526,49.99999999999537,49.99999999999548,49.999999999995616,49.99999999999576,49.99999999999592,49.99999999999609,49.999999999996284,49.99999999999648,49.9999999999967,49.99999999999693,49.99999999999718,49.99999999999745
116760.0,49.99999999999488,49.99999999999488,49.9999999999949,49.99999999999493,49.99999999999497,49.99999999999502,49.99999999999509,49.99999999999517,49.99999999999526,49.99999999999537,49.99999999999548,49.999999999995616,49.99999999999576,49.99999999999592,49.99999999999609,49.999999999996284,49.99999999999648,49.9999999999967,49.99999999999693,49.99999999999718,49.99999999999745
116820.0,49.99999999999488,49.99999999999488,49.9999999999949,49.99999999999493,49.99999999999497,49.99999999999502,49.99999999999509,49.99999999999517,49.99999999999526,49.99999999999537,49.99999999999548,49.999999999995616,49.99999999999576,49.99999999999592,49.99999999999609,49.999999999996284,49.99999999999648,49.9999999999967,49.99999999999693,49.99999999999718,49.99999999999745
116880.0,49.99999999999488,49.99999999999488,49.9999999999949,49.99999999999493,49.99999999999497,49.99999999999502,49.99999999999509,49.99999999999517,49.99999999999526,49.99999999999537,49.99999999999548,49.999999999995616,49.99999999999576,49.99999999999592,49.99999999999609,49.999999999996284,49.99999999999648,49.9999999999967,49.99999999999693,49.99999999999718,49.99999999999745
116940.0,49.99999999999488,49.99999999999488,49.9999999999949,49.99999999999493,49.99999999999497,49.99999999999502,49.99999999999509,49.99999999999517,49.99999999999526,49.99999999999537,49.99999999999548,49.999999999995616,49.99999999999576,49.99999999999592,49.99999999999609,49.999999999996284,49.99999999999648,49.9999999999967,49.99999999999693,49.99999999999718,49.99999999999745
117000.0,49.99999999999488,49.99999999999488,49.9999999999949,49.99999999999493,49.99999999999497,49.99999999999502,49.99999999999509,49.99999999999517,49.99999999999526,49.99999999999537,49.99999999999548,49.999999999995616,49.99999999999576,49.99999999999592,49.99999999999609,49.999999999996284,49.99999999999648,49.9999999999967,49.99999999999693,49.99999999999718,49.99999999999745
117060.0,49.99999999999488,49.99999999999488,49.9999999999949,49.99999999999493,49.99999999999497,49.99999999999502,49.99999999999509,49.99999999999517,49.99999999999526,49.99999999999537,49.99999999999548,49.999999999995616,49.99999999999576,49.99999999999592,49.99999999999609,49.999999999996284,49.99999999999648,49.9999999999967,49.99999999999693,49.99999999999718,49.99999999999745
117120.0,49.99999999999488,49.99999999999488,49.9999999999949,49.99999999999493,49.99999999999497,49.99999999999502,49.99999999999509,49.99999999999517,49.99999999999526,49.99999999999537,49.99999999999548,49.999999999995616,49.99999999999576,49.99999999999592,49.99999999999609,49.999999999996284,49.99999999999648,49.9999999999967,49.99999999999693,49.99999999999718,49.99999999999745
117180.0,49.99999999999488,49.99999999999488,49.9999999999949,49.99999999999493,49.99999999999497,49.99999999999502,49.99999999999509,49.99999999999517,49.99999999999526,49.99999999999537,49.99999999999548,49.999999999995616,49.99999999999576,49.99999999999592,49.99999999999609,49.999999999996284,49.99999999999648,49.9999999999967,49.99999999999693,49.99999999999718,49.99999999999745
117240.0,49.99999999999488,49.99999999999488,49.9999999999949,49.99999999999493,49.99999999999497,49.99999999999502,49.99999999999509,49.99999999999517,49.99999999999526,49.99999999999537,49.99999999999548,49.999999999995616,49.99999999999576,49.99999999999592,49.99999999999609,49.999999999996284,49.99999999999648,49.9999999999967,49.99999999999693,49.99999999999718,49.99999999999745
117300.0,49.99999999999488,49.99999999999488,49.9999999999949,49.99999999999493,49.99999999999497,49.99999999999502,49.99999999999509,49.99999999999517,49.99999999999526,49.99999999999537,49.99999999999548,49.999999999995616,49.99999999999576,49.99999999999592,49.99999999999609,49.999999999996284,49.99999999999648,49.9999999999967,49.99999999999693,49.99999999999718,49.99999999999745
117360.0,49.99999999999488,49.99999999999488,49.9999999999949,49.99999999999493,49.99999999999497,49.99999999999502,49.99999999999509,49.99999999999517,49.99999999999526,49.99999999999537,49.99999999999548,49.999999999995616,49.99999999999576,49.99999999999592,49.99999999999609,49.999999999996284,49.99999999999648,49.9999999999967,49.99999999999693,49.99999999999718,49.99999999999745
117420.0,49.99999999999488,49.99999999999488,49.9999999999949,49.99999999999493,49.99999999999497,49.99999999999502,49.99999999999509,49.99999999999517,49.99999999999526,49.99999999999537,49.99999999999548,49.999999999995616,49.99999999999576,49.99999999999592,49.99999999999609,49.999999999996284,49.99999999999648,49.9999999999967,49.99999999999693,49.99999999999718,49.99999999999745
117480.0,49.99999999999488,49.99999999999488,49.9999999999949,49.99999999999493,49.99999999999497,49.99999999999502,49.99999999999509,49.99999999999517,49.99999999999526,49.99999999999537,49.99999999999548,49.999999999995616,49.99999999999576,49.99999999999592,49.99999999999609,49.999999999996284,49.99999999999648,49.9999999999967,49.99999999999693,49.99999999999718,49.99999999999745
117540.0,49.99999999999488,49.99999999999488,49.9999999999949,49.99999999999493,49.99999999999497,49.99999999999502,49.99999999999509,49.99999999999517,49.99999999999526,49.99999999999537,49.99999999999548,49.999999999995616,49.99999999999576,49.99999999999592,49.99999999999609,49.999999999996284,49.99999999999648,49.9999999999967,49.99999999999693,49.99999999999718,49.99999999999745
117600.0,49.99999999999488,49.99999999999488,49.9999999999949,49.99999999999493,49.99999999999497,49.99999999999502,49.99999999999509,49.99999999999517,49.99999999999526,49.99999999999537,49.99999999999548,49.999999999995616,49.99999999999576,49.99999999999592,49.99999999999609,49.999999999996284,49.99999999999648,49.9999999999967,49.99999999999693,49.99999999999718,49.99999999999745
117660.0,49.99999999999488,49.99999999999488,49.9999999999949,49.99999999999493,49.99999999999497,49.99999999999502,49.99999999999509,49.99999999999517,49.99999999999526,49.99999999999537,49.99999999999548,49.999999999995616,49.99999999999576,49.99999999999592,49.99999999999609,49.999999999996284,49.99999999999648,49.9999999999967,49.99999999999693,49.99999999999718,49.99999999999745
117720.0,49.99999999999488,49.99999999999488,49.9999999999949,49.99999999999493,49.99999999999497,49.99999999999502,49.99999999999509,49.99999999999517,49.99999999999526,49.99999999999537,49.99999999999548,49.999999999995616,49.99999999999576,49.99999999999592,49.99999999999609,49.999999999996284,49.99999999999648,49.9999999999967,49.99999999999693,49.99999999999718,49.99999999999745
117780.0,49.99999999999488,49.99999999999488,49.9999999999949,49.99999999999493,49.99999999999497,49.99999999999502,49.99999999999509,49.99999999999517,49.99999999999526,49.99999999999537,49.99999999999548,49.999999999995616,49.99999999999576,49.99999999999592,49.99999999999609,49.999999999996284,49.99999999999648,49.9999999999967,49.99999999999693,49.99999999999718,49.99999999999745
117840.0,49.99999999999488,49.99999999999488,49.9999999999949,49.99999999999493,49.99999999999497,49.99999999999502,49.99999999999509,49.99999999999517,49.99999999999526,49.99999999999537,49.99999999999548,49.999999999995616,49.99999999999576,49.99999999999592,49.99999999999609,49.999999999996284,49.99999999999648,49.9999999999967,49.99999999999693,49.99999999999718,49.99999999999745
117900.0,49.99999999999488,49.99999999999488,49.9999999999949,49.99999999999493,49.99999999999497,49.99999999999502,49.99999999999509,49.99999999999517,49.99999999999526,49.99999999999537,49.99999999999548,49.999999999995616,49.99999999999576,49.99999999999592,49.99999999999609,49.999999999996284,49.99999999999648,49.9999999999967,49.99999999999693,49.99999999999718,49.99999999999745
117960.0,49.99999999999488,49.99999999999488,49.9999999999949,49.99999999999493,49.99999999999497,49.99999999999502,49.99999999999509,49.99999999999517,49.99999999999526,49.99999999999537,49.99999999999548,49.999999999995616,49.99999999999576,49.99999999999592,49.99999999999609,49.999999999996284,49.99999999999648,49.9999999999967,49.99999999999693,49.99999999999718,49.99999999999745
118020.0,49.99999999999488,49.99999999999488,49.9999999999949,49.99999999999493,49.99999999999497,49.99999999999502,49.99999999999509,49.99999999999517,49.99999999999526,49.99999999999537,49.99999999999548,49.999999999995616,49.99999999999576,49.99999999999592,49.99999999999609,49.999999999996284,49.99999999999648,49.9999999999967,49.99999999999693,49.99999999999718,49.99999999999745
118080.0,49.99999999999488,49.99999999999488,49.9999999999949,49.99999999999493,49.99999999999497,49.99999999999502,49.99999999999509,49.99999999999517,49.99999999999526,49.99999999999537,49.99999999999548,49.999999999995616,49.99999999999576,49.99999999999592,49.99999999999609,49.999999999996284,49.99999999999648,49.9999999999967,49.99999999999693,49.99999999999718,49.99999999999745
118140.0,49.99999999999488,49.99999999999488,49.9999999999949,49.99999999999493,49.99999999999497,49.99999999999502,49.99999999999509,49.99999999999517,49.99999999999526,49.99999999999537,49.99999999999548,49.999999999995616,49.99999999999576,49.99999999999592,49.99999999999609,49.999999999996284,49.99999999999648,49.9999999999967,49.99999999999693,49.99999999999718,49.99999999999745
118200.0,49.99999999999488,49.99999999999488,49.9999999999949,49.99999999999493,49.99999999999497,49.99999999999502,49.99999999999509,49.99999999999517,49.99999999999526,49.99999999999537,49.99999999999548,49.999999999995616,49.99999999999576,49.99999999999592,49.99999999999609,49.999999999996284,49.99999999999648,49.9999999999967,49.99999999999693,49.99999999999718,49.99999999999745
118260.0,49.99999999999488,49.99999999999488,49.9999999999949,49.99999999999493,49.99999999999497,49.99999999999502,49.99999999999509,49.99999999999517,49.99999999999526,49.99999999999537,49.99999999999548,49.999999999995616,49.99999999999576,49.99999999999592,49.99999999999609,49.999999999996284,49.99999999999648,49.9999999999967,49.99999999999693,49.99999999999718,49.99999999999745
118320.0,49.99999999999488,49.99999999999488,49.9999999999949,49.99999999999493,49.99999999999497,49.99999999999502,49.99999999999509,49.99999999999517,49.99999999999526,49.99999999999537,49.99999999999548,49.999999999995616,49.99999999999576,49.99999999999592,49.99999999999609,49.999999999996284,49.99999999999648,49.9999999999967,49.99999999999693,49.99999999999718,49.99999999999745
118380.0,49.99999999999488,49.99999999999488,49.9999999999949,49.99999999999493,49.99999999999497,49.99999999999502,49.99999999999509,49.99999999999517,49.99999999999526,49.99999999999537,49.99999999999548,49.999999999995616,49.99999999999576,49.99999999999592,49.99999999999609,49.999999999996284,49.99999999999648,49.9999999999967,49.99999999999693,49.99999999999718,49.99999999999745
118440.0,49.99999999999488,49.99999999999488,49.9999999999949,49.99999999999493,49.99999999999497,49.99999999999502,49.99999999999509,49.99999999999517,49.99999999999526,49.99999999999537,49.99999999999548,49.999999999995616,49.99999999999576,49.99999999999592,49.99999999999609,49.999999999996284,49.99999999999648,49.9999999999967,49.99999999999693,49.99999999999718,49.99999999999745
118500.0,49.99999999999488,49.99999999999488,49.9999999999949,49.99999999999493,49.99999999999497,49.99999999999502,49.99999999999509,49.99999999999517,49.99999999999526,49.99999999999537,49.99999999999548,49.999999999995616,49.99999999999576,49.99999999999592,49.99999999999609,49.999999999996284,49.99999999999648,49.9999999999967,49.99999999999693,49.99999999999718,49.99999999999745
118560.0,49.99999999999488,49.99999999999488,49.9999999999949,49.99999999999493,49.99999999999497,49.99999999999502,49.99999999999509,49.99999999999517,49.99999999999526,49.99999999999537,49.99999999999548,49.999999999995616,49.99999999999576,49.99999999999592,49.99999999999609,49.999999999996284,49.99999999999648,49.9999999999967,49.99999999999693,49.99999999999718,49.99999999999745
118620.0,49.99999999999488,49.99999999999488,49.9999999999949,49.99999999999493,49.99999999999497,49.99999999999502,49.99999999999509,49.99999999999517,49.99999999999526,49.99999999999537,49.99999999999548,49.999999999995616,49.99999999999576,49.99999999999592,49.99999999999609,49.999999999996284,49.99999999999648,49.9999999999967,49.99999999999693,49.99999999999718,49.99999999999745
118680.0,49.99999999999488,49.99999999999488,49.9999999999949,49.99999999999493,49.99999999999497,49.99999999999502,49.99999999999509,49.99999999999517,49.99999999999526,49.99999999999537,49.99999999999548,49.999999999995616,49.99999999999576,49.99999999999592,49.99999999999609,49.999999999996284,49.99999999999648,49.9999999999967,49.99999999999693,49.99999999999718,49.99999999999745
118740.0,49.99999999999488,49.99999999999488,49.9999999999949,49.99999999999493,49.99999999999497,49.99999999999502,49.99999999999509,49.99999999999517,49.99999999999526,49.99999999999537,49.99999999999548,49.999999999995616,49.99999999999576,49.99999999999592,49.99999999999609,49.999999999996284,49.99999999999648,49.9999999999967,49.99999999999693,49.99999999999718,49.99999999999745
118800.0,49.99999999999488,49.99999999999488,49.9999999999949,49.99999999999493,49.99999999999497,49.99999999999502,49.99999999999509,49.99999999999517,49.99999999999526,49.99999999999537,49.99999999999548,49.999999999995616,49.99999999999576,49.99999999999592,49.99999999999609,49.999999999996284,49.99999999999648,49.9999999999967,49.99999999999693,49.99999999999718,49.99999999999745
118860.0,49.99999999999488,49.99999999999488,49.9999999999949,49.99999999999493,49.99999999999497,49.99999999999502,49.99999999999509,49.99999999999517,49.99999999999526,49.99999999999537,49.99999999999548,49.999999999995616,49.99999999999576,49.99999999999592,49.99999999999609,49.999999999996284,49.99999999999648,49.9999999999967,49.99999999999693,49.99999999999718,49.99999999999745
118920.0,49.99999999999488,49.99999999999488,49.9999999999949,49.99999999999493,49.99999999999497,49.99999999999502,49.99999999999509,49.99999999999517,49.99999999999526,49.99999999999537,49.99999999999548,49.999999999995616,49.99999999999576,49.99999999999592,49.99999999999609,49.999999999996284,49.99999999999648,49.9999999999967,49.99999999999693,49.99999999999718,49.99999999999745
118980.0,49.99999999999488,49.99999999999488,49.9999999999949,49.99999999999493,49.99999999999497,49.99999999999502,49.99999999999509,49.99999999999517,49.99999999999526,49.99999999999537,49.99999999999548,49.999999999995616,49.99999999999576,49.99999999999592,49.99999999999609,49.999999999996284,49.99999999999648,49.9999999999967,49.99999999999693,49.99999999999718,49.99999999999745
119040.0,49.99999999999488,49.99999999999488,49.9999999999949,49.99999999999493,49.99999999999497,49.99999999999502,49.99999999999509,49.99999999999517,49.99999999999526,49.99999999999537,49.99999999999548,49.999999999995616,49.99999999999576,49.99999999999592,49.99999999999609,49.999999999996284,49.99999999999648,49.9999999999967,49.99999999999693,49.99999999999718,49.99999999999745
119100.0,49.99999999999488,49.99999999999488,49.9999999999949,49.99999999999493,49.99999999999497,49.99999999999502,49.99999999999509,49.99999999999517,49.99999999999526,49.99999999999537,49.99999999999548,49.999999999995616,49.99999999999576,49.99999999999592,49.99999999999609,49.999999999996284,49.99999999999648,49.9999999999967,49.99999999999693,49.99999999999718,49.99999999999745
119160.0,49.99999999999488,49.99999999999488,49.9999999999949,49.99999999999493,49.99999999999497,49.99999999999502,49.99999999999509,49.99999999999517,49.99999999999526,49.99999999999537,49.99999999999548,49.999999999995616,49.99999999999576,49.99999999999592,49.99999999999609,49.999999999996284,49.99999999999648,49.9999999999967,49.99999999999693,49.99999999999718,49.99999999999745
119220.0,49.99999999999488,49.99999999999488,49.9999999999949,49.99999999999493,49.99999999999497,49.99999999999502,49.99999999999509,49.99999999999517,49.99999999999526,49.99999999999537,49.99999999999548,49.999999999995616,49.99999999999576,49.99999999999592,49.99999999999609,49.999999999996284,49.99999999999648,49.9999999999967,49.99999999999693,49.99999999999718,49.99999999999745
119280.0,49.99999999999488,49.99999999999488,49.9999999999949,49.99999999999493,49.99999999999497,49.99999999999502,49.99999999999509,49.99999999999517,49.99999999999526,49.99999999999537,49.99999999999548,49.999999999995616,49.99999999999576,49.99999999999592,49.99999999999609,49.999999999996284,49.99999999999648,49.9999999999967,49.99999999999693,49.99999999999718,49.99999999999745
119340.0,49.99999999999488,49.99999999999488,49.9999999999949,49.99999999999493,49.99999999999497,49.99999999999502,49.99999999999509,49.99999999999517,49.99999999999526,49.99999999999537,49.99999999999548,49.999999999995616,49.99999999999576,49.99999999999592,49.99999999999609,49.999999999996284,49.99999999999648,49.9999999999967,49.99999999999693,49.99999999999718,49.99999999999745
119400.0,49.99999999999488,49.99999999999488,49.9999999999949,49.99999999999493,49.99999999999497,49.99999999999502,49.99999999999509,49.99999999999517,49.99999999999526,49.99999999999537,49.99999999999548,49.999999999995616,49.99999999999576,49.99999999999592,49.99999999999609,49.999999999996284,49.99999999999648,49.9999999999967,49.99999999999693,49.99999999999718,49.99999999999745
119460.0,49.99999999999488,49.99999999999488,49.9999999999949,49.99999999999493,49.99999999999497,49.99999999999502,49.99999999999509,49.99999999999517,49.99999999999526,49.99999999999537,49.99999999999548,49.999999999995616,49.99999999999576,49.99999999999592,49.99999999999609,49.999999999996284,49.99999999999648,49.9999999999967,49.99999999999693,49.99999999999718,49.99999999999745
119520.0,49.99999999999488,49.99999999999488,49.9999999999949,49.99999999999493,49.99999999999497,49.99999999999502,49.99999999999509,49.99999999999517,49.99999999999526,49.99999999999537,49.99999999999548,49.999999999995616,49.99999999999576,49.99999999999592,49.99999999999609,49.999999999996284,49.99999999999648,49.9999999999967,49.99999999999693,49.99999999999718,49.99999999999745
119580.0,49.99999999999488,49.99999999999488,49.9999999999949,49.99999999999493,49.99999999999497,49.99999999999502,49.99999999999509,49.99999999999517,49.99999999999526,49.99999999999537,49.99999999999548,49.999999999995616,49.99999999999576,49.99999999999592,49.99999999999609,49.999999999996284,49.99999999999648,49.9999999999967,49.99999999999693,49.99999999999718,49.99999999999745
119640.0,49.99999999999488,49.99999999999488,49.9999999999949,49.99999999999493,49.99999999999497,49.99999999999502,49.99999999999509,49.99999999999517,49.99999999999526,49.99999999999537,49.99999999999548,49.999999999995616,49.99999999999576,49.99999999999592,49.99999999999609,49.999999999996284,49.99999999999648,49.9999999999967,49.99999999999693,49.99999999999718,49.99999999999745
119700.0,49.99999999999488,49.99999999999488,49.9999999999949,49.99999999999493,49.99999999999497,49.99999999999502,49.99999999999509,49.99999999999517,49.99999999999526,49.99999999999537,49.99999999999548,49.999999999995616,49.99999999999576,49.99999999999592,49.99999999999609,49.999999999996284,49.99999999999648,49.9999999999967,49.99999999999693,49.99999999999718,49.99999999999745
119760.0,49.99999999999488,49.99999999999488,49.9999999999949,49.99999999999493,49.99999999999497,49.99999999999502,49.99999999999509,49.99999999999517,49.99999999999526,49.99999999999537,49.99999999999548,49.999999999995616,49.99999999999576,49.99999999999592,49.99999999999609,49.999999999996284,49.99999999999648,49.9999999999967,49.99999999999693,49.99999999999718,49.99999999999745
119820.0,49.99999999999488,49.99999999999488,49.9999999999949,49.99999999999493,49.99999999999497,49.99999999999502,49.99999999999509,49.99999999999517,49.99999999999526,49.99999999999537,49.99999999999548,49.999999999995616,49.99999999999576,49.99999999999592,49.99999999999609,49.999999999996284,49.99999999999648,49.9999999999967,49.99999999999693,49.99999999999718,49.99999999999745
119880.0,49.99999999999488,49.99999999999488,49.9999999999949,49.99999999999493,49.99999999999497,49.99999999999502,49.99999999999509,49.99999999999517,49.99999999999526,49.99999999999537,49.99999999999548,49.999999999995616,49.99999999999576,49.99999999999592,49.99999999999609,49.999999999996284,49.99999999999648,49.9999999999967,49.99999999999693,49.99999999999718,49.99999999999745
119940.0,49.99999999999488,49.99999999999488,49.9999999999949,49.99999999999493,49.99999999999497,49.99999999999502,49.99999999999509,49.99999999999517,49.99999999999526,49.99999999999537,49.99999999999548,49.999999999995616,49.99999999999576,49.99999999999592,49.99999999999609,49.999999999996284,49.99999999999648,49.9999999999967,49.99999999999693,49.99999999999718,49.99999999999745
120000.0,49.99999999999488,49.99999999999488,49.9999999999949,49.99999999999493,49.99999999999497,49.99999999999502,49.99999999999509,49.99999999999517,49.99999999999526,49.99999999999537,49.99999999999548,49.999999999995616,49.99999999999576,49.99999999999592,49.99999999999609,49.999999999996284,49.99999999999648,49.9999999999967,49.99999999999693,49.99999999999718,49.99999999999745
120060.0,49.99999999999488,49.99999999999488,49.9999999999949,49.99999999999493,49.99999999999497,49.99999999999502,49.99999999999509,49.99999999999517,49.99999999999526,49.99999999999537,49.99999999999548,49.999999999995616,49.99999999999576,49.99999999999592,49.99999999999609,49.999999999996284,49.99999999999648,49.9999999999967,49.99999999999693,49.99999999999718,49.99999999999745
120120.0,49.99999999999488,49.99999999999488,49.9999999999949,49.99999999999493,49.99999999999497,49.99999999999502,49.99999999999509,49.99999999999517,49.99999999999526,49.99999999999537,49.99999999999548,49.999999999995616,49.99999999999576,49.99999999999592,49.99999999999609,49.999999999996284,49.99999999999648,49.9999999999967,49.99999999999693,49.99999999999718,49.99999999999745
120180.0,49.99999999999488,49.99999999999488,49.9999999999949,49.99999999999493,49.99999999999497,49.99999999999502,49.99999999999509,49.99999999999517,49.99999999999526,49.99999999999537,49.99999999999548,49.999999999995616,49.99999999999576,49.99999999999592,49.99999999999609,49.999999999996284,49.99999999999648,49.9999999999967,49.99999999999693,49.99999999999718,49.99999999999745
120240.0,49.99999999999488,49.99999999999488,49.9999999999949,49.99999999999493,49.99999999999497,49.99999999999502,49.99999999999509,49.99999999999517,49.99999999999526,49.99999999999537,49.99999999999548,49.999999999995616,49.99999999999576,49.99999999999592,49.99999999999609,49.999999999996284,49.99999999999648,49.9999999999967,49.99999999999693,49.99999999999718,49.99999999999745
120300.0,49.99999999999488,49.99999999999488,49.9999999999949,49.99999999999493,49.99999999999497,49.99999999999502,49.99999999999509,49.99999999999517,49.99999999999526,49.99999999999537,49.99999999999548,49.999999999995616,49.99999999999576,49.99999999999592,49.99999999999609,49.999999999996284,49.99999999999648,49.9999999999967,49.99999999999693,49.99999999999718,49.99999999999745
120360.0,49.99999999999488,49.99999999999488,49.9999999999949,49.99999999999493,49.99999999999497,49.99999999999502,49.99999999999509,49.99999999999517,49.99999999999526,49.99999999999537,49.99999999999548,49.999999999995616,49.99999999999576,49.99999999999592,49.99999999999609,49.999999999996284,49.99999999999648,49.9999999999967,49.99999999999693,49.99999999999718,49.99999999999745
120420.0,49.99999999999488,49.99999999999488,49.9999999999949,49.99999999999493,49.99999999999497,49.99999999999502,49.99999999999509,49.99999999999517,49.99999999999526,49.99999999999537,49.99999999999548,49.999999999995616,49.99999999999576,49.99999999999592,49.99999999999609,49.999999999996284,49.99999999999648,49.9999999999967,49.99999999999693,49.99999999999718,49.99999999999745
120480.0,49.99999999999488,49.99999999999488,49.9999999999949,49.99999999999493,49.99999999999497,49.99999999999502,49.99999999999509,49.99999999999517,49.99999999999526,49.99999999999537,49.99999999999548,49.999999999995616,49.99999999999576,49.99999999999592,49.99999999999609,49.999999999996284,49.99999999999648,49.9999999999967,49.99999999999693,49.99999999999718,49.99999999999745
120540.0,49.99999999999488,49.99999999999488,49.9999999999949,49.99999999999493,49.99999999999497,49.99999999999502,49.99999999999509,49.99999999999517,49.99999999999526,49.99999999999537,49.99999999999548,49.999999999995616,49.99999999999576,49.99999999999592,49.99999999999609,49.999999999996284,49.99999999999648,49.9999999999967,49.99999999999693,49.99999999999718,49.99999999999745
120600.0,49.99999999999488,49.99999999999488,49.9999999999949,49.99999999999493,49.99999999999497,49.99999999999502,49.99999999999509,49.99999999999517,49.99999999999526,49.99999999999537,49.99999999999548,49.999999999995616,49.99999999999576,49.99999999999592,49.99999999999609,49.999999999996284,49.99999999999648,49.9999999999967,49.99999999999693,49.99999999999718,49.99999999999745
120660.0,49.99999999999488,49.99999999999488,49.9999999999949,49.99999999999493,49.99999999999497,49.99999999999502,49.99999999999509,49.99999999999517,49.99999999999526,49.99999999999537,49.99999999999548,49.999999999995616,49.99999999999576,49.99999999999592,49.99999999999609,49.999999999996284,49.99999999999648,49.9999999999967,49.99999999999693,49.99999999999718,49.99999999999745
120720.0,49.99999999999488,49.99999999999488,49.9999999999949,49.99999999999493,49.99999999999497,49.99999999999502,49.99999999999509,49.99999999999517,49.99999999999526,49.99999999999537,49.99999999999548,49.999999999995616,49.99999999999576,49.99999999999592,49.99999999999609,49.999999999996284,49.99999999999648,49.9999999999967,49.99999999999693,49.99999999999718,49.99999999999745
120780.0,49.99999999999488,49.99999999999488,49.9999999999949,49.99999999999493,49.99999999999497,49.99999999999502,49.99999999999509,49.99999999999517,49.99999999999526,49.99999999999537,49.99999999999548,49.999999999995616,49.99999999999576,49.99999999999592,49.99999999999609,49.999999999996284,49.99999999999648,49.9999999999967,49.99999999999693,49.99999999999718,49.99999999999745
120840.0,49.99999999999488,49.99999999999488,49.9999999999949,49.99999999999493,49.99999999999497,49.99999999999502,49.99999999999509,49.99999999999517,49.99999999999526,49.99999999999537,49.99999999999548,49.999999999995616,49.99999999999576,49.99999999999592,49.99999999999609,49.999999999996284,49.99999999999648,49.9999999999967,49.99999999999693,49.99999999999718,49.99999999999745
120900.0,49.99999999999488,49.99999999999488,49.9999999999949,49.99999999999493,49.99999999999497,49.99999999999502,49.99999999999509,49.99999999999517,49.99999999999526,49.99999999999537,49.99999999999548,49.999999999995616,49.99999999999576,49.99999999999592,49.99999999999609,49.999999999996284,49.99999999999648,49.9999999999967,49.99999999999693,49.99999999999718,49.99999999999745
120960.0,49.99999999999488,49.99999999999488,49.9999999999949,49.99999999999493,49.99999999999497,49.99999999999502,49.99999999999509,49.99999999999517,49.99999999999526,49.99999999999537,49.99999999999548,49.999999999995616,49.99999999999576,49.99999999999592,49.99999999999609,49.999999999996284,49.99999999999648,49.9999999999967,49.99999999999693,49.99999999999718,49.99999999999745
121020.0,49.99999999999488,49.99999999999488,49.9999999999949,49.99999999999493,49.99999999999497,49.99999999999502,49.99999999999509,49.99999999999517,49.99999999999526,49.99999999999537,49.99999999999548,49.999999999995616,49.99999999999576,49.99999999999592,49.99999999999609,49.999999999996284,49.99999999999648,49.9999999999967,49.99999999999693,49.99999999999718,49.99999999999745
121080.0,49.99999999999488,49.99999999999488,49.9999999999949,49.99999999999493,49.99999999999497,49.99999999999502,49.99999999999509,49.99999999999517,49.99999999999526,49.99999999999537,49.99999999999548,49.999999999995616,49.99999999999576,49.99999999999592,49.99999999999609,49.999999999996284,49.99999999999648,49.9999999999967,49.99999999999693,49.99999999999718,49.99999999999745
121140.0,49.99999999999488,49.99999999999488,49.9999999999949,49.99999999999493,49.99999999999497,49.99999999999502,49.99999999999509,49.99999999999517,49.99999999999526,49.99999999999537,49.99999999999548,49.999999999995616,49.99999999999576,49.99999999999592,49.99999999999609,49.999999999996284,49.99999999999648,49.9999999999967,49.99999999999693,49.99999999999718,49.99999999999745
121200.0,49.99999999999488,49.99999999999488,49.9999999999949,49.99999999999493,49.99999999999497,49.99999999999502,49.99999999999509,49.99999999999517,49.99999999999526,49.99999999999537,49.99999999999548,49.999999999995616,49.99999999999576,49.99999999999592,49.99999999999609,49.999999999996284,49.99999999999648,49.9999999999967,49.99999999999693,49.99999999999718,49.99999999999745
121260.0,49.99999999999488,49.99999999999488,49.9999999999949,49.99999999999493,49.99999999999497,49.99999999999502,49.99999999999509,49.99999999999517,49.99999999999526,49.99999999999537,49.99999999999548,49.999999999995616,49.99999999999576,49.99999999999592,49.99999999999609,49.999999999996284,49.99999999999648,49.9999999999967,49.99999999999693,49.99999999999718,49.99999999999745
121320.0,49.99999999999488,49.99999999999488,49.9999999999949,49.99999999999493,49.99999999999497,49.99999999999502,49.99999999999509,49.99999999999517,49.99999999999526,49.99999999999537,49.99999999999548,49.999999999995616,49.99999999999576,49.99999999999592,49.99999999999609,49.999999999996284,49.99999999999648,49.9999999999967,49.99999999999693,49.99999999999718,49.99999999999745
121380.0,49.99999999999488,49.99999999999488,49.9999999999949,49.99999999999493,49.99999999999497,49.99999999999502,49.99999999999509,49.99999999999517,49.99999999999526,49.99999999999537,49.99999999999548,49.999999999995616,49.99999999999576,49.99999999999592,49.99999999999609,49.999999999996284,49.99999999999648,49.9999999999967,49.99999999999693,49.99999999999718,49.99999999999745
121440.0,49.99999999999488,49.99999999999488,49.9999999999949,49.99999999999493,49.99999999999497,49.99999999999502,49.99999999999509,49.99999999999517,49.99999999999526,49.99999999999537,49.99999999999548,49.999999999995616,49.99999999999576,49.99999999999592,49.99999999999609,49.999999999996284,49.99999999999648,49.9999999999967,49.99999999999693,49.99999999999718,49.99999999999745
121500.0,49.99999999999488,49.99999999999488,49.9999999999949,49.99999999999493,49.99999999999497,49.99999999999502,49.99999999999509,49.99999999999517,49.99999999999526,49.99999999999537,49.99999999999548,49.999999999995616,49.99999999999576,49.99999999999592,49.99999999999609,49.999999999996284,49.99999999999648,49.9999999999967,49.99999999999693,49.99999999999718,49.99999999999745
121560.0,49.99999999999488,49.99999999999488,49.9999999999949,49.99999999999493,49.99999999999497,49.99999999999502,49.99999999999509,49.99999999999517,49.99999999999526,49.99999999999537,49.99999999999548,49.999999999995616,49.99999999999576,49.99999999999592,49.99999999999609,49.999999999996284,49.99999999999648,49.9999999999967,49.99999999999693,49.99999999999718,49.99999999999745
121620.0,49.99999999999488,49.99999999999488,49.9999999999949,49.99999999999493,49.99999999999497,49.99999999999502,49.99999999999509,49.99999999999517,49.99999999999526,49.99999999999537,49.99999999999548,49.999999999995616,49.99999999999576,49.99999999999592,49.99999999999609,49.999999999996284,49.99999999999648,49.9999999999967,49.99999999999693,49.99999999999718,49.99999999999745
121680.0,49.99999999999488,49.99999999999488,49.9999999999949,49.99999999999493,49.99999999999497,49.99999999999502,49.99999999999509,49.99999999999517,49.99999999999526,49.99999999999537,49.99999999999548,49.999999999995616,49.99999999999576,49.99999999999592,49.99999999999609,49.999999999996284,49.99999999999648,49.9999999999967,49.99999999999693,49.99999999999718,49.99999999999745
121740.0,49.99999999999488,49.99999999999488,49.9999999999949,49.99999999999493,49.99999999999497,49.99999999999502,49.99999999999509,49.99999999999517,49.99999999999526,49.99999999999537,49.99999999999548,49.999999999995616,49.99999999999576,49.99999999999592,49.99999999999609,49.999999999996284,49.99999999999648,49.9999999999967,49.99999999999693,49.99999999999718,49.99999999999745
121800.0,49.99999999999488,49.99999999999488,49.9999999999949,49.99999999999493,49.99999999999497,49.99999999999502,49.99999999999509,49.99999999999517,49.99999999999526,49.99999999999537,49.99999999999548,49.999999999995616,49.99999999999576,49.99999999999592,49.99999999999609,49.999999999996284,49.99999999999648,49.9999999999967,49.99999999999693,49.99999999999718,49.99999999999745
121860.0,49.99999999999488,49.99999999999488,49.9999999999949,49.99999999999493,49.99999999999497,49.99999999999502,49.99999999999509,49.99999999999517,49.99999999999526,49.99999999999537,49.99999999999548,49.999999999995616,49.99999999999576,49.99999999999592,49.99999999999609,49.999999999996284,49.99999999999648,49.9999999999967,49.99999999999693,49.99999999999718,49.99999999999745
121920.0,49.99999999999488,49.99999999999488,49.9999999999949,49.99999999999493,49.99999999999497,49.99999999999502,49.99999999999509,49.99999999999517,49.99999999999526,49.99999999999537,49.99999999999548,49.999999999995616,49.99999999999576,49.99999999999592,49.99999999999609,49.999999999996284,49.99999999999648,49.9999999999967,49.99999999999693,49.99999999999718,49.99999999999745
121980.0,49.99999999999488,49.99999999999488,49.9999999999949,49.99999999999493,49.99999999999497,49.99999999999502,49.99999999999509,49.99999999999517,49.99999999999526,49.99999999999537,49.99999999999548,49.999999999995616,49.99999999999576,49.99999999999592,49.99999999999609,49.999999999996284,49.99999999999648,49.9999999999967,49.99999999999693,49.99999999999718,49.99999999999745
122040.0,49.99999999999488,49.99999999999488,49.9999999999949,49.99999999999493,49.99999999999497,49.99999999999502,49.99999999999509,49.99999999999517,49.99999999999526,49.99999999999537,49.99999999999548,49.999999999995616,49.99999999999576,49.99999999999592,49.99999999999609,49.999999999996284,49.99999999999648,49.9999999999967,49.99999999999693,49.99999999999718,49.99999999999745
122100.0,49.99999999999488,49.99999999999488,49.9999999999949,49.99999999999493,49.99999999999497,49.99999999999502,49.99999999999509,49.99999999999517,49.99999999999526,49.99999999999537,49.99999999999548,49.999999999995616,49.99999999999576,49.99999999999592,49.99999999999609,49.999999999996284,49.99999999999648,49.9999999999967,49.99999999999693,49.99999999999718,49.99999999999745
122160.0,49.99999999999488,49.99999999999488,49.9999999999949,49.99999999999493,49.99999999999497,49.99999999999502,49.99999999999509,49.99999999999517,49.99999999999526,49.99999999999537,49.99999999999548,49.999999999995616,49.99999999999576,49.99999999999592,49.99999999999609,49.999999999996284,49.99999999999648,49.9999999999967,49.99999999999693,49.99999999999718,49.99999999999745
122220.0,49.99999999999488,49.99999999999488,49.9999999999949,49.99999999999493,49.99999999999497,49.99999999999502,49.99999999999509,49.99999999999517,49.99999999999526,49.99999999999537,49.99999999999548,49.999999999995616,49.99999999999576,49.99999999999592,49.99999999999609,49.999999999996284,49.99999999999648,49.9999999999967,49.99999999999693,49.99999999999718,49.99999999999745
122280.0,49.99999999999488,49.99999999999488,49.9999999999949,49.99999999999493,49.99999999999497,49.99999999999502,49.99999999999509,49.99999999999517,49.99999999999526,49.99999999999537,49.99999999999548,49.999999999995616,49.99999999999576,49.99999999999592,49.99999999999609,49.999999999996284,49.99999999999648,49.9999999999967,49.99999999999693,49.99999999999718,49.99999999999745
122340.0,49.99999999999488,49.99999999999488,49.9999999999949,49.99999999999493,49.99999999999497,49.99999999999502,49.99999999999509,49.99999999999517,49.99999999999526,49.99999999999537,49.99999999999548,49.999999999995616,49.99999999999576,49.99999999999592,49.99999999999609,49.999999999996284,49.99999999999648,49.9999999999967,49.99999999999693,49.99999999999718,49.99999999999745
122400.0,49.99999999999488,49.99999999999488,49.9999999999949,49.99999999999493,49.99999999999497,49.99999999999502,49.99999999999509,49.99999999999517,49.99999999999526,49.99999999999537,49.99999999999548,49.999999999995616,49.99999999999576,49.99999999999592,49.99999999999609,49.999999999996284,49.99999999999648,49.9999999999967,49.99999999999693,49.99999999999718,49.99999999999745
122460.0,49.99999999999488,49.99999999999488,49.9999999999949,49.99999999999493,49.99999999999497,49.99999999999502,49.99999999999509,49.99999999999517,49.99999999999526,49.99999999999537,49.99999999999548,49.999999999995616,49.99999999999576,49.99999999999592,49.99999999999609,49.999999999996284,49.99999999999648,49.9999999999967,49.99999999999693,49.99999999999718,49.99999999999745
122520.0,49.99999999999488,49.99999999999488,49.9999999999949,49.99999999999493,49.99999999999497,49.99999999999502,49.99999999999509,49.99999999999517,49.99999999999526,49.99999999999537,49.99999999999548,49.999999999995616,49.99999999999576,49.99999999999592,49.99999999999609,49.999999999996284,49.99999999999648,49.9999999999967,49.99999999999693,49.99999999999718,49.99999999999745
122580.0,49.99999999999488,49.99999999999488,49.9999999999949,49.99999999999493,49.99999999999497,49.99999999999502,49.99999999999509,49.99999999999517,49.99999999999526,49.99999999999537,49.99999999999548,49.999999999995616,49.99999999999576,49.99999999999592,49.99999999999609,49.999999999996284,49.99999999999648,49.9999999999967,49.99999999999693,49.99999999999718,49.99999999999745
122640.0,49.99999999999488,49.99999999999488,49.9999999999949,49.99999999999493,49.99999999999497,49.99999999999502,49.99999999999509,49.99999999999517,49.99999999999526,49.99999999999537,49.99999999999548,49.999999999995616,49.99999999999576,49.99999999999592,49.99999999999609,49.999999999996284,49.99999999999648,49.9999999999967,49.99999999999693,49.99999999999718,49.99999999999745
122700.0,49.999999999994884,49.999999999994884,49.999999999994905,49.999999999994934,49.99999999999498,49.999999999995026,49.9999999999951,49.999999999995175,49.99999999999527,49.999999999995374,49.99999999999549,49.99999999999562,49.999999999995765,49.99999999999593,49.9999999999961,49.99999999999629,49.99999999999649,49.99999999999671,49.99999999999694,49.999999999997186,49.999999999997456
122760.0,49.999999999994884,49.999999999994884,49.999999999994905,49.999999999994934,49.99999999999498,49.999999999995026,49.9999999999951,49.999999999995175,49.99999999999527,49.999999999995374,49.99999999999549,49.99999999999562,49.999999999995765,49.99999999999593,49.9999999999961,49.99999999999629,49.99999999999649,49.99999999999671,49.99999999999694,49.999999999997186,49.999999999997456
122820.0,49.999999999994884,49.999999999994884,49.999999999994905,49.999999999994934,49.99999999999498,49.999999999995026,49.9999999999951,49.999999999995175,49.99999999999527,49.999999999995374,49.99999999999549,49.99999999999562,49.999999999995765,49.99999999999593,49.9999999999961,49.99999999999629,49.99999999999649,49.99999999999671,49.99999999999694,49.999999999997186,49.999999999997456
122880.0,49.999999999994884,49.999999999994884,49.999999999994905,49.999999999994934,49.99999999999498,49.999999999995026,49.9999999999951,49.999999999995175,49.99999999999527,49.999999999995374,49.99999999999549,49.99999999999562,49.999999999995765,49.99999999999593,49.9999999999961,49.99999999999629,49.99999999999649,49.99999999999671,49.99999999999694,49.999999999997186,49.999999999997456
122940.0,49.999999999994884,49.999999999994884,49.999999999994905,49.999999999994934,49.99999999999498,49.999999999995026,49.9999999999951,49.999999999995175,49.99999999999527,49.999999999995374,49.99999999999549,49.99999999999562,49.999999999995765,49.99999999999593,49.9999999999961,49.99999999999629,49.99999999999649,49.99999999999671,49.99999999999694,49.999999999997186,49.999999999997456
123000.0,49.999999999994884,49.999999999994884,49.999999999994905,49.999999999994934,49.99999999999498,49.999999999995026,49.9999999999951,49.999999999995175,49.99999999999527,49.999999999995374,49.99999999999549,49.99999999999562,49.999999999995765,49.99999999999593,49.9999999999961,49.99999999999629,49.99999999999649,49.99999999999671,49.99999999999694,49.999999999997186,49.999999999997456
123060.0,49.999999999994884,49.999999999994884,49.999999999994905,49.999999999994934,49.99999999999498,49.999999999995026,49.9999999999951,49.999999999995175,49.99999999999527,49.999999999995374,49.99999999999549,49.99999999999562,49.999999999995765,49.99999999999593,49.9999999999961,49.99999999999629,49.99999999999649,49.99999999999671,49.99999999999694,49.999999999997186,49.999999999997456
123120.0,49.999999999994884,49.999999999994884,49.999999999994905,49.999999999994934,49.99999999999498,49.999999999995026,49.9999999999951,49.999999999995175,49.99999999999527,49.999999999995374,49.99999999999549,49.99999999999562,49.999999999995765,49.99999999999593,49.9999999999961,49.99999999999629,49.99999999999649,49.99999999999671,49.99999999999694,49.999999999997186,49.999999999997456
123180.0,49.999999999994884,49.999999999994884,49.999999999994905,49.999999999994934,49.99999999999498,49.999999999995026,49.9999999999951,49.999999999995175,49.99999999999527,49.999999999995374,49.99999999999549,49.99999999999562,49.999999999995765,49.99999999999593,49.9999999999961,49.99999999999629,49.99999999999649,49.99999999999671,49.99999999999694,49.999999999997186,49.999999999997456
123240.0,49.999999999994884,49.999999999994884,49.999999999994905,49.999999999994934,49.99999999999498,49.999999999995026,49.9999999999951,49.999999999995175,49.99999999999527,49.999999999995374,49.99999999999549,49.99999999999562,49.999999999995765,49.99999999999593,49.9999999999961,49.99999999999629,49.99999999999649,49.99999999999671,49.99999999999694,49.999999999997186,49.999999999997456
123300.0,49.999999999994884,49.999999999994884,49.999999999994905,49.999999999994934,49.99999999999498,49.999999999995026,49.9999999999951,49.999999999995175,49.99999999999527,49.999999999995374,49.99999999999549,49.99999999999562,49.999999999995765,49.99999999999593,49.9999999999961,49.99999999999629,49.99999999999649,49.99999999999671,49.99999999999694,49.999999999997186,49.999999999997456
123360.0,49.999999999994884,49.999999999994884,49.999999999994905,49.999999999994934,49.99999999999498,49.999999999995026,49.9999999999951,49.999999999995175,49.99999999999527,49.999999999995374,49.99999999999549,49.99999999999562,49.999999999995765,49.99999999999593,49.9999999999961,49.99999999999629,49.99999999999649,49.99999999999671,49.99999999999694,49.999999999997186,49.999999999997456
123420.0,49.999999999994884,49.999999999994884,49.999999999994905,49.999999999994934,49.99999999999498,49.999999999995026,49.9999999999951,49.999999999995175,49.99999999999527,49.999999999995374,49.99999999999549,49.99999999999562,49.999999999995765,49.99999999999593,49.9999999999961,49.99999999999629,49.99999999999649,49.99999999999671,49.99999999999694,49.999999999997186,49.999999999997456
123480.0,49.999999999994884,49.999999999994884,49.999999999994905,49.999999999994934,49.99999999999498,49.999999999995026,49.9999999999951,49.999999999995175,49.99999999999527,49.999999999995374,49.99999999999549,49.99999999999562,49.999999999995765,49.99999999999593,49.9999999999961,49.99999999999629,49.99999999999649,49.99999999999671,49.99999999999694,49.999999999997186,49.999999999997456
123540.0,49.999999999994884,49.999999999994884,49.999999999994905,49.999999999994934,49.99999999999498,49.999999999995026,49.9999999999951,49.999999999995175,49.99999999999527,49.999999999995374,49.99999999999549,49.99999999999562,49.999999999995765,49.99999999999593,49.9999999999961,49.99999999999629,49.99999999999649,49.99999999999671,49.99999999999694,49.999999999997186,49.999999999997456
123600.0,49.999999999994884,49.999999999994884,49.999999999994905,49.999999999994934,49.99999999999498,49.999999999995026,49.9999999999951,49.999999999995175,49.99999999999527,49.999999999995374,49.99999999999549,49.99999999999562,49.999999999995765,49.99999999999593,49.9999999999961,49.99999999999629,49.99999999999649,49.99999999999671,49.99999999999694,49.999999999997186,49.999999999997456
123660.0,49.9999999999949,49.9999999999949,49.99999999999492,49.99999999999495,49.99999999999499,49.99999999999504,49.99999999999511,49.99999999999519,49.99999999999528,49.99999999999539,49.9999999999955,49.99999999999564,49.99999999999578,49.99999999999594,49.99999999999611,49.999999999996305,49.999999999996504,49.999999999996724,49.99999999999695,49.9999999999972,49.99999999999747
123720.0,49.99999999999491,49.99999999999491,49.999999999994934,49.99999999999496,49.999999999995005,49.999999999995055,49.999999999995126,49.999999999995204,49.999999999995296,49.9999999999954,49.99999999999552,49.99999999999565,49.999999999995794,49.99999999999596,49.99999999999613,49.99999999999632,49.99999999999652,49.99999999999674,49.999999999996966,49.999999999997215,49.999999999997485
123780.0,49.99999999999492,49.99999999999492,49.99999999999494,49.99999999999497,49.99999999999501,49.99999999999506,49.99999999999513,49.99999999999521,49.9999999999953,49.99999999999541,49.999999999995524,49.99999999999566,49.9999999999958,49.999999999995964,49.999999999996135,49.99999999999633,49.999999999996525,49.999999999996746,49.99999999999697,49.99999999999722,49.99999999999749
123840.0,49.99999999999492,49.99999999999492,49.99999999999494,49.99999999999497,49.99999999999501,49.99999999999506,49.99999999999513,49.99999999999521,49.9999999999953,49.99999999999541,49.999999999995524,49.99999999999566,49.9999999999958,49.999999999995964,49.999999999996135,49.99999999999633,49.999999999996525,49.999999999996746,49.99999999999697,49.99999999999722,49.99999999999749
123900.0,49.99999999999492,49.99999999999492,49.99999999999494,49.99999999999497,49.99999999999501,49.99999999999506,49.99999999999513,49.99999999999521,49.9999999999953,49.99999999999541,49.999999999995524,49.99999999999566,49.9999999999958,49.999999999995964,49.999999999996135,49.99999999999633,49.999999999996525,49.999999999996746,49.99999999999697,49.99999999999722,49.99999999999749
123960.0,49.99999999999492,49.99999999999492,49.99999999999494,49.99999999999497,49.99999999999501,49.99999999999506,49.99999999999513,49.99999999999521,49.9999999999953,49.99999999999541,49.999999999995524,49.99999999999566,49.9999999999958,49.999999999995964,49.999999999996135,49.99999999999633,49.999999999996525,49.999999999996746,49.99999999999697,49.99999999999722,49.99999999999749
124020.0,49.99999999999492,49.99999999999492,49.99999999999494,49.99999999999497,49.99999999999501,49.99999999999506,49.99999999999513,49.99999999999521,49.9999999999953,49.99999999999541,49.999999999995524,49.99999999999566,49.9999999999958,49.999999999995964,49.999999999996135,49.99999999999633,49.999999999996525,49.999999999996746,49.99999999999697,49.99999999999722,49.99999999999749
124080.0,49.99999999999492,49.99999999999492,49.99999999999494,49.99999999999497,49.99999999999501,49.99999999999506,49.99999999999513,49.99999999999521,49.9999999999953,49.99999999999541,49.999999999995524,49.99999999999566,49.9999999999958,49.999999999995964,49.999999999996135,49.99999999999633,49.999999999996525,49.999999999996746,49.99999999999697,49.99999999999722,49.99999999999749
124140.0,49.99999999999492,49.99999999999492,49.99999999999494,49.99999999999497,49.99999999999501,49.99999999999506,49.99999999999513,49.99999999999521,49.9999999999953,49.99999999999541,49.999999999995524,49.99999999999566,49.9999999999958,49.999999999995964,49.999999999996135,49.99999999999633,49.999999999996525,49.999999999996746,49.99999999999697,49.99999999999722,49.99999999999749
124200.0,49.99999999999492,49.99999999999492,49.99999999999494,49.99999999999497,49.99999999999501,49.99999999999506,49.99999999999513,49.99999999999521,49.9999999999953,49.99999999999541,49.999999999995524,49.99999999999566,49.9999999999958,49.999999999995964,49.999999999996135,49.99999999999633,49.999999999996525,49.999999999996746,49.99999999999697,49.99999999999722,49.99999999999749
124260.0,49.99999999999492,49.99999999999492,49.99999999999494,49.99999999999497,49.99999999999501,49.99999999999506,49.99999999999513,49.99999999999521,49.9999999999953,49.99999999999541,49.999999999995524,49.99999999999566,49.9999999999958,49.999999999995964,49.999999999996135,49.99999999999633,49.999999999996525,49.999999999996746,49.99999999999697,49.99999999999722,49.99999999999749
124320.0,49.99999999999492,49.99999999999492,49.99999999999494,49.99999999999497,49.99999999999501,49.99999999999506,49.99999999999513,49.99999999999521,49.9999999999953,49.99999999999541,49.999999999995524,49.99999999999566,49.9999999999958,49.999999999995964,49.999999999996135,49.99999999999633,49.999999999996525,49.999999999996746,49.99999999999697,49.99999999999722,49.99999999999749
124380.0,49.99999999999492,49.99999999999492,49.99999999999494,49.99999999999497,49.99999999999501,49.99999999999506,49.99999999999513,49.99999999999521,49.9999999999953,49.99999999999541,49.999999999995524,49.99999999999566,49.9999999999958,49.999999999995964,49.999999999996135,49.99999999999633,49.999999999996525,49.999999999996746,49.99999999999697,49.99999999999722,49.99999999999749
124440.0,49.99999999999492,49.99999999999492,49.99999999999494,49.99999999999497,49.99999999999501,49.99999999999506,49.99999999999513,49.99999999999521,49.9999999999953,49.99999999999541,49.999999999995524,49.99999999999566,49.9999999999958,49.999999999995964,49.999999999996135,49.99999999999633,49.999999999996525,49.999999999996746,49.99999999999697,49.99999999999722,49.99999999999749
124500.0,49.99999999999492,49.99999999999492,49.99999999999494,49.99999999999497,49.99999999999501,49.99999999999506,49.99999999999513,49.99999999999521,49.9999999999953,49.99999999999541,49.999999999995524,49.99999999999566,49.9999999999958,49.999999999995964,49.999999999996135,49.99999999999633,49.999999999996525,49.999999999996746,49.99999999999697,49.99999999999722,49.99999999999749
124560.0,49.99999999999492,49.99999999999492,49.99999999999494,49.99999999999497,49.99999999999501,49.99999999999506,49.99999999999513,49.99999999999521,49.9999999999953,49.99999999999541,49.999999999995524,49.99999999999566,49.9999999999958,49.999999999995964,49.999999999996135,49.99999999999633,49.999999999996525,49.999999999996746,49.99999999999697,49.99999999999722,49.99999999999749
124620.0,49.99999999999492,49.99999999999492,49.99999999999494,49.99999999999497,49.99999999999501,49.99999999999506,49.99999999999513,49.99999999999521,49.9999999999953,49.99999999999541,49.999999999995524,49.99999999999566,49.9999999999958,49.999999999995964,49.999999999996135,49.99999999999633,49.999999999996525,49.999999999996746,49.99999999999697,49.99999999999722,49.99999999999749
124680.0,49.99999999999492,49.99999999999492,49.99999999999494,49.99999999999497,49.99999999999501,49.99999999999506,49.99999999999513,49.99999999999521,49.9999999999953,49.99999999999541,49.999999999995524,49.99999999999566,49.9999999999958,49.999999999995964,49.999999999996135,49.99999999999633,49.999999999996525,49.999999999996746,49.99999999999697,49.99999999999722,49.99999999999749
124740.0,49.99999999999492,49.99999999999492,49.99999999999494,49.99999999999497,49.99999999999501,49.99999999999506,49.99999999999513,49.99999999999521,49.9999999999953,49.99999999999541,49.999999999995524,49.99999999999566,49.9999999999958,49.999999999995964,49.999999999996135,49.99999999999633,49.999999999996525,49.999999999996746,49.99999999999697,49.99999999999722,49.99999999999749
124800.0,49.99999999999492,49.99999999999492,49.99999999999494,49.99999999999497,49.99999999999501,49.99999999999506,49.99999999999513,49.99999999999521,49.9999999999953,49.99999999999541,49.999999999995524,49.99999999999566,49.9999999999958,49.999999999995964,49.999999999996135,49.99999999999633,49.999999999996525,49.999999999996746,49.99999999999697,49.99999999999722,49.99999999999749
124860.0,49.99999999999492,49.99999999999492,49.99999999999494,49.99999999999497,49.99999999999501,49.99999999999506,49.99999999999513,49.99999999999521,49.9999999999953,49.99999999999541,49.999999999995524,49.99999999999566,49.9999999999958,49.999999999995964,49.999999999996135,49.99999999999633,49.999999999996525,49.999999999996746,49.99999999999697,49.99999999999722,49.99999999999749
124920.0,49.99999999999492,49.99999999999492,49.99999999999494,49.99999999999497,49.99999999999501,49.99999999999506,49.99999999999513,49.99999999999521,49.9999999999953,49.99999999999541,49.999999999995524,49.99999999999566,49.9999999999958,49.999999999995964,49.999999999996135,49.99999999999633,49.999999999996525,49.999999999996746,49.99999999999697,49.99999999999722,49.99999999999749
124980.0,49.99999999999492,49.99999999999492,49.99999999999494,49.99999999999497,49.99999999999501,49.99999999999506,49.99999999999513,49.99999999999521,49.9999999999953,49.99999999999541,49.999999999995524,49.99999999999566,49.9999999999958,49.999999999995964,49.999999999996135,49.99999999999633,49.999999999996525,49.999999999996746,49.99999999999697,49.99999999999722,49.99999999999749
125040.0,49.99999999999492,49.99999999999492,49.99999999999494,49.99999999999497,49.99999999999501,49.99999999999506,49.99999999999513,49.99999999999521,49.9999999999953,49.99999999999541,49.999999999995524,49.99999999999566,49.9999999999958,49.999999999995964,49.999999999996135,49.99999999999633,49.999999999996525,49.999999999996746,49.99999999999697,49.99999999999722,49.99999999999749
125100.0,49.99999999999492,49.99999999999492,49.99999999999494,49.99999999999497,49.99999999999501,49.99999999999506,49.99999999999513,49.99999999999521,49.9999999999953,49.99999999999541,49.999999999995524,49.99999999999566,49.9999999999958,49.999999999995964,49.999999999996135,49.99999999999633,49.999999999996525,49.999999999996746,49.99999999999697,49.99999999999722,49.99999999999749
125160.0,49.99999999999492,49.99999999999492,49.99999999999494,49.99999999999497,49.99999999999501,49.99999999999506,49.99999999999513,49.99999999999521,49.9999999999953,49.99999999999541,49.999999999995524,49.99999999999566,49.9999999999958,49.999999999995964,49.999999999996135,49.99999999999633,49.999999999996525,49.999999999996746,49.99999999999697,49.99999999999722,49.99999999999749
125220.0,49.99999999999492,49.99999999999492,49.99999999999494,49.99999999999497,49.99999999999501,49.99999999999506,49.99999999999513,49.99999999999521,49.9999999999953,49.99999999999541,49.999999999995524,49.99999999999566,49.9999999999958,49.999999999995964,49.999999999996135,49.99999999999633,49.999999999996525,49.999999999996746,49.99999999999697,49.99999999999722,49.99999999999749
125280.0,49.99999999999492,49.99999999999492,49.99999999999494,49.99999999999497,49.99999999999501,49.99999999999506,49.99999999999513,49.99999999999521,49.9999999999953,49.99999999999541,49.999999999995524,49.99999999999566,49.9999999999958,49.999999999995964,49.999999999996135,49.99999999999633,49.999999999996525,49.999999999996746,49.99999999999697,49.99999999999722,49.99999999999749
125340.0,49.99999999999492,49.99999999999492,49.99999999999494,49.99999999999497,49.99999999999501,49.99999999999506,49.99999999999513,49.99999999999521,49.9999999999953,49.99999999999541,49.999999999995524,49.99999999999566,49.9999999999958,49.999999999995964,49.999999999996135,49.99999999999633,49.999999999996525,49.999999999996746,49.99999999999697,49.99999999999722,49.99999999999749
125400.0,49.99999999999492,49.99999999999492,49.99999999999494,49.99999999999497,49.99999999999501,49.99999999999506,49.99999999999513,49.99999999999521,49.9999999999953,49.99999999999541,49.999999999995524,49.99999999999566,49.9999999999958,49.999999999995964,49.999999999996135,49.99999999999633,49.999999999996525,49.999999999996746,49.99999999999697,49.99999999999722,49.99999999999749
125460.0,49.99999999999492,49.99999999999492,49.99999999999494,49.99999999999497,49.99999999999501,49.99999999999506,49.99999999999513,49.99999999999521,49.9999999999953,49.99999999999541,49.999999999995524,49.99999999999566,49.9999999999958,49.999999999995964,49.999999999996135,49.99999999999633,49.999999999996525,49.999999999996746,49.99999999999697,49.99999999999722,49.99999999999749
125520.0,49.99999999999492,49.99999999999492,49.99999999999494,49.99999999999497,49.99999999999501,49.99999999999506,49.99999999999513,49.99999999999521,49.9999999999953,49.99999999999541,49.999999999995524,49.99999999999566,49.9999999999958,49.999999999995964,49.999999999996135,49.99999999999633,49.999999999996525,49.999999999996746,49.99999999999697,49.99999999999722,49.99999999999749
125580.0,49.99999999999492,49.99999999999492,49.99999999999494,49.99999999999497,49.99999999999501,49.99999999999506,49.99999999999513,49.99999999999521,49.9999999999953,49.99999999999541,49.999999999995524,49.99999999999566,49.9999999999958,49.999999999995964,49.999999999996135,49.99999999999633,49.999999999996525,49.999999999996746,49.99999999999697,49.99999999999722,49.99999999999749
125640.0,49.99999999999492,49.99999999999492,49.99999999999494,49.99999999999497,49.99999999999501,49.99999999999506,49.99999999999513,49.99999999999521,49.9999999999953,49.99999999999541,49.999999999995524,49.99999999999566,49.9999999999958,49.999999999995964,49.999999999996135,49.99999999999633,49.999999999996525,49.999999999996746,49.99999999999697,49.99999999999722,49.99999999999749
125700.0,49.99999999999492,49.99999999999492,49.99999999999494,49.99999999999497,49.99999999999501,49.99999999999506,49.99999999999513,49.99999999999521,49.9999999999953,49.99999999999541,49.999999999995524,49.99999999999566,49.9999999999958,49.999999999995964,49.999999999996135,49.99999999999633,49.999999999996525,49.999999999996746,49.99999999999697,49.99999999999722,49.99999999999749
125760.0,49.99999999999492,49.99999999999492,49.99999999999494,49.99999999999497,49.99999999999501,49.99999999999506,49.99999999999513,49.99999999999521,49.9999999999953,49.99999999999541,49.999999999995524,49.99999999999566,49.9999999999958,49.999999999995964,49.999999999996135,49.99999999999633,49.999999999996525,49.999999999996746,49.99999999999697,49.99999999999722,49.99999999999749
125820.0,49.99999999999492,49.99999999999492,49.99999999999494,49.99999999999497,49.99999999999501,49.99999999999506,49.99999999999513,49.99999999999521,49.9999999999953,49.99999999999541,49.999999999995524,49.99999999999566,49.9999999999958,49.999999999995964,49.999999999996135,49.99999999999633,49.999999999996525,49.999999999996746,49.99999999999697,49.99999999999722,49.99999999999749
125880.0,49.99999999999492,49.99999999999492,49.99999999999494,49.99999999999497,49.99999999999501,49.99999999999506,49.99999999999513,49.99999999999521,49.9999999999953,49.99999999999541,49.999999999995524,49.99999999999566,49.9999999999958,49.999999999995964,49.999999999996135,49.99999999999633,49.999999999996525,49.999999999996746,49.99999999999697,49.99999999999722,49.99999999999749
125940.0,49.99999999999492,49.99999999999492,49.99999999999494,49.99999999999497,49.99999999999501,49.99999999999506,49.99999999999513,49.99999999999521,49.9999999999953,49.99999999999541,49.999999999995524,49.99999999999566,49.9999999999958,49.999999999995964,49.999999999996135,49.99999999999633,49.999999999996525,49.999999999996746,49.99999999999697,49.99999999999722,49.99999999999749
126000.0,49.99999999999492,49.99999999999492,49.99999999999494,49.99999999999497,49.99999999999501,49.99999999999506,49.99999999999513,49.99999999999521,49.9999999999953,49.99999999999541,49.999999999995524,49.99999999999566,49.9999999999958,49.999999999995964,49.999999999996135,49.99999999999633,49.999999999996525,49.999999999996746,49.99999999999697,49.99999999999722,49.99999999999749
126060.0,49.99999999999492,49.99999999999492,49.99999999999494,49.99999999999497,49.99999999999501,49.99999999999506,49.99999999999513,49.99999999999521,49.9999999999953,49.99999999999541,49.999999999995524,49.99999999999566,49.9999999999958,49.999999999995964,49.999999999996135,49.99999999999633,49.999999999996525,49.999999999996746,49.99999999999697,49.99999999999722,49.99999999999749
126120.0,49.99999999999492,49.99999999999492,49.99999999999494,49.99999999999497,49.99999999999501,49.99999999999506,49.99999999999513,49.99999999999521,49.9999999999953,49.99999999999541,49.999999999995524,49.99999999999566,49.9999999999958,49.999999999995964,49.999999999996135,49.99999999999633,49.999999999996525,49.999999999996746,49.99999999999697,49.99999999999722,49.99999999999749
126180.0,49.99999999999492,49.99999999999492,49.99999999999494,49.99999999999497,49.99999999999501,49.99999999999506,49.99999999999513,49.99999999999521,49.9999999999953,49.99999999999541,49.999999999995524,49.99999999999566,49.9999999999958,49.999999999995964,49.999999999996135,49.99999999999633,49.999999999996525,49.999999999996746,49.99999999999697,49.99999999999722,49.99999999999749
126240.0,49.99999999999492,49.99999999999492,49.99999999999494,49.99999999999497,49.99999999999501,49.99999999999506,49.99999999999513,49.99999999999521,49.9999999999953,49.99999999999541,49.999999999995524,49.99999999999566,49.9999999999958,49.999999999995964,49.999999999996135,49.99999999999633,49.999999999996525,49.999999999996746,49.99999999999697,49.99999999999722,49.99999999999749
126300.0,49.99999999999492,49.99999999999492,49.99999999999494,49.99999999999497,49.99999999999501,49.99999999999506,49.99999999999513,49.99999999999521,49.9999999999953,49.99999999999541,49.999999999995524,49.99999999999566,49.9999999999958,49.999999999995964,49.999999999996135,49.99999999999633,49.999999999996525,49.999999999996746,49.99999999999697,49.99999999999722,49.99999999999749
126360.0,49.99999999999492,49.99999999999492,49.99999999999494,49.99999999999497,49.99999999999501,49.99999999999506,49.99999999999513,49.99999999999521,49.9999999999953,49.99999999999541,49.999999999995524,49.99999999999566,49.9999999999958,49.999999999995964,49.999999999996135,49.99999999999633,49.999999999996525,49.999999999996746,49.99999999999697,49.99999999999722,49.99999999999749
126420.0,49.99999999999492,49.99999999999492,49.99999999999494,49.99999999999497,49.99999999999501,49.99999999999506,49.99999999999513,49.99999999999521,49.9999999999953,49.99999999999541,49.999999999995524,49.99999999999566,49.9999999999958,49.999999999995964,49.999999999996135,49.99999999999633,49.999999999996525,49.999999999996746,49.99999999999697,49.99999999999722,49.99999999999749
126480.0,49.99999999999492,49.99999999999492,49.99999999999494,49.99999999999497,49.99999999999501,49.99999999999506,49.99999999999513,49.99999999999521,49.9999999999953,49.99999999999541,49.999999999995524,49.99999999999566,49.9999999999958,49.999999999995964,49.999999999996135,49.99999999999633,49.999999999996525,49.999999999996746,49.99999999999697,49.99999999999722,49.99999999999749
126540.0,49.99999999999492,49.99999999999492,49.99999999999494,49.99999999999497,49.99999999999501,49.99999999999506,49.99999999999513,49.99999999999521,49.9999999999953,49.99999999999541,49.999999999995524,49.99999999999566,49.9999999999958,49.999999999995964,49.999999999996135,49.99999999999633,49.999999999996525,49.999999999996746,49.99999999999697,49.99999999999722,49.99999999999749
126600.0,49.99999999999492,49.99999999999492,49.99999999999494,49.99999999999497,49.99999999999501,49.99999999999506,49.99999999999513,49.99999999999521,49.9999999999953,49.99999999999541,49.999999999995524,49.99999999999566,49.9999999999958,49.999999999995964,49.999999999996135,49.99999999999633,49.999999999996525,49.999999999996746,49.99999999999697,49.99999999999722,49.99999999999749
126660.0,49.99999999999492,49.99999999999492,49.99999999999494,49.99999999999497,49.99999999999501,49.99999999999506,49.99999999999513,49.99999999999521,49.9999999999953,49.99999999999541,49.999999999995524,49.99999999999566,49.9999999999958,49.999999999995964,49.999999999996135,49.99999999999633,49.999999999996525,49.999999999996746,49.99999999999697,49.99999999999722,49.99999999999749
126720.0,49.99999999999492,49.99999999999492,49.99999999999494,49.99999999999497,49.99999999999501,49.99999999999506,49.99999999999513,49.99999999999521,49.9999999999953,49.99999999999541,49.999999999995524,49.99999999999566,49.9999999999958,49.999999999995964,49.999999999996135,49.99999999999633,49.999999999996525,49.999999999996746,49.99999999999697,49.99999999999722,49.99999999999749
126780.0,49.99999999999492,49.99999999999492,49.99999999999494,49.99999999999497,49.99999999999501,49.99999999999506,49.99999999999513,49.99999999999521,49.9999999999953,49.99999999999541,49.999999999995524,49.99999999999566,49.9999999999958,49.999999999995964,49.999999999996135,49.99999999999633,49.999999999996525,49.999999999996746,49.99999999999697,49.99999999999722,49.99999999999749
126840.0,49.99999999999492,49.99999999999492,49.99999999999494,49.99999999999497,49.99999999999501,49.99999999999506,49.99999999999513,49.99999999999521,49.9999999999953,49.99999999999541,49.999999999995524,49.99999999999566,49.9999999999958,49.999999999995964,49.999999999996135,49.99999999999633,49.999999999996525,49.999999999996746,49.99999999999697,49.99999999999722,49.99999999999749
126900.0,49.99999999999492,49.99999999999492,49.99999999999494,49.99999999999497,49.99999999999501,49.99999999999506,49.99999999999513,49.99999999999521,49.9999999999953,49.99999999999541,49.999999999995524,49.99999999999566,49.9999999999958,49.999999999995964,49.999999999996135,49.99999999999633,49.999999999996525,49.999999999996746,49.99999999999697,49.99999999999722,49.99999999999749
126960.0,49.99999999999492,49.99999999999492,49.99999999999494,49.99999999999497,49.99999999999501,49.99999999999506,49.99999999999513,49.99999999999521,49.9999999999953,49.99999999999541,49.999999999995524,49.99999999999566,49.9999999999958,49.999999999995964,49.999999999996135,49.99999999999633,49.999999999996525,49.999999999996746,49.99999999999697,49.99999999999722,49.99999999999749
127020.0,49.99999999999492,49.99999999999492,49.99999999999494,49.99999999999497,49.99999999999501,49.99999999999506,49.99999999999513,49.99999999999521,49.9999999999953,49.99999999999541,49.999999999995524,49.99999999999566,49.9999999999958,49.999999999995964,49.999999999996135,49.99999999999633,49.999999999996525,49.999999999996746,49.99999999999697,49.99999999999722,49.99999999999749
127080.0,49.99999999999492,49.99999999999492,49.99999999999494,49.99999999999497,49.99999999999501,49.99999999999506,49.99999999999513,49.99999999999521,49.9999999999953,49.99999999999541,49.999999999995524,49.99999999999566,49.9999999999958,49.999999999995964,49.999999999996135,49.99999999999633,49.999999999996525,49.999999999996746,49.99999999999697,49.99999999999722,49.99999999999749
127140.0,49.99999999999492,49.99999999999492,49.99999999999494,49.99999999999497,49.99999999999501,49.99999999999506,49.99999999999513,49.99999999999521,49.9999999999953,49.99999999999541,49.999999999995524,49.99999999999566,49.9999999999958,49.999999999995964,49.999999999996135,49.99999999999633,49.999999999996525,49.999999999996746,49.99999999999697,49.99999999999722,49.99999999999749
127200.0,49.99999999999492,49.99999999999492,49.99999999999494,49.99999999999497,49.99999999999501,49.99999999999506,49.99999999999513,49.99999999999521,49.9999999999953,49.99999999999541,49.999999999995524,49.99999999999566,49.9999999999958,49.999999999995964,49.999999999996135,49.99999999999633,49.999999999996525,49.999999999996746,49.99999999999697,49.99999999999722,49.99999999999749
127260.0,49.99999999999492,49.99999999999492,49.99999999999494,49.99999999999497,49.99999999999501,49.99999999999506,49.99999999999513,49.99999999999521,49.9999999999953,49.99999999999541,49.999999999995524,49.99999999999566,49.9999999999958,49.999999999995964,49.999999999996135,49.99999999999633,49.999999999996525,49.999999999996746,49.99999999999697,49.99999999999722,49.99999999999749
127320.0,49.99999999999492,49.99999999999492,49.99999999999494,49.99999999999497,49.99999999999501,49.99999999999506,49.99999999999513,49.99999999999521,49.9999999999953,49.99999999999541,49.999999999995524,49.99999999999566,49.9999999999958,49.999999999995964,49.999999999996135,49.99999999999633,49.999999999996525,49.999999999996746,49.99999999999697,49.99999999999722,49.99999999999749
127380.0,49.99999999999492,49.99999999999492,49.99999999999494,49.99999999999497,49.99999999999501,49.99999999999506,49.99999999999513,49.99999999999521,49.9999999999953,49.99999999999541,49.999999999995524,49.99999999999566,49.9999999999958,49.999999999995964,49.999999999996135,49.99999999999633,49.999999999996525,49.999999999996746,49.99999999999697,49.99999999999722,49.99999999999749
127440.0,49.99999999999492,49.99999999999492,49.99999999999494,49.99999999999497,49.99999999999501,49.99999999999506,49.99999999999513,49.99999999999521,49.9999999999953,49.99999999999541,49.999999999995524,49.99999999999566,49.9999999999958,49.999999999995964,49.999999999996135,49.99999999999633,49.999999999996525,49.999999999996746,49.99999999999697,49.99999999999722,49.99999999999749
127500.0,49.99999999999492,49.99999999999492,49.99999999999494,49.99999999999497,49.99999999999501,49.99999999999506,49.99999999999513,49.99999999999521,49.9999999999953,49.99999999999541,49.999999999995524,49.99999999999566,49.9999999999958,49.999999999995964,49.999999999996135,49.99999999999633,49.999999999996525,49.999999999996746,49.99999999999697,49.99999999999722,49.99999999999749
127560.0,49.99999999999492,49.99999999999492,49.99999999999494,49.99999999999497,49.99999999999501,49.99999999999506,49.99999999999513,49.99999999999521,49.9999999999953,49.99999999999541,49.999999999995524,49.99999999999566,49.9999999999958,49.999999999995964,49.999999999996135,49.99999999999633,49.999999999996525,49.999999999996746,49.99999999999697,49.99999999999722,49.99999999999749
127620.0,49.99999999999492,49.99999999999492,49.99999999999494,49.99999999999497,49.99999999999501,49.99999999999506,49.99999999999513,49.99999999999521,49.9999999999953,49.99999999999541,49.999999999995524,49.99999999999566,49.9999999999958,49.999999999995964,49.999999999996135,49.99999999999633,49.999999999996525,49.999999999996746,49.99999999999697,49.99999999999722,49.99999999999749
127680.0,49.99999999999492,49.99999999999492,49.99999999999494,49.99999999999497,49.99999999999501,49.99999999999506,49.99999999999513,49.99999999999521,49.9999999999953,49.99999999999541,49.999999999995524,49.99999999999566,49.9999999999958,49.999999999995964,49.999999999996135,49.99999999999633,49.999999999996525,49.999999999996746,49.99999999999697,49.99999999999722,49.99999999999749
127740.0,49.99999999999492,49.99999999999492,49.99999999999494,49.99999999999497,49.99999999999501,49.99999999999506,49.99999999999513,49.99999999999521,49.9999999999953,49.99999999999541,49.999999999995524,49.99999999999566,49.9999999999958,49.999999999995964,49.999999999996135,49.99999999999633,49.999999999996525,49.999999999996746,49.99999999999697,49.99999999999722,49.99999999999749
127800.0,49.99999999999492,49.99999999999492,49.99999999999494,49.99999999999497,49.99999999999501,49.99999999999506,49.99999999999513,49.99999999999521,49.9999999999953,49.99999999999541,49.999999999995524,49.99999999999566,49.9999999999958,49.999999999995964,49.999999999996135,49.99999999999633,49.999999999996525,49.999999999996746,49.99999999999697,49.99999999999722,49.99999999999749
127860.0,49.99999999999492,49.99999999999492,49.99999999999494,49.99999999999497,49.99999999999501,49.99999999999506,49.99999999999513,49.99999999999521,49.9999999999953,49.99999999999541,49.999999999995524,49.99999999999566,49.9999999999958,49.999999999995964,49.999999999996135,49.99999999999633,49.999999999996525,49.999999999996746,49.99999999999697,49.99999999999722,49.99999999999749
127920.0,49.99999999999492,49.99999999999492,49.99999999999494,49.99999999999497,49.99999999999501,49.99999999999506,49.99999999999513,49.99999999999521,49.9999999999953,49.99999999999541,49.999999999995524,49.99999999999566,49.9999999999958,49.999999999995964,49.999999999996135,49.99999999999633,49.999999999996525,49.999999999996746,49.99999999999697,49.99999999999722,49.99999999999749
127980.0,49.99999999999492,49.99999999999492,49.99999999999494,49.99999999999497,49.99999999999501,49.99999999999506,49.99999999999513,49.99999999999521,49.9999999999953,49.99999999999541,49.999999999995524,49.99999999999566,49.9999999999958,49.999999999995964,49.999999999996135,49.99999999999633,49.999999999996525,49.999999999996746,49.99999999999697,49.99999999999722,49.99999999999749
128040.0,49.99999999999492,49.99999999999492,49.99999999999494,49.99999999999497,49.99999999999501,49.99999999999506,49.99999999999513,49.99999999999521,49.9999999999953,49.99999999999541,49.999999999995524,49.99999999999566,49.9999999999958,49.999999999995964,49.999999999996135,49.99999999999633,49.999999999996525,49.999999999996746,49.99999999999697,49.99999999999722,49.99999999999749
128100.0,49.99999999999492,49.99999999999492,49.99999999999494,49.99999999999497,49.99999999999501,49.99999999999506,49.99999999999513,49.99999999999521,49.9999999999953,49.99999999999541,49.999999999995524,49.99999999999566,49.9999999999958,49.999999999995964,49.999999999996135,49.99999999999633,49.999999999996525,49.999999999996746,49.99999999999697,49.99999999999722,49.99999999999749
128160.0,49.99999999999492,49.99999999999492,49.99999999999494,49.99999999999497,49.99999999999501,49.99999999999506,49.99999999999513,49.99999999999521,49.9999999999953,49.99999999999541,49.999999999995524,49.99999999999566,49.9999999999958,49.999999999995964,49.999999999996135,49.99999999999633,49.999999999996525,49.999999999996746,49.99999999999697,49.99999999999722,49.99999999999749
128220.0,49.99999999999492,49.99999999999492,49.99999999999494,49.99999999999497,49.99999999999501,49.99999999999506,49.99999999999513,49.99999999999521,49.9999999999953,49.99999999999541,49.999999999995524,49.99999999999566,49.9999999999958,49.999999999995964,49.999999999996135,49.99999999999633,49.999999999996525,49.999999999996746,49.99999999999697,49.99999999999722,49.99999999999749
128280.0,49.99999999999492,49.99999999999492,49.99999999999494,49.99999999999497,49.99999999999501,49.99999999999506,49.99999999999513,49.99999999999521,49.9999999999953,49.99999999999541,49.999999999995524,49.99999999999566,49.9999999999958,49.999999999995964,49.999999999996135,49.99999999999633,49.999999999996525,49.999999999996746,49.99999999999697,49.99999999999722,49.99999999999749
128340.0,49.99999999999492,49.99999999999492,49.99999999999494,49.99999999999497,49.99999999999501,49.99999999999506,49.99999999999513,49.99999999999521,49.9999999999953,49.99999999999541,49.999999999995524,49.99999999999566,49.9999999999958,49.999999999995964,49.999999999996135,49.99999999999633,49.999999999996525,49.999999999996746,49.99999999999697,49.99999999999722,49.99999999999749
128400.0,49.99999999999492,49.99999999999492,49.99999999999494,49.99999999999497,49.99999999999501,49.99999999999506,49.99999999999513,49.99999999999521,49.9999999999953,49.99999999999541,49.999999999995524,49.99999999999566,49.9999999999958,49.999999999995964,49.999999999996135,49.99999999999633,49.999999999996525,49.999999999996746,49.99999999999697,49.99999999999722,49.99999999999749
128460.0,49.99999999999492,49.99999999999492,49.99999999999494,49.99999999999497,49.99999999999501,49.99999999999506,49.99999999999513,49.99999999999521,49.9999999999953,49.99999999999541,49.999999999995524,49.99999999999566,49.9999999999958,49.999999999995964,49.999999999996135,49.99999999999633,49.999999999996525,49.999999999996746,49.99999999999697,49.99999999999722,49.99999999999749
128520.0,49.99999999999492,49.99999999999492,49.99999999999494,49.99999999999497,49.99999999999501,49.99999999999506,49.99999999999513,49.99999999999521,49.9999999999953,49.99999999999541,49.999999999995524,49.99999999999566,49.9999999999958,49.999999999995964,49.999999999996135,49.99999999999633,49.999999999996525,49.999999999996746,49.99999999999697,49.99999999999722,49.99999999999749
128580.0,49.99999999999492,49.99999999999492,49.99999999999494,49.99999999999497,49.99999999999501,49.99999999999506,49.99999999999513,49.99999999999521,49.9999999999953,49.99999999999541,49.999999999995524,49.99999999999566,49.9999999999958,49.999999999995964,49.999999999996135,49.99999999999633,49.999999999996525,49.999999999996746,49.99999999999697,49.99999999999722,49.99999999999749
128640.0,49.99999999999492,49.99999999999492,49.99999999999494,49.99999999999497,49.99999999999501,49.99999999999506,49.99999999999513,49.99999999999521,49.9999999999953,49.99999999999541,49.999999999995524,49.99999999999566,49.9999999999958,49.999999999995964,49.999999999996135,49.99999999999633,49.999999999996525,49.999999999996746,49.99999999999697,49.99999999999722,49.99999999999749
128700.0,49.99999999999492,49.99999999999492,49.99999999999494,49.99999999999497,49.99999999999501,49.99999999999506,49.99999999999513,49.99999999999521,49.9999999999953,49.99999999999541,49.999999999995524,49.99999999999566,49.9999999999958,49.999999999995964,49.999999999996135,49.99999999999633,49.999999999996525,49.999999999996746,49.99999999999697,49.99999999999722,49.99999999999749
128760.0,49.99999999999492,49.99999999999492,49.99999999999494,49.99999999999497,49.99999999999501,49.99999999999506,49.99999999999513,49.99999999999521,49.9999999999953,49.99999999999541,49.999999999995524,49.99999999999566,49.9999999999958,49.999999999995964,49.999999999996135,49.99999999999633,49.999999999996525,49.999999999996746,49.99999999999697,49.99999999999722,49.99999999999749
128820.0,49.99999999999492,49.99999999999492,49.99999999999494,49.99999999999497,49.99999999999501,49.99999999999506,49.99999999999513,49.99999999999521,49.9999999999953,49.99999999999541,49.999999999995524,49.99999999999566,49.9999999999958,49.999999999995964,49.999999999996135,49.99999999999633,49.999999999996525,49.999999999996746,49.99999999999697,49.99999999999722,49.99999999999749
128880.0,49.99999999999492,49.99999999999492,49.99999999999494,49.99999999999497,49.99999999999501,49.99999999999506,49.99999999999513,49.99999999999521,49.9999999999953,49.99999999999541,49.999999999995524,49.99999999999566,49.9999999999958,49.999999999995964,49.999999999996135,49.99999999999633,49.999999999996525,49.999999999996746,49.99999999999697,49.99999999999722,49.99999999999749
128940.0,49.99999999999492,49.99999999999492,49.99999999999494,49.99999999999497,49.99999999999501,49.99999999999506,49.99999999999513,49.99999999999521,49.9999999999953,49.99999999999541,49.999999999995524,49.99999999999566,49.9999999999958,49.999999999995964,49.999999999996135,49.99999999999633,49.999999999996525,49.999999999996746,49.99999999999697,49.99999999999722,49.99999999999749
129000.0,49.99999999999492,49.99999999999492,49.99999999999494,49.99999999999497,49.99999999999501,49.99999999999506,49.99999999999513,49.99999999999521,49.9999999999953,49.99999999999541,49.999999999995524,49.99999999999566,49.9999999999958,49.999999999995964,49.999999999996135,49.99999999999633,49.999999999996525,49.999999999996746,49.99999999999697,49.99999999999722,49.99999999999749
129060.0,49.99999999999492,49.99999999999492,49.99999999999494,49.99999999999497,49.99999999999501,49.99999999999506,49.99999999999513,49.99999999999521,49.9999999999953,49.99999999999541,49.999999999995524,49.99999999999566,49.9999999999958,49.999999999995964,49.999999999996135,49.99999999999633,49.999999999996525,49.999999999996746,49.99999999999697,49.99999999999722,49.99999999999749
129120.0,49.99999999999492,49.99999999999492,49.99999999999494,49.99999999999497,49.99999999999501,49.99999999999506,49.99999999999513,49.99999999999521,49.9999999999953,49.99999999999541,49.999999999995524,49.99999999999566,49.9999999999958,49.999999999995964,49.999999999996135,49.99999999999633,49.999999999996525,49.999999999996746,49.99999999999697,49.99999999999722,49.99999999999749
129180.0,49.99999999999492,49.99999999999492,49.99999999999494,49.99999999999497,49.99999999999501,49.99999999999506,49.99999999999513,49.99999999999521,49.9999999999953,49.99999999999541,49.999999999995524,49.99999999999566,49.9999999999958,49.999999999995964,49.999999999996135,49.99999999999633,49.999999999996525,49.999999999996746,49.99999999999697,49.99999999999722,49.99999999999749
129240.0,49.99999999999492,49.99999999999492,49.99999999999494,49.99999999999497,49.99999999999501,49.99999999999506,49.99999999999513,49.99999999999521,49.9999999999953,49.99999999999541,49.999999999995524,49.99999999999566,49.9999999999958,49.999999999995964,49.999999999996135,49.99999999999633,49.999999999996525,49.999999999996746,49.99999999999697,49.99999999999722,49.99999999999749
129300.0,49.99999999999492,49.99999999999492,49.99999999999494,49.99999999999497,49.99999999999501,49.99999999999506,49.99999999999513,49.99999999999521,49.9999999999953,49.99999999999541,49.999999999995524,49.99999999999566,49.9999999999958,49.999999999995964,49.999999999996135,49.99999999999633,49.999999999996525,49.999999999996746,49.99999999999697,49.99999999999722,49.99999999999749
129360.0,49.99999999999492,49.99999999999492,49.99999999999494,49.99999999999497,49.99999999999501,49.99999999999506,49.99999999999513,49.99999999999521,49.9999999999953,49.99999999999541,49.999999999995524,49.99999999999566,49.9999999999958,49.999999999995964,49.999999999996135,49.99999999999633,49.999999999996525,49.999999999996746,49.99999999999697,49.99999999999722,49.99999999999749
129420.0,49.99999999999492,49.99999999999492,49.99999999999494,49.99999999999497,49.99999999999501,49.99999999999506,49.99999999999513,49.99999999999521,49.9999999999953,49.99999999999541,49.999999999995524,49.99999999999566,49.9999999999958,49.999999999995964,49.999999999996135,49.99999999999633,49.999999999996525,49.999999999996746,49.99999999999697,49.99999999999722,49.99999999999749
129480.0,49.99999999999492,49.99999999999492,49.99999999999494,49.99999999999497,49.99999999999501,49.99999999999506,49.99999999999513,49.99999999999521,49.9999999999953,49.99999999999541,49.999999999995524,49.99999999999566,49.9999999999958,49.999999999995964,49.999999999996135,49.99999999999633,49.999999999996525,49.999999999996746,49.99999999999697,49.99999999999722,49.99999999999749
129540.0,49.99999999999492,49.99999999999492,49.99999999999494,49.99999999999497,49.99999999999501,49.99999999999506,49.99999999999513,49.99999999999521,49.9999999999953,49.99999999999541,49.999999999995524,49.99999999999566,49.9999999999958,49.999999999995964,49.999999999996135,49.99999999999633,49.999999999996525,49.999999999996746,49.99999999999697,49.99999999999722,49.99999999999749
129600.0,49.99999999999492,49.99999999999492,49.99999999999494,49.99999999999497,49.99999999999501,49.99999999999506,49.99999999999513,49.99999999999521,49.9999999999953,49.99999999999541,49.999999999995524,49.99999999999566,49.9999999999958,49.999999999995964,49.999999999996135,49.99999999999633,49.999999999996525,49.999999999996746,49.99999999999697,49.99999999999722,49.99999999999749
129660.0,49.99999999999492,49.99999999999492,49.99999999999494,49.99999999999497,49.99999999999501,49.99999999999506,49.99999999999513,49.99999999999521,49.9999999999953,49.99999999999541,49.999999999995524,49.99999999999566,49.9999999999958,49.999999999995964,49.999999999996135,49.99999999999633,49.999999999996525,49.999999999996746,49.99999999999697,49.99999999999722,49.99999999999749
129720.0,49.99999999999492,49.99999999999492,49.99999999999494,49.99999999999497,49.99999999999501,49.99999999999506,49.99999999999513,49.99999999999521,49.9999999999953,49.99999999999541,49.999999999995524,49.99999999999566,49.9999999999958,49.999999999995964,49.999999999996135,49.99999999999633,49.999999999996525,49.999999999996746,49.99999999999697,49.99999999999722,49.99999999999749
129780.0,49.99999999999492,49.99999999999492,49.99999999999494,49.99999999999497,49.99999999999501,49.99999999999506,49.99999999999513,49.99999999999521,49.9999999999953,49.99999999999541,49.999999999995524,49.99999999999566,49.9999999999958,49.999999999995964,49.999999999996135,49.99999999999633,49.999999999996525,49.999999999996746,49.99999999999697,49.99999999999722,49.99999999999749
129840.0,49.99999999999492,49.99999999999492,49.99999999999494,49.99999999999497,49.99999999999501,49.99999999999506,49.99999999999513,49.99999999999521,49.9999999999953,49.99999999999541,49.999999999995524,49.99999999999566,49.9999999999958,49.999999999995964,49.999999999996135,49.99999999999633,49.999999999996525,49.999999999996746,49.99999999999697,49.99999999999722,49.99999999999749
129900.0,49.99999999999492,49.99999999999492,49.99999999999494,49.99999999999497,49.99999999999501,49.99999999999506,49.99999999999513,49.99999999999521,49.9999999999953,49.99999999999541,49.999999999995524,49.99999999999566,49.9999999999958,49.999999999995964,49.999999999996135,49.99999999999633,49.999999999996525,49.999999999996746,49.99999999999697,49.99999999999722,49.99999999999749
129960.0,49.99999999999492,49.99999999999492,49.99999999999494,49.99999999999497,49.99999999999501,49.99999999999506,49.99999999999513,49.99999999999521,49.9999999999953,49.99999999999541,49.999999999995524,49.99999999999566,49.9999999999958,49.999999999995964,49.999999999996135,49.99999999999633,49.999999999996525,49.999999999996746,49.99999999999697,49.99999999999722,49.99999999999749
130020.0,49.99999999999492,49.99999999999492,49.99999999999494,49.99999999999497,49.99999999999501,49.99999999999506,49.99999999999513,49.99999999999521,49.9999999999953,49.99999999999541,49.999999999995524,49.99999999999566,49.9999999999958,49.999999999995964,49.999999999996135,49.99999999999633,49.999999999996525,49.999999999996746,49.99999999999697,49.99999999999722,49.99999999999749
130080.0,49.999999999994984,49.999999999994984,49.999999999995005,49.99999999999503,49.999999999995076,49.999999999995126,49.9999999999952,49.999999999995275,49.99999999999537,49.999999999995474,49.99999999999559,49.99999999999572,49.999999999995865,49.99999999999603,49.9999999999962,49.99999999999638,49.99999999999658,49.999999999996795,49.99999999999702,49.999999999997264,49.99999999999753
130140.0,49.999999999994984,49.999999999994984,49.999999999995005,49.99999999999503,49.999999999995076,49.999999999995126,49.9999999999952,49.999999999995275,49.99999999999537,49.999999999995474,49.99999999999559,49.99999999999572,49.999999999995865,49.99999999999603,49.9999999999962,49.99999999999638,49.99999999999658,49.999999999996795,49.99999999999702,49.999999999997264,49.99999999999753
130200.0,49.999999999994984,49.999999999994984,49.999999999995005,49.99999999999503,49.999999999995076,49.999999999995126,49.9999999999952,49.999999999995275,49.99999999999537,49.999999999995474,49.99999999999559,49.99999999999572,49.999999999995865,49.99999999999603,49.9999999999962,49.99999999999638,49.99999999999658,49.999999999996795,49.99999999999702,49.999999999997264,49.99999999999753
130260.0,49.999999999994984,49.999999999994984,49.999999999995005,49.99999999999503,49.999999999995076,49.999999999995126,49.9999999999952,49.999999999995275,49.99999999999537,49.999999999995474,49.99999999999559,49.99999999999572,49.999999999995865,49.99999999999603,49.9999999999962,49.99999999999638,49.99999999999658,49.999999999996795,49.99999999999702,49.999999999997264,49.99999999999753
130320.0,49.999999999994984,49.999999999994984,49.999999999995005,49.99999999999503,49.999999999995076,49.999999999995126,49.9999999999952,49.999999999995275,49.99999999999537,49.999999999995474,49.99999999999559,49.99999999999572,49.999999999995865,49.99999999999603,49.9999999999962,49.99999999999638,49.99999999999658,49.999999999996795,49.99999999999702,49.999999999997264,49.99999999999753
130380.0,49.999999999994984,49.999999999994984,49.999999999995005,49.99999999999503,49.999999999995076,49.999999999995126,49.9999999999952,49.999999999995275,49.99999999999537,49.999999999995474,49.99999999999559,49.99999999999572,49.999999999995865,49.99999999999603,49.9999999999962,49.99999999999638,49.99999999999658,49.999999999996795,49.99999999999702,49.999999999997264,49.99999999999753
130440.0,49.999999999994984,49.999999999994984,49.999999999995005,49.99999999999503,49.999999999995076,49.999999999995126,49.9999999999952,49.999999999995275,49.99999999999537,49.999999999995474,49.99999999999559,49.99999999999572,49.999999999995865,49.99999999999603,49.9999999999962,49.99999999999638,49.99999999999658,49.999999999996795,49.99999999999702,49.999999999997264,49.99999999999753
130500.0,49.999999999994984,49.999999999994984,49.999999999995005,49.99999999999503,49.999999999995076,49.999999999995126,49.9999999999952,49.999999999995275,49.99999999999537,49.999999999995474,49.99999999999559,49.99999999999572,49.999999999995865,49.99999999999603,49.9999999999962,49.99999999999638,49.99999999999658,49.999999999996795,49.99999999999702,49.999999999997264,49.99999999999753
130560.0,49.999999999994984,49.999999999994984,49.999999999995005,49.99999999999503,49.999999999995076,49.999999999995126,49.9999999999952,49.999999999995275,49.99999999999537,49.999999999995474,49.99999999999559,49.99999999999572,49.999999999995865,49.99999999999603,49.9999999999962,49.99999999999638,49.99999999999658,49.999999999996795,49.99999999999702,49.999999999997264,49.99999999999753
130620.0,49.999999999994984,49.999999999994984,49.999999999995005,49.99999999999503,49.999999999995076,49.999999999995126,49.9999999999952,49.999999999995275,49.99999999999537,49.999999999995474,49.99999999999559,49.99999999999572,49.999999999995865,49.99999999999603,49.9999999999962,49.99999999999638,49.99999999999658,49.999999999996795,49.99999999999702,49.999999999997264,49.99999999999753
130680.0,49.999999999994984,49.999999999994984,49.999999999995005,49.99999999999503,49.999999999995076,49.999999999995126,49.9999999999952,49.999999999995275,49.99999999999537,49.999999999995474,49.99999999999559,49.99999999999572,49.999999999995865,49.99999999999603,49.9999999999962,49.99999999999638,49.99999999999658,49.999999999996795,49.99999999999702,49.999999999997264,49.99999999999753
130740.0,49.999999999994984,49.999999999994984,49.999999999995005,49.99999999999503,49.999999999995076,49.999999999995126,49.9999999999952,49.999999999995275,49.99999999999537,49.999999999995474,49.99999999999559,49.99999999999572,49.999999999995865,49.99999999999603,49.9999999999962,49.99999999999638,49.99999999999658,49.999999999996795,49.99999999999702,49.999999999997264,49.99999999999753
130800.0,49.999999999994984,49.999999999994984,49.999999999995005,49.99999999999503,49.999999999995076,49.999999999995126,49.9999999999952,49.999999999995275,49.99999999999537,49.999999999995474,49.99999999999559,49.99999999999572,49.999999999995865,49.99999999999603,49.9999999999962,49.99999999999638,49.99999999999658,49.999999999996795,49.99999999999702,49.999999999997264,49.99999999999753
130860.0,49.999999999994984,49.999999999994984,49.999999999995005,49.99999999999503,49.999999999995076,49.999999999995126,49.9999999999952,49.999999999995275,49.99999999999537,49.999999999995474,49.99999999999559,49.99999999999572,49.999999999995865,49.99999999999603,49.9999999999962,49.99999999999638,49.99999999999658,49.999999999996795,49.99999999999702,49.999999999997264,49.99999999999753
130920.0,49.999999999994984,49.999999999994984,49.999999999995005,49.99999999999503,49.999999999995076,49.999999999995126,49.9999999999952,49.999999999995275,49.99999999999537,49.999999999995474,49.99999999999559,49.99999999999572,49.999999999995865,49.99999999999603,49.9999999999962,49.99999999999638,49.99999999999658,49.999999999996795,49.99999999999702,49.999999999997264,49.99999999999753
130980.0,49.999999999994984,49.999999999994984,49.999999999995005,49.99999999999503,49.999999999995076,49.999999999995126,49.9999999999952,49.999999999995275,49.99999999999537,49.999999999995474,49.99999999999559,49.99999999999572,49.999999999995865,49.99999999999603,49.9999999999962,49.99999999999638,49.99999999999658,49.999999999996795,49.99999999999702,49.999999999997264,49.99999999999753
131040.0,49.999999999994984,49.999999999994984,49.999999999995005,49.99999999999503,49.999999999995076,49.999999999995126,49.9999999999952,49.999999999995275,49.99999999999537,49.999999999995474,49.99999999999559,49.99999999999572,49.999999999995865,49.99999999999603,49.9999999999962,49.99999999999638,49.99999999999658,49.999999999996795,49.99999999999702,49.999999999997264,49.99999999999753
131100.0,49.999999999994984,49.999999999994984,49.999999999995005,49.99999999999503,49.999999999995076,49.999999999995126,49.9999999999952,49.999999999995275,49.99999999999537,49.999999999995474,49.99999999999559,49.99999999999572,49.999999999995865,49.99999999999603,49.9999999999962,49.99999999999638,49.99999999999658,49.999999999996795,49.99999999999702,49.999999999997264,49.99999999999753
131160.0,49.999999999994984,49.999999999994984,49.999999999995005,49.99999999999503,49.999999999995076,49.999999999995126,49.9999999999952,49.999999999995275,49.99999999999537,49.999999999995474,49.99999999999559,49.99999999999572,49.999999999995865,49.99999999999603,49.9999999999962,49.99999999999638,49.99999999999658,49.999999999996795,49.99999999999702,49.999999999997264,49.99999999999753
131220.0,49.999999999994984,49.999999999994984,49.999999999995005,49.99999999999503,49.999999999995076,49.999999999995126,49.9999999999952,49.999999999995275,49.99999999999537,49.999999999995474,49.99999999999559,49.99999999999572,49.999999999995865,49.99999999999603,49.9999999999962,49.99999999999638,49.99999999999658,49.999999999996795,49.99999999999702,49.999999999997264,49.99999999999753
131280.0,49.999999999994984,49.999999999994984,49.999999999995005,49.99999999999503,49.999999999995076,49.999999999995126,49.9999999999952,49.999999999995275,49.99999999999537,49.999999999995474,49.99999999999559,49.99999999999572,49.999999999995865,49.99999999999603,49.9999999999962,49.99999999999638,49.99999999999658,49.999999999996795,49.99999999999702,49.999999999997264,49.99999999999753
131340.0,49.999999999994984,49.999999999994984,49.999999999995005,49.99999999999503,49.999999999995076,49.999999999995126,49.9999999999952,49.999999999995275,49.99999999999537,49.999999999995474,49.99999999999559,49.99999999999572,49.999999999995865,49.99999999999603,49.9999999999962,49.99999999999638,49.99999999999658,49.999999999996795,49.99999999999702,49.999999999997264,49.99999999999753
131400.0,49.999999999994984,49.999999999994984,49.999999999995005,49.99999999999503,49.999999999995076,49.999999999995126,49.9999999999952,49.999999999995275,49.99999999999537,49.999999999995474,49.99999999999559,49.99999999999572,49.999999999995865,49.99999999999603,49.9999999999962,49.99999999999638,49.99999999999658,49.999999999996795,49.99999999999702,49.999999999997264,49.99999999999753
131460.0,49.999999999994984,49.999999999994984,49.999999999995005,49.99999999999503,49.999999999995076,49.999999999995126,49.9999999999952,49.999999999995275,49.99999999999537,49.999999999995474,49.99999999999559,49.99999999999572,49.999999999995865,49.99999999999603,49.9999999999962,49.99999999999638,49.99999999999658,49.999999999996795,49.99999999999702,49.999999999997264,49.99999999999753
131520.0,49.999999999994984,49.999999999994984,49.999999999995005,49.99999999999503,49.999999999995076,49.999999999995126,49.9999999999952,49.999999999995275,49.99999999999537,49.999999999995474,49.99999999999559,49.99999999999572,49.999999999995865,49.99999999999603,49.9999999999962,49.99999999999638,49.99999999999658,49.999999999996795,49.99999999999702,49.999999999997264,49.99999999999753
131580.0,49.999999999994984,49.999999999994984,49.999999999995005,49.99999999999503,49.999999999995076,49.999999999995126,49.9999999999952,49.999999999995275,49.99999999999537,49.999999999995474,49.99999999999559,49.99999999999572,49.999999999995865,49.99999999999603,49.9999999999962,49.99999999999638,49.99999999999658,49.999999999996795,49.99999999999702,49.999999999997264,49.99999999999753
131640.0,49.999999999994984,49.999999999994984,49.999999999995005,49.99999999999503,49.999999999995076,49.999999999995126,49.9999999999952,49.999999999995275,49.99999999999537,49.999999999995474,49.99999999999559,49.99999999999572,49.999999999995865,49.99999999999603,49.9999999999962,49.99999999999638,49.99999999999658,49.999999999996795,49.99999999999702,49.999999999997264,49.99999999999753
131700.0,49.999999999994984,49.999999999994984,49.999999999995005,49.99999999999503,49.999999999995076,49.999999999995126,49.9999999999952,49.999999999995275,49.99999999999537,49.999999999995474,49.99999999999559,49.99999999999572,49.999999999995865,49.99999999999603,49.9999999999962,49.99999999999638,49.99999999999658,49.999999999996795,49.99999999999702,49.999999999997264,49.99999999999753
131760.0,49.999999999994984,49.999999999994984,49.999999999995005,49.99999999999503,49.999999999995076,49.999999999995126,49.9999999999952,49.999999999995275,49.99999999999537,49.999999999995474,49.99999999999559,49.99999999999572,49.999999999995865,49.99999999999603,49.9999999999962,49.99999999999638,49.99999999999658,49.999999999996795,49.99999999999702,49.999999999997264,49.99999999999753
131820.0,49.999999999994984,49.999999999994984,49.999999999995005,49.99999999999503,49.999999999995076,49.999999999995126,49.9999999999952,49.999999999995275,49.99999999999537,49.999999999995474,49.99999999999559,49.99999999999572,49.999999999995865,49.99999999999603,49.9999999999962,49.99999999999638,49.99999999999658,49.999999999996795,49.99999999999702,49.999999999997264,49.99999999999753
131880.0,49.999999999994984,49.999999999994984,49.999999999995005,49.99999999999503,49.999999999995076,49.999999999995126,49.9999999999952,49.999999999995275,49.99999999999537,49.999999999995474,49.99999999999559,49.99999999999572,49.999999999995865,49.99999999999603,49.9999999999962,49.99999999999638,49.99999999999658,49.999999999996795,49.99999999999702,49.999999999997264,49.99999999999753
131940.0,49.999999999994984,49.999999999994984,49.999999999995005,49.99999999999503,49.999999999995076,49.999999999995126,49.9999999999952,49.999999999995275,49.99999999999537,49.999999999995474,49.99999999999559,49.99999999999572,49.999999999995865,49.99999999999603,49.9999999999962,49.99999999999638,49.99999999999658,49.999999999996795,49.99999999999702,49.999999999997264,49.99999999999753
132000.0,49.999999999994984,49.999999999994984,49.999999999995005,49.99999999999503,49.999999999995076,49.999999999995126,49.9999999999952,49.999999999995275,49.99999999999537,49.999999999995474,49.99999999999559,49.99999999999572,49.999999999995865,49.99999999999603,49.9999999999962,49.99999999999638,49.99999999999658,49.999999999996795,49.99999999999702,49.999999999997264,49.99999999999753
132060.0,49.999999999994984,49.999999999994984,49.999999999995005,49.99999999999503,49.999999999995076,49.999999999995126,49.9999999999952,49.999999999995275,49.99999999999537,49.999999999995474,49.99999999999559,49.99999999999572,49.999999999995865,49.99999999999603,49.9999999999962,49.99999999999638,49.99999999999658,49.999999999996795,49.99999999999702,49.999999999997264,49.99999999999753
132120.0,49.999999999994984,49.999999999994984,49.999999999995005,49.99999999999503,49.999999999995076,49.999999999995126,49.9999999999952,49.999999999995275,49.99999999999537,49.999999999995474,49.99999999999559,49.99999999999572,49.999999999995865,49.99999999999603,49.9999999999962,49.99999999999638,49.99999999999658,49.999999999996795,49.99999999999702,49.999999999997264,49.99999999999753
132180.0,49.999999999994984,49.999999999994984,49.999999999995005,49.99999999999503,49.999999999995076,49.999999999995126,49.9999999999952,49.999999999995275,49.99999999999537,49.999999999995474,49.99999999999559,49.99999999999572,49.999999999995865,49.99999999999603,49.9999999999962,49.99999999999638,49.99999999999658,49.999999999996795,49.99999999999702,49.999999999997264,49.99999999999753
132240.0,49.999999999994984,49.999999999994984,49.999999999995005,49.99999999999503,49.999999999995076,49.999999999995126,49.9999999999952,49.999999999995275,49.99999999999537,49.999999999995474,49.99999999999559,49.99999999999572,49.999999999995865,49.99999999999603,49.9999999999962,49.99999999999638,49.99999999999658,49.999999999996795,49.99999999999702,49.999999999997264,49.99999999999753
132300.0,49.999999999994984,49.999999999994984,49.999999999995005,49.99999999999503,49.999999999995076,49.999999999995126,49.9999999999952,49.999999999995275,49.99999999999537,49.999999999995474,49.99999999999559,49.99999999999572,49.999999999995865,49.99999999999603,49.9999999999962,49.99999999999638,49.99999999999658,49.999999999996795,49.99999999999702,49.999999999997264,49.99999999999753
132360.0,49.999999999994984,49.999999999994984,49.999999999995005,49.99999999999503,49.999999999995076,49.999999999995126,49.9999999999952,49.999999999995275,49.99999999999537,49.999999999995474,49.99999999999559,49.99999999999572,49.999999999995865,49.99999999999603,49.9999999999962,49.99999999999638,49.99999999999658,49.999999999996795,49.99999999999702,49.999999999997264,49.99999999999753
132420.0,49.999999999994984,49.999999999994984,49.999999999995005,49.99999999999503,49.999999999995076,49.999999999995126,49.9999999999952,49.999999999995275,49.99999999999537,49.999999999995474,49.99999999999559,49.99999999999572,49.999999999995865,49.99999999999603,49.9999999999962,49.99999999999638,49.99999999999658,49.999999999996795,49.99999999999702,49.999999999997264,49.99999999999753
132480.0,49.999999999994984,49.999999999994984,49.999999999995005,49.99999999999503,49.999999999995076,49.999999999995126,49.9999999999952,49.999999999995275,49.99999999999537,49.999999999995474,49.99999999999559,49.99999999999572,49.999999999995865,49.99999999999603,49.9999999999962,49.99999999999638,49.99999999999658,49.999999999996795,49.99999999999702,49.999999999997264,49.99999999999753
132540.0,49.999999999994984,49.999999999994984,49.999999999995005,49.99999999999503,49.999999999995076,49.999999999995126,49.9999999999952,49.999999999995275,49.99999999999537,49.999999999995474,49.99999999999559,49.99999999999572,49.999999999995865,49.99999999999603,49.9999999999962,49.99999999999638,49.99999999999658,49.999999999996795,49.99999999999702,49.999999999997264,49.99999999999753
132600.0,49.999999999994984,49.999999999994984,49.999999999995005,49.99999999999503,49.999999999995076,49.999999999995126,49.9999999999952,49.999999999995275,49.99999999999537,49.999999999995474,49.99999999999559,49.99999999999572,49.999999999995865,49.99999999999603,49.9999999999962,49.99999999999638,49.99999999999658,49.999999999996795,49.99999999999702,49.999999999997264,49.99999999999753
132660.0,49.999999999994984,49.999999999994984,49.999999999995005,49.99999999999503,49.999999999995076,49.999999999995126,49.9999999999952,49.999999999995275,49.99999999999537,49.999999999995474,49.99999999999559,49.99999999999572,49.999999999995865,49.99999999999603,49.9999999999962,49.99999999999638,49.99999999999658,49.999999999996795,49.99999999999702,49.999999999997264,49.99999999999753
132720.0,49.999999999994984,49.999999999994984,49.999999999995005,49.99999999999503,49.999999999995076,49.999999999995126,49.9999999999952,49.999999999995275,49.99999999999537,49.999999999995474,49.99999999999559,49.99999999999572,49.999999999995865,49.99999999999603,49.9999999999962,49.99999999999638,49.99999999999658,49.999999999996795,49.99999999999702,49.999999999997264,49.99999999999753
132780.0,49.999999999994984,49.999999999994984,49.999999999995005,49.99999999999503,49.999999999995076,49.999999999995126,49.9999999999952,49.999999999995275,49.99999999999537,49.999999999995474,49.99999999999559,49.99999999999572,49.999999999995865,49.99999999999603,49.9999999999962,49.99999999999638,49.99999999999658,49.999999999996795,49.99999999999702,49.999999999997264,49.99999999999753
132840.0,49.999999999994984,49.999999999994984,49.999999999995005,49.99999999999503,49.999999999995076,49.999999999995126,49.9999999999952,49.999999999995275,49.99999999999537,49.999999999995474,49.99999999999559,49.99999999999572,49.999999999995865,49.99999999999603,49.9999999999962,49.99999999999638,49.99999999999658,49.999999999996795,49.99999999999702,49.999999999997264,49.99999999999753
132900.0,49.999999999994984,49.999999999994984,49.999999999995005,49.99999999999503,49.999999999995076,49.999999999995126,49.9999999999952,49.999999999995275,49.99999999999537,49.999999999995474,49.99999999999559,49.99999999999572,49.999999999995865,49.99999999999603,49.9999999999962,49.99999999999638,49.99999999999658,49.999999999996795,49.99999999999702,49.999999999997264,49.99999999999753
132960.0,49.999999999994984,49.999999999994984,49.999999999995005,49.99999999999503,49.999999999995076,49.999999999995126,49.9999999999952,49.999999999995275,49.99999999999537,49.999999999995474,49.99999999999559,49.99999999999572,49.999999999995865,49.99999999999603,49.9999999999962,49.99999999999638,49.99999999999658,49.999999999996795,49.99999999999702,49.999999999997264,49.99999999999753
133020.0,49.999999999994984,49.999999999994984,49.999999999995005,49.99999999999503,49.999999999995076,49.999999999995126,49.9999999999952,49.999999999995275,49.99999999999537,49.999999999995474,49.99999999999559,49.99999999999572,49.999999999995865,49.99999999999603,49.9999999999962,49.99999999999638,49.99999999999658,49.999999999996795,49.99999999999702,49.999999999997264,49.99999999999753
133080.0,49.999999999994984,49.999999999994984,49.999999999995005,49.99999999999503,49.999999999995076,49.999999999995126,49.9999999999952,49.999999999995275,49.99999999999537,49.999999999995474,49.99999999999559,49.99999999999572,49.999999999995865,49.99999999999603,49.9999999999962,49.99999999999638,49.99999999999658,49.999999999996795,49.99999999999702,49.999999999997264,49.99999999999753
133140.0,49.999999999994984,49.999999999994984,49.999999999995005,49.99999999999503,49.999999999995076,49.999999999995126,49.9999999999952,49.999999999995275,49.99999999999537,49.999999999995474,49.99999999999559,49.99999999999572,49.999999999995865,49.99999999999603,49.9999999999962,49.99999999999638,49.99999999999658,49.999999999996795,49.99999999999702,49.999999999997264,49.99999999999753
133200.0,49.999999999994984,49.999999999994984,49.999999999995005,49.99999999999503,49.999999999995076,49.999999999995126,49.9999999999952,49.999999999995275,49.99999999999537,49.999999999995474,49.99999999999559,49.99999999999572,49.999999999995865,49.99999999999603,49.9999999999962,49.99999999999638,49.99999999999658,49.999999999996795,49.99999999999702,49.999999999997264,49.99999999999753
133260.0,49.999999999994984,49.999999999994984,49.999999999995005,49.99999999999503,49.999999999995076,49.999999999995126,49.9999999999952,49.999999999995275,49.99999999999537,49.999999999995474,49.99999999999559,49.99999999999572,49.999999999995865,49.99999999999603,49.9999999999962,49.99999999999638,49.99999999999658,49.999999999996795,49.99999999999702,49.999999999997264,49.99999999999753
133320.0,49.999999999994984,49.999999999994984,49.999999999995005,49.99999999999503,49.999999999995076,49.999999999995126,49.9999999999952,49.999999999995275,49.99999999999537,49.999999999995474,49.99999999999559,49.99999999999572,49.999999999995865,49.99999999999603,49.9999999999962,49.99999999999638,49.99999999999658,49.999999999996795,49.99999999999702,49.999999999997264,49.99999999999753
133380.0,49.999999999994984,49.999999999994984,49.999999999995005,49.99999999999503,49.999999999995076,49.999999999995126,49.9999999999952,49.999999999995275,49.99999999999537,49.999999999995474,49.99999999999559,49.99999999999572,49.999999999995865,49.99999999999603,49.9999999999962,49.99999999999638,49.99999999999658,49.999999999996795,49.99999999999702,49.999999999997264,49.99999999999753
133440.0,49.999999999994984,49.999999999994984,49.999999999995005,49.99999999999503,49.999999999995076,49.999999999995126,49.9999999999952,49.999999999995275,49.99999999999537,49.999999999995474,49.99999999999559,49.99999999999572,49.999999999995865,49.99999999999603,49.9999999999962,49.99999999999638,49.99999999999658,49.999999999996795,49.99999999999702,49.999999999997264,49.99999999999753
133500.0,49.999999999994984,49.999999999994984,49.999999999995005,49.99999999999503,49.999999999995076,49.999999999995126,49.9999999999952,49.999999999995275,49.99999999999537,49.999999999995474,49.99999999999559,49.99999999999572,49.999999999995865,49.99999999999603,49.9999999999962,49.99999999999638,49.99999999999658,49.999999999996795,49.99999999999702,49.999999999997264,49.99999999999753
133560.0,49.999999999994984,49.999999999994984,49.999999999995005,49.99999999999503,49.999999999995076,49.999999999995126,49.9999999999952,49.999999999995275,49.99999999999537,49.999999999995474,49.99999999999559,49.99999999999572,49.999999999995865,49.99999999999603,49.9999999999962,49.99999999999638,49.99999999999658,49.999999999996795,49.99999999999702,49.999999999997264,49.99999999999753
133620.0,49.999999999994984,49.999999999994984,49.999999999995005,49.99999999999503,49.999999999995076,49.999999999995126,49.9999999999952,49.999999999995275,49.99999999999537,49.999999999995474,49.99999999999559,49.99999999999572,49.999999999995865,49.99999999999603,49.9999999999962,49.99999999999638,49.99999999999658,49.999999999996795,49.99999999999702,49.999999999997264,49.99999999999753
133680.0,49.999999999994984,49.999999999994984,49.999999999995005,49.99999999999503,49.999999999995076,49.999999999995126,49.9999999999952,49.999999999995275,49.99999999999537,49.999999999995474,49.99999999999559,49.99999999999572,49.999999999995865,49.99999999999603,49.9999999999962,49.99999999999638,49.99999999999658,49.999999999996795,49.99999999999702,49.999999999997264,49.99999999999753
133740.0,49.999999999994984,49.999999999994984,49.999999999995005,49.99999999999503,49.999999999995076,49.999999999995126,49.9999999999952,49.999999999995275,49.99999999999537,49.999999999995474,49.99999999999559,49.99999999999572,49.999999999995865,49.99999999999603,49.9999999999962,49.99999999999638,49.99999999999658,49.999999999996795,49.99999999999702,49.999999999997264,49.99999999999753
133800.0,49.999999999994984,49.999999999994984,49.999999999995005,49.99999999999503,49.999999999995076,49.999999999995126,49.9999999999952,49.999999999995275,49.99999999999537,49.999999999995474,49.99999999999559,49.99999999999572,49.999999999995865,49.99999999999603,49.9999999999962,49.99999999999638,49.99999999999658,49.999999999996795,49.99999999999702,49.999999999997264,49.99999999999753
133860.0,49.999999999994984,49.999999999994984,49.999999999995005,49.99999999999503,49.999999999995076,49.999999999995126,49.9999999999952,49.999999999995275,49.99999999999537,49.999999999995474,49.99999999999559,49.99999999999572,49.999999999995865,49.99999999999603,49.9999999999962,49.99999999999638,49.99999999999658,49.999999999996795,49.99999999999702,49.999999999997264,49.99999999999753
133920.0,49.999999999994984,49.999999999994984,49.999999999995005,49.99999999999503,49.999999999995076,49.999999999995126,49.9999999999952,49.999999999995275,49.99999999999537,49.999999999995474,49.99999999999559,49.99999999999572,49.999999999995865,49.99999999999603,49.9999999999962,49.99999999999638,49.99999999999658,49.999999999996795,49.99999999999702,49.999999999997264,49.99999999999753
133980.0,49.999999999994984,49.999999999994984,49.999999999995005,49.99999999999503,49.999999999995076,49.999999999995126,49.9999999999952,49.999999999995275,49.99999999999537,49.999999999995474,49.99999999999559,49.99999999999572,49.999999999995865,49.99999999999603,49.9999999999962,49.99999999999638,49.99999999999658,49.999999999996795,49.99999999999702,49.999999999997264,49.99999999999753
134040.0,49.999999999994984,49.999999999994984,49.999999999995005,49.99999999999503,49.999999999995076,49.999999999995126,49.9999999999952,49.999999999995275,49.99999999999537,49.999999999995474,49.99999999999559,49.99999999999572,49.999999999995865,49.99999999999603,49.9999999999962,49.99999999999638,49.99999999999658,49.999999999996795,49.99999999999702,49.999999999997264,49.99999999999753
134100.0,49.999999999994984,49.999999999994984,49.999999999995005,49.99999999999503,49.999999999995076,49.999999999995126,49.9999999999952,49.999999999995275,49.99999999999537,49.999999999995474,49.99999999999559,49.99999999999572,49.999999999995865,49.99999999999603,49.9999999999962,49.99999999999638,49.99999999999658,49.999999999996795,49.99999999999702,49.999999999997264,49.99999999999753
134160.0,49.999999999994984,49.999999999994984,49.999999999995005,49.99999999999503,49.999999999995076,49.999999999995126,49.9999999999952,49.999999999995275,49.99999999999537,49.999999999995474,49.99999999999559,49.99999999999572,49.999999999995865,49.99999999999603,49.9999999999962,49.99999999999638,49.99999999999658,49.999999999996795,49.99999999999702,49.999999999997264,49.99999999999753
134220.0,49.999999999994984,49.999999999994984,49.999999999995005,49.99999999999503,49.999999999995076,49.999999999995126,49.9999999999952,49.999999999995275,49.99999999999537,49.999999999995474,49.99999999999559,49.99999999999572,49.999999999995865,49.99999999999603,49.9999999999962,49.99999999999638,49.99999999999658,49.999999999996795,49.99999999999702,49.999999999997264,49.99999999999753
134280.0,49.999999999994984,49.999999999994984,49.999999999995005,49.99999999999503,49.999999999995076,49.999999999995126,49.9999999999952,49.999999999995275,49.99999999999537,49.999999999995474,49.99999999999559,49.99999999999572,49.999999999995865,49.99999999999603,49.9999999999962,49.99999999999638,49.99999999999658,49.999999999996795,49.99999999999702,49.999999999997264,49.99999999999753
134340.0,49.999999999994984,49.999999999994984,49.999999999995005,49.99999999999503,49.999999999995076,49.999999999995126,49.9999999999952,49.999999999995275,49.99999999999537,49.999999999995474,49.99999999999559,49.99999999999572,49.999999999995865,49.99999999999603,49.9999999999962,49.99999999999638,49.99999999999658,49.999999999996795,49.99999999999702,49.999999999997264,49.99999999999753
134400.0,49.999999999994984,49.999999999994984,49.999999999995005,49.99999999999503,49.999999999995076,49.999999999995126,49.9999999999952,49.999999999995275,49.99999999999537,49.999999999995474,49.99999999999559,49.99999999999572,49.999999999995865,49.99999999999603,49.9999999999962,49.99999999999638,49.99999999999658,49.999999999996795,49.99999999999702,49.999999999997264,49.99999999999753
134460.0,49.999999999994984,49.999999999994984,49.999999999995005,49.99999999999503,49.999999999995076,49.999999999995126,49.9999999999952,49.999999999995275,49.99999999999537,49.999999999995474,49.99999999999559,49.99999999999572,49.999999999995865,49.99999999999603,49.9999999999962,49.99999999999638,49.99999999999658,49.999999999996795,49.99999999999702,49.999999999997264,49.99999999999753
134520.0,49.999999999994984,49.999999999994984,49.999999999995005,49.99999999999503,49.999999999995076,49.999999999995126,49.9999999999952,49.999999999995275,49.99999999999537,49.999999999995474,49.99999999999559,49.99999999999572,49.999999999995865,49.99999999999603,49.9999999999962,49.99999999999638,49.99999999999658,49.999999999996795,49.99999999999702,49.999999999997264,49.99999999999753
134580.0,49.999999999994984,49.999999999994984,49.999999999995005,49.99999999999503,49.999999999995076,49.999999999995126,49.9999999999952,49.999999999995275,49.99999999999537,49.999999999995474,49.99999999999559,49.99999999999572,49.999999999995865,49.99999999999603,49.9999999999962,49.99999999999638,49.99999999999658,49.999999999996795,49.99999999999702,49.999999999997264,49.99999999999753
134640.0,49.999999999994984,49.999999999994984,49.999999999995005,49.99999999999503,49.999999999995076,49.999999999995126,49.9999999999952,49.999999999995275,49.99999999999537,49.999999999995474,49.99999999999559,49.99999999999572,49.999999999995865,49.99999999999603,49.9999999999962,49.99999999999638,49.99999999999658,49.999999999996795,49.99999999999702,49.999999999997264,49.99999999999753
134700.0,49.999999999994984,49.999999999994984,49.999999999995005,49.99999999999503,49.999999999995076,49.999999999995126,49.9999999999952,49.999999999995275,49.99999999999537,49.999999999995474,49.99999999999559,49.99999999999572,49.999999999995865,49.99999999999603,49.9999999999962,49.99999999999638,49.99999999999658,49.999999999996795,49.99999999999702,49.999999999997264,49.99999999999753
134760.0,49.999999999994984,49.999999999994984,49.999999999995005,49.99999999999503,49.999999999995076,49.999999999995126,49.9999999999952,49.999999999995275,49.99999999999537,49.999999999995474,49.99999999999559,49.99999999999572,49.999999999995865,49.99999999999603,49.9999999999962,49.99999999999638,49.99999999999658,49.999999999996795,49.99999999999702,49.999999999997264,49.99999999999753
134820.0,49.999999999994984,49.999999999994984,49.999999999995005,49.99999999999503,49.999999999995076,49.999999999995126,49.9999999999952,49.999999999995275,49.99999999999537,49.999999999995474,49.99999999999559,49.99999999999572,49.999999999995865,49.99999999999603,49.9999999999962,49.99999999999638,49.99999999999658,49.999999999996795,49.99999999999702,49.999999999997264,49.99999999999753
134880.0,49.999999999994984,49.999999999994984,49.999999999995005,49.99999999999503,49.999999999995076,49.999999999995126,49.9999999999952,49.999999999995275,49.99999999999537,49.999999999995474,49.99999999999559,49.99999999999572,49.999999999995865,49.99999999999603,49.9999999999962,49.99999999999638,49.99999999999658,49.999999999996795,49.99999999999702,49.999999999997264,49.99999999999753
134940.0,49.999999999994984,49.999999999994984,49.999999999995005,49.99999999999503,49.999999999995076,49.999999999995126,49.9999999999952,49.999999999995275,49.99999999999537,49.999999999995474,49.99999999999559,49.99999999999572,49.999999999995865,49.99999999999603,49.9999999999962,49.99999999999638,49.99999999999658,49.999999999996795,49.99999999999702,49.999999999997264,49.99999999999753
135000.0,49.999999999994984,49.999999999994984,49.999999999995005,49.99999999999503,49.999999999995076,49.999999999995126,49.9999999999952,49.999999999995275,49.99999999999537,49.999999999995474,49.99999999999559,49.99999999999572,49.999999999995865,49.99999999999603,49.9999999999962,49.99999999999638,49.99999999999658,49.999999999996795,49.99999999999702,49.999999999997264,49.99999999999753
135060.0,49.999999999994984,49.999999999994984,49.999999999995005,49.99999999999503,49.999999999995076,49.999999999995126,49.9999999999952,49.999999999995275,49.99999999999537,49.999999999995474,49.99999999999559,49.99999999999572,49.999999999995865,49.99999999999603,49.9999999999962,49.99999999999638,49.99999999999658,49.999999999996795,49.99999999999702,49.999999999997264,49.99999999999753
135120.0,49.999999999994984,49.999999999994984,49.999999999995005,49.99999999999503,49.999999999995076,49.999999999995126,49.9999999999952,49.999999999995275,49.99999999999537,49.999999999995474,49.99999999999559,49.99999999999572,49.999999999995865,49.99999999999603,49.9999999999962,49.99999999999638,49.99999999999658,49.999999999996795,49.99999999999702,49.999999999997264,49.99999999999753
135180.0,49.999999999994984,49.999999999994984,49.999999999995005,49.99999999999503,49.999999999995076,49.999999999995126,49.9999999999952,49.999999999995275,49.99999999999537,49.999999999995474,49.99999999999559,49.99999999999572,49.999999999995865,49.99999999999603,49.9999999999962,49.99999999999638,49.99999999999658,49.999999999996795,49.99999999999702,49.999999999997264,49.99999999999753
135240.0,49.999999999994984,49.999999999994984,49.999999999995005,49.99999999999503,49.999999999995076,49.999999999995126,49.9999999999952,49.999999999995275,49.99999999999537,49.999999999995474,49.99999999999559,49.99999999999572,49.999999999995865,49.99999999999603,49.9999999999962,49.99999999999638,49.99999999999658,49.999999999996795,49.99999999999702,49.999999999997264,49.99999999999753
135300.0,49.999999999994984,49.999999999994984,49.999999999995005,49.99999999999503,49.999999999995076,49.999999999995126,49.9999999999952,49.999999999995275,49.99999999999537,49.999999999995474,49.99999999999559,49.99999999999572,49.999999999995865,49.99999999999603,49.9999999999962,49.99999999999638,49.99999999999658,49.999999999996795,49.99999999999702,49.999999999997264,49.99999999999753
135360.0,49.999999999994984,49.999999999994984,49.999999999995005,49.99999999999503,49.999999999995076,49.999999999995126,49.9999999999952,49.999999999995275,49.99999999999537,49.999999999995474,49.99999999999559,49.99999999999572,49.999999999995865,49.99999999999603,49.9999999999962,49.99999999999638,49.99999999999658,49.999999999996795,49.99999999999702,49.999999999997264,49.99999999999753
135420.0,49.999999999994984,49.999999999994984,49.999999999995005,49.99999999999503,49.999999999995076,49.999999999995126,49.9999999999952,49.999999999995275,49.99999999999537,49.999999999995474,49.99999999999559,49.99999999999572,49.999999999995865,49.99999999999603,49.9999999999962,49.99999999999638,49.99999999999658,49.999999999996795,49.99999999999702,49.999999999997264,49.99999999999753
135480.0,49.999999999994984,49.999999999994984,49.999999999995005,49.99999999999503,49.999999999995076,49.999999999995126,49.9999999999952,49.999999999995275,49.99999999999537,49.999999999995474,49.99999999999559,49.99999999999572,49.999999999995865,49.99999999999603,49.9999999999962,49.99999999999638,49.99999999999658,49.999999999996795,49.99999999999702,49.999999999997264,49.99999999999753
135540.0,49.999999999994984,49.999999999994984,49.999999999995005,49.99999999999503,49.999999999995076,49.999999999995126,49.9999999999952,49.999999999995275,49.99999999999537,49.999999999995474,49.99999999999559,49.99999999999572,49.999999999995865,49.99999999999603,49.9999999999962,49.99999999999638,49.99999999999658,49.999999999996795,49.99999999999702,49.999999999997264,49.99999999999753
135600.0,49.999999999994984,49.999999999994984,49.999999999995005,49.99999999999503,49.999999999995076,49.999999999995126,49.9999999999952,49.999999999995275,49.99999999999537,49.999999999995474,49.99999999999559,49.99999999999572,49.999999999995865,49.99999999999603,49.9999999999962,49.99999999999638,49.99999999999658,49.999999999996795,49.99999999999702,49.999999999997264,49.99999999999753
135660.0,49.999999999994984,49.999999999994984,49.999999999995005,49.99999999999503,49.999999999995076,49.999999999995126,49.9999999999952,49.999999999995275,49.99999999999537,49.999999999995474,49.99999999999559,49.99999999999572,49.999999999995865,49.99999999999603,49.9999999999962,49.99999999999638,49.99999999999658,49.999999999996795,49.99999999999702,49.999999999997264,49.99999999999753
135720.0,49.999999999994984,49.999999999994984,49.999999999995005,49.99999999999503,49.999999999995076,49.999999999995126,49.9999999999952,49.999999999995275,49.99999999999537,49.999999999995474,49.99999999999559,49.99999999999572,49.999999999995865,49.99999999999603,49.9999999999962,49.99999999999638,49.99999999999658,49.999999999996795,49.99999999999702,49.999999999997264,49.99999999999753
135780.0,49.999999999994984,49.999999999994984,49.999999999995005,49.99999999999503,49.999999999995076,49.999999999995126,49.9999999999952,49.999999999995275,49.99999999999537,49.999999999995474,49.99999999999559,49.99999999999572,49.999999999995865,49.99999999999603,49.9999999999962,49.99999999999638,49.99999999999658,49.999999999996795,49.99999999999702,49.999999999997264,49.99999999999753
135840.0,49.999999999994984,49.999999999994984,49.999999999995005,49.99999999999503,49.999999999995076,49.999999999995126,49.9999999999952,49.999999999995275,49.99999999999537,49.999999999995474,49.99999999999559,49.99999999999572,49.999999999995865,49.99999999999603,49.9999999999962,49.99999999999638,49.99999999999658,49.999999999996795,49.99999999999702,49.999999999997264,49.99999999999753
135900.0,49.999999999994984,49.999999999994984,49.999999999995005,49.99999999999503,49.999999999995076,49.999999999995126,49.9999999999952,49.999999999995275,49.99999999999537,49.999999999995474,49.99999999999559,49.99999999999572,49.999999999995865,49.99999999999603,49.9999999999962,49.99999999999638,49.99999999999658,49.999999999996795,49.99999999999702,49.999999999997264,49.99999999999753
135960.0,49.999999999994984,49.999999999994984,49.999999999995005,49.99999999999503,49.999999999995076,49.999999999995126,49.9999999999952,49.999999999995275,49.99999999999537,49.999999999995474,49.99999999999559,49.99999999999572,49.999999999995865,49.99999999999603,49.9999999999962,49.99999999999638,49.99999999999658,49.999999999996795,49.99999999999702,49.999999999997264,49.99999999999753
136020.0,49.999999999994984,49.999999999994984,49.999999999995005,49.99999999999503,49.999999999995076,49.999999999995126,49.9999999999952,49.999999999995275,49.99999999999537,49.999999999995474,49.99999999999559,49.99999999999572,49.999999999995865,49.99999999999603,49.9999999999962,49.99999999999638,49.99999999999658,49.999999999996795,49.99999999999702,49.999999999997264,49.99999999999753
136080.0,49.999999999994984,49.999999999994984,49.999999999995005,49.99999999999503,49.999999999995076,49.999999999995126,49.9999999999952,49.999999999995275,49.99999999999537,49.999999999995474,49.99999999999559,49.99999999999572,49.999999999995865,49.99999999999603,49.9999999999962,49.99999999999638,49.99999999999658,49.999999999996795,49.99999999999702,49.999999999997264,49.99999999999753
136140.0,49.999999999994984,49.999999999994984,49.999999999995005,49.99999999999503,49.999999999995076,49.999999999995126,49.9999999999952,49.999999999995275,49.99999999999537,49.999999999995474,49.99999999999559,49.99999999999572,49.999999999995865,49.99999999999603,49.9999999999962,49.99999999999638,49.99999999999658,49.999999999996795,49.99999999999702,49.999999999997264,49.99999999999753
136200.0,49.999999999994984,49.999999999994984,49.999999999995005,49.99999999999503,49.999999999995076,49.999999999995126,49.9999999999952,49.999999999995275,49.99999999999537,49.999999999995474,49.99999999999559,49.99999999999572,49.999999999995865,49.99999999999603,49.9999999999962,49.99999999999638,49.99999999999658,49.999999999996795,49.99999999999702,49.999999999997264,49.99999999999753
136260.0,49.999999999994984,49.999999999994984,49.999999999995005,49.99999999999503,49.999999999995076,49.999999999995126,49.9999999999952,49.999999999995275,49.99999999999537,49.999999999995474,49.99999999999559,49.99999999999572,49.999999999995865,49.99999999999603,49.9999999999962,49.99999999999638,49.99999999999658,49.999999999996795,49.99999999999702,49.999999999997264,49.99999999999753
136320.0,49.999999999994984,49.999999999994984,49.999999999995005,49.99999999999503,49.999999999995076,49.999999999995126,49.9999999999952,49.999999999995275,49.99999999999537,49.999999999995474,49.99999999999559,49.99999999999572,49.999999999995865,49.99999999999603,49.9999999999962,49.99999999999638,49.99999999999658,49.999999999996795,49.99999999999702,49.999999999997264,49.99999999999753
136380.0,49.999999999994984,49.999999999994984,49.999999999995005,49.99999999999503,49.999999999995076,49.999999999995126,49.9999999999952,49.999999999995275,49.99999999999537,49.999999999995474,49.99999999999559,49.99999999999572,49.999999999995865,49.99999999999603,49.9999999999962,49.99999999999638,49.99999999999658,49.999999999996795,49.99999999999702,49.999999999997264,49.99999999999753
136440.0,49.999999999994984,49.999999999994984,49.999999999995005,49.99999999999503,49.999999999995076,49.999999999995126,49.9999999999952,49.999999999995275,49.99999999999537,49.999999999995474,49.99999999999559,49.99999999999572,49.999999999995865,49.99999999999603,49.9999999999962,49.99999999999638,49.99999999999658,49.999999999996795,49.99999999999702,49.999999999997264,49.99999999999753
136500.0,49.999999999994984,49.999999999994984,49.999999999995005,49.99999999999503,49.999999999995076,49.999999999995126,49.9999999999952,49.999999999995275,49.99999999999537,49.999999999995474,49.99999999999559,49.99999999999572,49.999999999995865,49.99999999999603,49.9999999999962,49.99999999999638,49.99999999999658,49.999999999996795,49.99999999999702,49.999999999997264,49.99999999999753
136560.0,49.99999999999499,49.99999999999499,49.99999999999501,49.99999999999504,49.99999999999508,49.99999999999513,49.999999999995204,49.99999999999528,49.999999999995374,49.99999999999548,49.999999999995595,49.99999999999573,49.99999999999587,49.999999999996035,49.999999999996206,49.99999999999639,49.99999999999659,49.9999999999968,49.99999999999703,49.99999999999727,49.999999999997534
136620.0,49.99999999999499,49.99999999999499,49.99999999999501,49.99999999999504,49.99999999999508,49.99999999999513,49.999999999995204,49.99999999999528,49.999999999995374,49.99999999999548,49.999999999995595,49.99999999999573,49.99999999999587,49.999999999996035,49.999999999996206,49.99999999999639,49.99999999999659,49.9999999999968,49.99999999999703,49.99999999999727,49.999999999997534
136680.0,49.99999999999499,49.99999999999499,49.99999999999501,49.99999999999504,49.99999999999508,49.99999999999513,49.999999999995204,49.99999999999528,49.999999999995374,49.99999999999548,49.999999999995595,49.99999999999573,49.99999999999587,49.999999999996035,49.999999999996206,49.99999999999639,49.99999999999659,49.9999999999968,49.99999999999703,49.99999999999727,49.999999999997534
136740.0,49.99999999999499,49.99999999999499,49.99999999999501,49.99999999999504,49.99999999999508,49.99999999999513,49.999999999995204,49.99999999999528,49.999999999995374,49.99999999999548,49.999999999995595,49.99999999999573,49.99999999999587,49.999999999996035,49.999999999996206,49.99999999999639,49.99999999999659,49.9999999999968,49.99999999999703,49.99999999999727,49.999999999997534
136800.0,49.99999999999499,49.99999999999499,49.99999999999501,49.99999999999504,49.99999999999508,49.99999999999513,49.999999999995204,49.99999999999528,49.999999999995374,49.99999999999548,49.999999999995595,49.99999999999573,49.99999999999587,49.999999999996035,49.999999999996206,49.99999999999639,49.99999999999659,49.9999999999968,49.99999999999703,49.99999999999727,49.999999999997534
136860.0,49.99999999999499,49.99999999999499,49.99999999999501,49.99999999999504,49.99999999999508,49.99999999999513,49.999999999995204,49.99999999999528,49.999999999995374,49.99999999999548,49.999999999995595,49.99999999999573,49.99999999999587,49.999999999996035,49.999999999996206,49.99999999999639,49.99999999999659,49.9999999999968,49.99999999999703,49.99999999999727,49.999999999997534
136920.0,49.99999999999499,49.99999999999499,49.99999999999501,49.99999999999504,49.99999999999508,49.99999999999513,49.999999999995204,49.99999999999528,49.999999999995374,49.99999999999548,49.999999999995595,49.99999999999573,49.99999999999587,49.999999999996035,49.999999999996206,49.99999999999639,49.99999999999659,49.9999999999968,49.99999999999703,49.99999999999727,49.999999999997534
136980.0,49.99999999999499,49.99999999999499,49.99999999999501,49.99999999999504,49.99999999999508,49.99999999999513,49.999999999995204,49.99999999999528,49.999999999995374,49.99999999999548,49.999999999995595,49.99999999999573,49.99999999999587,49.999999999996035,49.999999999996206,49.99999999999639,49.99999999999659,49.9999999999968,49.99999999999703,49.99999999999727,49.999999999997534
137040.0,49.99999999999499,49.99999999999499,49.99999999999501,49.99999999999504,49.99999999999508,49.99999999999513,49.999999999995204,49.99999999999528,49.999999999995374,49.99999999999548,49.999999999995595,49.99999999999573,49.99999999999587,49.999999999996035,49.999999999996206,49.99999999999639,49.99999999999659,49.9999999999968,49.99999999999703,49.99999999999727,49.999999999997534
137100.0,49.99999999999499,49.99999999999499,49.99999999999501,49.99999999999504,49.99999999999508,49.99999999999513,49.999999999995204,49.99999999999528,49.999999999995374,49.99999999999548,49.999999999995595,49.99999999999573,49.99999999999587,49.999999999996035,49.999999999996206,49.99999999999639,49.99999999999659,49.9999999999968,49.99999999999703,49.99999999999727,49.999999999997534
137160.0,49.99999999999499,49.99999999999499,49.99999999999501,49.99999999999504,49.99999999999508,49.99999999999513,49.999999999995204,49.99999999999528,49.999999999995374,49.99999999999548,49.999999999995595,49.99999999999573,49.99999999999587,49.999999999996035,49.999999999996206,49.99999999999639,49.99999999999659,49.9999999999968,49.99999999999703,49.99999999999727,49.999999999997534
137220.0,49.99999999999499,49.99999999999499,49.99999999999501,49.99999999999504,49.99999999999508,49.99999999999513,49.999999999995204,49.99999999999528,49.999999999995374,49.99999999999548,49.999999999995595,49.99999999999573,49.99999999999587,49.999999999996035,49.999999999996206,49.99999999999639,49.99999999999659,49.9999999999968,49.99999999999703,49.99999999999727,49.999999999997534
137280.0,49.99999999999499,49.99999999999499,49.99999999999501,49.99999999999504,49.99999999999508,49.99999999999513,49.999999999995204,49.99999999999528,49.999999999995374,49.99999999999548,49.999999999995595,49.99999999999573,49.99999999999587,49.999999999996035,49.999999999996206,49.99999999999639,49.99999999999659,49.9999999999968,49.99999999999703,49.99999999999727,49.999999999997534
137340.0,49.99999999999499,49.99999999999499,49.99999999999501,49.99999999999504,49.99999999999508,49.99999999999513,49.999999999995204,49.99999999999528,49.999999999995374,49.99999999999548,49.999999999995595,49.99999999999573,49.99999999999587,49.999999999996035,49.999999999996206,49.99999999999639,49.99999999999659,49.9999999999968,49.99999999999703,49.99999999999727,49.999999999997534
137400.0,49.99999999999499,49.99999999999499,49.99999999999501,49.99999999999504,49.99999999999508,49.99999999999513,49.999999999995204,49.99999999999528,49.999999999995374,49.99999999999548,49.999999999995595,49.99999999999573,49.99999999999587,49.999999999996035,49.999999999996206,49.99999999999639,49.99999999999659,49.9999999999968,49.99999999999703,49.99999999999727,49.999999999997534
137460.0,49.99999999999499,49.99999999999499,49.99999999999501,49.99999999999504,49.99999999999508,49.99999999999513,49.999999999995204,49.99999999999528,49.999999999995374,49.99999999999548,49.999999999995595,49.99999999999573,49.99999999999587,49.999999999996035,49.999999999996206,49.99999999999639,49.99999999999659,49.9999999999968,49.99999999999703,49.99999999999727,49.999999999997534
137520.0,49.99999999999499,49.99999999999499,49.99999999999501,49.99999999999504,49.99999999999508,49.99999999999513,49.999999999995204,49.99999999999528,49.999999999995374,49.99999999999548,49.999999999995595,49.99999999999573,49.99999999999587,49.999999999996035,49.999999999996206,49.99999999999639,49.99999999999659,49.9999999999968,49.99999999999703,49.99999999999727,49.999999999997534
137580.0,49.99999999999499,49.99999999999499,49.99999999999501,49.99999999999504,49.99999999999508,49.99999999999513,49.999999999995204,49.99999999999528,49.999999999995374,49.99999999999548,49.999999999995595,49.99999999999573,49.99999999999587,49.999999999996035,49.999999999996206,49.99999999999639,49.99999999999659,49.9999999999968,49.99999999999703,49.99999999999727,49.999999999997534
137640.0,49.99999999999499,49.99999999999499,49.99999999999501,49.99999999999504,49.99999999999508,49.99999999999513,49.999999999995204,49.99999999999528,49.999999999995374,49.99999999999548,49.999999999995595,49.99999999999573,49.99999999999587,49.999999999996035,49.999999999996206,49.99999999999639,49.99999999999659,49.9999999999968,49.99999999999703,49.99999999999727,49.999999999997534
137700.0,49.99999999999499,49.99999999999499,49.99999999999501,49.99999999999504,49.99999999999508,49.99999999999513,49.999999999995204,49.99999999999528,49.999999999995374,49.99999999999548,49.999999999995595,49.99999999999573,49.99999999999587,49.999999999996035,49.999999999996206,49.99999999999639,49.99999999999659,49.9999999999968,49.99999999999703,49.99999999999727,49.999999999997534
137760.0,49.99999999999499,49.99999999999499,49.99999999999501,49.99999999999504,49.99999999999508,49.99999999999513,49.999999999995204,49.99999999999528,49.999999999995374,49.99999999999548,49.999999999995595,49.99999999999573,49.99999999999587,49.999999999996035,49.999999999996206,49.99999999999639,49.99999999999659,49.9999999999968,49.99999999999703,49.99999999999727,49.999999999997534
137820.0,49.99999999999499,49.99999999999499,49.99999999999501,49.99999999999504,49.99999999999508,49.99999999999513,49.999999999995204,49.99999999999528,49.999999999995374,49.99999999999548,49.999999999995595,49.99999999999573,49.99999999999587,49.999999999996035,49.999999999996206,49.99999999999639,49.99999999999659,49.9999999999968,49.99999999999703,49.99999999999727,49.999999999997534
137880.0,49.99999999999499,49.99999999999499,49.99999999999501,49.99999999999504,49.99999999999508,49.99999999999513,49.999999999995204,49.99999999999528,49.999999999995374,49.99999999999548,49.999999999995595,49.99999999999573,49.99999999999587,49.999999999996035,49.999999999996206,49.99999999999639,49.99999999999659,49.9999999999968,49.99999999999703,49.99999999999727,49.999999999997534
137940.0,49.99999999999499,49.99999999999499,49.99999999999501,49.99999999999504,49.99999999999508,49.99999999999513,49.999999999995204,49.99999999999528,49.999999999995374,49.99999999999548,49.999999999995595,49.99999999999573,49.99999999999587,49.999999999996035,49.999999999996206,49.99999999999639,49.99999999999659,49.9999999999968,49.99999999999703,49.99999999999727,49.999999999997534
138000.0,49.99999999999499,49.99999999999499,49.99999999999501,49.99999999999504,49.99999999999508,49.99999999999513,49.999999999995204,49.99999999999528,49.999999999995374,49.99999999999548,49.999999999995595,49.99999999999573,49.99999999999587,49.999999999996035,49.999999999996206,49.99999999999639,49.99999999999659,49.9999999999968,49.99999999999703,49.99999999999727,49.999999999997534
138060.0,49.99999999999499,49.99999999999499,49.99999999999501,49.99999999999504,49.99999999999508,49.99999999999513,49.999999999995204,49.99999999999528,49.999999999995374,49.99999999999548,49.999999999995595,49.99999999999573,49.99999999999587,49.999999999996035,49.999999999996206,49.99999999999639,49.99999999999659,49.9999999999968,49.99999999999703,49.99999999999727,49.999999999997534
138120.0,49.99999999999499,49.99999999999499,49.99999999999501,49.99999999999504,49.99999999999508,49.99999999999513,49.999999999995204,49.99999999999528,49.999999999995374,49.99999999999548,49.999999999995595,49.99999999999573,49.99999999999587,49.999999999996035,49.999999999996206,49.99999999999639,49.99999999999659,49.9999999999968,49.99999999999703,49.99999999999727,49.999999999997534
138180.0,49.99999999999499,49.99999999999499,49.99999999999501,49.99999999999504,49.99999999999508,49.99999999999513,49.999999999995204,49.99999999999528,49.999999999995374,49.99999999999548,49.999999999995595,49.99999999999573,49.99999999999587,49.999999999996035,49.999999999996206,49.99999999999639,49.99999999999659,49.9999999999968,49.99999999999703,49.99999999999727,49.999999999997534
138240.0,49.99999999999499,49.99999999999499,49.99999999999501,49.99999999999504,49.99999999999508,49.99999999999513,49.999999999995204,49.99999999999528,49.999999999995374,49.99999999999548,49.999999999995595,49.99999999999573,49.99999999999587,49.999999999996035,49.999999999996206,49.99999999999639,49.99999999999659,49.9999999999968,49.99999999999703,49.99999999999727,49.999999999997534
138300.0,49.99999999999499,49.99999999999499,49.99999999999501,49.99999999999504,49.99999999999508,49.99999999999513,49.999999999995204,49.99999999999528,49.999999999995374,49.99999999999548,49.999999999995595,49.99999999999573,49.99999999999587,49.999999999996035,49.999999999996206,49.99999999999639,49.99999999999659,49.9999999999968,49.99999999999703,49.99999999999727,49.999999999997534
138360.0,49.99999999999499,49.99999999999499,49.99999999999501,49.99999999999504,49.99999999999508,49.99999999999513,49.999999999995204,49.99999999999528,49.999999999995374,49.99999999999548,49.999999999995595,49.99999999999573,49.99999999999587,49.999999999996035,49.999999999996206,49.99999999999639,49.99999999999659,49.9999999999968,49.99999999999703,49.99999999999727,49.999999999997534
138420.0,49.99999999999499,49.99999999999499,49.99999999999501,49.99999999999504,49.99999999999508,49.99999999999513,49.999999999995204,49.99999999999528,49.999999999995374,49.99999999999548,49.999999999995595,49.99999999999573,49.99999999999587,49.999999999996035,49.999999999996206,49.99999999999639,49.99999999999659,49.9999999999968,49.99999999999703,49.99999999999727,49.999999999997534
138480.0,49.99999999999499,49.99999999999499,49.99999999999501,49.99999999999504,49.99999999999508,49.99999999999513,49.999999999995204,49.99999999999528,49.999999999995374,49.99999999999548,49.999999999995595,49.99999999999573,49.99999999999587,49.999999999996035,49.999999999996206,49.99999999999639,49.99999999999659,49.9999999999968,49.99999999999703,49.99999999999727,49.999999999997534
138540.0,49.99999999999499,49.99999999999499,49.99999999999501,49.99999999999504,49.99999999999508,49.99999999999513,49.999999999995204,49.99999999999528,49.999999999995374,49.99999999999548,49.999999999995595,49.99999999999573,49.99999999999587,49.999999999996035,49.999999999996206,49.99999999999639,49.99999999999659,49.9999999999968,49.99999999999703,49.99999999999727,49.999999999997534
138600.0,49.99999999999499,49.99999999999499,49.99999999999501,49.99999999999504,49.99999999999508,49.99999999999513,49.999999999995204,49.99999999999528,49.999999999995374,49.99999999999548,49.999999999995595,49.99999999999573,49.99999999999587,49.999999999996035,49.999999999996206,49.99999999999639,49.99999999999659,49.9999999999968,49.99999999999703,49.99999999999727,49.999999999997534
138660.0,49.99999999999499,49.99999999999499,49.99999999999501,49.99999999999504,49.99999999999508,49.99999999999513,49.999999999995204,49.99999999999528,49.999999999995374,49.99999999999548,49.999999999995595,49.99999999999573,49.99999999999587,49.999999999996035,49.999999999996206,49.99999999999639,49.99999999999659,49.9999999999968,49.99999999999703,49.99999999999727,49.999999999997534
138720.0,49.99999999999499,49.99999999999499,49.99999999999501,49.99999999999504,49.99999999999508,49.99999999999513,49.999999999995204,49.99999999999528,49.999999999995374,49.99999999999548,49.999999999995595,49.99999999999573,49.99999999999587,49.999999999996035,49.999999999996206,49.99999999999639,49.99999999999659,49.9999999999968,49.99999999999703,49.99999999999727,49.999999999997534
138780.0,49.99999999999499,49.99999999999499,49.99999999999501,49.99999999999504,49.99999999999508,49.99999999999513,49.999999999995204,49.99999999999528,49.999999999995374,49.99999999999548,49.999999999995595,49.99999999999573,49.99999999999587,49.999999999996035,49.999999999996206,49.99999999999639,49.99999999999659,49.9999999999968,49.99999999999703,49.99999999999727,49.999999999997534
138840.0,49.99999999999499,49.99999999999499,49.99999999999501,49.99999999999504,49.99999999999508,49.99999999999513,49.999999999995204,49.99999999999528,49.999999999995374,49.99999999999548,49.999999999995595,49.99999999999573,49.99999999999587,49.999999999996035,49.999999999996206,49.99999999999639,49.99999999999659,49.9999999999968,49.99999999999703,49.99999999999727,49.999999999997534
138900.0,49.99999999999499,49.99999999999499,49.99999999999501,49.99999999999504,49.99999999999508,49.99999999999513,49.999999999995204,49.99999999999528,49.999999999995374,49.99999999999548,49.999999999995595,49.99999999999573,49.99999999999587,49.999999999996035,49.999999999996206,49.99999999999639,49.99999999999659,49.9999999999968,49.99999999999703,49.99999999999727,49.999999999997534
138960.0,49.99999999999499,49.99999999999499,49.99999999999501,49.99999999999504,49.99999999999508,49.99999999999513,49.999999999995204,49.99999999999528,49.999999999995374,49.99999999999548,49.999999999995595,49.99999999999573,49.99999999999587,49.999999999996035,49.999999999996206,49.99999999999639,49.99999999999659,49.9999999999968,49.99999999999703,49.99999999999727,49.999999999997534
139020.0,49.99999999999499,49.99999999999499,49.99999999999501,49.99999999999504,49.99999999999508,49.99999999999513,49.999999999995204,49.99999999999528,49.999999999995374,49.99999999999548,49.999999999995595,49.99999999999573,49.99999999999587,49.999999999996035,49.999999999996206,49.99999999999639,49.99999999999659,49.9999999999968,49.99999999999703,49.99999999999727,49.999999999997534
139080.0,49.99999999999499,49.99999999999499,49.99999999999501,49.99999999999504,49.99999999999508,49.99999999999513,49.999999999995204,49.99999999999528,49.999999999995374,49.99999999999548,49.999999999995595,49.99999999999573,49.99999999999587,49.999999999996035,49.999999999996206,49.99999999999639,49.99999999999659,49.9999999999968,49.99999999999703,49.99999999999727,49.999999999997534
139140.0,49.99999999999499,49.99999999999499,49.99999999999501,49.99999999999504,49.99999999999508,49.99999999999513,49.999999999995204,49.99999999999528,49.999999999995374,49.99999999999548,49.999999999995595,49.99999999999573,49.99999999999587,49.999999999996035,49.999999999996206,49.99999999999639,49.99999999999659,49.9999999999968,49.99999999999703,49.99999999999727,49.999999999997534
139200.0,49.99999999999499,49.99999999999499,49.99999999999501,49.99999999999504,49.99999999999508,49.99999999999513,49.999999999995204,49.99999999999528,49.999999999995374,49.99999999999548,49.999999999995595,49.99999999999573,49.99999999999587,49.999999999996035,49.999999999996206,49.99999999999639,49.99999999999659,49.9999999999968,49.99999999999703,49.99999999999727,49.999999999997534
139260.0,49.99999999999499,49.99999999999499,49.99999999999501,49.99999999999504,49.99999999999508,49.99999999999513,49.999999999995204,49.99999999999528,49.999999999995374,49.99999999999548,49.999999999995595,49.99999999999573,49.99999999999587,49.999999999996035,49.999999999996206,49.99999999999639,49.99999999999659,49.9999999999968,49.99999999999703,49.99999999999727,49.999999999997534
139320.0,49.99999999999499,49.99999999999499,49.99999999999501,49.99999999999504,49.99999999999508,49.99999999999513,49.999999999995204,49.99999999999528,49.999999999995374,49.99999999999548,49.999999999995595,49.99999999999573,49.99999999999587,49.999999999996035,49.999999999996206,49.99999999999639,49.99999999999659,49.9999999999968,49.99999999999703,49.99999999999727,49.999999999997534
139380.0,49.99999999999499,49.99999999999499,49.99999999999501,49.99999999999504,49.99999999999508,49.99999999999513,49.999999999995204,49.99999999999528,49.999999999995374,49.99999999999548,49.999999999995595,49.99999999999573,49.99999999999587,49.999999999996035,49.999999999996206,49.99999999999639,49.99999999999659,49.9999999999968,49.99999999999703,49.99999999999727,49.999999999997534
139440.0,49.99999999999499,49.99999999999499,49.99999999999501,49.99999999999504,49.99999999999508,49.99999999999513,49.999999999995204,49.99999999999528,49.999999999995374,49.99999999999548,49.999999999995595,49.99999999999573,49.99999999999587,49.999999999996035,49.999999999996206,49.99999999999639,49.99999999999659,49.9999999999968,49.99999999999703,49.99999999999727,49.999999999997534
139500.0,49.99999999999499,49.99999999999499,49.99999999999501,49.99999999999504,49.99999999999508,49.99999999999513,49.999999999995204,49.99999999999528,49.999999999995374,49.99999999999548,49.999999999995595,49.99999999999573,49.99999999999587,49.999999999996035,49.999999999996206,49.99999999999639,49.99999999999659,49.9999999999968,49.99999999999703,49.99999999999727,49.999999999997534
139560.0,49.99999999999499,49.99999999999499,49.99999999999501,49.99999999999504,49.99999999999508,49.99999999999513,49.999999999995204,49.99999999999528,49.999999999995374,49.99999999999548,49.999999999995595,49.99999999999573,49.99999999999587,49.999999999996035,49.999999999996206,49.99999999999639,49.99999999999659,49.9999999999968,49.99999999999703,49.99999999999727,49.999999999997534
139620.0,49.99999999999499,49.99999999999499,49.99999999999501,49.99999999999504,49.99999999999508,49.99999999999513,49.999999999995204,49.99999999999528,49.999999999995374,49.99999999999548,49.999999999995595,49.99999999999573,49.99999999999587,49.999999999996035,49.999999999996206,49.99999999999639,49.99999999999659,49.9999999999968,49.99999999999703,49.99999999999727,49.999999999997534
139680.0,49.99999999999499,49.99999999999499,49.99999999999501,49.99999999999504,49.99999999999508,49.99999999999513,49.999999999995204,49.99999999999528,49.999999999995374,49.99999999999548,49.999999999995595,49.99999999999573,49.99999999999587,49.999999999996035,49.999999999996206,49.99999999999639,49.99999999999659,49.9999999999968,49.99999999999703,49.99999999999727,49.999999999997534
139740.0,49.99999999999499,49.99999999999499,49.99999999999501,49.99999999999504,49.99999999999508,49.99999999999513,49.999999999995204,49.99999999999528,49.999999999995374,49.99999999999548,49.999999999995595,49.99999999999573,49.99999999999587,49.999999999996035,49.999999999996206,49.99999999999639,49.99999999999659,49.9999999999968,49.99999999999703,49.99999999999727,49.999999999997534
139800.0,49.99999999999499,49.99999999999499,49.99999999999501,49.99999999999504,49.99999999999508,49.99999999999513,49.999999999995204,49.99999999999528,49.999999999995374,49.99999999999548,49.999999999995595,49.99999999999573,49.99999999999587,49.999999999996035,49.999999999996206,49.99999999999639,49.99999999999659,49.9999999999968,49.99999999999703,49.99999999999727,49.999999999997534
139860.0,49.99999999999499,49.99999999999499,49.99999999999501,49.99999999999504,49.99999999999508,49.99999999999513,49.999999999995204,49.99999999999528,49.999999999995374,49.99999999999548,49.999999999995595,49.99999999999573,49.99999999999587,49.999999999996035,49.999999999996206,49.99999999999639,49.99999999999659,49.9999999999968,49.99999999999703,49.99999999999727,49.999999999997534
139920.0,49.99999999999499,49.99999999999499,49.99999999999501,49.99999999999504,49.99999999999508,49.99999999999513,49.999999999995204,49.99999999999528,49.999999999995374,49.99999999999548,49.999999999995595,49.99999999999573,49.99999999999587,49.999999999996035,49.999999999996206,49.99999999999639,49.99999999999659,49.9999999999968,49.99999999999703,49.99999999999727,49.999999999997534
139980.0,49.99999999999499,49.99999999999499,49.99999999999501,49.99999999999504,49.99999999999508,49.99999999999513,49.999999999995204,49.99999999999528,49.999999999995374,49.99999999999548,49.999999999995595,49.99999999999573,49.99999999999587,49.999999999996035,49.999999999996206,49.99999999999639,49.99999999999659,49.9999999999968,49.99999999999703,49.99999999999727,49.999999999997534
140040.0,49.99999999999499,49.99999999999499,49.99999999999501,49.99999999999504,49.99999999999508,49.99999999999513,49.999999999995204,49.99999999999528,49.999999999995374,49.99999999999548,49.999999999995595,49.99999999999573,49.99999999999587,49.999999999996035,49.999999999996206,49.99999999999639,49.99999999999659,49.9999999999968,49.99999999999703,49.99999999999727,49.999999999997534
140100.0,49.99999999999499,49.99999999999499,49.99999999999501,49.99999999999504,49.99999999999508,49.99999999999513,49.999999999995204,49.99999999999528,49.999999999995374,49.99999999999548,49.999999999995595,49.99999999999573,49.99999999999587,49.999999999996035,49.999999999996206,49.99999999999639,49.99999999999659,49.9999999999968,49.99999999999703,49.99999999999727,49.999999999997534
140160.0,49.99999999999499,49.99999999999499,49.99999999999501,49.99999999999504,49.99999999999508,49.99999999999513,49.999999999995204,49.99999999999528,49.999999999995374,49.99999999999548,49.999999999995595,49.99999999999573,49.99999999999587,49.999999999996035,49.999999999996206,49.99999999999639,49.99999999999659,49.9999999999968,49.99999999999703,49.99999999999727,49.999999999997534
140220.0,49.99999999999499,49.99999999999499,49.99999999999501,49.99999999999504,49.99999999999508,49.99999999999513,49.999999999995204,49.99999999999528,49.999999999995374,49.99999999999548,49.999999999995595,49.99999999999573,49.99999999999587,49.999999999996035,49.999999999996206,49.99999999999639,49.99999999999659,49.9999999999968,49.99999999999703,49.99999999999727,49.999999999997534
140280.0,49.99999999999499,49.99999999999499,49.99999999999501,49.99999999999504,49.99999999999508,49.99999999999513,49.999999999995204,49.99999999999528,49.999999999995374,49.99999999999548,49.999999999995595,49.99999999999573,49.99999999999587,49.999999999996035,49.999999999996206,49.99999999999639,49.99999999999659,49.9999999999968,49.99999999999703,49.99999999999727,49.999999999997534
140340.0,49.99999999999499,49.99999999999499,49.99999999999501,49.99999999999504,49.99999999999508,49.99999999999513,49.999999999995204,49.99999999999528,49.999999999995374,49.99999999999548,49.999999999995595,49.99999999999573,49.99999999999587,49.999999999996035,49.999999999996206,49.99999999999639,49.99999999999659,49.9999999999968,49.99999999999703,49.99999999999727,49.999999999997534
140400.0,49.99999999999499,49.99999999999499,49.99999999999501,49.99999999999504,49.99999999999508,49.99999999999513,49.999999999995204,49.99999999999528,49.999999999995374,49.99999999999548,49.999999999995595,49.99999999999573,49.99999999999587,49.999999999996035,49.999999999996206,49.99999999999639,49.99999999999659,49.9999999999968,49.99999999999703,49.99999999999727,49.999999999997534
140460.0,49.99999999999499,49.99999999999499,49.99999999999501,49.99999999999504,49.99999999999508,49.99999999999513,49.999999999995204,49.99999999999528,49.999999999995374,49.99999999999548,49.999999999995595,49.99999999999573,49.99999999999587,49.999999999996035,49.999999999996206,49.99999999999639,49.99999999999659,49.9999999999968,49.99999999999703,49.99999999999727,49.999999999997534
140520.0,49.99999999999499,49.99999999999499,49.99999999999501,49.99999999999504,49.99999999999508,49.99999999999513,49.999999999995204,49.99999999999528,49.999999999995374,49.99999999999548,49.999999999995595,49.99999999999573,49.99999999999587,49.999999999996035,49.999999999996206,49.99999999999639,49.99999999999659,49.9999999999968,49.99999999999703,49.99999999999727,49.999999999997534
140580.0,49.99999999999499,49.99999999999499,49.99999999999501,49.99999999999504,49.99999999999508,49.99999999999513,49.999999999995204,49.99999999999528,49.999999999995374,49.99999999999548,49.999999999995595,49.99999999999573,49.99999999999587,49.999999999996035,49.999999999996206,49.99999999999639,49.99999999999659,49.9999999999968,49.99999999999703,49.99999999999727,49.999999999997534
140640.0,49.99999999999499,49.99999999999499,49.99999999999501,49.99999999999504,49.99999999999508,49.99999999999513,49.999999999995204,49.99999999999528,49.999999999995374,49.99999999999548,49.999999999995595,49.99999999999573,49.99999999999587,49.999999999996035,49.999999999996206,49.99999999999639,49.99999999999659,49.9999999999968,49.99999999999703,49.99999999999727,49.999999999997534
140700.0,49.99999999999499,49.99999999999499,49.99999999999501,49.99999999999504,49.99999999999508,49.99999999999513,49.999999999995204,49.99999999999528,49.999999999995374,49.99999999999548,49.999999999995595,49.99999999999573,49.99999999999587,49.999999999996035,49.999999999996206,49.99999999999639,49.99999999999659,49.9999999999968,49.99999999999703,49.99999999999727,49.999999999997534
140760.0,49.99999999999499,49.99999999999499,49.99999999999501,49.99999999999504,49.99999999999508,49.99999999999513,49.999999999995204,49.99999999999528,49.999999999995374,49.99999999999548,49.999999999995595,49.99999999999573,49.99999999999587,49.999999999996035,49.999999999996206,49.99999999999639,49.99999999999659,49.9999999999968,49.99999999999703,49.99999999999727,49.999999999997534
140820.0,49.99999999999499,49.99999999999499,49.99999999999501,49.99999999999504,49.99999999999508,49.99999999999513,49.999999999995204,49.99999999999528,49.999999999995374,49.99999999999548,49.999999999995595,49.99999999999573,49.99999999999587,49.999999999996035,49.999999999996206,49.99999999999639,49.99999999999659,49.9999999999968,49.99999999999703,49.99999999999727,49.999999999997534
140880.0,49.99999999999499,49.99999999999499,49.99999999999501,49.99999999999504,49.99999999999508,49.99999999999513,49.999999999995204,49.99999999999528,49.999999999995374,49.99999999999548,49.999999999995595,49.99999999999573,49.99999999999587,49.999999999996035,49.999999999996206,49.99999999999639,49.99999999999659,49.9999999999968,49.99999999999703,49.99999999999727,49.999999999997534
140940.0,49.99999999999499,49.99999999999499,49.99999999999501,49.99999999999504,49.99999999999508,49.99999999999513,49.999999999995204,49.99999999999528,49.999999999995374,49.99999999999548,49.999999999995595,49.99999999999573,49.99999999999587,49.999999999996035,49.999999999996206,49.99999999999639,49.99999999999659,49.9999999999968,49.99999999999703,49.99999999999727,49.999999999997534
141000.0,49.99999999999499,49.99999999999499,49.99999999999501,49.99999999999504,49.99999999999508,49.99999999999513,49.999999999995204,49.99999999999528,49.999999999995374,49.99999999999548,49.999999999995595,49.99999999999573,49.99999999999587,49.999999999996035,49.999999999996206,49.99999999999639,49.99999999999659,49.9999999999968,49.99999999999703,49.99999999999727,49.999999999997534
141060.0,49.99999999999499,49.99999999999499,49.99999999999501,49.99999999999504,49.99999999999508,49.99999999999513,49.999999999995204,49.99999999999528,49.999999999995374,49.99999999999548,49.999999999995595,49.99999999999573,49.99999999999587,49.999999999996035,49.999999999996206,49.99999999999639,49.99999999999659,49.9999999999968,49.99999999999703,49.99999999999727,49.999999999997534
141120.0,49.99999999999499,49.99999999999499,49.99999999999501,49.99999999999504,49.99999999999508,49.99999999999513,49.999999999995204,49.99999999999528,49.999999999995374,49.99999999999548,49.999999999995595,49.99999999999573,49.99999999999587,49.999999999996035,49.999999999996206,49.99999999999639,49.99999999999659,49.9999999999968,49.99999999999703,49.99999999999727,49.999999999997534
141180.0,49.99999999999499,49.99999999999499,49.99999999999501,49.99999999999504,49.99999999999508,49.99999999999513,49.999999999995204,49.99999999999528,49.999999999995374,49.99999999999548,49.999999999995595,49.99999999999573,49.99999999999587,49.999999999996035,49.999999999996206,49.99999999999639,49.99999999999659,49.9999999999968,49.99999999999703,49.99999999999727,49.999999999997534
141240.0,49.99999999999499,49.99999999999499,49.99999999999501,49.99999999999504,49.99999999999508,49.99999999999513,49.999999999995204,49.99999999999528,49.999999999995374,49.99999999999548,49.999999999995595,49.99999999999573,49.99999999999587,49.999999999996035,49.999999999996206,49.99999999999639,49.99999999999659,49.9999999999968,49.99999999999703,49.99999999999727,49.999999999997534
141300.0,49.99999999999499,49.99999999999499,49.99999999999501,49.99999999999504,49.99999999999508,49.99999999999513,49.999999999995204,49.99999999999528,49.999999999995374,49.99999999999548,49.999999999995595,49.99999999999573,49.99999999999587,49.999999999996035,49.999999999996206,49.99999999999639,49.99999999999659,49.9999999999968,49.99999999999703,49.99999999999727,49.999999999997534
141360.0,49.99999999999499,49.99999999999499,49.99999999999501,49.99999999999504,49.99999999999508,49.99999999999513,49.999999999995204,49.99999999999528,49.999999999995374,49.99999999999548,49.999999999995595,49.99999999999573,49.99999999999587,49.999999999996035,49.999999999996206,49.99999999999639,49.99999999999659,49.9999999999968,49.99999999999703,49.99999999999727,49.999999999997534
141420.0,49.99999999999499,49.99999999999499,49.99999999999501,49.99999999999504,49.99999999999508,49.99999999999513,49.999999999995204,49.99999999999528,49.999999999995374,49.99999999999548,49.999999999995595,49.99999999999573,49.99999999999587,49.999999999996035,49.999999999996206,49.99999999999639,49.99999999999659,49.9999999999968,49.99999999999703,49.99999999999727,49.999999999997534
141480.0,49.99999999999499,49.99999999999499,49.99999999999501,49.99999999999504,49.99999999999508,49.99999999999513,49.999999999995204,49.99999999999528,49.999999999995374,49.99999999999548,49.999999999995595,49.99999999999573,49.99999999999587,49.999999999996035,49.999999999996206,49.99999999999639,49.99999999999659,49.9999999999968,49.99999999999703,49.99999999999727,49.999999999997534
141540.0,49.99999999999499,49.99999999999499,49.99999999999501,49.99999999999504,49.99999999999508,49.99999999999513,49.999999999995204,49.99999999999528,49.999999999995374,49.99999999999548,49.999999999995595,49.99999999999573,49.99999999999587,49.999999999996035,49.999999999996206,49.99999999999639,49.99999999999659,49.9999999999968,49.99999999999703,49.99999999999727,49.999999999997534
141600.0,49.99999999999499,49.99999999999499,49.99999999999501,49.99999999999504,49.99999999999508,49.99999999999513,49.999999999995204,49.99999999999528,49.999999999995374,49.99999999999548,49.999999999995595,49.99999999999573,49.99999999999587,49.999999999996035,49.999999999996206,49.99999999999639,49.99999999999659,49.9999999999968,49.99999999999703,49.99999999999727,49.999999999997534
141660.0,49.99999999999499,49.99999999999499,49.99999999999501,49.99999999999504,49.99999999999508,49.99999999999513,49.999999999995204,49.99999999999528,49.999999999995374,49.99999999999548,49.999999999995595,49.99999999999573,49.99999999999587,49.999999999996035,49.999999999996206,49.99999999999639,49.99999999999659,49.9999999999968,49.99999999999703,49.99999999999727,49.999999999997534
141720.0,49.99999999999499,49.99999999999499,49.99999999999501,49.99999999999504,49.99999999999508,49.99999999999513,49.999999999995204,49.99999999999528,49.999999999995374,49.99999999999548,49.999999999995595,49.99999999999573,49.99999999999587,49.999999999996035,49.999999999996206,49.99999999999639,49.99999999999659,49.9999999999968,49.99999999999703,49.99999999999727,49.999999999997534
141780.0,49.99999999999499,49.99999999999499,49.99999999999501,49.99999999999504,49.99999999999508,49.99999999999513,49.999999999995204,49.99999999999528,49.999999999995374,49.99999999999548,49.999999999995595,49.99999999999573,49.99999999999587,49.999999999996035,49.999999999996206,49.99999999999639,49.99999999999659,49.9999999999968,49.99999999999703,49.99999999999727,49.999999999997534
141840.0,49.99999999999499,49.99999999999499,49.99999999999501,49.99999999999504,49.99999999999508,49.99999999999513,49.999999999995204,49.99999999999528,49.999999999995374,49.99999999999548,49.999999999995595,49.99999999999573,49.99999999999587,49.999999999996035,49.999999999996206,49.99999999999639,49.99999999999659,49.9999999999968,49.99999999999703,49.99999999999727,49.999999999997534
141900.0,49.99999999999499,49.99999999999499,49.99999999999501,49.99999999999504,49.99999999999508,49.99999999999513,49.999999999995204,49.99999999999528,49.999999999995374,49.99999999999548,49.999999999995595,49.99999999999573,49.99999999999587,49.999999999996035,49.999999999996206,49.99999999999639,49.99999999999659,49.9999999999968,49.99999999999703,49.99999999999727,49.999999999997534
141960.0,49.99999999999499,49.99999999999499,49.99999999999501,49.99999999999504,49.99999999999508,49.99999999999513,49.999999999995204,49.99999999999528,49.999999999995374,49.99999999999548,49.999999999995595,49.99999999999573,49.99999999999587,49.999999999996035,49.999999999996206,49.99999999999639,49.99999999999659,49.9999999999968,49.99999999999703,49.99999999999727,49.999999999997534
142020.0,49.99999999999499,49.99999999999499,49.99999999999501,49.99999999999504,49.99999999999508,49.99999999999513,49.999999999995204,49.99999999999528,49.999999999995374,49.99999999999548,49.999999999995595,49.99999999999573,49.99999999999587,49.999999999996035,49.999999999996206,49.99999999999639,49.99999999999659,49.9999999999968,49.99999999999703,49.99999999999727,49.999999999997534
142080.0,49.99999999999499,49.99999999999499,49.99999999999501,49.99999999999504,49.99999999999508,49.99999999999513,49.999999999995204,49.99999999999528,49.999999999995374,49.99999999999548,49.999999999995595,49.99999999999573,49.99999999999587,49.999999999996035,49.999999999996206,49.99999999999639,49.99999999999659,49.9999999999968,49.99999999999703,49.99999999999727,49.999999999997534
142140.0,49.99999999999499,49.99999999999499,49.99999999999501,49.99999999999504,49.99999999999508,49.99999999999513,49.999999999995204,49.99999999999528,49.999999999995374,49.99999999999548,49.999999999995595,49.99999999999573,49.99999999999587,49.999999999996035,49.999999999996206,49.99999999999639,49.99999999999659,49.9999999999968,49.99999999999703,49.99999999999727,49.999999999997534
142200.0,49.99999999999499,49.99999999999499,49.99999999999501,49.99999999999504,49.99999999999508,49.99999999999513,49.999999999995204,49.99999999999528,49.999999999995374,49.99999999999548,49.999999999995595,49.99999999999573,49.99999999999587,49.999999999996035,49.999999999996206,49.99999999999639,49.99999999999659,49.9999999999968,49.99999999999703,49.99999999999727,49.999999999997534
142260.0,49.99999999999499,49.99999999999499,49.99999999999501,49.99999999999504,49.99999999999508,49.99999999999513,49.999999999995204,49.99999999999528,49.999999999995374,49.99999999999548,49.999999999995595,49.99999999999573,49.99999999999587,49.999999999996035,49.999999999996206,49.99999999999639,49.99999999999659,49.9999999999968,49.99999999999703,49.99999999999727,49.999999999997534
142320.0,49.99999999999499,49.99999999999499,49.99999999999501,49.99999999999504,49.99999999999508,49.99999999999513,49.999999999995204,49.99999999999528,49.999999999995374,49.99999999999548,49.999999999995595,49.99999999999573,49.99999999999587,49.999999999996035,49.999999999996206,49.99999999999639,49.99999999999659,49.9999999999968,49.99999999999703,49.99999999999727,49.999999999997534
142380.0,49.99999999999499,49.99999999999499,49.99999999999501,49.99999999999504,49.99999999999508,49.99999999999513,49.999999999995204,49.99999999999528,49.999999999995374,49.99999999999548,49.999999999995595,49.99999999999573,49.99999999999587,49.999999999996035,49.999999999996206,49.99999999999639,49.99999999999659,49.9999999999968,49.99999999999703,49.99999999999727,49.999999999997534
142440.0,49.99999999999499,49.99999999999499,49.99999999999501,49.99999999999504,49.99999999999508,49.99999999999513,49.999999999995204,49.99999999999528,49.999999999995374,49.99999999999548,49.999999999995595,49.99999999999573,49.99999999999587,49.999999999996035,49.999999999996206,49.99999999999639,49.99999999999659,49.9999999999968,49.99999999999703,49.99999999999727,49.999999999997534
142500.0,49.99999999999499,49.99999999999499,49.99999999999501,49.99999999999504,49.99999999999508,49.99999999999513,49.999999999995204,49.99999999999528,49.999999999995374,49.99999999999548,49.999999999995595,49.99999999999573,49.99999999999587,49.999999999996035,49.999999999996206,49.99999999999639,49.99999999999659,49.9999999999968,49.99999999999703,49.99999999999727,49.999999999997534
142560.0,49.99999999999499,49.99999999999499,49.99999999999501,49.99999999999504,49.99999999999508,49.99999999999513,49.999999999995204,49.99999999999528,49.999999999995374,49.99999999999548,49.999999999995595,49.99999999999573,49.99999999999587,49.999999999996035,49.999999999996206,49.99999999999639,49.99999999999659,49.9999999999968,49.99999999999703,49.99999999999727,49.999999999997534
142620.0,49.99999999999499,49.99999999999499,49.99999999999501,49.99999999999504,49.99999999999508,49.99999999999513,49.999999999995204,49.99999999999528,49.999999999995374,49.99999999999548,49.999999999995595,49.99999999999573,49.99999999999587,49.999999999996035,49.999999999996206,49.99999999999639,49.99999999999659,49.9999999999968,49.99999999999703,49.99999999999727,49.999999999997534
142680.0,49.99999999999499,49.99999999999499,49.99999999999501,49.99999999999504,49.99999999999508,49.99999999999513,49.999999999995204,49.99999999999528,49.999999999995374,49.99999999999548,49.999999999995595,49.99999999999573,49.99999999999587,49.999999999996035,49.999999999996206,49.99999999999639,49.99999999999659,49.9999999999968,49.99999999999703,49.99999999999727,49.999999999997534
142740.0,49.99999999999499,49.99999999999499,49.99999999999501,49.99999999999504,49.99999999999508,49.99999999999513,49.999999999995204,49.99999999999528,49.999999999995374,49.99999999999548,49.999999999995595,49.99999999999573,49.99999999999587,49.999999999996035,49.999999999996206,49.99999999999639,49.99999999999659,49.9999999999968,49.99999999999703,49.99999999999727,49.999999999997534
142800.0,49.99999999999499,49.99999999999499,49.99999999999501,49.99999999999504,49.99999999999508,49.99999999999513,49.999999999995204,49.99999999999528,49.999999999995374,49.99999999999548,49.999999999995595,49.99999999999573,49.99999999999587,49.999999999996035,49.999999999996206,49.99999999999639,49.99999999999659,49.9999999999968,49.99999999999703,49.99999999999727,49.999999999997534
142860.0,49.999999999995,49.999999999995,49.99999999999502,49.99999999999505,49.99999999999509,49.99999999999514,49.99999999999521,49.99999999999529,49.99999999999538,49.99999999999549,49.9999999999956,49.99999999999574,49.99999999999588,49.99999999999604,49.99999999999621,49.9999999999964,49.9999999999966,49.99999999999681,49.99999999999704,49.99999999999728,49.99999999999754
142920.0,49.999999999995,49.999999999995,49.99999999999502,49.99999999999505,49.99999999999509,49.99999999999514,49.99999999999521,49.99999999999529,49.99999999999538,49.99999999999549,49.9999999999956,49.99999999999574,49.99999999999588,49.99999999999604,49.99999999999621,49.9999999999964,49.9999999999966,49.99999999999681,49.99999999999704,49.99999999999728,49.99999999999754
142980.0,49.999999999995,49.999999999995,49.99999999999502,49.99999999999505,49.99999999999509,49.99999999999514,49.99999999999521,49.99999999999529,49.99999999999538,49.99999999999549,49.9999999999956,49.99999999999574,49.99999999999588,49.99999999999604,49.99999999999621,49.9999999999964,49.9999999999966,49.99999999999681,49.99999999999704,49.99999999999728,49.99999999999754
143040.0,49.999999999995,49.999999999995,49.99999999999502,49.99999999999505,49.99999999999509,49.99999999999514,49.99999999999521,49.99999999999529,49.99999999999538,49.99999999999549,49.9999999999956,49.99999999999574,49.99999999999588,49.99999999999604,49.99999999999621,49.9999999999964,49.9999999999966,49.99999999999681,49.99999999999704,49.99999999999728,49.99999999999754
143100.0,49.999999999995,49.999999999995,49.99999999999502,49.99999999999505,49.99999999999509,49.99999999999514,49.99999999999521,49.99999999999529,49.99999999999538,49.99999999999549,49.9999999999956,49.99999999999574,49.99999999999588,49.99999999999604,49.99999999999621,49.9999999999964,49.9999999999966,49.99999999999681,49.99999999999704,49.99999999999728,49.99999999999754
143160.0,49.999999999995,49.999999999995,49.99999999999502,49.99999999999505,49.99999999999509,49.99999999999514,49.99999999999521,49.99999999999529,49.99999999999538,49.99999999999549,49.9999999999956,49.99999999999574,49.99999999999588,49.99999999999604,49.99999999999621,49.9999999999964,49.9999999999966,49.99999999999681,49.99999999999704,49.99999999999728,49.99999999999754
143220.0,49.999999999995,49.999999999995,49.99999999999502,49.99999999999505,49.99999999999509,49.99999999999514,49.99999999999521,49.99999999999529,49.99999999999538,49.99999999999549,49.9999999999956,49.99999999999574,49.99999999999588,49.99999999999604,49.99999999999621,49.9999999999964,49.9999999999966,49.99999999999681,49.99999999999704,49.99999999999728,49.99999999999754
143280.0,49.999999999995,49.999999999995,49.99999999999502,49.99999999999505,49.99999999999509,49.99999999999514,49.99999999999521,49.99999999999529,49.99999999999538,49.99999999999549,49.9999999999956,49.99999999999574,49.99999999999588,49.99999999999604,49.99999999999621,49.9999999999964,49.9999999999966,49.99999999999681,49.99999999999704,49.99999999999728,49.99999999999754
143340.0,49.999999999995,49.999999999995,49.99999999999502,49.99999999999505,49.99999999999509,49.99999999999514,49.99999999999521,49.99999999999529,49.99999999999538,49.99999999999549,49.9999999999956,49.99999999999574,49.99999999999588,49.99999999999604,49.99999999999621,49.9999999999964,49.9999999999966,49.99999999999681,49.99999999999704,49.99999999999728,49.99999999999754
143400.0,49.999999999995,49.999999999995,49.99999999999502,49.99999999999505,49.99999999999509,49.99999999999514,49.99999999999521,49.99999999999529,49.99999999999538,49.99999999999549,49.9999999999956,49.99999999999574,49.99999999999588,49.99999999999604,49.99999999999621,49.9999999999964,49.9999999999966,49.99999999999681,49.99999999999704,49.99999999999728,49.99999999999754
143460.0,49.999999999995,49.999999999995,49.99999999999502,49.99999999999505,49.99999999999509,49.99999999999514,49.99999999999521,49.99999999999529,49.99999999999538,49.99999999999549,49.9999999999956,49.99999999999574,49.99999999999588,49.99999999999604,49.99999999999621,49.9999999999964,49.9999999999966,49.99999999999681,49.99999999999704,49.99999999999728,49.99999999999754
143520.0,49.999999999995,49.999999999995,49.99999999999502,49.99999999999505,49.99999999999509,49.99999999999514,49.99999999999521,49.99999999999529,49.99999999999538,49.99999999999549,49.9999999999956,49.99999999999574,49.99999999999588,49.99999999999604,49.99999999999621,49.9999999999964,49.9999999999966,49.99999999999681,49.99999999999704,49.99999999999728,49.99999999999754
143580.0,49.999999999995,49.999999999995,49.99999999999502,49.99999999999505,49.99999999999509,49.99999999999514,49.99999999999521,49.99999999999529,49.99999999999538,49.99999999999549,49.9999999999956,49.99999999999574,49.99999999999588,49.99999999999604,49.99999999999621,49.9999999999964,49.9999999999966,49.99999999999681,49.99999999999704,49.99999999999728,49.99999999999754
143613.70731479066,49.999999999995,49.999999999995,49.99999999999502,49.99999999999505,49.99999999999509,49.99999999999514,49.99999999999521,49.99999999999529,49.99999999999538,49.99999999999549,49.9999999999956,49.99999999999574,49.99999999999588,49.99999999999604,49.99999999999621,49.9999999999964,49.9999999999966,49.99999999999681,49.99999999999704,49.99999999999728,49.99999999999754
