时间（s）,归一化半径 ξ=0.0000,归一化半径 ξ=0.0500,归一化半径 ξ=0.1000,归一化半径 ξ=0.1500,归一化半径 ξ=0.2000,归一化半径 ξ=0.2500,归一化半径 ξ=0.3000,归一化半径 ξ=0.3500,归一化半径 ξ=0.4000,归一化半径 ξ=0.4500,归一化半径 ξ=0.5000,归一化半径 ξ=0.5500,归一化半径 ξ=0.6000,归一化半径 ξ=0.6500,归一化半径 ξ=0.7000,归一化半径 ξ=0.7500,归一化半径 ξ=0.8000,归一化半径 ξ=0.8500,归一化半径 ξ=0.9000,归一化半径 ξ=0.9500,归一化半径 ξ=1.0000
0.0,2.55,2.55,2.55,2.55,2.55,2.55,2.55,2.55,2.55,2.55,2.55,2.55,2.55,2.55,2.55,2.55,2.55,2.55,2.55,2.55,2.55
60.0,2.5490285993256605,2.5490285993256605,2.5490285993256605,2.5490285993256605,2.5490285993256605,2.5490285993256605,2.5490285993256605,2.5490285993256605,2.5490285993256605,2.5490285993256605,2.5490285993256605,2.5490285993256605,2.54902859932566,2.549028599325635,2.5490285993224306,2.549028598978504,2.5490285672764794,2.5490261288668004,2.5488759717715563,2.541942121757194,2.327911213159934
120.0,2.5480577443658707,2.5480577443658707,2.5480577443658707,2.5480577443658707,2.5480577443658707,2.5480577443658707,2.5480577443658707,2.5480577443658707,2.5480577443658707,2.5480577443658707,2.5480577443658707,2.548057744365868,2.5480577443657797,2.5480577443597525,2.5480577439919707,2.5480577243173896,2.5480568206355128,2.5480221968791468,2.5469610004833325,2.522602200655664,2.1480929394738504
180.0,2.5470874502662006,2.5470874502662006,2.5470874502662006,2.5470874502662006,2.5470874502662006,2.5470874502662006,2.5470874502662006,2.5470874502662006,2.5470874502662006,2.5470874502662006,2.5470874502662,2.5470874502661376,2.54708745026308,2.5470874501238474,2.547087444475765,2.547087243575056,2.547081110288704,2.5469250198108644,2.5437502686582683,2.49543299451308,2.001367743580235
240.0,2.5461177168123053,2.5461177168123053,2.5461177168123053,2.5461177168123053,2.5461177168123053,2.5461177168123053,2.5461177168123053,2.5461177168123053,2.5461177168123053,2.546117716812305,2.546117716812283,2.5461177168113043,2.5461177167744022,2.5461177155175494,2.5461176773700154,2.546116662483709,2.5460935001688494,2.5456531187154745,2.5389665731265287,2.4630078178832826,1.8806368586493412
300.0,2.5451485303496777,2.5451485303496777,2.5451485303496777,2.5451485303496777,2.5451485303496777,2.5451485303496777,2.5451485303496777,2.5451485303496777,2.5451485303496777,2.5451485303496715,2.5451485303494215,2.5451485303411285,2.5451485300914367,2.5451485233038866,2.5451483589228503,2.5451448708196356,2.5450814056520925,2.544119924643019,2.532491905729785,2.4272132215378,1.780441171186185
360.0,2.5441798733932264,2.5441798733932264,2.5441798733932264,2.5441798733932264,2.5441798733932264,2.5441798733932264,2.5441798733932264,2.5441798733932264,2.5441798733932255,2.544179873393167,2.544179873391462,2.5441798733446164,2.5441798721718567,2.5441798456702576,2.5441793122843954,2.5441699094015524,2.54402783328747,2.5422410495278105,2.5243057061702983,2.3893901220446114,1.696648910634633
420.0,2.543211755337938,2.543211755337938,2.543211755337938,2.543211755337938,2.543211755337938,2.543211755337938,2.543211755337938,2.543211755337938,2.543211755337926,2.5432117553375915,2.5432117553290636,2.543211755128938,2.5432117508443297,2.5432116680640977,2.5432102440381583,2.5431887950566936,2.5429119914950324,2.5399397187140176,2.5144645038948097,2.350576736341601,1.625926975299772
480.0,2.542244185574951,2.542244185574951,2.542244185574951,2.542244185574951,2.542244185574951,2.542244185574951,2.542244185574951,2.5422441855749502,2.5422441855748863,2.5422441855733555,2.542244185539317,2.5422441848420307,2.542244171810973,2.542243952109184,2.5422406550702803,2.542197347828991,2.5417101243056894,2.5371501413207103,2.5030732871974757,2.3115221365592937,1.5656795212743624
540.0,2.541277177331546,2.541277177331546,2.541277177331546,2.541277177331546,2.541277177331546,2.541277177331546,2.5412771773315455,2.5412771773315384,2.541277177331265,2.541277177325458,2.541277177210967,2.5412771751310324,2.541277140669605,2.541276625710948,2.541269778621477,2.541190117927593,2.5403965192104305,2.533819739439573,2.4902703293985473,2.2727666201382046,1.5138587970697739
600.0,2.5403107380699343,2.5403107380699343,2.5403107380699343,2.5403107380699343,2.5403107380699343,2.5403107380699343,2.540310738069932,2.540310738069886,2.5403107380688903,2.540310738049884,2.5403107377132668,2.5403107322237144,2.540310650596683,2.54030955624053,2.5402965050734476,2.540160350640368,2.5389442487344436,2.5299070876630245,2.476194516590239,2.2346415322824105,1.4689686262039097
660.0,2.539344838775595,2.539344838775595,2.539344838775595,2.539344838775595,2.539344838775595,2.539344838775595,2.539344838775587,2.539344838775417,2.539344838772226,2.539344838716957,2.5393448378292476,2.53934482470488,2.5393446478288153,2.5393424991591464,2.539319286482082,2.5390999619547805,2.5373258374114087,2.5253820327200858,2.4609911270335743,2.1973910733338844,1.4297746092094172
720.0,2.5383794600471234,2.5383794600471234,2.5383794600471234,2.5383794600471234,2.5383794600471234,2.538379460047122,2.5383794600470924,2.538379460046551,2.5383794600373433,2.5383794598915834,2.53837945775122,2.5383794288294483,2.5383790726731554,2.538375120275036,2.5383361221765237,2.537999630314506,2.535513863935669,2.5202238197084803,2.4447978382781566,2.161167870794068,1.3953241282374795
780.0,2.5374146189614657,2.5374146189614657,2.5374146189614657,2.5374146189614657,2.5374146189614657,2.53741461896146,2.537414618961365,2.537414618959805,2.5374146189354945,2.537414618581293,2.5374146137939766,2.537414554266637,2.5374138798645975,2.537406996044709,2.537344532893563,2.5368489355477464,2.5334819407861966,2.5144238054521972,2.427762450439883,2.1261044591214553,1.364763207840203
840.0,2.5364503517863057,2.5364503517863057,2.5364503517863057,2.5364503517863057,2.536450351786305,2.5364503517862884,2.536450351786017,2.536450351781892,2.5364503517223653,2.5364503509194845,2.5364503408737176,2.53645022526299,2.5364490132827084,2.5364375683382345,2.5363415063524952,2.535636509188631,2.5312052565283394,2.507982233878036,2.410019214182402,2.0922567762598736,1.3374693816418353
900.0,2.5354866621373753,2.5354866621373753,2.5354866621373753,2.535486662137375,2.5354866621373717,2.535486662137327,2.535486662136608,2.5354866621264325,2.535486661989842,2.535486660275664,2.535486640322253,2.5354864267386974,2.5354843445946527,2.5354660637311004,2.5353234194588827,2.5343501728567692,2.5286612296492326,2.5009095133666515,2.3917038007615776,2.0596724744957395,1.3128645663171763
960.0,2.5345234864440034,2.5345234864440034,2.534523486444003,2.5345234864440016,2.534523486443993,2.5345234864438675,2.534523486442093,2.534523486418475,2.534523486122232,2.5345234826481438,2.53452344486648,2.5345230671021177,2.534519627803922,2.5344914312509386,2.534286000309379,2.5329771459048587,2.525829828752355,2.493222530584393,2.372932083307506,2.0283299167163507,1.2905562129839405
1020.0,2.533560818754765,2.5335608187547645,2.533560818754764,2.5335608187547614,2.533560818754742,2.533560818754426,2.5335608187502636,2.533560818698296,2.5335608180868094,2.533560811360923,2.533560742767487,2.533560099736384,2.5335546116837384,2.533512438751077,2.533224440121936,2.5315042237769303,2.522692977028957,2.484940166503358,2.3537996611286185,1.9981975268089438,1.2702495063489683
1080.0,2.5325987241418515,2.532598724141851,2.5325987241418506,2.5325987241418453,2.532598724141786,2.5325987241410366,2.532598724131762,2.532598724022677,2.5325987228146207,2.532598710310725,2.5325985903345627,2.53259753232965,2.5325890393862234,2.5325276592855066,2.5321334207717907,2.529918087268638,2.519235852961584,2.4760893308757677,2.3344055663040524,1.9692490129415225,1.2516658700164296
1140.0,2.5316371793442554,2.531637179344255,2.5316371793442536,2.5316371793442425,2.5316371793441044,2.531637179342407,2.5316371793226247,2.5316371791030625,2.531637176807897,2.5316371543884237,2.5316369514062504,2.5316352626368053,2.5316224742291196,2.5315352873135955,2.531006967766975,2.528205150076447,2.5154450065626097,2.466692644794067,2.3148108660259017,1.941410107399894,1.234685635508267
1200.0,2.530676191836788,2.5306761918367875,2.530676191836785,2.5306761918367564,2.530676191836439,2.5306761918327707,2.530676191792253,2.530676191366665,2.5306761871564967,2.5306761482436615,2.530675814935574,2.530673191753647,2.5306544022057924,2.53053323018643,2.5298385722278316,2.526351856652026,2.51130992730042,2.4567805098462174,2.295096822425546,1.9146724850879977,1.219038998701319
1260.0,2.5297157556383643,2.529715755638364,2.52971575563836,2.5297157556382923,2.5297157556375947,2.5297157556299648,2.529715755549937,2.5297157547525786,2.529715747270422,2.5297156816830935,2.5297151489373038,2.529711173265592,2.529684171514842,2.5295190520980713,2.528621247897051,2.5243451142470836,2.5068235502250564,2.4463864341039936,2.2753316608190346,1.8889974600617154,1.2045441686589713
1320.0,2.5287558225520677,2.5287558225520654,2.528755822552052,2.52875582255191,2.5287558225504307,2.5287558225350986,2.5287558223821787,2.5287558209336765,2.528755808013599,2.5287557003724714,2.5287548694630004,2.5287489770808875,2.5287109478265513,2.528489937142943,2.5273475766116675,2.5221724673149404,2.501982260394279,2.435547671611168,2.2555796360771283,1.8643362685360716,1.1910427232080476
1380.0,2.5277964653329397,2.527796465332936,2.5277964653329055,2.5277964653326053,2.5277964653295855,2.5277964652997347,2.52779646501617,2.527796462457802,2.5277964407252917,2.5277962683096082,2.527795001038121,2.527786444326355,2.5277338610444047,2.52744284237711,2.5260098878691037,2.5198219534070057,2.4967831020260034,2.4242927967125545,2.23587035686407,1.8406114058715304,1.1785455033335899
1440.0,2.526837649197439,2.5268376491974323,2.526837649197362,2.5268376491967426,2.526837649190764,2.5268376491343236,2.526837648622773,2.526837644219207,2.5268376085324626,2.5268373384541025,2.5268354449223698,2.526823249539272,2.526751758430833,2.5263742515509175,2.524600043469915,2.517282059260941,2.491225693624388,2.412656406054199,2.216255215774254,1.817809469855004,1.1668657874509643
1500.0,2.525879333634286,2.525879333634272,2.52587933363413,2.525879333632885,2.525879333621373,2.525879333517504,2.525879332617738,2.5258793252160054,2.525879267898878,2.5258788534372663,2.5258760771268274,2.525858992728318,2.5257632931392524,2.5252803023958017,2.523109772568077,2.514542652673325,2.485313925567726,2.400677943710303,2.1967848977702737,1.7959043242470647,1.1558429172564921
1560.0,2.5249215510809804,2.5249215510809444,2.524921551080667,2.524921551078229,2.5249215510566394,2.5249215508701726,2.5249215493242008,2.5249215371531486,2.524921446961831,2.524920822901907,2.5249168228585823,2.5248932685556356,2.5247669946446405,2.5241569024953403,2.5215309294095904,2.51159535520885,2.479055836455282,2.3883999969097007,2.1775052557488404,1.7748505190718955,1.1453823815315152
1620.0,2.523964291736069,2.5239642917360032,2.523964291735454,2.5239642917308025,2.523964291691289,2.5239642913641718,2.5239642887649545,2.5239642691552535,2.523964129910493,2.52396320671257,2.5239575366219658,2.5239255414970785,2.523761145715873,2.5229996329017914,2.5198553680665907,2.508432657140155,2.472459033167735,2.3758538533176807,2.15843046873281,1.754581210986293,1.1354972802901504
1680.0,2.5230075573176958,2.5230075573175674,2.5230075573165056,2.523007557307835,2.523007557237138,2.5230075566754757,2.523007552393046,2.5230075213934766,2.5230073102019355,2.523005966827745,2.5229980507475824,2.5229551892213022,2.5227438251939054,2.5218038048820413,2.518075018725957,2.505048225647525,2.4655336835990243,2.3630758032332806,2.139592035159592,1.735068573318616,1.1260897858316796
1740.0,2.522051349544555,2.522051349544312,2.5220513495423,2.5220513495264942,2.522051349402664,2.522051348457444,2.5220513415341728,2.522051293393577,2.5220509783652143,2.522049053553124,2.5220381581082396,2.521981481192052,2.521712894443046,2.5205645000633505,2.5161820435634303,2.501436935378131,2.458290251029758,2.350093447175897,2.1209921629005635,1.7162392469655163,1.1172176929771795
1800.0,2.521095677812465,2.5210956778120033,2.5210956778082747,2.5210956777800613,2.521095677567426,2.521095676006397,2.521095665010916,2.521095591489636,2.5210951288517167,2.5210924106535697,2.5210776135255264,2.5210035754642353,2.5206659923886376,2.51927654133707,2.514168562426085,2.497593593632361,2.450736571369208,2.336925645560036,2.1026263037072637,1.6980506118663974,1.108907638417618
1860.0,2.520140532316314,2.5201405323154535,2.520140532308684,2.5201405322593033,2.5201405319009433,2.52014052936819,2.5201405121949105,2.5201404016626374,2.5201397321559784,2.5201359455043106,2.520116099878476,2.5200204798950376,2.5196004983225935,2.517934484294921,2.5120268084808406,2.493514054219605,2.442883046960809,2.323598244118859,2.084510589515207,1.6804907324005405,1.1010717503533611
1920.0,2.5191859378125065,2.5191859378109287,2.519185937798874,2.519185937714042,2.51918593712065,2.5191859330793904,2.5191859066770554,2.519185742945621,2.5191847873772755,2.519179579503271,2.5191532747689993,2.51903109764808,2.518513598031762,2.5165327748146717,2.509749517371786,2.4891958894213935,2.434742606095043,2.3101388452691625,2.066662798925088,1.6635502811926004,1.093622091834398
1980.0,2.5182319056029594,2.518231905600125,2.5182319055790545,2.5182319054358535,2.5182319044695447,2.5182318981224117,2.51823185813186,2.518231618966918,2.5182302728068526,2.5182231964500628,2.5181887158325713,2.5180341746801034,2.517402259747905,2.5150658237047923,2.507330254956217,2.484639421819477,2.426333977663939,2.2965856913826785,2.0491171351039275,1.647220016488624,1.086418564423431
2040.0,2.517278379802108,2.5172783797970975,2.5172783797609055,2.51727837952316,2.517278377974245,2.51727836815359,2.5172783084303587,2.5172779636763223,2.5172760905739873,2.517266584931419,2.5172218607998644,2.517028245429756,2.516263214378591,2.513528057329498,2.5047633735993267,2.479846321122606,2.4176741687489307,2.2829627418810645,2.031869146109225,1.6314371146847653,1.0795033921882702
2100.0,2.5163253467804894,2.5163253467718025,2.5163253467106483,2.5163253463221205,2.5163253438762845,2.5163253288955003,2.5163252408901227,2.516324750144772,2.516322174273924,2.5163095436943235,2.516252110554816,2.516011736951877,2.5150930559451865,2.5119139192196447,2.5020435352670884,2.4748181204291524,2.408777564114345,2.2692892591449065,2.014918673159837,1.6161764542140784,1.072860131370006
2160.0,2.5153728370622863,2.515372837047466,2.5153728369457578,2.5153728363202847,2.515372832512902,2.515372809967689,2.5153726819316855,2.5153719916950514,2.51536848879308,2.5153518790506104,2.5152788241161703,2.514982966558925,2.5138882590120075,2.5102179654181254,2.499166159285081,2.4695580852687993,2.399661633028571,2.25559068665114,1.9982774209900613,1.6014213337434657,1.0664328246003991
2220.0,2.5144208773199814,2.514420877295097,2.5144208771284684,2.5144208761358753,2.5144208702891873,2.5144208367949528,2.51442065277408,2.514419692986792,2.514414979973184,2.514393352234192,2.5143012651251313,2.51394009792719,2.512645173271345,2.5084349353173154,2.4961275001853984,2.4640706258442697,2.390343048415569,2.2418852081566087,1.9819383704842028,1.5871269119970588,1.060264211050175
2280.0,2.5134694519809813,2.5134694519398213,2.513469451670737,2.5134694501169688,2.5134694412547773,2.5134693921039797,2.5134691306775725,2.513467810571155,2.513461533678267,2.513433636293004,2.513318557981648,2.512881101518511,2.511359980542206,2.5065596009166153,2.49292399726299,2.4583593906643886,2.3808343599690924,2.2281827083726466,1.9658894544287908,1.5732695248076494,1.0543697711609303
2340.0,2.5125184763712824,2.5125184763041775,2.512518475875584,2.512518473475082,2.5125184602085104,2.512518388929275,2.5125180216511667,2.5125162248297093,2.5125079461546074,2.512472284215021,2.51232965492268,2.5118037253620216,2.5100286768629263,2.5045867959185126,2.4895526370339973,2.452429281923868,2.3711511604446187,2.2145015395223746,1.9501363021070133,1.5598355751535986,1.0486773789843935
2400.0,2.511567957999765,2.5115679578918666,2.5115679572181877,2.511567953555864,2.5115679339318797,2.511567831724483,2.5115673212088594,2.5115648998534823,2.5115540822014655,2.511508885003465,2.5113334928627085,2.5107056644910655,2.508647280127499,2.502511678263574,2.4860110988512214,2.446285369429914,2.361305878075351,2.200849255429194,1.9346643441739697,1.5467956539823784,1.0432297973023057
2460.0,2.5106179542676474,2.5106179540964644,2.510617953050913,2.51061794753058,2.510617918833703,2.5106177738604996,2.510617071464388,2.5106138396091495,2.510599829716807,2.5105430166704314,2.5103289477118027,2.509584521825476,2.507211790359312,2.5003296452785317,2.4822976632659643,2.439933735290022,2.3513135954053337,2.1872424068390965,1.9194805065108207,1.5341442515727937,1.0379786326882456
2520.0,2.5096684534483207,2.5096684531801983,2.509668451577206,2.509668443352239,2.5096684018473603,2.5096681983450835,2.509667241379651,2.5096629671399606,2.509644977123419,2.509574122048573,2.509314712498933,2.5084377013804495,2.505718125837643,2.498036350377081,2.478411231207162,2.4333805963457396,2.3411865033714396,2.1736874142507907,1.9045712675246655,1.521855180745284,1.0329524154971588
2580.0,2.5087194726096405,2.508719472194842,2.5087194697659374,2.508719457647289,2.5087193982503297,2.5087191154348623,2.508717823858051,2.5087122206004007,2.508689307881087,2.508601602659373,2.50828939479407,2.507262514332271,2.5041622237083856,2.4956277330488046,2.474351282852904,2.4266330828356475,2.3309395845663627,2.1602010417419155,1.8899498310406935,1.509939773816137,1.0280469758109003
2640.0,2.5077709980851153,2.5077709974509896,2.5077709938121084,2.5077709761474978,2.5077708920075668,2.5077705027340595,2.507768775256014,2.5077614916201774,2.5077325373004125,2.507624755277235,2.5072514599711093,2.5060561510275328,2.5025401054644534,2.4931003591270238,2.47011887044063,2.4197010768737304,2.320591211773289,2.1468009354382462,1.8756181313465563,1.49836647546426,1.0232464773570753
2700.0,2.5068229758934653,2.5068229749351123,2.506822969542696,2.5068229440593117,2.5068228260329692,2.506822295169484,2.506820004704226,2.506810613443784,2.50677429937586,2.5066427595275775,2.5061992263042514,2.504815689616923,2.500847855629455,2.4904510862426625,2.4657149585417635,2.4125917603581937,2.3101501517983176,2.133483955073997,1.861548405978822,1.4870962628972464,1.0186396396176403
2760.0,2.5058754384436046,2.5058754370112135,2.505875429104038,2.505875392706583,2.5058752287058574,2.505874511190345,2.5058714996351528,2.5058594853558414,2.5058142701225865,2.50565480127548,2.50513098803881,2.5035382006329585,2.4990816371093714,2.487676895982259,2.461140413884788,2.405312127228403,2.2996277437454173,2.120260654378359,1.8477497097520716,1.4761466811871389,1.014137646211247
2820.0,2.5049284219377665,2.5049284198196973,2.5049284083425962,2.5049283568563907,2.5049281310469214,2.50492716957999,2.504923241839685,2.504907987502025,2.504852081142825,2.504659986932981,2.5040449387469925,2.5022207106356644,2.4972378132545416,2.4847755485114145,2.4563980103450738,2.397873099391497,2.289042168130114,2.107150138086049,1.8342337406542244,1.4655093160759152,1.0096718970983116
2880.0,2.5039818665508164,2.5039818634511626,2.5039818469558566,2.5039817748025417,2.503981466623847,2.5039801889468536,2.5039751061497317,2.5039558784324876,2.5038872167882675,2.5036572448360506,2.502939090184609,2.5008601623334776,2.4953129538738437,2.481745464072083,2.4514913749422793,2.3902852629412115,2.2784068705785243,2.094157414777607,1.8209839000210652,1.4551407481206446,1.005295641740737
2940.0,2.503035814183858,2.5030358096930443,2.5030357862105777,2.5030356860031686,2.5030352689857973,2.503033584712803,2.503027056631062,2.5030029903456135,2.502919209373522,2.5026455231900284,2.501811473019197,2.499453589053716,2.493303848416363,2.4785852058899867,2.4464233236140647,2.3825558092444057,2.2677281679200805,2.0812790222962767,1.8079837952513689,1.4450324059250312,1.001048611006128
3000.0,2.5020902336899646,2.502090227246717,2.5020901941255196,2.5020900561695028,2.5020894965263305,2.5020872935070866,2.5020789701932826,2.502049051815001,2.5019474617203934,2.5016236139394623,2.500659961582284,2.4979979359341984,2.4912073547042133,2.4752936438886577,2.441197513399674,2.374694705056025,2.25702084086213,2.068531006885626,1.795248425604793,1.4351925382858057,0.9968130109761092
3060.0,2.5011451361075663,2.5011451269500675,2.5011450806516855,2.5011448923330604,2.501144147284636,2.5011412874218264,2.5011307499251685,2.501093800048266,2.5009713593778455,2.5005902696465254,2.4994824103409474,2.4964902581043886,2.489020752251581,2.4718705471247993,2.4358188431138608,2.366712385905881,2.2462960869317317,2.0559156602836492,1.782762496214277,1.4255889452214014,0.9926449603588298
3120.0,2.5002005131251446,2.5002005002290018,2.500200436073161,2.500200181116079,2.500199196924745,2.5001955114403023,2.5001822617385945,2.5001369170674326,2.4999902083468237,2.4995441471870934,2.4982766051062915,2.494927650508064,2.4867415164952864,2.4683158587379697,2.430291771506951,2.3586174539125544,2.235561911661966,2.0434325768035317,1.7705110404755433,1.416196160662671,0.9885883112233191
3180.0,2.4992563505542114,2.499256332554336,2.499256244403197,2.499255901975448,2.49925461164977,2.4992498957405647,2.499233345772552,2.499178040219825,2.4990032452182165,2.498483817012528,2.4970402626576362,2.493307203778483,2.48436714596131,2.4646292224943815,2.4246191658061624,2.35041386444515,2.2248164269842667,2.031065303886715,1.7584622835992885,1.4069970084545709,0.9847437628975056
3240.0,2.498312714605369,2.4983126896988943,2.498312569571382,2.498312113221977,2.498310433877237,2.4983044407825634,2.498283900725479,2.4982168460003766,2.4980097212126853,2.4974078465638185,2.49577110385623,2.4916260397427297,2.481895146111347,2.4608101298933573,2.418803755422621,2.3421071775212017,2.214066138402365,2.0188209673651722,1.7466298100071704,1.3980213046507763,0.9810072044959814
3300.0,2.497369550278065,2.497369516104408,2.4973693537069512,2.4973687501058137,2.4973665799203246,2.497359014277084,2.497333679792744,2.4972528449173748,2.497008696928287,2.4963145995152023,2.494466677540753,2.489881236517822,2.479323277132731,2.456858910884284,2.4128500928183247,2.3337058871641414,2.203320136953573,2.006704106257105,1.7350107720845245,1.3892555375768731,0.9773522809932159
3360.0,2.4964268348803387,2.496426788374196,2.4964265705343314,2.4964257779895043,2.496422992730141,2.496413503244865,2.496382442008257,2.496285533073424,2.495999197715276,2.4952024031652296,2.4931245512303284,2.488070035023144,2.476649667716536,2.4527763662362356,2.4067628883443155,2.3252176803510967,2.1925855090581416,1.9947175154746193,1.7236043640015917,1.3806980473660821,0.9737432202394813
3420.0,2.4954845548946323,2.495484492107713,2.495484202097621,2.4954831688305434,2.4954796179380487,2.4954677894303985,2.495429927152195,2.495314367626869,2.4949801923128283,2.494069533679597,2.491742303251949,2.4861898319178777,2.4738728206492944,2.4485639314837364,2.400547868635825,2.3166521322031066,2.181873097895469,1.9828701789326155,1.71241535859232,1.3723391686432118,0.9701362202072674
3480.0,2.494542707768393,2.494542623654687,2.4945422403882245,2.4945409025374046,2.4945364047298972,2.4945217494995955,2.494475855383519,2.4943387668765777,2.4939505961211745,2.4929142276307887,2.4903175498378145,2.4842382282524063,2.4709916638301603,2.444223579259148,2.3942109388749473,2.308017564405306,2.1711892867057663,1.9711615034066239,1.7014339430016734,1.3641637473454191,0.966550460319782
3540.0,2.4936013017745875,2.493601189934966,2.493600687026841,2.493598966370442,2.4935933047919088,2.4935752534690536,2.493519925601259,2.493358110174946,2.492909275768818,2.491734693667304,2.488847957236937,2.482213010271951,2.468005440048262,2.439757626828906,2.387758366385229,2.2993233175254053,2.1605440838290795,1.9595999278629272,1.6906654738489815,1.3561675792573908,0.9629390918266924
3600.0,2.4926602886342213,2.4926601410140092,2.492659485681046,2.492657287041074,2.4926502038910714,2.492628095637913,2.4925617459410923,2.4923716689092794,2.4918549823452274,2.490529050482096,2.487331189411484,2.4801121232473555,2.4649137438512203,2.4351688257035478,2.381196489563366,2.2905772297357583,2.1499417050020386,1.9481790780122008,1.680086342733361,1.3483115666348147,0.9593914909934752
3660.0,2.491719682369637,2.4917194889040197,2.49171864069461,2.4917158490094344,2.491707039673141,2.491680111870185,2.4916009510254007,2.4913787250403776,2.490786472597007,2.4892954466226476,2.485764998115231,2.477933630397351,2.4617160812813306,2.4304589891783355,2.3745287311921817,2.2817810259266413,2.1393769870689505,1.9368831759115464,1.6696734712299495,1.3405922270811867,0.9559814372664681
3720.0,2.4907795263720502,2.490779274577504,2.490778183929193,2.490774661018999,2.4907637678005914,2.490731145476623,2.4906371682067867,2.4903785386013815,2.4897024768264657,2.488032020895027,2.484147156733381,2.4756756144086047,2.458411876926438,2.425629746566018,2.367758872348663,2.272939507308856,2.128854695657289,1.9257178687644043,1.6594377515245198,1.3330303197920708,0.952628381195922
3780.0,2.4898398048246437,2.4898394793270247,2.489838085919861,2.4898336668694565,2.4898202721450753,2.4897809566835716,2.4896699263256443,2.4893702560516298,2.4886016084747786,2.4867368221689645,2.482475427934255,2.473336304907552,2.455000983231716,2.420683621312047,2.360892168656365,2.264058982873779,2.1183788168452873,1.9146810189260777,1.6493693275785477,1.3256093073891941,0.9493566963079888
3840.0,2.4889004749939816,2.48890005698803,2.488898287881829,2.4888927770419986,2.4888763959163036,2.4888292534245315,2.4886986870788674,2.488352944669493,2.48748240617665,2.485407864026831,2.480747622882796,2.470914075816903,2.4514833909825904,2.415622959430621,2.353932858417874,2.2551434424694494,2.1079500798795356,1.9037685939321367,1.6394624737806724,1.3183308325482554,0.9461518622909241
3900.0,2.487961486064435,2.4879609527027036,2.487958720258339,2.4879518868941393,2.4879319594715996,2.487875709064966,2.4877228635876416,2.4873256134600505,2.486343357680842,2.4840431479855383,2.478961613122092,2.4684074434461687,2.44785929237608,2.410450395615223,2.3468858742313086,2.2461988891626157,2.0975740671705045,1.892985565649732,1.6297233977845822,1.3111980227338138,0.9429513089112364
3960.0,2.4870228746491407,2.4870221983540564,2.487019397920839,2.4870109714771145,2.4869868546931313,2.486920056559382,2.4867419150972467,2.4862873099989735,2.4851830019406167,2.4826407782558415,2.4771154785139706,2.4658152965667868,2.444129470665605,2.405169419016291,2.339757243903852,2.2372323490782158,2.08725630276564,1.882333713884548,1.6201487249863495,1.3041983199382254,0.9397695907919833
4020.0,2.4860845953060355,2.486083743002702,2.48608025037072,2.4860699153816084,2.4860408745159743,2.4859619181345924,2.4857551781523424,2.4852369557117457,2.483999772161523,2.4811988146323576,2.4752073607629805,2.463136704473793,2.4402949315807607,2.3997835657033653,2.3325525138928054,2.2282494926789598,2.0770000856208983,1.871812509334712,1.6107347150506437,1.2973275956828993,0.9365908241679437
4080.0,2.4851465910311754,2.485145523303567,2.4851411919382884,2.4851285826470413,2.4850937826962625,2.4850008755546287,2.4847619387441333,2.4841734218276144,2.4827920765186975,2.4797153546655553,2.4732355368863956,2.4603709738665516,2.43635698357057,2.394296722253792,2.325277804730606,2.219257384014297,2.0668119720681566,1.8614274726705646,1.6014859372840617,1.2905840951169874,0.9333627739709545
4140.0,2.4842088943301746,2.4842075644967974,2.4842022225453415,2.4841869172165945,2.4841454140754786,2.4840365707067242,2.483761534299266,2.483095634418749,2.4815584085006863,2.478188653769695,2.4711985620175168,2.4575178470342554,2.432317542760219,2.3887135360789156,2.317940030720567,2.2102634460783444,2.056697118595216,1.8511781613201068,1.5923919025711466,1.2839419307076294,0.9301445535642433
4200.0,2.4832714767062014,2.4832698298130387,2.4832632768799425,2.4832447918181586,2.4831955233291962,2.4830685548178675,2.48275320455141,2.4820024283508197,2.480297203619335,2.476616976020334,2.4690950784345933,2.454577159669561,2.4281783645634234,2.3830376555420236,2.310543254128427,2.201269050545273,2.046650382552013,1.8410503768536028,1.5834311306221158,1.2773931181454299,0.9270082141497861
4260.0,2.4823342517652076,2.4823322235173624,2.48232422729356,2.4823020107817495,2.4822437881032133,2.4820962927976384,2.481736098185158,2.480892555754486,2.479006842693756,2.4749985697126147,2.4669237187072324,2.4515486290782604,2.4239408032876057,2.377272014899737,2.3030911105172183,2.192277312714416,2.036673918265652,1.8310465187324987,1.5746092892357313,1.2709482707872082,0.9238872477765433
4320.0,2.4813971895114726,2.4813947051234555,2.4813849977885907,2.4813584237156014,2.4812899223707356,2.4811192762134713,2.4807093848472945,2.479764795432241,2.4776857575090387,2.4733317786171023,2.464683270443909,2.448432202496522,2.4196065566164315,2.3714200526824425,2.295587744621935,2.1832909173405493,2.0267659899482062,1.8211575041137638,1.565908840795531,1.2645869743333882,0.9208598512210436
4380.0,2.4804602520057433,2.4804572249821857,2.4804454994311245,2.4804138607666433,2.480333611838313,2.4801369596065004,2.4796721937821737,2.478617895783974,2.4763323790631886,2.471614988403192,2.46237258158611,2.4452277936969185,2.415176938084648,2.365484059490447,2.2880349733897822,2.1743091295598407,2.0169219482736795,1.8113762903657296,1.5573278091292178,1.2583309496660555,0.9179003497083277
4440.0,2.4795233578652063,2.479519688745281,2.4795055947593445,2.479468097152716,2.4793744791413115,2.4791487273283317,2.478623583416982,2.477450547318791,2.4749451110415612,2.4698466005114788,2.4599905603776073,2.4419354443778,2.410653638688086,2.3594675955960054,2.2804382914664063,2.1653398866584554,2.0071538088749867,1.8017217001427546,1.5488936285794135,1.2521968689174618,0.9148513824037965
4500.0,2.478586438674976,2.478582013693937,2.4785651538827977,2.4785209089513147,2.478412139346774,2.478153948977275,2.4775625976781765,2.476261444000073,2.4735224115341596,2.468025179012664,2.457536486855911,2.438555949836527,2.4060397204095145,2.353376328365877,2.2728054892733773,2.1563914332374137,1.9974672222723253,1.7921925706047013,1.5405923068795884,1.246146351935712,0.9117835493068841
4560.0,2.4776494396773794,2.4776441293822025,2.4776240550486253,2.477572073801988,2.4774462015568,2.477151983742713,2.4764882766409735,2.4750493052274716,2.4720628274331133,2.4661494724080306,2.455009910840846,2.435090320650978,2.4013379978542466,2.3472144029593043,2.2651403886373673,2.1474645821588276,1.9878572194487558,1.782776772496172,1.5324055436937454,1.2401684662966956,0.9087745908750906
4620.0,2.476712222647082,2.476705880522481,2.476682087636437,2.476621274377934,2.476476173612543,2.476142087220607,2.4753995649135576,2.4738127793431604,2.4705648717299344,2.4642182176767986,2.452410313879601,2.4315392726387444,2.3965505441160038,2.3409846843490705,2.257445365690757,2.1385597129032425,1.9783213197878988,1.7734693377411448,1.5243277514806715,1.2342645132298935,0.9058203785971924
4680.0,2.4757747086508575,2.4757671697276358,2.4757390948819404,2.4756682411673046,2.4755016049543452,2.4751235537913163,2.474295451310421,2.472550575698599,2.4690271421840335,2.462230249319751,2.449737246672668,2.4279034949102125,2.391679243095207,2.334689645349606,2.2497221456064445,2.1296760770673684,1.968854947399464,1.7642619411563012,1.5163503545780375,1.228437808377966,0.9029512757960937
4740.0,2.474836803789948,2.474827883264545,2.474794899714494,2.47471267862401,2.4745220135107218,2.474095644794894,2.4731748988302282,2.4712613969515593,2.4674482571953575,2.460184442652285,2.4469902895964135,2.4241836530416263,2.386725914309367,2.328331864692967,2.2419733544801,2.1208158372713486,1.9594601316295857,1.7551579657864786,1.5084807037428325,1.222698714282537,0.9001200475207849
4800.0,2.4738982672044565,2.473887759031104,2.4738491726783254,2.4737541330765684,2.4735367536831845,2.4730574566322643,2.4720367129427334,2.46994380876547,2.465826733411807,2.4580796205546367,2.444169038105188,2.4203805324633256,2.3816926647792007,2.3219144041523876,2.23420208402889,2.1119808095465986,1.950136168440933,1.7461538124428353,1.5007137977157041,1.217041751075625,0.8973106133001155
4860.0,2.4729589286201903,2.472946604152159,2.4729016497485294,2.4727922111941534,2.4725452363562526,2.4720081439385657,2.4708797705643857,2.4685964782254843,2.464161236450085,2.4559148115954965,2.4412733393292743,2.4164951803351036,2.376581832586579,2.315440562400605,2.226411969245277,2.1031745126388386,1.9408868494295477,1.7372552564165535,1.4930594603215583,1.2114738165028962,0.894460449469876
4920.0,2.472018665759231,2.472004272431615,2.471952109960592,2.471826558094043,2.471546907983126,2.4709469002558673,2.469703002850842,2.467218159411239,2.462450572304768,2.4536892608167866,2.4383033651965125,2.4125291420985486,2.37139655726617,2.3089149308295744,2.2186085389894874,2.0944026281309585,1.9317170288244485,1.728464890250293,1.4855142623853352,1.2059746824286575,0.8916014061007741
4980.0,2.4710773202406635,2.471060580296695,2.471000291538285,2.470856773972494,2.4705411683250693,2.4698728778937027,2.468505318758119,2.465807622743051,2.4606936231050156,2.4514023615013203,2.4352594885770253,2.40848411900799,2.366139826166536,2.3023410889620344,2.210794525251109,2.085665119459233,1.9226222855248254,1.7197737859591031,1.4780674166634626,1.2005467366518892,0.8887709014853452
5040.0,2.470134635472592,2.4701152449367836,2.470045830894373,2.4698823549751863,2.4695273147258634,2.468785137394419,2.467285560392931,2.464363612338715,2.4588892918689633,2.4490535569413407,2.4321421094275655,2.4043617608042247,2.3608145673259444,2.295723041982055,2.2029749329000925,2.076968650991759,1.9136127568135783,1.7111978689283793,1.4707409327689203,1.1952030647309735,0.8858318234193115
5100.0,2.469190351122261,2.4691679787956944,2.469088357174627,2.4689027877131675,2.4685046361625496,2.4676827400328296,2.466042592725825,2.4628849353737157,2.457036609762469,2.4466425254070705,2.4289520521775794,2.4001644814126997,2.355425000980112,2.289066632744472,2.195156474474079,2.0683192989865606,1.9046914340700452,1.7027334997165786,1.4635192431565736,1.1899095882922277,0.8828539367851682
5160.0,2.468244192226685,2.468218478822451,2.4681274820058765,2.467917540161116,2.4674724065298212,2.4665647457222235,2.464775309553569,2.4613704787857786,2.4551347553832725,2.444169152197701,2.425690332166144,2.395894653613076,2.349974628765734,2.282375592440605,2.1873415082774916,2.0597159911538387,1.8958517563637876,1.6943668487579866,1.4563799718711141,1.184646863690093,0.8799372535089032
5220.0,2.4672958607367197,2.4672664182274877,2.4671627919300434,2.4669260552820567,2.4664298796211113,2.465430207791803,2.4634826213880565,2.4598191718531845,2.453182952269929,2.4416332937694083,2.4223576998679084,2.3915538804577703,2.344465320678883,2.2756508027915614,2.1795281544980267,2.051152330745283,1.8870819455331254,1.6860818935169863,1.4493091082957312,1.179429554107925,0.8771243259739475
5280.0,2.466345029891224,2.466311441161478,2.466193844000765,2.4659277480324753,2.465376287398682,2.4642781706016863,2.462163447089936,2.458229962417837,2.451180420780987,2.4390347162293695,2.4189546472539534,2.3871433235767605,2.3388985625503085,2.268893623455159,2.1717175914204145,2.0426303242252857,1.878387307011147,1.6778909892282527,1.4423312007171862,1.1742893562989485,0.8742687940644006
5340.0,2.4653913867709933,2.4653532052048908,2.4652202079721532,2.4649220466200514,2.4643108790742407,2.4631077050312515,2.4608167471354965,2.4566018613028007,2.4491264796965133,2.436373367016031,2.415482063461076,2.3826650409277157,2.3332776833590922,2.2621086510044357,2.1639155863999773,2.034156572335657,1.8697743052714522,1.6697985248954774,1.4354447529548222,1.1692028667314864,0.8713904294017109
5400.0,2.4644345421199314,2.464391291231247,2.4642413763400115,2.463908303181765,2.4632328338521394,2.461917827127321,2.4594414566507057,2.4549339038170905,2.447020548155374,2.433649394273004,2.4119411323606927,2.3781213662377927,2.327605909278271,2.2552992235438944,2.1561242360195405,2.02573016667764,1.8612374105848475,1.6617939652589255,1.4286361492944453,1.1641654162428876,0.8685337782512259
5460.0,2.463474097695815,2.463425271143295,2.4632568333341447,2.4628858651987855,2.4621413361006836,2.460707577445267,2.4580365649441145,2.453225213223709,2.4448621516586377,2.4308630181723547,2.408332973564952,2.3735143043480744,2.3218858246032172,2.248467991494832,2.1483458228353918,2.0173530584443276,1.8527789560328765,1.6538809809896378,1.4219099998258402,1.1591747602911109,0.8656758141218615
5520.0,2.462509685069304,2.462454746328552,2.4622660921242874,2.4618541096527826,2.461035602826229,2.4594760352018934,2.4566011062042867,2.451474957073814,2.442650842537035,2.42801444360636,2.4046586246947923,2.368845684572065,2.3161196586094843,2.2416167495882724,2.1405804032400204,2.0090218941616804,1.8443905309902975,1.6460453910200084,1.4152485795973013,1.154227354869233,0.8629047554610676
5580.0,2.46154073138262,2.461479114022074,2.4612684631261255,2.4608122150699003,2.459914662022276,2.458222106507665,2.4551339618359695,2.4496821659577326,2.440386027809869,2.425103665351159,2.400918754296764,2.364116703045031,2.310308736078512,2.2347464649518716,2.1328284145637557,2.000737269626897,1.8360748314673931,1.6382950399220744,1.4086684112545607,1.1493432062175164,0.8600922937761935
5640.0,2.460566771536186,2.4604978795493757,2.4602633663232027,2.459759473585775,2.4587776634747454,2.4569448321953855,2.4536341643219486,2.4478460391180294,2.4380673050284147,2.422130917329687,2.3971144060948406,2.3593292597730495,2.3044557130707815,2.227860331252126,2.125093284114389,1.992502428089511,1.8278343028970967,1.6306307657982668,1.4021671072977213,1.144508023707796,0.8572594847175441
5700.0,2.4595872993617736,2.459510507641489,2.459250183049068,2.4586951437945093,2.4576237340991747,2.4556432490631783,2.4521007714756418,2.445965842960497,2.4356943941264997,2.419096620842798,2.3932468673200393,2.3544854930822425,2.2985633144849347,2.2209611370131053,2.117377153950973,1.9843181094643272,1.8196676445616773,1.6230486888772677,1.395736948725795,1.1397110715133738,0.8544420221285755
5760.0,2.458601771535876,2.4585164266211037,2.458228261011645,2.45761845720884,2.4564519862350003,2.45431639933466,2.4505328730666323,2.444040902890851,2.433267087375414,2.4160012431831026,2.3893173639605862,2.3495872334638044,2.2926334985952415,2.21405016169866,2.109679605063449,1.9761812451955811,1.8115687152933282,1.6155402504998642,1.3893696787566148,1.1349558216582933,0.8516721652958976
5820.0,2.45760959298896,2.4575150142992133,2.4571969016330995,2.4565286077949993,2.455261509457024,2.4529633231801515,2.4489295793410983,2.442070578662929,2.430785199291078,2.412845216916378,2.385326982223451,2.344636067773134,2.286668038886432,2.207129063516227,2.102002212596705,1.9680940606003767,1.8035419965671078,1.6081143749654263,1.3830807811809576,1.130259553877222,0.8488507460188246
5880.0,2.4566101720212075,2.456505653021919,2.4561554147580438,2.4554248056284718,2.454051421944691,2.45158310680164,2.447290068125966,2.440054323986578,2.428248678756269,2.4096291929931306,2.381277215472347,2.3396343708932736,2.280670135211686,2.2002017523851776,2.094349442057731,1.960061311279441,1.7955919578254205,1.6007740530669696,1.3768687856974104,1.1256044238059881,0.8459918808057906
5940.0,2.4556028476641703,2.4554876570635407,2.455103046177833,2.4543062049746243,2.452820800469553,2.4501748176853275,2.4456135316927052,2.4379916527353096,2.4256575934817017,2.4063540047054426,2.377169774077609,2.334584651381962,2.2746427410024737,2.19327093359402,2.0867226785794744,1.952081603386359,1.7877125981721536,1.5935064028464339,1.370710956408275,1.120964735826268,0.8432010594387379
6000.0,2.4545869424194833,2.4544603256411572,2.454039031445255,2.4531719592112444,2.451568735810835,2.4487375569324565,2.443899214628913,2.4358821335928247,2.423012019623323,2.403020337946923,2.3730058559803973,2.329488188963297,2.2685863496968306,2.1863349929294325,2.079116581680523,1.9441443681989596,1.7798874515412126,1.586290282507815,1.3645877070280679,1.116351094633633,0.8405659853297389
6060.0,2.4535618188498325,2.453423000088681,2.4529626546238013,2.4520212811688755,2.4502943923174305,2.4472705107700152,2.4421464417998258,2.433725368952309,2.4203119427629844,2.3996285520249327,2.36878598933449,2.3243452591963933,2.262500461753054,2.1793923467314498,2.0715288857633505,1.936248286874353,1.7721192220649675,1.5791368090638083,1.3585250778135705,1.1118052972246617,0.8379525735546487
6120.0,2.452526658333576,2.4523748419510105,2.451873024106229,2.4508532141440442,2.4489967708855467,2.4457727041049813,2.440354371040494,2.4315207838125996,2.4175571817501065,2.3961789426830484,2.3645109726597644,2.319157170045848,2.256386980079639,2.172445777605664,2.063963790651799,1.9283996581383176,1.7644168991941338,1.5720581697432785,1.3525380784324663,1.1073251629373182,0.8352554737723447
6180.0,2.4514807395751954,2.451315111446374,2.4507693511646207,2.449666912119223,2.447674996011417,2.4442433069099074,2.438522343270863,2.429268057266199,2.4147479410757673,2.392672417821483,2.360182560558183,2.3139266197100086,2.2502495969098524,2.165499963109306,2.0564268205943295,1.9206044135776277,1.7567858237171676,1.5650570584777839,1.3466204709609408,1.1028766672520873,0.8325279970497811
6240.0,2.4504233008347063,2.450243030043661,2.449650813756284,2.4484615064013835,2.446328187700926,2.442681513509881,2.436649766390384,2.426966992066231,2.4118846090955994,2.389110094415205,2.3558026107404526,2.3086559790129315,2.2440905991964044,2.158556013246551,2.0489162676990667,1.912856015005928,1.7492128394839999,1.5581130060907702,1.340746003255147,1.0984516919959353,0.8298959141272404
6300.0,2.449353538717566,2.4491577806141676,2.448516560733576,2.4472361158827876,2.4449554772739,2.4410865566321225,2.434736105562179,2.4246174332943213,2.4089675228142027,2.385492804182979,2.351372270211021,2.303346322563174,2.2379104798932254,2.1516134685013206,2.0414309249762073,1.9051537787170114,1.741700330363684,1.5512347356456442,1.334933242273812,1.0940777947087563,0.8272513595758416
6360.0,2.448270567762063,2.4480584662125326,2.4473656677590614,2.4459897962262684,2.443555943417824,2.43945762252041,2.4327807748224677,2.422219157522039,2.405996936096868,2.381821337000644,2.3468928503005655,2.297999416279807,2.2317114002977925,2.1446749003245107,2.033973875195471,1.8975013912158496,1.734252465621062,1.5444263897101163,1.3291851598097202,1.0897484574257075,0.824552600183436
6420.0,2.4471735716604774,2.446944261347569,2.446197288888955,2.444721693230524,2.4421287718340676,2.4377940275662957,2.4307833511178067,2.419772154148535,2.402973394722531,2.3780968945817724,2.3423662333334967,2.292617762651936,2.2254963581427485,2.137743665373985,2.0265487598196232,1.8899028269116338,1.7268736973837442,1.5376928548850965,1.3235052529130844,1.0854555169510345,0.8217862514676392
6480.0,2.446061721748599,2.4458143309802147,2.4450105772078334,2.443430966728685,2.4406731845540572,2.4360951550003285,2.4287435178798544,2.4172765686646964,2.399897660281146,2.374320962015159,2.337794651957517,2.2872042594643376,2.219268724741735,2.1308233236023986,2.0191589734944095,1.8823609069894849,1.719565773509698,1.5310339314336234,1.3178891252438043,1.0811894961532718,0.8189672797525527
6540.0,2.4449341760133128,2.4446678298202045,2.443804684959019,2.442116791798627,2.439188441720389,2.4343604549966082,2.4266610576475283,2.414732675438904,2.3967706399200472,2.370495155289744,2.3331803952820307,2.281761687111384,2.2130314325010083,2.123916474577317,2.01180616806859,1.8748755567820294,1.7123257511700385,1.5244417384844935,1.3123203678538842,1.0769268182352916,0.8161856339150539
6600.0,2.4437900729891475,2.443503895949444,2.4425787561383356,2.440778348592943,2.4376738249495498,2.4325894142604483,2.4245357943373573,2.412140768715962,2.393593184983253,2.3666208581531953,2.3285251673575575,2.2762915956437624,2.206785086219857,2.117021667322158,2.0044855114698814,1.8674373064390017,1.7051388564096794,1.5178970547596926,1.3067813287972434,1.072683621940226,0.8135091065386139
6660.0,2.4426285464978372,2.442321666330849,2.441331944059468,2.43941484193919,2.4361286561408004,2.4307815660353733,2.422367578432844,2.4095010981183322,2.3903659512685467,2.3626990136882156,2.323829933584551,2.2707946187200823,2.2005297272797146,2.110138510839108,1.9971971675532931,1.8600489745751276,1.6980136376148793,1.5114177079435083,1.301303209027747,1.0684922224976041,0.8107678574979656
6720.0,2.441448780204052,2.441120329432629,2.4400634579324003,2.4380255373176825,2.4345523193869067,2.428936501022189,2.420156309435944,2.4068139687314596,2.3870897214946236,2.3587309246615122,2.319096552311028,2.265273248223373,2.194268646431604,2.1032713220831667,1.9899465923552115,1.8527167928723607,1.6909558582209565,1.5050068358836528,1.2958826612778567,1.0643294766697196,0.8079891343659125
6780.0,2.4402498609316305,2.439898978977076,2.4387724184369457,2.4366096226065843,2.432944138636173,2.427053778200001,2.4179019025258555,2.404079777421241,2.3837654774128705,2.354718205692716,2.3143272260302368,2.2597300932751008,2.1880044924557316,2.0964221868103428,1.9827344399732123,1.8454388855843384,1.683959977054636,1.4986543693725187,1.290504251088957,1.0601797562736759,0.8052362620992147
6840.0,2.439030935516466,2.438656772030595,2.437458019492495,2.435166375168861,2.4313035486936507,2.425133090063727,2.415604420940605,2.401299056161445,2.380394261349305,2.35066234571225,2.309523676325425,2.2541667214252343,2.1817381421827937,2.0895906955616645,1.975558536198792,1.838211220906465,1.6770207503218924,1.4923556017940012,1.2851676045648825,1.0560585067033537,0.8025024702929098
6900.0,2.4377911962760863,2.4373929141023747,2.436119511890069,2.433695140903597,2.429630063366023,2.423174209932726,2.4132639916297145,2.3984723542269455,2.376977054711861,2.346564683669758,2.30468744303588,2.2485846851292,2.1754710469412926,2.0827782974233426,1.968420738302878,1.8310367306418003,1.6701427702254794,1.48611663016898,1.2798784244384227,1.0519604928446191,0.7997709312556986
6960.0,2.436529799780074,2.436106576118297,2.4347561148217887,2.4321952370988438,2.427923168382227,2.4211768793175277,2.410880703032213,2.3956001801121407,2.373514814488972,2.3424265819523304,2.2998201533793003,2.242985605946767,2.1692043677391046,2.0759849673704287,1.961318750076577,1.8239094190594045,1.6633148950718497,1.47992058831479,1.274616480399404,1.0478805339563628,0.797136850214685
7020.0,2.435245874342882,2.434796903480021,2.4333670297411127,2.4306659747942576,2.4261823555738755,2.4191408535273995,2.40845464995251,2.3926830071517338,2.370008356183391,2.3382490505151448,2.294922738286485,2.2373699715345046,2.1629378096963983,2.0692095295642954,1.9542509529039789,1.816828485884293,1.6565393471102596,1.4737757513851237,1.2693999787249926,1.0438433113598402,0.7944882285183802
7080.0,2.433938623563412,2.433463118245505,2.4319515382239776,2.4291067481600943,2.4244071984968554,2.417065959546165,2.4059859790700644,2.3897213401392676,2.366458536507878,2.334033245700022,2.2899965797824113,2.231739345061487,2.156673161740231,2.0624541635535105,1.9472201648705258,1.8097976108323217,1.6498207783217307,1.4676878355445462,1.2642350347300157,1.0398445805580734,0.7917973350390184
7140.0,2.432607313932019,2.4321045071142646,2.4305089915117764,2.4275170292344583,2.422597360771368,2.4149521339723026,2.40347498133741,2.3867158909225945,2.362866526076754,2.3297807996767146,2.2850437452877372,2.226096192395123,2.1504132652387304,2.0557220938072645,1.940230025124725,1.802820864352141,1.6431636120531354,1.4616611073218033,1.259122815995284,1.0358726776977627,0.7890741106574375
7200.0,2.4312510828612965,2.4307202301133413,2.429038621294044,2.4258961826767784,2.4207524166317493,2.4127992492644474,2.400921917822703,2.3836673850890975,2.3592335569662595,2.325493439067504,2.2800663702669173,2.2204428756040033,2.1441603994668355,2.0490150431189234,1.9332810407942405,1.7958967422024739,1.6365635608440845,1.4556878267550706,1.2540513930472108,1.0319178337258752,0.7863467617959309
7260.0,2.4298691548840026,2.429309537238156,2.427539757521279,2.4242436841088586,2.4188720660827907,2.410607315846004,2.398327188117093,2.3805766598928706,2.355560894345731,2.3211727626303027,2.275066193734843,2.214780992427071,2.1379157013407277,2.0423334292691564,1.9263728568594591,1.7890244145835508,1.6300199927442711,1.4497682733006534,1.2490223015022772,1.0279821015664672,0.7836009569828123
7320.0,2.428460872394207,2.427871796950742,2.4260118498453074,2.4225591280889534,2.4169561209953248,2.4083764369178757,2.395691247696541,2.377444550998652,2.351849729204611,2.3168202274040515,2.2700447895713163,2.2091120497035646,2.1316804368851536,2.035678171965247,1.9195060749503585,1.7822043926264746,1.6235337926071487,1.443904407456869,1.2440398493442337,1.0240753060903145,0.7808234190563236
7380.0,2.427025590010736,2.4264063912463425,2.4244543649544097,2.4208421304646017,2.4150044176814816,2.4061067409197014,2.3930145767983753,2.3742719230785143,2.3481013048606565,2.3124374121473097,2.265004013682291,2.2034381557726817,2.1254570460410824,2.0290522958111468,1.9126847522913726,1.7754422936388037,1.6171123685496014,1.4381046273612088,1.2391100998535256,1.0201879637047564,0.7779953734213824
7440.0,2.425562603818512,2.424912644579222,2.4228667147604144,2.419092256793533,2.41301674909301,2.4037983250922497,2.390297648012157,2.3710596776845194,2.344316976105426,2.3080261079031104,2.259946018209335,2.1977616575064856,2.1192477512286843,2.0224573371321757,1.9059088503083752,1.7687352851976192,1.6107487320533243,1.4323567499632552,1.234216140926256,1.0163120586705485,0.775182988467883
7500.0,2.4240712552626325,2.4233899296106927,2.421248367647937,2.417309142001187,2.4109929930058254,2.4014513846409296,2.387541032200121,2.3678087820720015,2.3404980656359697,2.303587870068776,2.254872382823604,2.1920838942349343,2.113053411417141,2.015893596030548,1.899178351848565,1.7620836700490263,1.604444353927524,1.4266639269038448,1.2293625633444443,1.0124490515424094,0.772358247108963
7560.0,2.422550944751193,2.421837678166502,2.4195988512126405,2.415492477489236,2.408933074118204,2.3990661405735483,2.384745289872308,2.36452014331603,2.3366457827790836,2.299124103979866,2.249784534803052,2.1864060654730357,2.106874651094029,2.0093606319003987,1.8924910602115157,1.7554825830486906,1.5981907034213045,1.421013451809832,1.2245343916338052,1.0085967939799672,0.7695940391660453
7620.0,2.4210010393052315,2.420255289626773,2.4179176628907473,2.4136419260589803,2.406836885801927,2.3966427700688464,2.3819109070529647,2.3611945325042094,2.3327610908524954,2.2946357917616376,2.244683230686549,2.180728433833185,2.100711047129738,2.002857378885651,1.8858457335496084,1.7489316410342826,1.591989869240244,1.4154120500120997,1.2197460809614498,1.0047741238205006,0.7667929649137163
7680.0,2.4194210660417688,2.4186423228467646,2.416204457144349,2.4117573010906392,2.40470445887385,2.3941815665574993,2.3790384603889945,2.357832795973644,2.328845056986702,2.29012415093791,2.2395697784490824,2.17505239232534,2.0945641637673282,1.9963857487580072,1.8792448235314314,1.7424338901448333,1.5858452562547574,1.4098629804694784,1.214999287541717,1.000972152467035,0.7639681719634658
7740.0,2.417810519703658,2.4169983042127443,2.4144588555358646,2.4098383829598116,2.4025357933480262,2.3916828017104477,2.3761285282840663,2.3544358289560083,2.3248988729070454,2.285590617213197,2.2344457731295524,2.169379574870311,2.0884355021419183,1.9899468524282944,1.8726886529100548,1.735988270134246,1.5797536200713995,1.4043597919527377,1.210282684273153,0.9971776237661822,0.7611812366489823
7800.0,2.416168796628197,2.4153226624943454,2.412680384128946,2.407884859623304,2.4003307997900225,2.3891466578479563,2.373181590423243,2.3510043950810178,2.3209235159848194,2.281036236084254,2.2293120894794516,2.1637103396582607,2.0823244495984037,1.9835385712500266,1.866173069195532,1.7295882737666544,1.5737063517161467,1.3988931693696627,1.2055903923034785,0.9934023847187518,0.7584279653213104
7860.0,2.414495464279631,2.4136149978630046,2.4108687406634863,2.405896588013532,2.398089546790587,2.386573447990753,2.3701982028468955,2.3475392424932453,2.3169198161977524,2.276461755145512,2.2241692075092634,2.1580447643640097,2.0762307079711815,1.9771605464866089,1.8596983420203135,1.723235805484344,1.5677080023309742,1.3934707330256457,1.2009318885476343,0.9896451228119679,0.7556780899452548
7920.0,2.4127901035910453,2.411874921131513,2.409023624723442,2.4038734108947186,2.395812064962667,2.383963417969025,2.3671788283997905,2.344041020992603,2.312888546323059,2.2718679732855276,2.219017818851063,2.1523832400459257,2.070154054563544,1.9708114115810458,1.8532611237695698,1.7169244266202235,1.5617480142931046,1.3880777535309716,1.1962910351706717,0.985906265635694,0.7530219344227611
7980.0,2.4110522712617994,2.4101020194458314,2.407144713553701,2.401815150070336,2.3934983636288476,2.3813167863193403,2.364123882433602,2.3405102824500195,2.308830276329513,2.2672553036729735,2.213857975501971,2.1467252944249333,2.0640935033311933,1.9644900481905583,1.8468611457926825,1.710656474522946,1.555833844988166,1.3827297909154863,1.1916942593032434,0.9822122732110291,0.7503124573216189
8040.0,2.4092815596514945,2.4082959137658864,2.405231712463344,2.399721644985858,2.3911484548912174,2.3786337591243556,2.3610337653317335,2.336947603778063,2.304745738593174,2.2626246391159834,2.208690800890928,2.1410724490364603,2.058051233013096,1.9581995629221836,1.8405025490209297,1.7044368211318794,1.5499701646797273,1.3774295698770291,1.1871380613513713,0.9785389913990322,0.7475745926751838
8100.0,2.407477644858225,2.406456309515092,2.403284413725702,2.3975928294449154,2.388762463051138,2.375914691132543,2.357909089950935,2.3333538683471557,2.3006360803020005,2.2579773565924897,2.2035178225770156,2.1354262266022537,2.0520284906360264,1.9519405159926504,1.8341846925381675,1.698263173767892,1.5441529738329336,1.3721719843076436,1.1826172411076108,0.9748898753869092,0.7448518921945299
8160.0,2.4056401225284936,2.4045828341039774,2.4013025387738756,2.395428577711133,2.3863404662177055,2.3731599010789157,2.3547504300096427,2.3297298885289703,2.296502300506621,2.2533145580774874,2.198340150016366,2.129787680299881,2.04602630840515,1.9457141284971806,1.8279094090020036,1.6921385232346002,1.538386706215241,1.3669619686078902,1.1781335184597947,0.9712535728080344,0.7421199523830907
8220.0,2.403768560136022,2.402675085363113,2.3992857752564647,2.3932287223733484,2.383882488513218,2.370369637200856,2.35155827020993,2.3260763711352395,2.292345279350696,2.2486372004242487,2.1931586439700688,2.124157270682394,2.0400442238604444,1.9395181732432756,1.8216714993844063,1.686053252219429,1.5326560664512932,1.3617783335364488,1.1736631107240147,0.9676267534585696,0.7394775545438262
8280.0,2.4018627648183672,2.4007329016057737,2.3972340532243277,2.390993338513544,2.3813887887388323,2.3675443552443123,2.3483332366533527,2.3223940300865706,2.2881656671555484,2.2439456506921385,2.1879731320972335,2.118534079790054,2.034080578918859,1.933350704164157,1.8154698785923105,1.6800090980177669,1.5269681338319465,1.3566358933359206,1.1692303316494834,0.9640339964951576,0.736823914992211
8340.0,2.3999224580130676,2.3987560312379475,2.3951471999455975,2.3887223749095847,2.3788594641414633,2.3646843059655516,2.345075713521088,2.3186833415140735,2.283963983326571,2.239240440182527,2.1827841703029986,2.112918755553824,2.0281362049216107,1.927212761446708,1.809305619353154,1.674006676086726,1.5213223382931313,1.3515324787624403,1.1648320779693675,0.9604728149708658,0.7341618022061593
8400.0,2.3979474007615615,2.3967442628977946,2.393025084877267,2.38641582844938,2.376294674420124,2.3617898316958614,2.3417862270379075,2.3149449981532224,2.2797410559658866,2.2345225001302023,2.177592784320112,2.107312475432853,2.0222126175245823,1.921106590627947,1.803182344425339,1.6680518324391302,1.5157275169593485,1.3464799147059774,1.160479968115738,0.9569355066242903,0.73143618405656
8460.0,2.3959373368692347,2.39469736812782,2.3908675609533567,2.384073682381226,2.373694574225258,2.3588612896017187,2.338465357710875,2.311179816414968,2.275497944641919,2.22979313370457,2.1724004977652633,2.1017168894560676,2.016311337323696,1.9150330330707768,1.7970992357224136,1.6621406263725198,1.5101748119990581,1.3414626062833268,1.156150162786202,0.9534023841109333,0.7287658385491738
8520.0,2.3938919954292723,2.392615105825127,2.3886744745259962,2.381695922730233,2.371059330885879,2.3558990522317855,2.335113679606963,2.307388527418353,2.2712354364981078,2.2250530113534475,2.167207613819779,2.0961316226135693,2.0104309994483347,1.908989535443091,1.7910526212640963,1.6562687417652138,1.504660123352948,1.3364776037500632,1.1518423361526569,0.9498813612798046,0.7261357444539147
8580.0,2.3918112139056897,2.3904973404033427,2.386445768552943,2.3792826131030775,2.368389154008253,2.3529034752023166,2.3317316602892673,2.3035716357189475,2.2669539551333613,2.220302319983868,2.162013902660775,2.090555843853582,2.004570004414334,1.9029736001740256,1.7850390365428999,1.6504317841736411,1.4991783833584154,1.3315200651262424,1.147555182981171,0.9463842679914853,0.7235533751783269
8640.0,2.3896949483659053,2.388344052032828,2.3841814929969796,2.37683390806692,2.3656843193562107,2.3498749463316533,2.328319758799856,2.2997295974933714,2.2626538535103298,2.2155412037535296,2.1568192299022386,2.08498917221098,1.99872794772294,1.8969853112234236,1.7790599224693933,1.6446337476108162,1.4937374841183608,1.3266030481103663,1.1433075109403084,0.942924082091093,0.7209447447055313
8700.0,2.3875430323880846,2.386155096123546,2.3818815663808075,2.374349821897121,2.3629449564448546,2.3468137145227552,2.324878334454364,2.295862869120983,2.2583356835059454,2.210770341454707,2.151624484271871,2.0794328433773335,1.992906572077761,1.891027023530668,1.7731181747578013,1.6388776930917301,1.4883399407847637,1.3217275968713285,1.1390969968870195,0.939489395671732,0.718308945706355
8760.0,2.3853552808455714,2.383930311676303,2.379545897877702,2.3718303747993623,2.3601712291485715,2.343720109958339,2.3214078959949345,2.291972140544567,2.2540003102917336,2.2059907586135683,2.146430825130338,2.073888107666095,1.98710715566549,1.8850999608723582,1.767214869143824,1.6331644568130355,1.482986260054588,1.3168935815761849,1.134921117065884,0.9360702456233375,0.7156496830963568
8820.0,2.383131521538137,2.3816695522708695,2.377174416227314,2.369275614676123,2.3573633393198636,2.340594510324522,2.317909002454833,2.2880581381151113,2.2496485908945125,2.2012033800664073,2.141239150726174,2.068355702359425,1.981330087757253,1.8792039087005532,1.761348849010958,1.6274915199796565,1.4776720605500757,1.3120940349671129,1.1307692770455242,0.9326577169866049,0.7130042127945376
8880.0,2.380871730801529,2.379372819600055,2.3747671969831243,2.3666857320679924,2.3545216208259587,2.337437402198953,2.314382276763419,2.2841215719559536,2.2452812341312227,2.1964087809526873,2.13604972640518,2.0628353720213495,1.9755743692777499,1.8733369324184115,1.7555171497820126,1.6218549743396098,1.4723928158618154,1.3073243936730818,1.126638537290139,0.9292579973278857,0.7104044542440044
8940.0,2.3785759524331174,2.3770401803742023,2.372324373201385,2.3640609598601694,2.3516464233312524,2.334249245668409,2.3108282540325598,2.280162985001589,2.2408986948258467,2.191607215856897,2.1308625038846682,2.0573267136544784,1.969839297358585,1.867498254584463,1.7497193713905075,1.6162554958557829,1.4671511750527868,1.3025903788917332,1.1225397533873591,0.9258890818741865,0.7077968724475965
9000.0,2.376244111717749,2.374671579906514,2.369845947967991,2.361401387347191,2.348737936476506,2.331030327334557,2.3072472972898495,2.27618278509609,2.236501396548738,2.1867991189379206,2.1256779730258533,2.0518303909125355,1.9641259037723273,1.8616895051575222,1.743957891599105,1.6106960530824979,1.4619498922796454,1.2978927024366282,1.1184677355747474,0.9225270376733837,0.7051985272773894
9060.0,2.37387620016467,2.372267028993181,2.3673319877146195,2.358707166467334,2.3457964175276804,2.327781017113993,2.3036398822113378,2.2721815299344215,2.23208993100763,2.1819850249629753,2.120496439748399,2.0463461648536474,1.9584328602490022,1.8559074123496713,1.7382263075889042,1.6051657160609971,1.4567723056307356,1.2932087709513154,1.1143969609612865,0.9191696734532334,0.7027620459446763
9120.0,2.3714722624852356,2.3698265928030335,2.364782615960363,2.355978506150903,2.3428221687635236,2.324501689326931,2.3000063925885095,2.2681594961654934,2.2276642874316144,2.177164393986755,2.115316560517926,2.0408716567446783,1.9527567053180666,1.8501477809865687,1.7325206943003546,1.5996627260723493,1.4516217535329619,1.2885511989708256,1.1103563053734187,0.9158651587879431,0.700325686999288
9180.0,2.369032272812193,2.3673502598561265,2.3621978616751744,2.3532154890626744,2.339815320521207,2.321192493157037,2.296346947933249,2.264116719958371,2.2232243909306733,2.1723370890423106,2.1101383292285476,2.035407397480985,1.9470991670897824,1.8444144166296066,1.7268478719594218,1.5941975854140498,1.4465123778759148,1.2839365957184525,1.1063600573592258,0.9125933268364693,0.6977907724546745
9240.0,2.366556242452128,2.364838055934288,2.359577792157054,2.35041824684002,2.336776087099444,2.3178537431986648,2.2926619882428416,2.2600538100956795,2.2187710887154948,2.1675042864931298,2.104963330357627,2.029955372142843,1.9414624165035788,1.8387091079295153,1.7212082170939422,1.5887678191276413,1.4414373732792076,1.2793527969135938,1.1023890250575363,0.9093329870015916,0.695271853826825
9300.0,2.364044310589592,2.3622901416966506,2.356922629928738,2.347587100402568,2.333704917131445,2.3144860342210816,2.288952256800132,2.255971637408449,2.2143053261944723,2.162666915403729,2.099792353511037,2.024516106278826,1.9358466567036625,1.833031847768241,1.715601908280498,1.5833745244577453,1.4363996510838946,1.274804743089528,1.098448238505491,0.9060874157334676,0.6927665653829811
9360.0,2.3614964599662924,2.3597065194707874,2.354232433913426,2.3447221955523068,2.3306020628156388,2.3110897301691753,2.285218218335947,2.2518707395064426,2.2098276690905205,2.157825505818101,2.0946257997486923,2.019089722063206,1.9302514752205113,1.8273812640429192,1.7100259787608199,1.5780123439930824,1.431390692677424,1.270280368415965,1.0945238655179836,0.9028563111475619,0.6903097316948036
9420.0,2.3589128327899354,2.3570873498248592,2.351507417551846,2.3418238242987504,2.3274679058556913,2.307665292868994,2.2814603786004604,2.2477515987153547,2.205338477519553,2.152980174776987,2.0894634274335733,2.0136755638417116,1.92467589567958,1.8217564151170424,1.704480240738985,1.5726829280927568,1.4264151920813504,1.2657882339172908,1.0906283577209934,0.8996462693947058,0.687837844102273
9480.0,2.3562936126120517,2.354432830076629,2.348747817518682,2.338892279614859,2.32430279977597,2.304213125954745,2.2776791676504313,2.2436146403140858,2.2008381425484806,2.1481312604258354,2.08430551412046,2.008273831350061,1.9191199599433095,1.8161569544717957,1.6989634759911019,1.5673833801746357,1.4214674918304036,1.2613189021333837,1.0867483685849444,0.8964481285092477,0.6854343657526561
9540.0,2.3536389097320334,2.3517430841969333,2.345953796537852,2.335927780284414,2.3211070242713916,2.300733558209312,2.273874931031248,2.239460170260335,2.196326847336109,2.1432787127121586,2.07915164550701,2.002883615489988,1.9135821791343257,1.810580848851588,1.693473358771413,1.5621116343769008,1.4165466691903335,1.25687384324434,1.0828899255711535,0.8932748489360348,0.6830582965589
9600.0,2.350948937603789,2.349018336949045,2.3431256109579497,2.332930625563623,2.3178809191033887,2.2972269505914875,2.2700480143912287,2.2352884692414436,2.1918047546485835,2.1384225365880067,2.0740016641280192,1.9975046523808198,1.9080623234387806,1.805028145071251,1.6880105660920053,1.556869470871806,1.411656256480073,1.2524594034129053,1.0790637915433419,0.8901380674224046,0.6806667625635953
9660.0,2.3482238514025338,2.3462587543139404,2.340263457178111,2.329901055495757,2.3146247722887097,2.293693634733824,2.2661987841282785,2.231099934499608,2.1872723091095256,2.13356328262399,2.068856352699709,1.9921381747202804,1.902562395456947,1.7995020125859749,1.682579813225683,1.5516633058777707,1.406803955283004,1.2480829704548355,1.075272067691986,0.8870175744983138,0.678248162843412
9720.0,2.3454636150537485,2.343464313391207,2.337367350079725,2.3268391450800343,2.3113387384512682,2.2901338628231365,2.2623276084762245,2.226895069820757,2.182730164422728,2.128701743193033,2.063716561708794,1.9867848686574812,1.8970824570967066,1.7940011025430642,1.6771772100027609,1.5464853954154798,1.4019771322414443,1.2437269718897273,1.0714943975814657,0.8839084185786168,0.6758688715619476
9780.0,2.3426685676746075,2.340635369974616,2.334437692996632,2.323745369235947,2.3080233758836908,2.286548269493116,2.2584351649066794,2.222674528257006,2.178178845763749,2.1238381874686643,2.0585821913529427,1.9814442522882474,1.8916218706940071,1.7885252698476122,1.6718043467952644,1.5413409556804583,1.3971869197113014,1.2394103990895198,1.06775785639577,0.880831241766261,0.6734167981989473
9840.0,2.3398390110773253,2.3377722373270844,2.3314748322120753,2.320620122514503,2.3046791346115074,2.282937360941514,2.2545220168926194,2.21843894574686,2.1736191105408778,2.1189735977040427,2.0534546157005953,1.9761183000706042,1.8861833839183841,1.783078021207584,1.6664650655783615,1.5362330721391404,1.3924336499185674,1.235127697249993,1.0640459774842828,0.8777561724435069,0.670984882918931
9900.0,2.336975028333074,2.3348750133377703,2.328478908588475,2.317463614607599,2.301306315316732,2.279301546098504,2.250588691267932,2.214188962148042,2.1690516773648443,2.1141086814905132,2.0483343483043983,1.9708070121036345,1.8807659955102227,1.7776567046898688,1.6611543349556104,1.53115371045233,1.3877060433652193,1.2308648237221524,1.060344741286058,0.8746863182864867,0.6686016812412883
9960.0,2.3340770169146134,2.331944109515061,2.325450373432359,2.3142763536564885,2.2979054850119756,2.2756414306103596,2.2466357821128313,2.2099250733740807,2.164476819491993,2.109243336741662,2.0432207598978187,1.965509136684016,1.8753678758574381,1.7722591933548588,1.655870316755144,1.526102181577053,1.3830054738117143,1.2266258771172933,1.0566617831615674,0.8716304213871814,0.6662557759617683
10020.0,2.3311452597030433,2.3289798146749634,2.322389531918554,2.311058662324697,2.294476971515845,2.2719573192319795,2.242663527820552,2.2056473978775584,2.159894479857927,2.104377282182508,2.0381133066019217,1.960223828623549,1.869987807097597,1.766883738159179,1.6506104232081997,1.521074572147025,1.378326136685836,1.222403041661834,1.0529892471218196,0.8685911685639959,0.6639796991783035
10080.0,2.328180068186308,2.3259824443912676,2.3192967100619977,2.3078108753798547,2.2910211043578035,2.268249506755247,2.2386721417986215,2.2013560044606977,2.155304506904131,2.099510067653389,2.033011179402414,1.9549499147201495,1.8646243603175086,1.761528957512148,1.6453739078900296,1.5160717211001022,1.3736718471512104,1.2182051793393163,1.0493440424258607,0.8655882090741603,0.6616972363721776
10140.0,2.325181720011076,2.3229522786549768,2.3161721931933656,2.304533280334475,2.2875381619122424,2.264518244098018,2.234661828087697,2.197051041885044,2.150707015880818,2.0946418520312027,2.0279147401886313,1.9496882204138237,1.8592791806285098,1.7561977144190066,1.640165164880422,1.5110995712171615,1.3690495675490437,1.2140388905868413,1.045728448765562,0.862605424860425,0.6594047031205178
10200.0,2.322150263987019,2.3198893721211373,2.313016052012332,2.3012259733725053,2.2840282749088514,2.2607637075307006,2.2306328244994607,2.1927328318432515,2.1461024360803367,2.089773179672001,2.022824602733007,1.9444392711720213,1.85395236148921,1.75088907753602,1.6349813983929096,1.5061525366959403,1.3644503395199552,1.2098922231412779,1.0421294356613608,0.8596402919664663,0.6571435409947877
10260.0,2.3190859387284717,2.316793973517304,2.3098285633094964,2.2978892725538778,2.2804918073145726,2.2569862988064693,2.2265855452666683,2.188401755242449,2.1414910502129314,2.0849041641792296,2.017740669041449,1.9392028090017113,1.8486437299322172,1.7456035145263378,1.6298246734263748,1.5012356225554069,1.359883582082208,1.2057798794207617,1.0385655437416967,0.8567001637609682,0.6548104761907224
10320.0,2.315989069290829,2.3136664144020522,2.3066100772095908,2.294523555109605,2.276929168087013,2.25318646140013,2.22252047487546,2.1840583565722262,2.1368735039466253,2.0800356203516746,2.012664006894714,1.933980214707114,1.8433549368167048,1.7403426850829595,1.6246960607430556,1.4963483245653137,1.3553459257784075,1.2016941672621198,1.035022843156727,0.8537679755912411,0.6525015908596069
10380.0,2.312859918841792,2.310506968046349,2.303360895920833,2.2911291685631356,2.2733407621739814,2.249364663588866,2.2184381418617933,2.1797032083687093,2.1322503788184926,2.0751680799283565,2.007595015470602,1.9287716594991209,1.8380858461484484,1.7351061288207985,1.6195948672527742,1.4914899159425672,1.3508367469329305,1.197634122956889,1.0314987708787708,0.8508420426233937,0.6502139728656696
10440.0,2.309698739975036,2.3073158949813393,2.3000813024628286,2.287706427910141,2.269726938046319,2.245521278049098,2.2143389204561896,2.175336647431713,2.127621914396104,2.0703015965390112,2.00253343060237,1.923576364801687,1.8328348791043045,1.7298910811731008,1.6145166958434678,1.486653992750764,1.3463476073606804,1.193590179327271,1.0279865238226216,0.8479321402866774,0.647967953720151
10500.0,2.3065060429462623,2.3040937101655397,2.2967718245202415,2.2842558735661305,2.2660882363414374,2.2416568165736797,2.2102232459164313,2.170958968598651,2.122988196355552,2.0654359999642793,1.9974788517552995,1.9183938774283258,1.8276019663883338,1.7246986648782663,1.6094651068225798,1.481848159869743,1.3418918005056806,1.1895824706122116,1.0245126823251187,0.8450545069136778,0.6456390223366126
10560.0,2.3032822149250745,2.300840802398941,2.2934328554573646,2.280777904278836,2.2624250612945,2.2377716934921374,2.2060915618303945,2.166570692941881,2.1183499162689388,2.0605722993627404,1.992432796655804,1.9132264118469022,1.8223901053324632,1.7195324866322297,1.604443682583541,1.477074686003224,1.3374682410859324,1.185603791767217,1.0210594765694507,0.8421763714328797,0.6433324169100664
10620.0,2.3000275035031983,2.2975574288584024,2.290064679711202,2.277272850161497,2.2587378072946196,2.233866385132856,2.2019444392324776,2.1621724846039068,2.113707797617502,2.0557111838803714,1.9873957306470722,1.9080738876174084,1.8171981915373274,1.714389791425049,1.5994472983594856,1.472325376719103,1.3330651327212248,1.1816384859935782,1.017608546831029,0.8392951483879608,0.6411287298120497
10680.0,2.296742285074136,2.2942439727058854,2.2866676987404633,2.2737411346178,2.2550269094464404,2.229941306482246,2.1977822104119653,2.157764489904835,2.109061648256442,2.050851918050705,1.9823661258875058,1.902933717947957,1.81202234723405,1.7092652943110014,1.594469369672296,1.4675928039255026,1.3286751472117175,1.177681155687216,1.0141616100807052,0.8364334286728295,0.6390286038486097
10740.0,2.2934269877366713,2.29090085681959,2.283242318953841,2.2701831252526725,2.251292657981416,2.2259966116399172,2.1936048141183417,2.153346338637843,2.1044106967256853,2.0459932667905845,1.9773422947665016,1.8978039043391906,1.806860598291307,1.7041576268498868,1.589509976157767,1.4628795481578332,1.3243045451267983,1.1737432527226312,1.010737860213066,0.8336119109764064,0.6369356968930112
10800.0,2.2900817274571845,2.2875281874789573,2.2797886174054955,2.266598846421951,2.247534997515436,2.2220321388961284,2.1894119650850534,2.148917628173015,2.099754470490702,2.0411347940783755,1.972324013729517,1.8926846749508237,1.8017138932990064,1.6990686865457543,1.584572048055324,1.4581894021940587,1.3199575509208585,1.1698289380781248,1.0073395188907266,0.8308153104405535,0.6348076699897874
10860.0,2.2867066268853167,2.284126085292266,2.2763067073595216,2.262988400409029,2.243754018698778,2.2180479726191082,2.1852037562085385,2.1444784863906117,2.095093168828405,2.0362768083817113,1.9673117217951441,1.8875765770844888,1.7965827891880644,1.693998836301983,1.5796554409039383,1.4535213514480598,1.3156320433130608,1.1659349290400867,1.0039608300136544,0.8280337083968831,0.6326905469504783
10920.0,2.2833018640712184,2.280694731543278,2.2727967779799845,2.2593519880932678,2.239949935906645,2.214044339303988,2.180980420075924,2.140029139256059,2.0904269895529803,2.031419448245063,1.9623054608795483,1.8824795237905663,1.791467066575889,1.6889477888721591,1.5747599925982951,1.448875768214933,1.3113296298830357,1.1620648468240844,1.0006076320547161,0.8252766433068977,0.6305665501570401
10980.0,2.2798676943417653,2.277234384225143,2.269259094338346,2.255689883970182,2.2361230327327637,2.2100215291929346,2.176742251486137,2.1355698895895006,2.085756261209447,2.026563112426839,1.9573057869640613,1.877394374142057,1.7863681041663841,1.6839177301370054,1.5698890372367171,1.4442574824575949,1.3070568493973698,1.158226585166493,0.9972872354233571,0.8225427430303045,0.628403754323276
11040.0,2.276404353735103,2.2737452842845647,2.2656939117372423,2.2520023681789683,2.2322736270697083,2.2059799159332343,2.172489706596042,2.131101315390155,2.081081737628408,2.021708796406174,1.952314002735227,1.8723227771417366,1.7812878660820193,1.6789107771255605,1.5650444809193824,1.4396675448631535,1.3028128346883614,1.1544155233029545,0.9939880139464095,0.8198128829477841,0.6262602165685198
11100.0,2.2729120036066344,2.2702276020913543,2.2621014266067965,2.2482896800721432,2.2284020168360237,2.2019198683436816,2.168223229716427,2.1266239249983405,2.0764039498978466,2.0168569628171205,1.9473303358629328,1.8672644577408233,1.7762251896660326,1.6739243897052452,1.5602218736464448,1.4350991421909711,1.2985881788548048,1.1506198281874167,0.9906977577709121,0.817089263561149,0.6241656339244492
11160.0,2.2693911132221194,2.266681811453296,2.258482125375528,2.244552319833113,2.22450870561701,2.197841866083817,2.163943226868637,2.1221379750716145,2.071722904948963,2.012007255188199,1.9423539669114007,1.8622180973471163,1.771178357556623,1.66895677921597,1.5554199933946136,1.4305525886876944,1.2943859249105627,1.1468465950530562,0.9874297098295106,0.814388898287498,0.6220644468452883
11220.0,2.265842114225884,2.2631083404851964,2.2548364259132874,2.240790683486124,2.220594050387423,2.1937462057384,2.1596499141091803,2.1176435924973798,2.0670386587789844,2.0071597227954268,1.9373850668616128,1.8571841921329137,1.7661484639491274,1.6640099482667055,1.5506420312506342,1.4260324016221884,1.2902117865772362,1.1431023395457425,0.9841901419702163,0.8117098548279498,0.6199066883456753
11280.0,2.2622654011274657,2.259507583927603,2.251164723486587,2.2370051683468732,2.21665845488147,2.1896333079463375,2.155343749985997,2.113141309775123,2.0623518715708777,2.0023152227741563,1.9324247640813599,1.8521641984522668,1.7611372945885255,1.6590859013443326,1.545889906209182,1.4215398051337762,1.2860652483830912,1.139383103527106,0.9809680433263923,0.8090272883186093,0.617763844091313
11340.0,2.258661414525615,2.255879988425111,2.247467481550419,2.2331962656515505,2.2127024482579194,2.1855037472583785,2.1510253549694305,2.1086317783483923,2.0576631804863394,1.9974742798319909,1.9274732899592206,1.8471577588187453,1.7561434704808698,1.654181675943736,1.541158448176055,1.417066901005478,1.2819355669939774,1.1356760281490805,0.9777518588636012,0.8063546802339264,0.6157116911390735
11400.0,2.2550305782100404,2.252225979366856,2.243745128995803,2.2293644024411523,2.2087264383746463,2.1813578777511204,2.146694973057491,2.1041150529833224,2.052972355479371,1.9926362872605528,1.9225296135580665,1.842163479444504,1.7511654884596943,1.649296183053117,1.5364477992073118,1.4126160659444906,1.2778282325857107,1.1319900857379237,0.9745541413129418,0.8036988356400478,0.6136597772427467
11460.0,2.2513732612208788,2.2485459190224653,2.239998008293263,2.225509885108134,2.2047306761451684,2.1771958742520594,2.142352685406614,2.099591112144017,2.048279275639962,1.9878010367644783,1.9175934410244357,1.8371809315604566,1.7462026204474121,1.6444280435000682,1.531755348530846,1.4081827150854915,1.2737360996773879,1.1283159622087382,0.9713661485152904,0.8010610772032045,0.6116506630404478
11520.0,2.2476899269721495,2.244840266515566,2.236226564842168,2.221633132748155,2.200715536670394,2.173018043535737,2.1379986989394997,2.0950600261952945,2.0435838407479916,1.9829682454028885,1.9126643542439719,1.832209731657498,1.7412548958809908,1.6395783795394006,1.5270843511338608,1.4037735995811917,1.2696709220487354,1.1246716940330452,0.9682117456698403,0.7984538945840143,0.6095644670297914
11580.0,2.2439808259128236,2.2411092685116154,2.2324310339715434,2.2177343638429745,2.1966812211553646,2.168824580158874,2.1336332322896885,2.0905220997439993,2.0388865441676165,1.9781387404979065,1.907743684728888,1.8272518608723278,1.7363249713171796,1.6347502852687068,1.5224376600235414,1.3993900539050546,1.2656305795221254,1.1210490142425968,0.9650716199590532,0.7958414834299983,0.6074854265193287
11640.0,2.2402462463259556,2.2373532193703825,2.228611726753199,2.2138139190737385,2.192628114361093,2.1646159265679605,2.1292567917103957,2.085977888344592,2.034187934080852,1.9733129341346034,1.902831473573881,1.8223066203447955,1.731410901806065,1.6299399755630277,1.517809105602986,1.3950232943929286,1.261604145702065,1.1174363818684045,0.961937401599201,0.7932377131880771,0.6054621353156058
11700.0,2.2364867794916576,2.2335727109901824,2.224769235643142,2.209872383798298,2.1885567745980223,2.160392576821699,2.124869749426926,2.0814275664399697,2.0294879052884234,1.9684903835095264,1.8979269600623274,1.817373108770722,1.7265120785341765,1.6251479141234473,1.5132013884425226,1.3906797168056062,1.2576031378617407,1.113851248527021,0.9588321508414189,0.790659271450293,0.6033852208731225
11760.0,2.232702858357722,2.2297681698880307,2.2209039690942105,2.205910137018201,2.184467543238709,2.1561548354557103,2.1204723921043107,2.0768714515399944,2.024786894837393,1.963671775438515,1.893031234395172,1.812452945942438,1.7216306564585777,1.620376542129795,1.5086165803440932,1.3863598363301861,1.2536247608894253,1.1102852865951245,0.9557390399210856,0.7880799095993815,0.6013500073749026
11820.0,2.2288948570785085,2.2259399728671445,2.217016310827084,2.2019275752324767,2.1803608363372056,2.151903143707392,2.116065185242181,2.072310015534972,2.020085329686847,1.958857385205367,1.8881442343068748,1.8075454495209755,1.7167649548561434,1.6156227403161536,1.504049700713992,1.3820565305556594,1.2496597620808059,1.10672759657509,0.952647778376851,0.7855062391295753,0.5994197519997371
11880.0,2.225063170534253,2.2220885123640066,2.213106644837766,2.1979250613500514,2.1762369720569703,2.147637735246514,2.1116482173598605,2.067743117149115,2.0153827313702037,1.9540462762273991,1.8832644522131359,1.8026484741984696,1.7119122276502652,1.6108833793159398,1.499497726038031,1.3777677371675199,1.2457083684800552,1.103182854950015,0.9495721805601242,0.7829658333335726,0.5975023687817815
11940.0,2.221208257561956,2.218214235406634,2.2091753834914276,2.1939029460695028,2.1720962082552657,2.143358742181736,2.1072214672203375,2.0631705730443355,2.0106787861022175,1.949238106284813,1.8783917259089271,1.7977623882227824,1.707073888028237,1.6061615835466159,1.4949662349870148,1.3735021437789143,1.2417827075717311,1.0996664233514568,0.9465284250810402,0.7804527712852862,0.5955134494739027
12000.0,2.217330314636164,2.214317333509994,2.2052227038555863,2.1898613885620146,2.167938693380375,2.1390663265902994,2.102785159165517,2.0585927479010664,2.005974105002469,1.944433852316131,1.873527494742154,1.792889103059837,1.7022521491928218,1.6014594054285454,1.4904562620736186,1.3692584783343968,1.2378775841631942,1.096167307457589,0.9434962914902462,0.7779376939470448,0.5935462193833936
12060.0,2.2134296434240786,2.2103981147017486,2.2012489309430507,2.1858007427813813,2.1637648217016894,2.134760929821252,2.098339775718482,2.054010133633101,2.0012691134049385,1.9396337317538592,1.8686715430584138,1.7880276543139793,1.6974449094592994,1.5967731993777545,1.4859622963541306,1.3650292838546525,1.2339839203045915,1.09267552890158,0.9404666413578443,0.7754263008671256,0.5916700550177348
12120.0,2.209506674159152,2.206457006109766,2.1972544818039084,2.181721401206144,2.159574934758632,2.1304427992829478,2.0938854061694823,2.0494225754866258,1.9965633091628232,1.9348367880482809,1.8638223758914456,1.783175989685454,1.692649662931366,1.5921003016825879,1.4814820776058772,1.3608135917979072,1.2301032685810835,1.0891968044763516,0.93745279971289,0.7729453622393914,0.5898093014622642
12180.0,2.205561777716897,2.2024943656432576,2.1932396767589384,2.177623618808806,2.1553691920457023,2.1261119695568587,2.089421938682128,2.0448298143659893,1.9918563247012464,1.9300426482183188,1.8589798100023858,1.7783344282818923,1.6878676752507549,1.5874434913210818,1.4770205413997295,1.3566191149217783,1.2262465675873329,1.0857454648560456,0.9344712686687892,0.7704939735769564,0.5878606881689744
12240.0,2.2015953503601073,2.198510585080744,2.189204894593851,2.173507759267353,2.1511479511212577,2.1217688189810793,2.084949825107036,2.0402324617489564,1.987149054912571,1.9252526487505421,1.8541457999501494,1.7735057037496114,1.6831025510695445,1.5828071965817103,1.472582677422343,1.352450866459514,1.222418013441455,1.0823235436564547,0.9315180131975886,0.768053036906287,0.5858672781886836
12300.0,2.197607773891872,2.194506056832756,2.1851505578270185,2.169374300414065,2.146911777443362,2.117414040784169,2.0804699325117637,2.035631604518037,1.9824428409573585,1.9204683906021158,1.849322160413641,1.7686917218080174,1.678356065681005,1.5781927297505185,1.468168895534208,1.3483078270324234,1.2186145203477279,1.0789247853871224,0.9285813774652343,0.7656105809237758,0.583887424026515
12360.0,2.1935995364452014,2.190481280649004,2.1810771996148137,2.1652238287764085,2.1426613265451144,2.11304836661618,2.0759830609992918,2.031028080320308,1.9777384936792106,1.9156905495265955,1.8445092716682367,1.7638923530625419,1.673627322461239,1.5735981553441243,1.463775988757811,1.34418539151978,1.21483008409071,1.07554185277475,0.9256540534675606,0.7631705120968901,0.5819317608794572
12420.0,2.189571282252728,2.1864369015333094,2.176985467521144,2.161056989834469,2.138397227608728,2.1086723818585424,2.071489708481576,2.0264222390191615,1.9730361405928942,1.9109189518612353,1.8397065923404858,1.7591066585898767,1.6689150201511875,1.569021932472249,1.4594023821759947,1.3400821660949171,1.2110635234826017,1.0721734694417255,0.9227347360634024,0.7607306130264938,0.5799908645646146
12480.0,2.185523751226336,2.1823736509600726,2.1728760689035767,2.1568744472098524,2.134120075943113,2.104286583126116,2.0669902364516046,2.021814264483269,1.968335738516838,1.906153267837298,1.834913429562995,1.7543334787447573,1.6642173922711183,1.564461513436867,1.4550445670909637,1.3359935716869829,1.2073093316028936,1.0688141388703691,0.9198212715909586,0.7583032860129715,0.5781077511195679
12540.0,2.181457579278596,2.1782921528465744,2.1687495920663062,2.152676726287631,2.1298303017344873,2.0998912678923305,2.062484768950891,2.017204069539674,1.9636369670415534,1.901392960116211,1.830129118494746,1.7495722302167451,1.659534316182345,1.5599178192927994,1.450705272869304,1.331924962492274,1.203576109956865,1.065475924917602,0.9169286091719446,0.7558954727137156,0.5761953047068021
12600.0,2.1773731880823295,2.1741928186585757,2.164606418471505,2.1484641622953013,2.125528184489079,2.0954866620651975,2.05797349765572,2.012591852691144,1.9589400936757742,1.8966384370888716,1.825354260691489,1.744823687390238,1.6548665686356703,1.5553912161149115,1.446383718408694,1.3278733390009658,1.1998574086033238,1.062147976503222,0.9140409518059929,0.7534902186671065,0.5743546354275167
12660.0,2.173270981679135,2.170076050249049,2.160446941771006,2.1442371345782827,2.1212140810566873,2.0910730864864315,2.0534566831752135,2.007977771939077,1.9542451052870198,1.89188941481701,1.8205881745795252,1.7400866376594601,1.6502123099266433,1.5508792472482509,1.4420770346966063,1.323835919925941,1.1961514443820482,1.058830956994116,0.9111641211942321,0.7511068526546723,0.5725599047962913
12720.0,2.169151196908771,2.1659420756957193,2.156271363669094,2.139995797886852,2.1168880749654213,2.0866505258378987,2.048934183030395,2.003361534752143,1.9495515524199798,1.8871453115971872,1.8158302220375788,1.7353605342248895,1.6455713206177416,1.546382349738631,1.4377867263297577,1.3198157526763705,1.192463358132966,1.0555328365722092,0.9083095882523183,0.7487500641800914,0.5707100360330948
12780.0,2.165014124381399,2.161791178015274,2.152079945011285,2.1357403793297975,2.112550353870082,2.0822191327452684,2.0444061351478333,1.9987433074600864,1.944859702526938,1.8824066030054722,1.8110812270442092,1.7306467112534252,1.6409455991104198,1.541903278675662,1.4335162541533046,1.315816707372856,1.188796774017597,1.0522556780817613,0.905473798984941,0.7463973755170933,0.5688369677425364
12840.0,2.16086000432908,2.1576235993786517,2.147872932926225,2.131471138227316,2.108201201841794,2.0777792341295793,2.039872930351648,1.994123561385022,1.9401701049228668,1.8776738707061569,1.8063416807140622,1.7259453277702215,1.6363345726855894,1.5374401536830848,1.4292617149788656,1.3118321410355833,1.1851418360216308,1.0489863393735481,0.9026410938561489,0.7440468252534493,0.5670429703834181
12900.0,2.156689276490824,2.153439779124683,2.143650764351005,2.127188502210969,2.1038410215753895,2.073331178388043,2.0353348143996084,1.9895023686381035,1.9354825657135113,1.8729465524614328,1.8016105674542626,1.7212548950117175,1.6317363933381042,1.5329910963732931,1.425021817765581,1.3078622819783252,1.1815014289848325,1.0457314507121471,0.8998235919328421,0.7417182238772231,0.5652846927682867
12960.0,2.15250222948033,2.1492399949718486,2.1394136858006734,2.122892664546294,2.099469930517085,2.068874986770487,2.030791699562995,1.9848795356375277,1.930796814918662,1.8682243679351147,1.7968877054173356,1.7165754787010874,1.6271515490073734,1.5285571921870418,1.4207983960979158,1.303909826859522,1.1778792207922613,1.0424959700905414,0.8970285451517392,0.7394179753088022,0.563491932197875
13020.0,2.148299149584255,2.1450245281207554,2.1351619636583115,2.118583870856197,2.095088154004654,2.0644108749313377,2.0262438171293407,1.9802553548641586,1.926113278472059,1.8635079827224599,1.7921741475545259,1.7119087146658023,1.622582503451691,1.5241420175866243,1.4165964292082462,1.299981372469284,1.1742834182463373,1.0392891813321048,0.8942632911504165,0.7371327986419092,0.5616135776903576
13080.0,2.144080363078066,2.140793710559095,2.1308959463462163,2.1142625028864623,2.0906961329302107,2.0599393805618282,2.0216918524496528,1.9756307214086268,1.921433126380193,1.858798892112464,1.7874717183406206,1.707256665685,1.6180313074931687,1.51974712722721,1.4124161864367746,1.2960747597044238,1.1707079031025838,1.0360988272496694,0.8915055374922348,0.7348347545860969,0.5597815813673098
13140.0,2.139846237921199,2.136547919843219,2.1266160383983057,2.109929007434501,2.086294365808715,2.055461050885995,2.0171363753139535,1.9710061629842988,1.9167567215894639,1.8540970923549724,1.7827797489863804,1.702617599883614,1.6134946936864365,1.5153672437147676,1.4082500429682743,1.292180028110071,1.1671409876456538,1.0329129728324045,0.8887476945094606,0.7325435520357096,0.5580255620245139
13200.0,2.1355974030894096,2.13228777613455,2.122322834225155,2.1055839259681566,2.081883299433993,2.0509761778325895,2.0125774438347843,1.966381412968091,1.9120833883696269,1.8494014560911576,1.7780967156001088,1.697989824995459,1.6089712881730809,1.5110021291832152,1.4041000610266745,1.288302942228809,1.163593481884127,1.029748475543734,0.8860136072859005,0.7302776005776872,0.5562058476798031
13260.0,2.1313343745896067,2.1280137794125435,2.1180167887047077,2.101227642568535,2.0774632299050046,2.0464849685885906,2.008015202167368,1.9617566171424687,1.9074133872405152,1.8447125211135957,1.7734236288000007,1.6933750101333978,1.6044635189535965,1.5066548793204895,1.3999695966301176,1.2844462812350241,1.1600662942883446,1.0266027771197155,0.8832945597014823,0.7280153836524339,0.5543976437866502
13320.0,2.127057431682746,2.123726209346128,2.1136981815592972,2.0968604418448265,2.0730344575283075,2.0419877556813386,2.003450033836045,1.9571322231242967,1.9027472241938468,1.8400308095049773,1.768760928287479,1.6887733419090059,1.5999710717825892,1.502324368301394,1.3958563763119238,1.280606326306452,1.156554094815229,1.0234689653703637,0.8805826350248834,0.7257578827288093,0.5526302017436003
13380.0,2.122766895468122,2.119425386484895,2.1093673304024403,2.092482633074324,2.0685972722168864,2.0374847897201795,1.9988821176668536,1.9525082896388428,1.8980847720196763,1.835355926485272,1.7641078613160965,1.684183624177511,1.5954922466737835,1.4980083795294112,1.3917577197873459,1.2767800577047321,1.153053712719233,1.0203440257405476,0.8778760979135853,0.7235069914648846,0.5509075078582832
13440.0,2.1184632043616385,2.1151117392533973,2.105024634429847,2.0880945635852024,2.064151942413047,2.0329762280044785,1.9943114624456548,1.9478846360002757,1.8934256193438748,1.830687194074927,1.7594634610355904,1.6796046047118536,1.5910255528340957,1.493705299706857,1.3876721164551136,1.2729664685984525,1.1495653537423494,1.0172307339367754,0.8751832415391729,0.7212816477566675,0.5492034073505881
13500.0,2.114146652604794,2.1107855489865806,2.100670337351623,2.083696415051711,2.0596985653255997,2.028462066132718,1.9897379563012008,1.9432610580699126,1.8887695204887325,1.8260244306770883,1.754827793149119,1.675036878316269,1.5865725029349422,1.4894180321759143,1.3836043369347002,1.2691725146588813,1.14609807224776,1.0141394300674984,0.8725127259280906,0.7190712964548683,0.5474601150022622
13560.0,2.109817381078561,2.1064469537197654,2.09630456868996,2.07928830982981,2.055237268003186,2.0239424617666435,1.9851618289189217,1.9386379110849037,1.8841170099034987,1.8213683788343968,1.750201771453277,1.6704813717289575,1.5821336963921422,1.4851462861311822,1.3795524387492852,1.2653938008594123,1.1426445535519842,1.0110602535868283,0.8698535950318159,0.7168741979363878,0.5457396790231809
13620.0,2.105475685200719,2.1020962522544373,2.091927635526353,2.074870566753415,2.0507683808485737,2.0194177504238464,1.9805834060257839,1.9340154882116654,1.8794683250435391,1.8167192167246642,1.7455855687420934,1.6659384212276827,1.5777099864064865,1.4808920282844853,1.375520346718423,1.2616371901932257,1.1392153829392402,1.0080073512405139,0.8672207710798396,0.7146897569451585,0.543934661365691
13680.0,2.1011218583219757,2.0977337388532664,2.0875398356756487,2.070443493607216,2.046292234965117,2.014888310434674,1.976003150747162,1.9293943886459017,1.8748242586521042,1.8120779728145793,1.7409804333849093,1.661409352552002,1.5733024151842097,1.4766553420347828,1.371506136657941,1.2578973671427987,1.1358003121038898,1.004964053514714,0.8645898122896517,0.7124947844216835,0.5421875339250695
13740.0,2.096756431241266,2.093359948254416,2.0831417143370197,2.066007648775251,2.0418093966619435,2.0103546963653365,1.9714215632490557,1.9247749830762835,1.8701849375121642,1.8074443776992257,1.7363855279188294,1.656892613025018,1.568908669775482,1.4724333217788337,1.3675068209730188,1.2541722264133905,1.132399540638778,1.0019346228723947,0.8619722089806635,0.710317619667044,0.540448334861261
13800.0,2.0923799417006066,2.0889754077625837,2.078733769211014,2.061563477628244,2.0373202333419735,2.005817171643338,1.9668387831412446,1.9201572854553937,1.8655502837745936,1.802818353765937,1.7318009487492967,1.652388745991536,1.5645301128583253,1.4682285908161357,1.3635267155979485,1.2504680515864401,1.1290212096906336,0.9989283811848035,0.8593768578776535,0.7081537225821417,0.5386544123342031
13860.0,2.087992754015958,2.084580477752213,2.0743163498536337,2.057111318167568,2.0328250806036685,2.0012760926549897,1.9622552278983407,1.9155418318325799,1.8609210209018432,1.7982008767313398,1.7272279564115884,1.6478992542608595,1.560168316850315,1.4640424294837693,1.359566209316462,1.2467834825134998,1.1256611336400868,0.995937106682878,0.856789795417727,0.7059849177397752,0.5368732863096976
13920.0,2.083595264119675,2.0801755586331727,2.0698898683722593,2.0526516011972453,2.0283243923901146,1.9967319343826058,1.957671378304517,1.9109290710535283,1.8562974941495938,1.793592071184391,1.7226662840316,1.6434232543621972,1.5558215138412257,1.459871901237379,1.3556209345887895,1.2431125198606208,1.1223115662040402,0.9929512830487837,0.8542005554189027,0.7038100452628777,0.5351689105018858
13980.0,2.079187960944896,2.075761131633109,2.065454783025295,2.0481847400385167,2.0238185049516773,1.992184909518344,1.953087258859078,1.906318754065505,1.8516790747036411,1.7889908054778938,1.7181141673779778,1.6389582319389318,1.5514863645104604,1.4557128546622506,1.351686090325045,1.2394501067014827,1.1189679462390032,0.9899683495696341,0.8516128780897085,0.7016520285173303,0.5335374403202114
14040.0,2.074771210635409,2.0713375417978432,2.061011377686732,2.0437109135073035,2.0193074445817745,1.9876348425539991,1.9485024464359466,1.9017101781791856,1.8470647792835115,1.7843958701691598,1.7135703119094434,1.6345030687109143,1.5471623351096897,1.4515658982701278,1.347764088140608,1.2358011030790987,1.1156380499329914,0.9869993089979209,0.8490411062377128,0.6995169880658102,0.5319013313247329
14100.0,2.070345032185824,2.066904792830119,2.056559611520417,2.0392300135980217,2.01479102458398,1.983081473298779,1.9439166346293275,1.8971030433398564,1.8424543898837997,1.7798072163967393,1.7090349108219232,1.6300582169036837,1.5428500424794027,1.4474315495677235,1.3438548766163112,1.232164250776369,1.1123188205808872,0.9840392048029734,0.8464785456622836,0.6973969041371167,0.5302991290655357
14160.0,2.0659094527976154,2.062462909476744,2.0520995000815265,2.034742042497533,2.010269231717135,1.9785247722592425,1.9393297761081667,1.8924972794782966,1.8378478040099187,1.7752246972601793,1.7045077688839974,1.6256234591415275,1.538549338957038,1.4433099347218208,1.3399592237226803,1.2285415466356213,1.1090143494809723,0.9810953025078112,0.8439361358510665,0.6953017372487857,0.5286747552716847
14220.0,2.0614645261648734,2.0580119435721165,2.047631089359521,2.0302470388827003,2.005742100391448,1.973964780190663,1.934741940453175,1.8878930248023655,1.8332452915272532,1.7706488051871083,1.6999897201309933,1.6212001094784751,1.5342621528587335,1.4392036833812776,1.3360804391920855,1.2249367836466134,1.1057284614497442,0.9781704655518442,0.8414127986740825,0.6932172025157501,0.52702815229096
14280.0,2.0570103112983626,2.0535519598532903,2.0431544605111327,2.025745114743437,2.0012097925334507,1.9694017327430413,1.93015346322005,1.8832907375250092,1.8286474420248862,1.7660802397719506,1.6954815020250475,1.6167887988089726,1.5299887780317514,1.4351124459647617,1.3322172076180634,1.2213474804241753,1.1024576289121777,0.9752606230625643,0.8389047155973965,0.691145565725105,0.5253628722989416
14340.0,2.0525472024620917,2.04908335715592,2.038670025402763,2.0212367012936605,1.9966727616344087,1.96483610410585,1.9255648334208246,1.878690914618755,1.8240547615350802,1.761519542601451,1.6909837714713392,1.6123904696931177,1.5257307437318623,1.431038798521395,1.3283737621947924,1.2177801948430225,1.099211177948269,0.9723774318697569,0.8364230938415942,0.6890836654401155,0.5236124365985204
14400.0,2.0480755844281235,2.0446065245294496,2.0341781868716127,2.0167222286742024,1.9921314856430161,1.9602684506769972,1.9209767290192978,1.8740944107283561,1.819468341782694,1.7569680904415494,1.6864981917327257,1.608006972490266,1.521489813384922,1.4269838854288293,1.3245497642487793,1.214231861163003,1.095981643072744,0.9695067434023498,0.8339439416221951,0.6870037598068055,0.5219086872580143
14460.0,2.043596013806799,2.040122026052443,2.0296795299897417,2.012202312684083,1.9875866125400141,1.9556994385463597,1.9163897939865608,1.869501767503447,1.8148884865824004,1.752425745514424,1.682023907736157,1.6036364027032746,1.517262691768289,1.4229427616735744,1.3207385824418938,1.2106945167072163,1.0927606150041267,0.9666413088212872,0.8314657340704673,0.6849305178600339,0.5202759070065316
14520.0,2.039109083219763,2.035630440569283,2.025174594036081,2.007677418487092,1.9830384876387952,1.9511292349477074,1.9118039494690922,1.864912591246789,1.8103144354452583,1.7478913727260665,1.677559482044842,1.5992772122087846,1.5130480628503815,1.4189148428277667,1.3169409702394463,1.2071708181129017,1.0895529240523483,0.9637880708128005,0.8289981512510662,0.6828711673759125,0.5186480698228726
14580.0,2.0346151534852654,2.0311321109814178,2.0206636708527,2.003147756951638,1.978487217705264,1.9465578307650655,1.907219075216487,1.8603266765304054,1.8057459471057757,1.7433647647729946,1.6731048211777424,1.5949294924790465,1.5088462400125224,1.4149006390299022,1.313157521065719,1.2036612253398926,1.086358642943521,0.9609467811216051,0.826541180065294,0.6808233718271747,0.5170269507948723
14640.0,2.0301144358218406,2.0266272418342943,2.0161469443073035,1.9986134807793228,1.9739329181935918,1.9419853034983876,1.9026352155747333,1.8557440439427497,1.8011830304445517,1.7388459308588369,1.668659943928225,1.5905932764494475,1.504657269432844,1.410900202349718,1.309388274403819,1.2001657343091485,1.0831777338525583,0.9581175568225558,0.8240951453645148,0.6787862099006612,0.5154123629152326
14700.0,2.025607124194647,2.0221160239557165,2.0116245949863654,1.9940747544863298,1.9693757331610633,1.9374117740506367,1.8980524673578076,1.8511647668500935,1.7966257371933156,1.7343349035504645,1.6642248663736507,1.5862685663154217,1.5004811414621257,1.4069135106050499,1.3056331881421297,1.1966842749324336,1.0800101354701452,0.955300462895843,0.821660135237807,0.6767590827960712,0.5138043457879685
14760.0,2.021093426236499,2.0175986621556823,2.007096818962849,1.9895317600446816,1.9648158258738446,1.932837383304779,1.8934709464361041,1.8465889345649387,1.7920741296028935,1.729831718500432,1.659799598952483,1.5819553495153102,1.4963178229431868,1.402940510713383,1.3018921869389963,1.1932167542066543,1.0768557781347576,0.9524955145461156,0.8192361238499942,0.6747415975102158,0.5122029747936626
14820.0,2.016573564559816,2.013075376037354,2.0025638268312527,1.984984693404701,1.9602533726145317,1.9282622836434005,1.8888907780004194,1.8420166428423665,1.7875282728634692,1.725336410368389,1.6553841470236923,1.5776536043994789,1.4921672678713331,1.3989811340276757,1.2981651811330448,1.1897630728536555,1.0737145885617054,0.9497026904398876,0.8168230361877736,0.6727334883194073,0.5106083019416714
14880.0,2.0120477730954525,2.0085463963314805,1.9980258398413766,1.980433760387966,1.9556885584177555,1.9236866347441772,1.884312092761483,1.8374479909166779,1.7829882334336473,1.720849012831552,1.6509785127923868,1.5733633041255985,1.488029423258472,1.3950353041813133,1.2944520756299698,1.1863231313138294,1.0705864904165776,0.9469219441132393,0.8144207786720283,0.6707345664387562,0.5090203467090046
14940.0,2.0075162935306596,2.004011961396241,1.9934830865079327,1.9758791734937171,1.9511215741895265,1.9191106011512522,1.8797350251289242,1.8328830804447631,1.7784540788811258,1.716369559400171,1.6465826971025441,1.5690844193902738,1.4839042328144083,1.3911029416632084,1.2907527744214278,1.1828968318131872,1.067471404542563,0.9441532127935267,0.81202925300847,0.6687446890566185,0.5074390995303716
15000.0,2.002979372671933,1.9994723146342086,1.9889358001650765,1.9713211496795173,1.9465526148070391,1.9145343507851835,1.8751597122146928,1.8283220150702293,1.773925878046602,1.7118980841804103,1.6421967007628189,1.5648169202877809,1.4797916393478532,1.3871839666174364,1.2870671829451483,1.1794840790215517,1.064369249542615,0.9413964237743533,0.8096483620107343,0.6667637405678478,0.5058645273682344
15060.0,1.9984372606489036,1.9949277027342793,1.9843842173163664,1.9667599088862133,1.941981877883745,1.9099580540071692,1.8705862932449664,1.8237649002157506,1.7694037012269617,1.7074346224336434,1.6378205254545333,1.560560777556799,1.4756915863467155,1.3832783005645903,1.2833952092965997,1.1760847802302903,1.0612799425933368,0.9386514987830269,0.8072780116656157,0.664791621243841,0.5042965788065968
15120.0,1.9938902097335998,1.9903783745160568,1.979828576554392,1.9621956730790389,1.9374095629752384,1.9053818830276028,1.8660149092006957,1.8192118429727164,1.7648876203157262,1.7029792109555657,1.633454174336496,1.5563159634119563,1.4716040190126416,1.3793858674384007,1.2797367648136975,1.172698845386327,1.0582034002881933,0.9359183568460323,0.8049181115164235,0.6628282404043495,0.502735188219996
15180.0,1.9893384735793178,1.985824580184932,1.9752691178658273,1.957628665633343,1.9328358710737739,1.9008060115333951,1.861445702595479,1.8146629520388224,1.760377708899827,1.6985318883255407,1.6290976524442398,1.5520824520959517,1.4675288849272496,1.3755065941841944,1.2760917643214764,1.1693261870957843,1.0551395393846559,0.933196916098795,0.8025685743628892,0.6608735123209466,0.5011802790697881
15240.0,1.9847823067374908,1.9812665708593182,1.9707060821910731,1.953059110946574,1.928261004290506,1.896230614455447,1.8568788173388484,1.81011833768205,1.7558740423236814,1.6940926950687498,1.6247509669528433,1.547860220243034,1.4634661344691064,1.3716404110798674,1.2724601261974517,1.1659667206277367,1.052088277405059,0.9304870948859331,0.8002293157452784,0.6589273537854382,0.49963176647409063
15300.0,1.9802219643563221,1.9767045982758034,1.9661397111500551,1.9484872341974298,1.9236851656591951,1.8916558678260256,1.8523143986534212,1.8055781117201124,1.7513766977309555,1.6896616737612473,1.6204141273494095,1.543649247114235,1.4594157210626395,1.367787251884589,1.2688417723467915,1.1626203639204071,1.049049533087021,0.9277888124011068,0.797900253419809,0.6569896826961116,0.4980895591967678
15360.0,1.975657701997256,1.9721389146096815,1.9615702468756697,1.9439132612001335,1.9191085590181338,1.887081948693654,1.847752593026081,1.8010423875092758,1.7468857540916838,1.6852388690978444,1.6160871455451236,1.5394495147447949,1.4553776013146893,1.3639470538832816,1.2652366281354654,1.1592870375850093,1.046023226701447,0.9251019890372678,0.795581306906406,0.6550604172660729,0.4965535611804422
15420.0,1.9710897755273873,1.9675697723698136,1.9569979319164956,1.9393374183197718,1.914531388942077,1.8825090350745566,1.8431935481805988,1.7965112799388867,1.742401292219838,1.6808243279355526,1.6117700359463052,1.5352610080310891,1.4513517350768204,1.36011975787012,1.2616446223062907,1.1559666649025628,1.0430092802636686,0.922426546560399,0.7932723971307974,0.6531394756101101,0.4950236727261648
15480.0,1.9665184410604133,1.962997424340988,1.9524230091837445,1.9347599324265279,1.9099538607058841,1.8779373059271065,1.8386374130635719,1.7919849054293013,1.7379233947845945,1.6764180993206912,1.6074628154970974,1.5310837147757574,1.447338085459272,1.3563053080978997,1.2580656868900915,1.1526591718110863,1.0400076176631539,0.9197624081795926,0.7909734461571759,0.6512267755596013,0.49349979140195244
15540.0,1.961943954928319,1.958422123556364,1.9478457219261123,1.9301810308743514,1.9053761802679592,1.8733669411404974,1.8340843378384972,1.78746338193173,1.7334521463172665,1.6720202345046593,1.6031655037021224,1.5269176257038382,1.4433366188140009,1.352503652209507,1.2544997571174585,1.1493644868825519,1.0370181647338401,0.9171094985592169,0.7886843769980132,0.6493222346124199,0.4919818127448583
15600.0,1.9573665736721866,1.9538441232885735,1.943266313721964,1.9256009414947246,1.9007985542657952,1.86879812153201,1.8295344738846115,1.7829468289289774,1.7289876332150669,1.6676307869515923,1.5988781226347033,1.5227627344588401,1.4393473046983627,1.348714741161052,1.2509467713331879,1.1460825412903608,1.0340408492827664,0.9144677438011664,0.7864051134855159,0.6474257699604735,0.49046963080665495
15660.0,1.9527865540446088,1.9492636770521816,1.9386850284819561,1.9210198925994149,1.8962211900186399,1.8642310288491917,1.8249879737983326,1.7784353674363804,1.7245299437423374,1.66324981233987,1.5946006969344604,1.5186190375849102,1.4353701158270296,1.3449385291420324,1.2474066709139164,1.1428132687688588,1.0310756010905218,0.9118370714138159,0.7841355801903477,0.6455372985597254,0.48896313858142254
15720.0,1.9482041530188248,1.9446810386126683,1.9341021104576301,1.916438112988316,1.8916442955340627,1.8596658457746134,1.820444991395876,1.7739291200024354,1.7200791680295964,1.6588773685588,1.5903332537969415,1.5144865344993743,1.4314050280170438,1.3411749734954637,1.24387940018885,1.1395566055666853,1.0281223518934275,0.9092174102771393,0.7818757023755253,0.6436567372213845,0.4874622283440224
15780.0,1.943619627801409,1.940096461998866,1.929517804253105,1.9118558319598202,1.8870680795163561,1.8551027559316946,1.81590568171613,1.769428210708745,1.715635398070554,1.6545135157013082,1.5860758229571623,1.510365227458632,1.4274520201290846,1.337424034639395,1.2403649063632776,1.1363124903957469,1.025181035354555,0.9066086906090881,0.77962540597586,0.6417840027115925,0.4859667919212301
15840.0,1.9390332358464706,1.9355102015168348,1.924932354837995,1.9072732793220903,1.882492751375441,1.8505419438905946,1.8113702010231558,1.7649327651689768,1.711198727717177,1.6501583160532411,1.5818284366684197,1.5062551215194524,1.423511074006884,1.3336856759904512,1.2368631394445675,1.133080864377417,1.0222515870284912,0.9040108439356658,0.7773846175955156,0.6399190118522236,0.484476720911801
15900.0,1.9344452348700463,1.930922511763893,1.9203460075603649,1.9026906854041876,1.8779185212354266,1.845983595173564,1.8068387068078915,1.7604429105266475,1.7067692526728298,1.6458118340797063,1.577591129677333,1.5021562244970752,1.419582174415936,1.3299598638895906,1.233374052170422,1.1298616709872946,1.0193339443231846,0.9014238030656142,0.775153264518106,0.6380616816187235,0.48299190686758625
15960.0,1.9298558828638328,1.92633364764197,1.915759008158943,1.8981082810663745,1.8733455999422572,1.8414278962593127,1.8023113577887693,1.7559587754515216,1.7023470704834933,1.6414741364087493,1.5733639391958718,1.4980685469210813,1.4156653089821847,1.3262465675300659,1.2298975999392279,1.126654855999588,1.0164280464610551,0.8988475020698079,0.7729312747252078,0.636211929232869,0.48151224144472743
16020.0,1.9252654381077137,1.9217438643697404,1.9111716027741021,1.8935262977091778,1.8687741990701274,1.8368750345861364,1.7977883139110393,1.7514804901345256,1.6979322805270745,1.6371452918126288,1.569146904870891,1.493992101989701,1.411760468131062,1.3225457588874578,1.2264337407424108,1.1234603674319452,1.0135338344407219,0.8962818762649856,0.7707185769202968,0.6343696722495374,0.48003761653165505
16080.0,1.9206741591807384,1.917153417493223,1.9065840379573056,1.888944967280926,1.8642045309264077,1.8323251985536082,1.7932697363446464,1.7470081862810791,1.6935249840008033,1.6328253711868863,1.5649400687515775,1.4899269055229927,1.4078676450270757,1.3188574126516586,1.2229824350987417,1.120278155491314,1.0106512510001693,0.8937268622012888,0.7685151005559359,0.6325348286372341,0.47856792435890705
16140.0,1.9160823049703337,1.912562562894614,1.9019965606788207,1.8843645222836058,1.8596368085549517,1.8277785775227144,1.788755787480561,1.7425419971027325,1.68912528390675,1.628514447527371,1.5607434752551157,1.4858729759152056,1.4039868355140421,1.3151815061606382,1.2195436459905467,1.1171081725212408,1.0077802405817942,0.8911823976530006,0.7663207758627122,0.6307073168525257,0.47710305759454663
16200.0,1.9114901346796214,1.907971556799236,1.8974094183335664,1.879785195776916,1.855071245737687,1.8232353618143338,1.7842466309254617,1.7380820573071134,1.6847332850354675,1.6242125959053617,1.55655717113081,1.4818303340865213,1.4001180380559866,1.3115180193358968,1.2161173388018087,1.113950372950866,1.0049207492994898,0.8886484216119138,0.764135533878829,0.6288870559087272,0.4756429094280197
16260.0,1.9068979102841,1.903380658231833,1.8928228611960376,1.8752072238300628,1.8505080594403482,1.8186957451443846,1.7797424339197532,1.7336285054898593,1.6803490963202172,1.6199198957697518,1.5523812076939407,1.4777990056318364,1.3962612557854972,1.307866936617598,1.2127034831294259,1.1108047149724116,1.0020727264729887,0.8861248756704783,0.7619593076531246,0.6270739657794331,0.474187358324767
16320.0,1.9023059009527101,1.8987901334365582,1.888237146836674,1.8706308499307394,1.8459474742082633,1.814159928997905,1.775243371678121,1.7291814884260517,1.6759728350595728,1.6156364350771977,1.548215644836767,1.4737790246844569,1.3924165001923625,1.304228250452078,1.2093020560453367,1.107671163554854,0.9992361273694137,0.8836117064389738,0.7597920339115481,0.6252679645897747,0.4727362518082764
16380.0,1.8977143705426727,1.8942002433713205,1.8836525276159188,1.8660563124830323,1.841389709678566,1.809628110174297,1.770749614996282,1.7247411487775215,1.6716046147752341,1.6113622983612021,1.5440605393800786,1.4697704226312784,1.3885837802924506,1.3006019510112667,1.2059130324664349,1.104549681561616,0.9964109051461076,0.8811088582861726,0.7576336463432986,0.6234689669563726,0.47128948792243247
16440.0,1.8931235743859685,1.88961124049556,1.8790692474760888,1.8614838416069797,1.8368349773922208,1.8051004776181532,1.7662613271086767,1.7203076219872715,1.6672445421548725,1.6070975637369687,1.5399159421559792,1.4657732252922686,1.3847630999258966,1.2969880236344877,1.2025363827659548,1.1014402275527966,0.9935970088444972,0.878616271540867,0.7554840749652596,0.6216768910861159,0.4698470123126189
16500.0,1.8885337592659526,1.8850233687482802,1.8744875419236369,1.8569136591275859,1.8322834807918773,1.8005772124274169,1.7617786637075745,1.7158810363091712,1.662892717090993,1.6028423029472179,1.5357818980581786,1.4617874529733477,1.3809544578120365,1.293386448886273,1.199172072834809,1.098342755847009,0.9907943834590633,0.876133882764946,0.7533432477234776,0.6198916624995614,0.46840880219814396
16560.0,1.8839451634004458,1.8804368635325093,1.8699076380175785,1.8523459785695984,1.8277354152249576,1.7960584878660992,1.7573017729659381,1.7114615128405544,1.658549232721914,1.598596581409478,1.5316584460933689,1.4578131205202116,1.3771578476051816,1.289797202614646,1.1958200641430152,1.0952572165903225,0.9880029700653208,0.8736616252225559,0.7512110919495267,0.6181132150977359,0.46697485692211876
16620.0,1.879358016431027,1.8758519517058556,1.865329754363819,1.8477810051578085,1.8231909679517175,1.7915444693812996,1.7528307955638374,1.7070491655575555,1.6542141754747064,1.5943604582647297,1.5275456194335835,1.4538502373729634,1.3733732579511035,1.286220256010044,1.1924803138037798,1.092183555842206,0.9852227060120491,0.871199429432808,0.7490875354563787,0.6163414910653877,0.46554519210638695
16680.0,1.874772539418255,1.8712688515769302,1.8607541011150772,1.8432189358225692,1.8186503181580116,1.787035314624285,1.7483658647181641,1.7026441013529843,1.649887625109976,1.5901339864273165,1.5234434454694536,1.4498988076214654,1.3696006725441778,1.2826555756655655,1.1891527746433586,1.0891217156838708,0.9824535251635566,0.8687472237205304,0.7469725072834047,0.6145764403042985,0.46411983584981453
16740.0,1.87018894484251,1.8666877729073057,1.8561808799761443,1.8386599592102633,1.8141136369724933,1.7825311734753804,1.7439071062154576,1.6982464200765666,1.6455696547683178,1.5859172126360086,1.519351945864276,1.445958830061329,1.3658400701853646,1.279103123639555,1.1858373952793013,1.0860716343492045,0.9796953581713749,0.8663049347167084,0.7448659381623429,0.6128180197135654,0.46269882612934077
16800.0,1.8656074366101907,1.8621089169187621,1.8516102842141873,1.834104255698459,1.8095810874880032,1.7780321880724113,1.7394546384476046,1.693856214577366,1.6412603310183236,1.5817101775060982,1.5152711366087752,1.442030298250551,1.3620914248413338,1.2755628575215878,1.1825341202084207,1.0830332463748744,0.9769481327561432,0.8638724877880006,0.7427677607797853,0.6110661924567339,0.4612822089386201
16860.0,1.861028210064971,1.8575324763055139,1.847042498673828,1.8295519974154735,1.8050528247868787,1.7735384928425144,1.7350085724502209,1.6894735707482205,1.6369597139059953,1.5775129155824428,1.5112010280765469,1.4381132005668533,1.3583547057051168,1.2720347305027173,1.1792428899046368,1.0800064827642817,0.9742117739848662,0.8614498073914979,0.7406779098981849,0.6093209272731279,0.4598700368987295
16920.0,1.8564514520038402,1.8529586352511476,1.842477699796711,1.825003348264078,1.8005289959699264,1.7690502145369957,1.7305690119434862,1.6850985675720027,1.6326678570054227,1.573325455393328,1.5071416250801049,1.4342075202658497,1.354629877258692,1.2685186914504458,1.175963640925715,1.0769912711596774,0.9714862045335843,0.8590368173596432,0.7385963223815408,0.6075821978528996,0.45846236818411584
16980.0,1.8518773406976337,1.8483875694499834,1.837916055645288,1.8204584639490735,1.7960097401888129,1.764567472269093,1.72613605337526,1.6807312771695615,1.6283848074706062,1.5691478195050876,1.5030929269275528,1.4303132355401564,1.3509168993378,1.2650146849885253,1.1726963060272961,1.0739875360172035,0.9687713449296002,0.8566334411239401,0.7365229371585551,0.6058499822785827,0.45705926566776583
17040.0,1.8473060459157864,1.8438194461325863,1.8333577259305391,1.815917492008481,1.791495188681623,1.7600903775543575,1.7217097859662478,1.6763717648491567,1.6241106060882833,1.564980024577395,1.4990549274798546,1.4264303195796086,1.347215727199196,1.2615226515813032,1.1694408142822774,1.0709951987805217,0.9660671137705141,0.8542396018870075,0.7344576951459422,0.6041242625290584,0.4556607962245999
17100.0,1.8427377289550126,1.839254424095141,1.8288028620433712,1.8113805718480762,1.7869854648113348,1.755619034353457,1.7172902917570518,1.6720200891572317,1.6198452873316387,1.5608220814191587,1.4950276152087687,1.4225587406326816,1.3435263115903864,1.2580425276220697,1.166197091203496,1.0680141780496795,0.9633734279194067,0.8518552227520868,0.7324005391473684,0.6024050240394855,0.45426703015289266
17160.0,1.8381725426716522,1.8346926537324248,1.8242516070894148,1.806847834779017,1.7824806841069774,1.7511535391171684,1.7128776456568893,1.6676763019303724,1.6155888794148017,1.556673995044971,1.4910109732554266,1.4186984620691774,1.3398485988217501,1.2545742455246576,1.1629650588678129,1.0650443897428572,0.960690202676867,0.8494802268180184,0.7303514137384725,0.60069225531039,0.45287804068629434
17220.0,1.8336106315174017,1.8301342770740947,1.8197040959269553,1.8023194040583066,1.7779809543072291,1.7466939808333641,1.7084719154938126,1.6633404483483007,1.611341404348008,1.5525357647320779,1.4870049794895959,1.4148494424441935,1.3361825308408446,1.2511177338174622,1.1597446360399164,1.0620857472494043,0.9580173519313261,0.8471145372465203,0.7283102651449668,0.5989859475595787,0.4514939035771316
17280.0,1.8290521315781412,1.8255794278240371,1.8151604552077358,1.7977953949318375,1.7734863754062278,1.7422404410757535,1.7040731620662395,1.6590125669877602,1.6071028779933387,1.5484073840777932,1.4830096065696023,1.4110116355633249,1.332528045308578,1.2476729172390102,1.156535738294386,1.059138161573247,0.9553547882895411,0.8447580773073883,0.7262770411184942,0.5972860944112558,0.4501146967369653
17340.0,1.8244971706156345,1.8210282314024986,1.8106208034203761,1.7932759146797888,1.7689970397013581,1.7377929940542038,1.699681439195621,1.6546926898771437,1.6028733101209387,1.5442888410573434,1.4790248220028999,1.4071849905489966,1.328885075676879,1.2442397168342212,1.1533382781348989,1.0562015414662542,0.9527024231892188,0.8424107704062276,0.7242516908132973,0.5955926916175261,0.44874049992397047
17400.0,1.8199458681117828,1.8164808049907315,1.8060852509361511,1.7887610626641017,1.7645130318427944,1.7333517066664255,1.6952967937800796,1.6503808425517472,1.59865270446562,1.540180118082062,1.4750505882072273,1.4033694519077577,1.3252535512674362,1.240818050050576,1.1501521651096562,1.0532757935514956,0.9500601669957451,0.8400725400984124,0.7222341646656986,0.5939057368081613,0.4473713944691892
17460.0,1.815398335315213,1.811937257577921,1.801553900056878,1.7842509303778278,1.7600344288845848,1.7289166385508132,1.6909192658488468,1.6460770441095112,1.594441058783763,1.5360811920578874,1.471086862572262,1.399564959598371,1.3216333973510699,1.2374078308334746,1.1469773059223733,1.0503608224365981,0.9474279290848853,0.8377433100922599,0.720224414277639,0.5922252292651269,0.4460074630354841
17520.0,1.8108546752899248,1.807397690010122,1.797026845064667,1.7797456014960955,1.7555613003370463,1.7244878421402883,1.6865488886173428,1.6417813072671221,1.5902383649104408,1.531992034444093,1.467133597521697,1.3957714491004443,1.3180245352273068,1.2340089697201677,1.143813604538379,1.0474565308175567,0.9448056179131649,0.835423004243794,0.7182223923050277,0.5905511697189221,0.4446487894043135
17580.0,1.8063149829657579,1.8028621950409507,1.792504172273293,1.7752451519284795,1.751093708220275,1.7200653627169071,1.682185688542741,1.6374936384163592,1.5860446088166376,1.5279126113121533,1.4631907405755888,1.3919888514833838,1.3144268823037242,1.2306213739317218,1.1406609622855075,1.0445628195734744,0.9421931410774756,0.8331115465450178,0.7162280523513203,0.5888835601641844,0.4432954582864159
17640.0,1.8017793451904134,1.798330857383809,1.7879859600809533,1.770749649872543,1.7466317071185786,1.7156492384671125,1.6778296853798753,1.6332140376805633,1.5818597706665023,1.5238428834046618,1.459258234412835,1.3882170934753975,1.310840352174662,1.2272449474625835,1.1375192779496095,1.0416795878527743,0.9395904053652782,0.830808861107195,0.7142413488665033,0.5872224036924326,0.4419475551532223
17700.0,1.7972478407828145,1.7938037537653833,1.783472279024185,1.7662591558683336,1.742175344235587,1.7112395005374041,1.6734808922373265,1.6289424989711063,1.5776838248745177,1.5197828061941856,1.4553360169336464,1.3844560975322902,1.307264854698942,1.2238795911673788,1.134388447864626,1.0388067331514244,0.9369973167966104,0.8285148721403712,0.7122622370515186,0.5855677043400764,0.44060516608637745
17760.0,1.7927205405875413,1.7892809529801912,1.778963191832699,1.7617737228536219,1.7377246594499003,1.706836173090279,1.6691393156335494,1.6246790100437436,1.5735167401624808,1.5157323299419505,1.451424021321803,1.3807057819057915,1.3037002960762543,1.2205252028446603,1.1312683659972373,1.0359441513837353,0.9344137806589587,0.8262295039300972,0.7102906727680571,0.5839194669501211,0.43926837764320126
17820.0,1.788197507530128,1.784762515945943,1.774458753484929,1.7572933962196773,1.7332796853710446,1.7024392733602705,1.6648049555529214,1.6204235525547266,1.569358479616189,1.5116913997562156,1.4475221761065675,1.3769660607111767,1.3001465789219115,1.2171816773173814,1.1281589240261432,1.0330917369462937,0.9318397015359227,0.8239526808121189,0.7083266124535639,0.5822776970461788,0.4379372767362567
17880.0,1.7836787966729868,1.7802484957595024,1.7699590112640655,1.7528182138673731,1.728840447395571,1.698048811709928,1.660477805501519,1.6161761021165642,1.5652090007417199,1.5076599556502168,1.4436304052240243,1.3732368439939093,1.2966036023397107,1.213848906509947,1.125060011416111,1.0302493827755208,0.929274983330456,0.8216843271456583,0.7063700130412907,0.5806424007176,0.43661195052549084
17940.0,1.7791644552717367,1.7757389377532085,1.7654640048143708,1.7483482062634224,1.7244069637631074,1.6936647916855674,1.656157852562545,1.6119366283532945,1.5610682555211695,1.5036379325995317,1.4397486280777012,1.369518037795115,1.293071261992668,1.2105267795216919,1.1219715154869196,1.0274169803993665,0.9267195292833981,0.819424367285763,0.7044208318851771,0.5790135845146694,0.4352924863216249
18000.0,1.7746545228317232,1.7712338795513722,1.7609737661975657,1.7438833964965577,1.7199792456121992,1.6892872100726513,1.6518450774512308,1.6077050949551668,1.5569361904677501,1.4996252605987312,1.4358767595982687,1.365809544215638,1.2895494501714329,1.207215182696751,1.118893321477379,1.0245944199835835,0.9241732419878748,0.8171727255551113,0.7024790266893373,0.5773912553529605,0.43397897149966774
18060.0,1.7701490320996085,1.7667333520609043,1.7564883208805306,1.739423801260155,1.715557297955446,1.6849160578607456,1.6475394554666758,1.6034814606142473,1.552812747542037,1.4956218655551488,1.4320147111116242,1.3621112622546108,1.2860380565979346,1.20391400038448,1.1158253132503575,1.0217815909655215,0.9216360239349876,0.8149293266888148,0.700544555843884,0.5757754205683536,0.4326714879196325
18120.0,1.7656480155971013,1.7622373859984697,1.7520076942424154,1.7349694373247797,1.7111411261013025,1.6805513265962755,1.6432409627548454,1.59926568517442,1.548697870163282,1.491627675133533,1.4281623959866985,1.3584230932279375,1.2825369735794536,1.2006231197910293,1.112767377800755,1.0189783861757538,0.9191077812074518,0.8126940990532918,0.6986173809501592,0.5741660871589942,0.431370079104245
18180.0,1.7611515092863175,1.7577460155512468,1.7475319152214606,1.7305203251612682,1.706730739242951,1.6761930119258661,1.6389495797941138,1.5950577330460298,1.544591506539192,1.4876426219862318,1.4243197327504544,1.3547449437513401,1.2790460988410999,1.1973424336401142,1.1097194077206285,1.0161847040810104,0.9165884254657748,0.8104669762623573,0.6966974673340866,0.5725632575326765,0.43007474601514084
18240.0,1.7566595525819824,1.7532592783878191,1.7430610163220188,1.7260764889415425,1.702326150450907,1.6718411135792408,1.634665291367673,1.5908575731677794,1.5404936096182602,1.483666643697743,1.4204866450269806,1.351076725676172,1.2755653354594696,1.194071840103468,1.1066813011221597,1.0134004486887462,0.914077873792543,0.8082478967542905,0.6947847825889688,0.5709669267891815,0.42878546092962483
18300.0,1.7521721883774772,1.748777215682953,1.7385950336355873,1.7216379565536026,1.697927376680032,1.6674956353668255,1.630388086550925,1.5866651789839346,1.5364041370576322,1.4796996827448485,1.4166630614919167,1.3474183560399446,1.2720945918099487,1.190811242743343,1.1036529615694473,1.0106255294492235,0.9115760484932768,0.806036803253468,0.6928792953117512,0.569377082101077,0.4275021756911854
18360.0,1.7476894630691266,1.7442998721406675,1.7341340068602598,1.7172047596151883,1.6935344387755604,1.6631565851767853,1.626117958698818,1.5824805284220016,1.5323230511919486,1.4757416864581197,1.4128489158284454,1.3437697570183342,1.2686337815150013,1.1875605504546927,1.1006342980057333,1.0078598611389473,0.9090828768474041,0.8038336421952669,0.6909809741696157,0.5677937029887189,0.42622482692709335
18420.0,1.7432114265787193,1.7398272960155707,1.7296779793186035,1.7127769334861014,1.6891473614781207,1.65882397497147,1.6218549054330738,1.5783036038707954,1.528250319003062,1.4717926069846774,1.4090441466847052,1.3401308558784286,1.265182823393037,1.1843196774059725,1.0976252246735518,1.0051033637232059,0.9065982908244186,0.8016383631776142,0.6890897872735574,0.5662167619468383,0.4249533395117616
18480.0,1.738738132374242,1.7353595391324765,1.7252269979739567,1.7083545172791785,1.684766173427723,1.654497820783232,1.6175989286292414,1.5741343921588205,1.524185912090505,1.467852401252015,1.4052486976323812,1.3365015849329451,1.261741641407315,1.1810885429774163,1.0946256610260117,1.0023559621993212,0.9041222267833974,0.7994509184731198,0.687205701792549,0.5646462251737229,0.4236876289766594
18540.0,1.7342696374888278,1.730896656904268,1.7207811134451039,1.7039375538698875,1.6803909071666894,1.6501781427095803,1.6133500344035245,1.5699728845328882,1.5201298066426099,1.4639210309327757,1.4014625171263033,1.332881881495082,1.2583101646142976,1.177867071695726,1.0916355316285755,0.9996175864247052,0.9016546251718052,0.7972712626143551,0.6853286837421376,0.5630820532933561,0.42242760326177325
18600.0,1.729806002537904,1.726438708348015,1.7163403800193466,1.699526089904527,1.6760215991414993,1.645864964907623,1.6091082330993387,1.565819076636877,1.5160819834081474,1.4599984624102875,1.3976855584647956,1.3292716878336386,1.2548883271108116,1.174655193164424,1.0886547660517203,0.9968881709349529,0.8991954302353238,0.7950993520521186,0.683458697894007,0.5615242020264061,0.4211731640382868
18660.0,1.7253472917345256,1.7219857560993075,1.7119048556639287,1.6951201758070105,1.6716582897035186,1.6415583155877498,1.604873539273504,1.5616729684905586,1.512042427668385,1.4560846667447143,1.3939177797505558,1.3256709511280245,1.2514760679794794,1.1714528419894596,1.0856832987556777,0.9941676547571343,0.8967445897462314,0.7929351448801989,0.6815957077668434,0.5599726227961446,0.4199242077405934
18720.0,1.720893572902858,1.717537866424807,1.7074746020358043,1.6907198657842057,1.667301023108564,1.6372582270065257,1.6006459716820325,1.5575345644683871,1.5080111292094123,1.452179619639629,1.3901591438517757,1.322079623422757,1.248073331231954,1.168259957700075,1.0827210689689473,0.9914559812228413,0.8943020547544067,0.7907786006176454,0.6797396756703674,0.5584272632687879,0.41868062639368286
18780.0,1.71644491748983,1.7130951092329907,1.703049684489723,1.6863252178298023,1.662949847515292,1.6329647354587284,1.5964255532654374,1.5534038732781599,1.5039880822946214,1.448283301408826,1.386409618363249,1.3184976615810986,1.2446800657496693,1.1650764846651886,1.0797680205624063,0.9887530977846332,0.891867779362509,0.7886296800392439,0.6778905627830373,0.5568880678331521,0.4174423082914516
18840.0,1.712001400574896,1.7086575580830463,1.6986301720846082,1.681936293726671,1.658604814982351,1.6286778812684874,1.5922123111334858,1.5492809079394592,1.4999732856371968,1.4443956969431828,1.3826691755671925,1.314925027237515,1.2412962252219344,1.1619023720058204,1.0768241019208902,0.9860589558385728,0.889441720525214,0.7864883450455648,0.6760483292501379,0.5553549780262931,0.41620913856309616
18900.0,1.7075631008778986,1.7042252901919266,1.6942161375881986,1.6775531590476933,1.6542659814642646,1.6243977087794537,1.5880062765493261,1.5451656857617688,1.4959667423724696,1.4405167956773575,1.3789377923935247,1.3113616867487121,1.2379217680813621,1.158737573504218,1.0738892658138959,0.9833735105547107,0.8870238378713278,0.7843545585650843,0.6742129342932793,0.5538279329119223,0.41498099965326724
18960.0,1.7031301007650221,1.699798386439521,1.6898076574799354,1.6731758831550243,1.6499334068060005,1.6201242663439688,1.583807484912906,1.5410582283221441,1.4919684600299934,1.436646591556137,1.3752154503793559,1.3078076111430479,1.2345566574367213,1.1555820475104055,1.0709634692668655,0.9806967207166416,0.8846140935470568,0.7822282844820629,0.6723843363253084,0.5523068694178787,0.4137577717342983
19020.0,1.698702486252787,1.6953769313719032,1.6854048119520415,1.6688045391977395,1.6456071547361812,1.6158576063111485,1.57961597574361,1.5369585614423418,1.487978450505184,1.4327850830002447,1.3715021356275017,1.3042627760682213,1.2312008610033904,1.1524357568468877,1.0680466734342284,0.9780285485707286,0.8822124520784312,0.780109487584967,0.670562493066663,0.5507917226381641,0.4125393330639255
19080.0,1.6942803470100674,1.690961013202662,1.6810076849087918,1.664439204107845,1.6412872928588798,1.6115977850138334,1.5754317926620092,1.5328667151652862,1.4839967300303765,1.428932272871399,1.3677978387638239,1.3007271617371532,1.2278543510316682,1.1492986687122142,1.0651388434751312,0.9753689596851377,0.8798188802508504,0.7779981335312071,0.668747361660581,0.5492824261043053,0.41132556029857675
19140.0,1.6898637763581104,1.6865507238122406,1.676616363963911,1.6600799585945984,1.6369738926439656,1.6073448627543225,1.5712549833706744,1.5287827237307574,1.480023319145144,1.4250881684364813,1.364102554893263,1.2972007528720726,1.2245171042332084,1.1461707545840276,1.0622399484325413,0.9727179228185535,0.8774333470037644,0.775894188824777,0.6669388987855143,0.5477789120301113,0.41011632876995097
19200.0,1.6854528712685053,1.6821461587452864,1.6722309404360793,1.6557268871371016,1.6326670294159271,1.6030989037888435,1.5670855996339104,1.5247066255501807,1.4760582426657352,1.4212527813306468,1.3604162835544433,1.2936835386468217,1.2211891017058933,1.1430519901221718,1.0593499611162058,0.9700754097982266,0.8750558233386506,0.7737976208040557,0.6651370607637316,0.5462811115332696,0.40891151273093457
19260.0,1.6810477323590909,1.677747417205965,1.6678515093425044,1.6513800779751189,1.6283667823411327,1.5988599763106783,1.562923697256371,1.520638463180391,1.4721015296534965,1.4174261275192164,1.3567390286727743,1.29017551262746,1.217870328857424,1.139942355072321,1.056468857989777,0.9674413954068701,0.8726862822386056,0.7717083976375642,0.6633418036655317,0.5447889548367209,0.4077109855756449
19320.0,1.676648463887763,1.6733546020512022,1.6634781693905236,1.6470396230980835,1.6240732344134656,1.5946281524318549,1.558769336060416,1.5165782832962795,1.4681532133821298,1.4136082272582693,1.3530707985119907,1.2866766727112562,1.2145607753279213,1.1368418331705252,1.0535966190622696,0.9648158572778549,0.8703246985980396,0.7696264883259352,0.6615530834087701,0.5433023714523083,0.40651462003746097
19380.0,1.6722551737441294,1.668967819781819,1.659111022967188,1.6427056182322328,1.6197864724382718,1.5904035081633616,1.5546225798621403,1.5125261366621765,1.4642133313036736,1.4097991050537855,1.349411605624102,1.283187021064165,1.211260434911811,1.1337504120489856,1.050733227783901,0.9621987757981089,0.8679710491611488,0.7675518627086764,0.6597708558536038,0.5418212903488405,0.4053222883681897
19440.0,1.6678679734390023,1.6645871805315193,1.6547501761267964,1.6383781628258223,1.6155065870145606,1.5861861233937702,1.5504834964459777,1.508482078101882,1.4602819250130903,1.4059987896192963,1.3457614667977251,1.2797065640569119,1.2079693054792093,1.1306680831432951,1.0478786709462846,0.9595901340181047,0.8656253124679707,0.7654844914746077,0.6579950768924864,0.5403456401063904,0.4041338625009567
19500.0,1.6634869780916708,1.6602127980536971,1.6503957385763326,1.6340573600323842,1.6112336725153997,1.581976081866234,1.5463521575377748,1.504446166467219,1.4563590402113507,1.4022073138319238,1.342120403004836,1.2762353121997931,1.2046873888970269,1.1275948416013124,1.0450329385868753,0.9569899175683599,0.8632874688070106,0.7634243461750725,0.6562257025355215,0.5388753490584004,0.4029492141989779
19560.0,1.6591123064149258,1.6558447897060224,1.6460478236587452,1.629743316691952,1.6069678270664385,1.5777734711537361,1.5422286387762494,1.5004184646050314,1.4524447266669298,1.3984247146867912,1.338488439345916,1.2727732800763112,1.2014146909499768,1.124530686193797,1.0421960238975083,0.9543981145818538,0.8609575001735238,0.7613713992391941,0.6544626889913473,0.5374103454229651,0.40176821519201933
19620.0,1.654744080697789,1.6514832764327583,1.6417065483340618,1.625436143310229,1.602709152522486,1.5735783826325422,1.538113019682746,1.4963990393224982,1.4485390381756102,1.3946510332497357,1.3348656049935508,1.269320486275751,1.1981512212616237,1.121475619226863,1.0393679231368673,0.9518147156218234,0.8586353902326735,0.7593256239906,0.6527059927437393,0.53595055742445,0.4005907373020674
19680.0,1.6503824267859157,1.6471283827447727,1.6373720331582475,1.621135954035604,1.5984577544421,1.5693909114537758,1.5340053836291883,1.4923879613507083,1.444642032518548,1.3908863146082944,1.3312519331344992,1.2658769533247893,1.194896993215597,1.118429646456289,1.0365486355466558,0.9492397136144355,0.8563211242868828,0.7572869946651467,0.6509555706241522,0.5344959134064834,0.399416652559509
19740.0,1.6460274740596215,1.6427802366971984,1.633044402259794,1.6168428666340169,1.594213742060095,1.565211156513017,1.5299058178041607,1.4883853053063854,1.4407537714185035,1.3871306078209495,1.327647460910269,1.2624427076182476,1.1916520238770651,1.1153927770036665,1.0337381632712548,0.9466731037858327,0.8540146892467823,0.75525548642927,0.6492113798804082,0.5330463419372061,0.39824583331093016
19800.0,1.6416793554094928,1.6384389698647042,1.6287237833139703,1.6125570024615519,1.5899772282579265,1.561039220417892,1.525814413177022,1.4843911496516977,1.43687432049421,1.3833839658645937,1.324052229356232,1.2590177793490358,1.1884163339145393,1.112365023274377,1.0309365112806579,0.9441148836031379,0.8517160736052335,0.7532310753986569,0.6474733782417507,0.5316017719075595,0.3970781523194844
19860.0,1.6373381959618831,1.634104706083787,1.6244102963357996,1.6082784753429529,1.5857483185640449,1.5568751986484701,1.5217312538586558,1.4804055662977336,1.433003739150915,1.3796464358582867,1.320466274006338,1.2556021935433188,1.1851899391170884,1.109346393011014,1.0281436800167743,0.9415650460714263,0.8494252614402986,0.7512137333965525,0.6457415195463599,0.5301621312710321,0.39591354529966
19920.0,1.6330040781005133,1.629777526528562,1.6201040189192197,1.604007357086022,1.5815270770596543,1.5527191459758853,1.5176563841606043,1.4764285884382096,1.4291420493288542,1.3759180288721045,1.316889595912459,1.2521959424438613,1.1819728242973813,1.1063368648726142,1.0253596428039926,0.939023559126252,0.8471422139375323,0.7492034118559636,0.6440157418054339,0.5287273571985109,0.39475215796395235
19980.0,1.6286770730802551,1.6254575012783872,1.6158050176653578,1.599743708674419,1.5773135572352304,1.5485711068757053,1.5135898384512834,1.4724602397269098,1.4252892638727865,1.3721987473529889,1.3133221879857675,1.2487990106236122,1.178764967034812,1.1033364106688188,1.0225843664437888,0.9364903844745212,0.8448668864395369,0.7472000575513441,0.6422959844884003,0.5272974130836952,0.39359411293087737
20040.0,1.6243572519811442,1.6211447002552775,1.6115133590698718,1.5954875910705013,1.5731078126729119,1.5444311260518708,1.5095316514811186,1.46850054436107,1.421445396328185,1.3684885945861969,1.3097640440745992,1.245411383631112,1.1755663458411951,1.1003450030022102,1.0198178182981634,0.9339654841140095,0.8425992345393365,0.7452036188330928,0.6405821944943697,0.5258722763061234,0.39243947542350166
20100.0,1.6200446857185344,1.6168391932338104,1.6072291095320992,1.5912390652231885,1.5689098970524997,1.5402992484401956,1.5054818583827323,1.464549527077288,1.4176104609317328,1.3647875746792941,1.3062151589412845,1.2420330479606003,1.1723769401266317,1.0973626152366311,1.0170599662794018,0.9314488204087661,0.8403392144268046,0.7432140463826986,0.6388743252977163,0.5244519292382602,0.3912882764632655
20160.0,1.6157394450528237,1.612541049850596,1.6029523353637607,1.586998192075362,1.5647198641569926,1.5361755192113506,1.501440494670577,1.4606072131468248,1.4137844726012472,1.3610956925457327,1.3026755282389422,1.238663991022769,1.1691967301675297,1.0943892214718098,1.0143107788582697,0.928940356202598,0.8380867832173899,0.7412312935279848,0.6371723355088482,0.5230363551729931,0.3901405259154488
20220.0,1.6114416005987116,1.608250339613283,1.5986831027971977,1.5827650325708116,1.5605377678776249,1.5320599837733249,1.49740759624,1.4566736283703472,1.4099674469250845,1.3574129538880992,1.299145148488336,1.2353042011164703,1.1660256970775917,1.091424796526097,1.0115702250900307,0.9264400549484648,0.83584189920345,0.7392553162439371,0.6354761875334873,0.5216255365987301,0.38899622005108864
20280.0,1.6071512228340281,1.6039671319091313,1.5944214779931734,1.578539647660706,1.556363662218425,1.5279526877733642,1.4933831993657654,1.4527487990720989,1.4061594001510578,1.3537393651810912,1.295624017054981,1.2319536674017462,1.1628638227826198,1.088469315927911,1.0088382746536466,0.9239478808331638,0.8336045220139656,0.737286072978326,0.6337858465121542,0.5202194545789126,0.38785534607746397
20340.0,1.6028683821080936,1.5996914960131146,1.5901675270481994,1.574322098309591,1.5521976013002685,1.5238536770993891,1.4893673407000176,1.4488327520935493,1.4023603491749206,1.3500749336543223,1.2921121321266702,1.2286123798745903,1.159711089999646,1.085522755915224,1.0061148978979588,0.9214637988838815,0.8313746126931676,0.7353235244020558,0.632101279540652,0.5188180886361087,0.3867178849495446
20400.0,1.598593148649642,1.5954235010955822,1.5859213160014074,1.570112445500912,1.5480396393644322,1.5197629978808758,1.4853600572697128,1.444925514786528,1.398570311528463,1.3464196672750763,1.2886094926916551,1.2252803293438006,1.156567482220525,1.0825850934414454,1.0034000658889646,0.918987775050499,0.8291521337174517,0.7333676331441781,0.6304224551193617,0.5174214168530833,0.38558381317904694
20460.0,1.594325592574275,1.5911632162294596,1.581682910840946,1.565910750242055,1.543889830775648,1.5156806964892242,1.4813613864735211,1.4410271150058744,1.3947893053672957,1.3427735747311211,1.2851160985177017,1.2219575074101257,1.153432983699713,1.0796563061856284,1.000693750453696,0.91651977626288,0.8269370489701448,0.7314183635428175,0.6287493427735328,0.5160294160548567,0.38445310404119154
20520.0,1.5900657838914598,1.5869107103969702,1.5774523775099145,1.5617170735688954,1.5397482300246474,1.5116068195375973,1.4773713660782095,1.4371375811016558,1.3910173494583875,1.3391366654137216,1.2816319501321773,1.2186439064477945,1.15030757944564,1.07673637256495,0.997995924217818,0.9140597704654962,0.82472932369033,0.7294756814255422,0.6270819127959797,0.5146420620092905,0.3833257284080364
20580.0,1.5858137925110647,1.5826660524959104,1.57322978191182,1.557531476549864,1.5356148917301982,1.507541413880251,1.4733900342145498,1.4332569419109746,1.3872544631674364,1.335508949400979,1.2781570488033258,1.2153395195883523,1.1471912552149377,1.0738252717476675,0.995306560635534,0.9116077266331774,0.8225289244077814,0.7275395539227907,0.6254201360753551,0.5132593296191376,0.38220165534275985
20640.0,1.5815696882494352,1.5784293113454548,1.5690151899155462,1.553354020289511,1.531489870640646,1.503484526611356,1.4694174293727382,1.4293852267494342,1.38350066644616,1.3318904374415956,1.2746913965227789,1.2120443407065897,1.1440839975087038,1.0709229836651712,0.992625634011403,0.9091636147720704,0.8203358188723132,0.7256099493129625,0.6237639839834871,0.5118811930952931,0.3810808525360034
20700.0,1.5773335408349851,1.5742005556914698,1.5648086673598556,1.549184765931592,1.5273732216349392,1.4994362050633248,1.465453590397381,1.4255224654022978,1.3797559798195826,1.3282811409391715,1.2712349959893114,1.208758364408306,1.1409857935700332,1.0680294890221596,0.9899531195144838,0.9067274059096229,0.818149975982906,0.7236868368956161,0.6221134283031323,0.5105076261087117,0.3799632866346364
20760.0,1.5731054199133219,1.5699798542113632,1.5606102800573898,1.5450237746616393,1.5232649997231673,1.495396496804663,1.4614985564820724,1.4216686881153862,1.3760204243733858,1.3246810719370659,1.2677878505937934,1.2054815860195565,1.137896631382153,1.0651447693043667,0.9872889931855712,0.9042990720768195,0.8159713657198158,0.7217701868885608,0.6204684411832723,0.509138601921841,0.37884892349512866
20820.0,1.568885395051892,1.5657672755184546,1.5564200937981956,1.5408711077090624,1.5191652600466052,1.4913654496373485,1.4575523671635737,1.4178239255857985,1.3722940217413886,1.3210902431038698,1.2643499644052287,1.2022140015770715,1.1348164996666146,1.062268806783569,0.9846332319385154,0.9018785862852877,0.813799959081426,0.7198599703447586,0.6188289951130793,0.5077740935016805,0.3777377283826805
20880.0,1.564673535744146,1.5615628881658545,1.5522381743527611,1.5367268263487395,1.5150740578772683,1.4873431115937759,1.4536150623156634,1.4139882089524571,1.3685767940931999,1.3175086677194883,1.2609213421577785,1.1989556078195154,1.131745387881109,1.0594015845198235,0.9819858135566448,0.8994659225012784,0.8116357280266048,0.717956159085375,0.6171950629084701,0.5064140736169014,0.37662966613039794
20940.0,1.560469911413221,1.5573667606498667,1.5480645874745589,1.5325909919021277,1.510991448617005,1.4833295309332668,1.449686682142668,1.4101615697865624,1.3648687641220894,1.3139363596618163,1.2575019892386146,1.1957064021792911,1.1286832862166367,1.0565430863610425,0.9793467166852629,0.8970610556180106,0.8094786454227534,0.716058725645889,0.6155666177070841,0.5050585149213687,0.375524701268405
21000.0,1.5562745914151341,1.553178961412898,1.5438993989021084,1.5284636657378934,1.5069174877961198,1.4793247561381888,1.4457672671727055,1.4063440400819747,1.3611699550330887,1.3103733333939613,1.254091911676443,1.192466382774652,1.125630185593829,1.0536932969401425,0.9767159208210894,0.8946639614274714,0.8073286849993524,0.7141676432326648,0.6139436329688173,0.5037073900261424,0.3744227981299105
21060.0,1.552087645041495,1.548999558845888,1.539742674360544,1.524344909272062,1.5028522310715575,1.4753288359096797,1.4418568582506874,1.4025356522455517,1.3574803905313233,1.3068196039519646,1.2506911161305896,1.1892355484019108,1.1225860776583092,1.0508522016700006,0.9740934062994003,0.8922746165924098,0.8051858213066403,0.712282885687917,0.6123260824799476,0.5023606715617457,0.3733239209393103
21120.0,1.54790914152173,1.5448286212902478,1.5355944795627132,1.5202347839677057,1.4987957342246458,1.4713418191630316,1.4379554965311008,1.3987364390874781,1.3538000948105964,1.303275186932962,1.2472996098804776,1.1860138985275877,1.1195509547750764,1.0480197867365337,0.9714791542794875,0.8898929986190306,0.8030500296789378,0.7104044274613538,0.6107139403595032,0.5010183322322053,0.37222803388608644
21180.0,1.5437391500248188,1.5406662170393164,1.5314548802097854,1.5161333513341586,1.4947480531584254,1.467363755022731,1.4340632234705886,1.3949464338116035,1.3501290925421916,1.2997400984837217,1.243917400815395,1.1828014332803685,1.116524810021906,1.0451960390901633,0.9688731467289536,0.8875190858307026,0.8009212862021351,0.7085322435871694,0.6091071810669346,0.49968034486212104,0.37113510118732046
21240.0,1.53957773966055,1.5365124143393374,1.5273239419913986,1.5120406729257936,1.4907092438945744,1.4633946928171866,1.43018008082037,1.3911656700057866,1.3464674088638855,1.2962143552894858,1.2405444974244402,1.1795981534428068,1.1135076371818284,1.0423809464359601,0.9662753664072595,0.8851528573428704,0.7987995676848444,0.7066663096652827,0.6075057794104606,0.49834668243780733,0.3700450871409771
21300.0,1.5354249794802923,1.5323672813899554,1.5232017305853283,1.5079568103403607,1.4866793625699564,1.4594346820731672,1.426306110618491,1.3873941816322661,1.3428150693691405,1.2926979745630531,1.2371809087865648,1.1764040604426829,1.110499430734733,1.0395744972226881,0.963685796848826,0.8827942930392505,0.7966848516327641,0.7048066018459738,0.6059097105556475,0.49701731814337907,0.36895795617163185
21360.0,1.5312809384772976,1.5282308863442409,1.519088311656709,1.503881825216886,1.4826584654327903,1.4554837725099659,1.4224413551819595,1.383632003018055,1.3391721000964585,1.2891909740340624,1.23382664456063,1.173219156344022,1.1075001858482105,1.0367766806309946,0.9611044223459619,0.880443373549334,0.7945771162258412,0.7029530968172282,0.6043189500339323,0.49569222539250135,0.3678736728699439
21420.0,1.5271456855865215,1.5241032973082502,1.5149837508568034,1.4998157792331743,1.4786466088384722,1.4515420140333082,1.4185858570987362,1.3798791688453478,1.335538527518865,1.285693371938381,1.2304817149754232,1.1700434438377298,1.104509898367689,1.0339874865609178,0.9585312279317932,0.8781000802271837,0.7924763402978535,0.7011057717942317,0.6027334737508925,0.4943713778564095,0.36679220202691803
21480.0,1.523019289683989,1.5199845823401272,1.5108881138213217,1.4957587341028904,1.474643849245057,1.447609456729022,1.4147396592196129,1.3761357141419501,1.3319143785334888,1.2822051870076026,1.2271461308195866,1.166876926231862,1.101528564805969,1.0312069056188826,0.9559661993633315,0.8757643951314615,0.7903825033180873,0.6992646045105905,0.6011532579941328,0.49305474948870315,0.3657135086637854
21540.0,1.5189018195856918,1.515874809448743,1.5068014661683262,1.4917107515722658,1.4706502432084196,1.4436861508564702,1.4109028046499879,1.3724016742716973,1.328299680451212,1.2787264384585628,1.2238199034314368,1.1637196074415361,1.0985561823322327,1.0284349291043309,0.9534093231047885,0.8734363010066222,0.7882955853748153,0.6974295732109067,0.5995782794407178,0.4917423145473402,0.3646375580581715
21600.0,1.5147933440460464,1.511774046591914,1.5027238734957031,1.4876718934164193,1.4666658473771084,1.4397721468417761,1.407075336741522,1.3686770849248833,1.3246944609863687,1.2752571459828768,1.2205030446886314,1.1605714919785086,1.0955927487606207,1.0256715489960893,0.9508605863112018,0.8711157812652001,0.7862155671603361,0.6956006566444486,0.5980085151640969,0.49043404761418996,0.363564315767107
21660.0,1.5106939336915526,1.5076823636062038,1.4986554032994526,1.4836422233384214,1.4626907203645145,1.4358674971154792,1.4032573008877387,1.3649619838643532,1.3210987499459912,1.2717973313719135,1.2171955685612366,1.157432586424266,1.0926382639349745,1.0229167592405044,0.9483199780128542,0.8688028210637373,0.7841424309366098,0.6937778349205518,0.5964439433663261,0.4891299238393386,0.3624937372305923
21720.0,1.5066036654066666,1.5035998365842913,1.4945961293254604,1.4796218112783803,1.4587249269980596,1.431972260284576,1.3994487486016243,1.361256414891367,1.3175125830665926,1.2683470222070836,1.2138974946379397,1.1543029027744207,1.0896927328736883,1.020170558679753,0.9457874918117529,0.8664974097549513,0.7820761627329387,0.6919610914263423,0.5948845447625576,0.4878299172969295,0.3614257514737268
21780.0,1.502522614059889,1.4995265396160942,1.4905461233558728,1.475610725275589,1.4547685302882092,1.4280864932401516,1.3956497297944237,1.3575604203288276,1.3139359947356695,1.2649062448537096,1.2106088414261296,1.1511824520781582,1.086756159780653,1.017432945465217,0.9432631207272506,0.8641995361933932,0.7800167481285651,0.6901504090354795,0.593330298933931,0.4865339992201219,0.36036031047437816
21840.0,1.498450850247704,1.4954625425368446,1.4865054529695942,1.471609029249842,1.450821589239201,1.4242102490063466,1.3918602906719202,1.3538740389742003,1.3103690160107075,1.2614750225554854,1.2073296245309248,1.1480712427104407,1.0838285464187316,1.0147039155400244,0.9407468557950994,0.8619091874557214,0.77796417108417,0.6883457690206968,0.5917811836858805,0.48524214142703354,0.359297390621216
21900.0,1.4943884403316494,1.4914079109640532,1.4824741815789473,1.46761678303766,1.446884158884718,1.4203435767754768,1.3880804737690906,1.3501973061338406,1.3068116746533092,1.2580533754683876,1.2040598566885579,1.1449692804042464,1.0809098921399762,1.0119834626662585,0.9382386860902089,0.859626348854542,0.7759184139397364,0.6865471511002584,0.5902371756831303,0.4839543183507053,0.3582369845833866
21960.0,1.4903354464763137,1.487362706335399,1.4784523684672668,1.4636340424293999,1.4429562903244306,1.4164865219439902,1.38431031798554,1.346530253658018,1.30326399516388,1.2546413206949754,1.2007995477999802,1.1418765682828538,1.0780001939157413,1.0092715784518342,0.935738598748498,0.8573510039530609,0.7738794574355581,0.6847545335837827,0.5886982510778511,0.4826705077533435,0.3571790964111798
22020.0,1.4862919266881927,1.4833269859474818,1.4744400688273307,1.459660859207209,1.4390380307613642,1.412639126149209,1.380549858621659,1.3428729099765697,1.2997259988168344,1.2512388723190346,1.1975487049646185,1.13879310689213,1.0750994463666508,1.0065682523770227,0.9332465789888436,0.8550831345854882,0.7718472807620269,0.6829678935697264,0.5871643860043014,0.48139069082804964,0.3561237384634725
22080.0,1.482257934855359,1.479300802995376,1.4704373338005816,1.45569728118374,1.435129423539996,1.408801427306771,1.3767991274154332,1.3392253001351264,1.296197703696227,1.2478460414405055,1.1943073325142581,1.1357188942327687,1.0722076417923845,1.0038734718209013,0.9307626101365926,0.8528227208864125,0.7698218616339891,0.6811872071546445,0.5856355569270877,0.4801148520299271,0.3550709293977103
22140.0,1.4782335207878514,1.4752842066129035,1.4664442105170779,1.4517433522415886,1.431230508185048,1.404973459648721,1.3730581525798338,1.3355874458318253,1.2926791247317764,1.2444628362106425,1.1910754320469983,1.1326539257924813,1.0693247702013748,1.0011872220882085,0.9282866736499734,0.8505697413300018,0.7678031763814951,0.6794124496297663,0.5841117408665021,0.47884297880116217,0.3540206927975795
22200.0,1.47421873025874,1.4712772419135807,1.4624607421360833,1.4477991123733513,1.4273413204408893,1.4011552537621839,1.3693269588407415,1.3319593654544681,1.2891702737351964,1.241089261867371,1.187853002461265,1.1295981945781242,1.0664508193405486,0.9985094864371051,0.9258187491502796,0.8483241727781098,0.765791200048633,0.6776435956529345,0.5825929155309432,0.4775750612676687,0.35297305619656344
22260.0,1.4702136050457928,1.467279950032169,1.4584869678872752,1.4438645977222864,1.4234618923114981,1.3973468366285555,1.3656055674753185,1.3283410741180577,1.2856711594368135,1.2377253207707717,1.1846400399898287,1.1265516911478137,1.0635857747253261,0.9958402461083184,0.9233588144561073,0.8460859905353393,0.763785906493688,0.675880619392018,0.5810790593829193,0.476311091942311,0.3519280503561469
22320.0,1.4662181829736884,1.4632923681667562,1.4545229231124621,1.439939840623473,1.4195922521009186,1.3935482316631451,1.3618939963507914,1.3247325837026485,1.282181787522385,1.2343710124386673,1.1814365382338339,1.1235144036430713,1.0607296196700693,0.9931794803559931,0.9209068456214706,0.8438551684087789,0.7617872684858246,0.6741234946404233,0.5795701516592012,0.4750510654490951,0.3508857087138235
22380.0,1.4622324979567043,1.4593145296213237,1.4505686393077915,1.4360248696454423,1.4157324244541485,1.389759458755219,1.358192259963561,1.321133902891457,1.2787021606700837,1.2310263335822762,1.1782424881968494,1.120486317821109,1.0578823353191804,0.9905271664803763,0.9184628169772459,0.8416316787702085,0.7597952577952828,0.6723721949074758,0.5780661723602275,0.47379497827289924,0.3498460669484079
22440.0,1.4582565800418272,1.4553464638487326,1.4466241441663508,1.4321197096321918,1.4118824303984114,1.3859805343083826,1.3545003694786057,1.3175450372091828,1.275232278587608,1.227691278141902,1.175057878318925,1.1174674170873098,1.055043900678981,0.9878832798623239,0.916026701175236,0.839415492618867,0.7578098452754691,0.670626693487238,0.576567102219445,0.47254282853484586,0.34880916262914374
22500.0,1.4542904554522234,1.4513881964940578,1.4426894616211328,1.4282243817455529,1.4080422873847176,1.3822114712812295,1.3508183327691006,1.313965989060486,1.2717721380493554,1.2243658373226454,1.1718826945107175,1.1144576825279895,1.0522142926504334,0.9852477939994861,0.9135984692340582,0.8372065796433137,0.7558310009363102,0.6688869635093783,0.575072922660032,0.47129461579152304,0.3477750349265623
22560.0,1.4503341466310113,1.4474397494382305,1.4387646118882866,1.4243389035078196,1.4042120093297088,1.378452279228221,1.347146154456208,1.3103967577685602,1.2683217329336498,1.22104999963012,1.168716920187674,1.1114570929435057,1.0493934860627523,0.9826206805439102,0.9111780905860808,0.8350049082812404,0.7538586940088908,0.6671529779753831,0.5735836157441089,0.47005034085562725,0.3467437243701239
22620.0,1.446387672285274,1.4435011408419198,1.4348496115106009,1.420463288844612,1.4003916066576871,1.3747029643407342,1.343483835948989,1.306837339613777,1.2648810542599733,1.2177437509061657,1.16556053630431,1.1084656248817324,1.0465814537078186,0.9800019093407811,0.9087655331247192,0.8328104457765141,0.7518928930017887,0.6654247097829926,0.5720991641179197,0.4688100056355253,0.34571527264219354
22680.0,1.4424510474302643,1.4395723851895974,1.4309444734011765,1.4165975481278976,1.3965810863427879,1.3709635294881972,1.3398313754843747,1.3032877278723431,1.2614500902261732,1.2144470743645608,1.16241352138861,1.1054832526719132,1.0437781663753454,0.9773914484679557,0.9063607632514888,0.8306231582329452,0.7499335657497578,0.6637021317412594,0.5706195509553457,0.4675736129914011,0.3446897224008516
22740.0,1.4385242834337353,1.4356534933337346,1.4270492068872058,1.4127416882191284,1.3927804519512457,1.36723397425931,1.3361887681671611,1.2997479128549332,1.258028826245629,1.2111599506267137,1.1592758515765316,1.102509948458894,1.040983592888656,0.9747892642759769,0.9039637459223191,0.8284430106645494,0.7479806794554716,0.6619852165782152,0.5691447599013012,0.4663411666059177,0.3436671171260164
22800.0,1.4346073880603578,1.4317444725390727,1.4231638177538384,1.4088957125124293,1.3889897036836958,1.3635142950032626,1.3325560060099861,1.296217881945272,1.2546172449843573,1.207882357757337,1.1561475006466442,1.0995456822376786,1.038197700140942,0.972195321428261,0.9015744446927512,0.8262699670422048,0.7460342007251115,0.6602739369427623,0.5676747750160719,0.46511267086759056,0.34264750098472924
22860.0,1.4307003655161505,1.4278453265269158,1.4192883082880479,1.4050596209777957,1.3852088384174606,1.3598044848709088,1.3289330779732123,1.2926976196386148,1.2512153263980204,1.2046142713001056,1.1530284400548576,1.0965904218882598,1.0354204531318334,0.969609582941172,0.8991928217617258,0.8241039903367409,0.74409409559851,0.65856826540208,0.5662095807212424,0.46388813076532287,0.34163091871241197
22920.0,1.4268032164928854,1.4239560555193966,1.4154226773224747,1.4012334102042396,1.3814378497487723,1.35610453385586,1.3253199700047273,1.2891871075801136,1.2478230477688281,1.2013556643132492,1.1499186389692415,1.0936441332106661,1.0326518150041328,0.9670320102237442,0.8968188380137537,0.821945042558565,0.7421603295745465,0.6568681744356054,0.564749161747647,0.46266755179277597,0.3406174155076032
22980.0,1.422915938212421,1.4200766562836487,1.4115669202791663,1.3974170734428346,1.37767672803488,1.3524144288354436,1.3217166650795795,1.2856863246030206,1.2444403837423188,1.198106507405108,1.1468180643048869,1.090706779960121,1.0298917470805609,0.9644625631168353,0.8944524530593289,0.8197930847939978,0.7402328676324114,0.6551736364263996,0.5632935030855664,0.4614509398614431,0.3396070369381949
23040.0,1.419038524470892,1.4162071221758692,1.4077210292131968,1.3936106006496294,1.3739254604360012,1.3487341536114879,1.318123143239431,1.282195246766716,1.2410673063639754,1.1948667687695924,1.143726680758783,1.087778323882258,1.027140208900354,0.9619011999315484,0.8920936252735014,0.8176480772384961,0.738311674249294,0.6534846236505896,0.5618425899373096,0.46023830122145143,0.33859982885757706
23100.0,1.415170965682735,1.4123474431851786,1.4038849928560961,1.3898139785283523,1.3701840309570688,1.3450636889508965,1.3145393816317896,1.2787138473945179,1.2377037851156745,1.1916364142215399,1.1406444508446538,1.0848587247482837,1.0243971582555897,0.9593478774867558,0.8897423118325766,0.8155099792269894,0.7363967134149951,0.6518011082653975,0.5603964076722167,0.4590296423892589,0.3375958373293824
23160.0,1.4113132489244768,1.4084976059772643,1.4000587966590416,1.3860271905728865,1.3664524204892343,1.3414030126259582,1.310965354548989,1.275242097111261,1.2343497869519422,1.1884154072319362,1.1375713349276961,1.0819479403900014,1.0216625512271058,0.956802551145636,0.8873984687489281,0.8133787492615293,0.7344879486438848,0.6501230622961793,0.5589549417840717,0.457824970081527,0.33659510855976893
23220.0,1.407465357978251,1.4046575939377508,1.3962424228357817,1.382250217109465,1.3627306068510783,1.337752099454375,1.3074010334668764,1.2717799638805987,1.2310052763359667,1.1852037089629535,1.134507291259186,1.079045926734617,1.0189363422199207,0.954265174851123,0.8850620509039534,0.8112543450364712,0.7325853429845879,0.6484504576228206,0.5575181778508762,0.4566242911545471,0.3355976888363378
23280.0,1.4036272733750113,1.4008273872152555,1.3924358504052339,1.3784830353385356,1.359018564829493,1.3341109213389597,1.3038463870831862,1.2683274130420228,1.2276702152753804,1.1820012783027891,1.1314522760108647,1.076152637839234,1.0162184839980317,0.9517357011602088,0.8827330120792098,0.8091367234613854,0.7306888590277204,0.6467832659657369,0.556086101496921,0.4554276125486756,0.33460362447293923
23340.0,1.3997989724373665,1.3970069627640682,1.3886390552337209,1.3747256193762558,1.3553162662202012,1.330479447306971,1.3003013813555617,1.264884407347544,1.2243445633577268,1.1788080719002456,1.128406243309078,1.073268025924968,1.0135089277185283,0.9492140812770504,0.8804113049857846,0.8070258406818849,0.7287984589119617,0.6451214588716951,0.5546586983570573,0.45423494123730673,0.3336129617597282
23400.0,1.3959804293220157,1.3931962943864433,1.3848520100768007,1.3709779402956026,1.3516236798678702,1.3268576435490442,1.2967659795391988,1.261450906998038,1.221028277785644,1.1756240441990213,1.125369145268583,1.0703920414105996,1.010807622964947,0.9467002650848563,0.8780968812919635,0.8049216520985618,0.7269141043287062,0.6434650076996199,0.5532359540430873,0.4530462841799706,0.3326257469179252
23460.0,1.3921716161992665,1.3893953539095978,1.3810746857487572,1.3672399672833413,1.3479407728056414,1.3232454745363786,1.293240143276885,1.2580268707014859,1.2177213143988495,1.1724491484192103,1.1223409329294942,1.067524633800919,1.0081145185826896,0.9441942019232962,0.8757896923364128,0.8028241130086095,0.7250357570845456,0.6418138840979074,0.5518178545281123,0.45186164843202564,0.33164201999586584
23520.0,1.3883725084148308,1.3856041163367152,1.3773070562411882,1.363511672704643,1.3442675152442298,1.3196429079129208,1.2897238373730313,1.2546122603079115,1.2144236321494049,1.1692833408528411,1.119321560353628,1.064665755564954,1.0054295663206003,0.9416958439751121,0.8734896922415939,0.8007331814282028,0.7231633816157237,0.6401680621873773,0.5504043878358068,0.45068104042708473,0.3306617921885311
23580.0,1.384583084080773,1.3818225594385034,1.3735490983164487,1.3597930316997089,1.3406038801731293,1.3160499141026334,1.2862170294086437,1.2512070404338265,1.2111351927376321,1.166126580513367,1.1163109842896939,1.0618153618187918,1.0027527205328088,0.9392051459873769,0.8711968376535093,0.798648817847999,0.7212969447497958,0.6385275182662054,0.5489955432805019,0.4495044634440156,0.3296850579155058
23640.0,1.3808033233493728,1.378050663028376,1.3698007907867602,1.3560840214694827,1.3369498426556583,1.3124664656167186,1.2827196890636827,1.2478111778028536,1.2078559599742102,1.1629788285225624,1.1133091635882668,1.058973409771626,1.000083937658196,0.9367220647856875,0.8689110872903331,0.7965709848119816,0.7194364152925887,0.636892230303386,0.547591310607134,0.4483319172045249,0.328711802659902
23700.0,1.3770332083944925,1.374288408943666,1.3660621144950145,1.3523846212557993,1.333305379808307,1.308892537032098,1.279231788094746,1.2444246412228117,1.20458589975705,1.159840048087659,1.110316059179636,1.056139858704535,0.9974231761998076,0.9342465592529524,0.8666324019172039,0.7944996468781901,0.7175817639405975,0.6352621777115002,0.5461916795793543,0.4471633980996234,0.3277420050762614
23760.0,1.3732727233928919,1.3705357810268128,1.3623330522955586,1.3486948123215723,1.3296704707801665,1.3053281049700467,1.275753300312979,1.241047401563136,1.2013249800485613,1.1567102044788753,1.1073316340519967,1.0533146699494793,0.994770396704204,0.9317785903074074,0.8643607443181892,0.7924347705708281,0.7157329631767079,0.6336373411277294,0.5447966397134077,0.4459988994976403,0.3267756384561567
23820.0,1.3695218545054992,1.3667927651065042,1.35861358903498,1.3450145779310112,1.3260450967324517,1.3017731480749768,1.2722842015622189,1.2376794317325839,1.1980731708532566,1.1535892650073198,1.1043558532299587,1.050497806868434,0.9921255617405517,0.929318120879437,0.8620960792646065,0.7903763243241086,0.7138899871573928,0.6320177022192478,0.5434061801171562,0.44483841206914565,0.3258126717840845
23880.0,1.3657805898586266,1.363059348978773,1.354903711532856,1.3413439033298336,1.322429240818073,1.2982276469933551,1.2688244696973308,1.2343207066572077,1.1948304441956734,1.1504771990032054,1.101388683753297,1.047689234832565,0.9894886358792743,0.9268651158867854,0.8598383734793563,0.7883242784194371,0.7120528115984378,0.6304032435183765,0.5420202894026758,0.44368192409932256,0.32485307052376533
23940.0,1.3620489195251146,1.3593355223880335,1.351203408562463,1.3376827757254963,1.3188228881612751,1.2946915843527271,1.2653740845627288,1.2309712032585798,1.1915967740985836,1.147373977794341,1.0984300946558843,1.0448889212013368,0.9868595856700435,0.9244195422078842,0.8575875955973965,0.7862786049180776,0.7102214136642928,0.6287939482873247,0.540638955649232,0.44252942177581744,0.3238967972214146
24000.0,1.358326835505393,1.3556212770080347,1.3475126708314427,1.3340311842674075,1.315226025837301,1.2911649447408478,1.2619330279710586,1.2276309004322263,1.188372136561447,1.1442795746848504,1.0954800569447365,1.042096835301416,0.9842383796189126,0.9219813686531213,0.855343716122832,0.7842392775914445,0.7083957718642898,0.6271898004097882,0.5392621664000881,0.441380889448586,0.32294381198088495
24060.0,1.3546143317084507,1.3519166064227408,1.343831490962404,1.3303891200271076,1.311638642852093,1.287647714684886,1.2585012836820217,1.224299779026248,1.1851565095390737,1.1411939649340603,1.092538543579076,1.039312948405259,0.9816249881644462,0.919550565934079,0.8531067073832976,0.7822062718509141,0.7065758659574732,0.6255907843057217,0.5378899086815618,0.4402363098622001,0.32199407284647563
24120.0,1.350911403932717,1.348221506107115,1.3401598634734517,1.3267565759784266,1.3080607301219922,1.284139882630705,1.2550788373813198,1.2209778218201128,1.1819498729204572,1.1381171257355034,1.0896055294493348,1.0365372337092507,0.9790193836527405,0.9171271066308625,0.8508765434824047,0.7801795646786597,0.7047616768667542,0.6239968848655242,0.5365221690363114,0.4390956643627473,0.32104753611737424
24180.0,1.3472180498468052,1.344535973407797,1.3364977847586341,1.323133546977584,1.304492280453451,1.2806414389221827,1.2516656766596959,1.217665013503576,1.178752208507737,1.1350490361959809,1.0866809913560211,1.033769666311313,0.9764215403113079,0.9147109651577483,0.8486532002509977,0.7781591345606381,0.7029531866023818,0.6224080874001691,0.5351589335653446,0.4379589330820142,0.32010415661022124
24240.0,1.3435342689701657,1.340860007523666,1.3328452530682997,1.319520029743235,1.3009332885227136,1.2771523757805705,1.2482617909920515,1.2143613406556972,1.1755634999952536,1.1319896773146205,1.0837649079883627,1.0310102231878973,0.9738314342218333,0.9123021177274331,0.8464366551979211,0.776144961422488,0.7011503781943111,0.6208243776042401,0.5338001879749822,0.43682609510167325,0.3191638878814354
24300.0,1.3398600626535806,1.337193609486281,1.329202268489348,1.315916022836438,1.2973837508554782,1.27367268728386,1.2448671717166173,1.211066791723938,1.172383732948644,1.1289390319618746,1.0808572599026602,1.0282588831703237,0.971249043291872,0.9099005423141969,0.844226887460888,0.7741370265688325,0.6993532356328158,0.6192457415293385,0.5324459176262384,0.4356971285999977,0.31822668241771757
24360.0,1.336195434059533,1.3335367821401882,1.3255688329253572,1.3123215266405486,1.293843665806501,1.2702023693461457,1.2414818120141544,1.2077813570032894,1.1692128947839355,1.1258970848583931,1.077958029500285,1.025515626920432,0.9686743472255843,0.9075062186162851,0.8420238777579279,0.7721353126262293,0.6975617438165608,0.6176721655657395,0.5310961075848891,0.4345720109833471,0.317292491800959
24420.0,1.3325403881424227,1.3298895301230755,1.3219449500766,1.3087365433409974,1.290313033539157,1.2667414196969706,1.2381057068871506,1.2045050286154069,1.1660509747465957,1.1228638225537293,1.0750672010052815,1.022780436905554,0.9661073274936216,0.9051191280178124,0.8398276083398117,0.7701398034898557,0.6957758885073473,0.6161036364305862,0.529750742671106,0.43345071900438253,0.31636126685225324
24480.0,1.3288949316286063,1.3262518598457746,1.3183306254199083,1.3051610769049855,1.286791856004901,1.2632898378606183,1.2347388531390038,1.2012378004877104,1.162897963890493,1.1198392334048162,1.0721847604415422,1.0200532973728276,0.9635479673023034,0.9027392535504478,0.8376380629437319,0.7681504842738913,0.6939956562907553,0.614540141161225,0.5284098075078996,0.4323332288686928,0.3154329577586212
24540.0,1.325259072996287,1.3226237794721059,1.3147258661883987,1.3015951330610285,1.283280136922658,1.2598476251353503,1.2313812493531486,1.1979796683324282,1.159753855056725,1.1168233075541902,1.0693106956095237,1.0173341943228815,0.9609962515622203,0.9003665798551251,0.8354552267484407,0.766167341265471,0.692221034541946,0.6129816671125518,0.5270732865679179,0.4312195163312762,0.31450751418528183
24600.0,1.3216328224552092,1.3190052988985377,1.3111306813510346,1.2980387192783875,1.2797778817580996,1.256414784572554,1.228032895872115,1.1947306296255347,1.156618642852286,1.1138160369079073,1.0664449960625002,1.0146231154829557,0.9584521668563938,0.8980010931439741,0.8332790863309808,0.7641903618820282,0.6904520113959721,0.6114282019574784,0.5257411642183114,0.4301095567841114,0.31358488537570445
24660.0,1.31801619192616,1.3153964297336542,1.3075450815920113,1.2944918447463363,1.2762850977027886,1.2529913209557906,1.2246937947764802,1.1914906835855616,1.1534923236285144,1.1108174151131356,1.0635876530823491,1.0119200502794798,0.9559157014081312,0.8956427811626388,0.8311096296250872,0.7622195346318238,0.6886885757219933,0.6098797336897865,0.5244134247635202,0.4290033253358797,0.31266502024124815
24720.0,1.3144091950202816,1.3117971852774464,1.3039690792899747,1.2909545203532788,1.2728017936531923,1.2495772407797112,1.221363949863687,1.188259831152245,1.150374895459315,1.107827437535397,1.0607386596548845,1.0092249898102181,0.9533868450486839,0.8932916331531214,0.8289468458812813,0.7602548490774285,0.6869307171008624,0.6083362506287964,0.5230900524859183,0.4279007968847416,0.31174786744185673
24780.0,1.310811847018157,1.3082075805003772,1.300402688497027,1.2874267586656747,1.2693279801895374,1.2461725522288312,1.2180433666267272,1.1850380749649834,1.1472663581191143,1.1048461012354471,1.057898010444749,1.0065379268159997,0.9508655891848243,0.8909476398172458,0.8267907256286613,0.7582962958019309,0.6851784258056274,0.6067977414253779,0.5217710316843105,0.4268019461849522,0.3108333754590151
24840.0,1.307224164848685,1.3046276320222332,1.296845924917536,1.2839085739067964,1.265863669554481,1.2427772651561366,1.2147320522326133,1.1818254193410682,1.144166713060512,1.1018734049457826,1.0550657017698797,1.0038588556521146,0.9483519267664291,0.8886107932808245,0.8246412606383542,0.7563438663776343,0.6834316927845256,0.6052641950689424,0.5204563467103198,0.4257067479079896,0.3099214926619654
24900.0,1.303646167067718,1.3010573580907603,1.2932988058867263,1.2803999819352585,1.2624088756315983,1.239391391061492,1.2114300155006734,1.1786218702536744,1.1410759633916445,1.09890934904676,1.0522417315755859,1.0011877722594416,0.9458458522541575,0.8862810870585863,0.8224984438885701,0.7543975533370327,0.6816905096461224,0.6037356008951088,0.5191459820027278,0.42461517669877946,0.30901216736802617
24960.0,1.300077873836459,1.2974967785600353,1.2897613503490355,1.2769010002233427,1.2589636139236577,1.2360149430698486,1.2081372668806007,1.1754274353095815,1.1379941138532008,1.0959539355423507,1.04942609940824,0.9985246741353525,0.9433473615872868,0.8839585160198842,0.8203622695312001,0.7524573501458359,0.679954868646278,0.6022119485938137,0.5178399221198398,0.4235272072275275,0.3081053478977209
25020.0,1.2965193068996,1.2939459148686168,1.2862335788362362,1.2734116478350852,1.2555279015306675,1.2326479359092146,1.2048538184302595,1.1722421237266032,1.1349211707951135,1.0930071680355045,1.0466188063886468,0.9958695603044503,0.9408564521517606,0.8816430763552199,0.8182327328598846,0.7505232511778741,0.6782247626766792,0.6006932282176684,0.5165381517699706,0.4224428142375979,0.30720098262531503
25080.0,1.2929704895632104,1.2904047900174094,1.2827155134452912,1.2699319454041187,1.2521017571276831,1.229290385888384,1.2015796837932151,1.1690659463107045,1.1318571421528802,1.0900690517031557,1.0438198551850837,0.9932224312891832,0.9383731227485064,0.8793347655435774,0.8161098302794647,0.7485952516916682,0.6765001852546922,0.5991794301904199,0.5152406558401269,0.4213619725898316,0.30629902002527676
25140.0,1.2894314466723305,1.2868734285472676,1.2792071778159513,1.2664619151112504,1.2486852009423408,1.2259423108743728,1.198314878175975,1.1658989154328003,1.1288020374235475,1.0871395932708647,1.0410292499860616,0.9905832890803865,0.9358973735620443,0.8770335823205689,0.8139935592767342,0.7466733478085199,0.6747811305143407,0.5976705453153864,0.5139474194229924,0.4202846573036397,0.30539940871510135
25200.0,1.2859022045882986,1.2833518565163171,1.275708597108068,1.2630015806617647,1.2452782547321348,1.2226037302696038,1.1950594183249186,1.1627410450052105,1.1257558676413157,1.0842188009871074,1.0382469964728271,0.9879521371077788,0.9334292061294214,0.8747395266473637,0.8118839183924097,0.7447575364919509,0.6730675931982307,0.5961665647837758,0.512658427842293,0.4192108435951766,0.30450209749488577
25260.0,1.2823827832188055,1.2798400935474579,1.2722197901013845,1.259550959472188,1.2418809340925596,1.2192746574754252,1.1918133151786188,1.159592343355406,1.1227186385044037,1.081306678033822,1.0354730955429778,0.9853289743048812,0.9309686177736328,0.8724525945389678,0.8097809024698157,0.7428478112411083,0.6713595648175713,0.5946674768198374,0.5113736638352362,0.4181405058394056,0.30360707723100694
25320.0,1.278873172384655,1.2763381292471356,1.2687407457702398,1.2561100395043299,1.2384932256530787,1.2159550775513455,1.1885765520900209,1.1564527921086614,1.119690330013005,1.078403203011311,1.032707524730268,0.9827137775475989,0.9285155851404873,0.870172762774195,0.8076844886075751,0.7409441493498171,0.6696570222770987,0.5931732567807967,0.5100931000357215,0.4170736224564021,0.3027144768994504
25380.0,1.2753733560363596,1.2728459473690619,1.2652714472887334,1.2526788030066385,1.23511511045006,1.212644970115967,1.1853491071531235,1.1533223678400344,1.1166709173484508,1.0755083499494569,1.0299502572565085,0.9801065196601403,0.9260700810775754,0.8679000045734467,0.8055946505698601,0.7390465249945225,0.6679599396271946,0.591683877821769,0.5088167100722543,0.4160101864179701,0.3018244024435877
25440.0,1.2718833202341193,1.269363533776635,1.2618118799405293,1.2492572343364468,1.2317465716267681,1.2093443168903149,1.182130960555711,1.15020104920315,1.1136603777454812,1.0726220948919347,1.0272012682975773,0.9775071753344922,0.9236320801812348,0.8656342947502171,0.8035113635243929,0.7371549135565123,0.6662682920393863,0.5901993148106275,0.5075444721855223,0.4149501981607519,0.30093691315375165
25500.0,1.2684030531235042,1.2658908764185866,1.2583620310943953,1.2458453199353254,1.228387594408421,1.206053101672482,1.178922094553397,1.1470888169034021,1.1106586904643274,1.069744415866958,1.0244605349527676,0.9749157210987353,0.9212015587649367,0.8633756096822959,0.8014346040247715,0.7352692916452053,0.664582055958913,0.5887195446657898,0.5062763686155631,0.41389366000093336,0.30005203826667787
25560.0,1.2649325449111302,1.2624279653046298,1.2549218901797476,1.2424430483044444,1.2250381660772673,1.202771310312275,1.1757224934436554,1.1439856536711452,1.1076658367628183,1.0668752928581116,1.0217280362143801,0.9723321352858667,0.9187784948287845,0.86112392728597,0.7993643500014243,0.7333896371387613,0.6629012092431871,0.5872445464530105,0.505012384655487,0.4128405735028744,0.2991697869964795
25620.0,1.2614717878403163,1.2589747924810777,1.251491448662168,1.2390504099798978,1.2216982759476263,1.1994989306858261,1.172532143539819,1.1408915442348602,1.1046817998685041,1.064014707775288,1.0190037529375842,0.969756398003247,0.9163628680305178,0.8588792269940208,0.7973005807606185,0.7315159292303123,0.6612257312550514,0.5857743013082751,0.5037525077651153,0.411790938347479,0.29829015476232673
25680.0,1.2580207761666955,1.255531352006422,1.2480707000188789,1.235667397508006,1.218367915340889,1.1962359526701523,1.1693510331450345,1.1378064752942905,1.1017065649507745,1.0611626444257374,1.0162876678106,0.9671884911028226,0.9139546596583564,0.8566414897376831,0.7952432769889213,0.7296481484690169,0.6595556029038182,0.5843087922644501,0.5024967268602181,0.4107447519510971,0.2974131271684083
25740.0,1.2545795061337646,1.2520976399268542,1.2446596397141592,1.2322940054205287,1.2150470775604316,1.1929823681176464,1.1661791525261354,1.1347304354935284,1.0987401190930104,1.0583190884852363,1.0135797653252538,0.9646283981522716,0.9115538526058742,0.8544106979320742,0.7931924207597535,0.7277862767890458,0.6578908066406224,0.5828480040394434,0.5012450317848507,0.40970200944909846,0.2965386826258266
25800.0,1.2511479759483444,1.2486736542516843,1.2412582651746586,1.2289302302097964,1.211735757866458,1.1897381708304757,1.16301649388745,1.131663415394048,1.0957824512647245,1.0554840274694206,1.0108800317479896,0.9620761044072088,0.9091604313488761,0.8521868354641169,0.7911479955389285,0.7259302975236149,0.6562313264196622,0.5813919228216139,0.4999974129383799,0.4086627038463138,0.29566679413432767
25860.0,1.2477261857559274,1.245259394928662,1.237866575764612,1.2255760703037313,1.208433953450719,1.186503356534869,1.1598630513445005,1.1286054074476755,1.09283355229373,1.0526574507052942,1.0081884550914042,0.9595315967844884,0.9067743819240498,0.8499698876818131,0.7891099861868917,0.7240801954041238,0.6545771476371166,0.5799405360715908,0.4987538610220884,0.4076268262340825,0.29479743053110796
25920.0,1.2443141376159006,1.2418548638191613,1.2344845727609197,1.222231526040738,1.2051416634110979,1.1832779228552828,1.156718820897597,1.1255564059694934,1.0898934148383403,1.049839349302967,1.0055050250863542,0.9569948638365893,0.9043956919090012,0.8477598413837449,0.7870783789562834,0.7222359565462075,0.6529282570575866,0.5784938323488819,0.49751436687392425,0.40659436602426713,0.293930557392729
25980.0,1.2409118354766189,1.2384600646732207,1.2311122593280754,1.218896599644435,1.2018588887260593,1.180061869288416,1.1535838004053143,1.122516407110681,1.0869620333595966,1.047029716127633,1.0028297331546414,0.9544658957269729,0.9020243504032338,0.8455566848078768,0.7850531614842785,0.7203975684252691,0.6512846427354594,0.577051801165394,0.49627892136642265,0.4055653111767308,0.2930661377051668
26040.0,1.2375192851503016,1.235075003104402,1.2277496404929304,1.2155712951982272,1.1985856322289126,1.1768551971770842,1.1504579895578375,1.1194854088312818,1.0840394040935724,1.0442285457718314,1.0001625723822878,0.9519446842062569,0.899660348009608,0.8433604076189776,0.7830343227797653,0.7185650198442101,0.6496462939362934,0.5756144328646297,0.4950475153490243,0.40453964841018175,0.29220413237475346
26100.0,1.2341364942877473,1.2316996865644785,1.2243967231192587,1.2122556186196836,1.1953218985819112,1.1736579096839073,1.147341389850174,1.116463410872915,1.0811255250237275,1.0414358345279757,0.9975035374933271,0.9494312225890154,0.8973036768158535,0.8411710008942436,0.7810218532058092,0.7167383008958336,0.6480132010614639,0.5741817185238176,0.49382013962112004,0.4035173633929913,0.2913445006270791
26160.0,1.2307634723528336,1.228334124317893,1.2210535158821159,1.2089495776347092,1.1920676942501414,1.1704700117648377,1.1442340045552335,1.113450414731422,1.0782203958533485,1.0386515803611467,0.994852624824058,0.9469255057309877,0.8949543303758027,0.8389884571069182,0.7790157444580957,0.7149174029220274,0.6463853555779486,0.5727536498757234,0.49259678492606096,0.4024984409138559,0.2904872003250324
26220.0,1.2274002305968013,1.2249783274160084,1.2177200292419872,1.2056531817515013,1.1888230274752096,1.167291510142487,1.1411358386967536,1.1104464236294591,1.0753240179780643,1.0358757828821532,0.9922098322976706,0.9444275300065075,0.8926123036900699,0.8368127701078752,0.7770159895400907,0.7131023184713936,0.6447627499541524,0.5713302192469258,0.49137744195922456,0.4014828650336244,0.28963218822711195
26280.0,1.224046782032283,1.221632308671106,1.2143962754186775,1.2023664422342644,1.1855879082486993,1.1641224132792571,1.1380468990220938,1.1074514424890258,1.0724363944584236,1.0331084433207909,0.9895751593991384,0.9419372932859632,0.890277593185995,0.8346439351052767,0.7750225827356878,0.71129304125658,0.6431453776020518,0.5699114195096419,0.49016210138529814,0.4004706192201683,0.2887794202006555
26340.0,1.2207031414070821,1.2182960826301297,1.2110822683649547,1.1990893720766835,1.1823623482853918,1.1609627313502715,1.134967193974867,1.1044654779039462,1.069557529992549,1.0303495644992813,0.9869486071502838,0.9394547949131307,0.8879501966967529,0.8324819486424787,0.7730355195800286,0.7094895661122349,0.6415332328255238,0.5684972440445585,0.48895075386139525,0.3994616864682718,0.28792885140037294
26400.0,1.2173693251776705,1.2149696655481514,1.2077780237399192,1.195821985975127,1.1791463609962585,1.1578124762160964,1.1318967336674288,1.1014885381122648,1.066687430888821,1.0275991508058302,0.9843301780849155,0.9369800356822638,0.8856301134395687,0.8303268085744214,0.7710547968291069,0.7076918889542094,0.6399263107744899,0.567087686712535,0.4877433900636517,0.3984560494064239,0.2870804364196957
26460.0,1.2140453514824017,1.21165307536155,1.2044835588820924,1.1925643003015773,1.1759399614611792,1.1546716613952452,1.128835529853208,1.098520632968596,1.063826105038585,1.024857208168256,0.9817198762239411,0.9345130178148338,0.8833173439930607,0.8281785140427416,0.7690804124286639,0.7059000067404054,0.6383246074043959,0.565682741833411,0.48654000071567854,0.3974536903922033,0.28623412942048826
26520.0,1.2107312401144115,1.2083463316608916,1.2011988927822033,1.1893163330762844,1.1727431664014114,1.1515403020364503,1.1257835958988722,1.0955617739163677,1.0609735618888505,1.022123744027626,0.979117707050384,0.9320537449358671,0.88101189027373,0.8260370654498563,0.7671123654827895,0.7041139174335083,0.6367281194404869,0.5642824041704577,0.4853405766177482,0.39645459159773855,0.2853898842452794
26580.0,1.207427012494216,1.2050494556634883,1.197924046055674,1.186078103940118,1.169555994151785,1.1484184148907244,1.1227409467563243,1.0926119739599767,1.0581298124149536,1.0193987673118625,0.9765236774842392,0.9296022220498272,0.878713755511684,0.8239024644322509,0.7651506562225604,0.7023336199657032,0.6351368443463322,0.5628866689193046,0.4841451086759556,0.3954587350865322,0.28454765451520597
26640.0,1.2041326916419648,1.2017624701856393,1.1946590409147833,1.1828496341266153,1.166378464632625,1.145306018283171,1.1197075989345249,1.0896712476368349,1.0552948690931523,1.01668228840926,0.9739377958570956,0.9271584555160296,0.8764229442256487,0.821774713833184,0.7631952859749612,0.7005591142053991,0.63355078029609,0.5614955317003772,0.4829535879308397,0.39446610288274575,0.28370739371612874
26700.0,1.2008483021493719,1.198485399614528,1.191403901140497,1.179630946433724,1.1632105993213855,1.1422031320845638,1.1166835704711242,1.0867396109892706,1.052468745873114,1.0139743191418542,0.971360071886504,0.9247224530235826,0.8741394621973746,0.8196538176749852,0.7612462571322731,0.6987904009259098,0.6319699261500189,0.5601089885540853,0.4817660055851281,0.39347667703389305,0.282869055274859
26760.0,1.1975738701512872,1.1952182698797806,1.1881586520539742,1.1764220651952193,1.1600524212239998,1.1391097776826729,1.1136688809038975,1.0838170815362949,1.049651458150279,1.011274872738641,0.9687905166500457,0.922294223565873,0.871863316445513,0.8175397811311096,0.7593035731220613,0.6970274817760078,0.6303942814328092,0.5587270359381381,0.4805823530303928,0.3924904396677398,0.28203259262704805
26820.0,1.1943094232969091,1.19196110842466,1.1849233204877174,1.1732230162518016,1.1569039548459255,1.1360259779533308,1.1106635512419698,1.080903678245184,1.046843022738064,1.0085839638085716,0.9662291425590863,0.9198737774146041,0.8695945151990572,0.8154326104980908,0.7573672383778451,0.6952703592522402,0.6288238463143402,0.5573496707264843,0.47940262187248783,0.39150737304410593,0.2811979592779772
26880.0,1.191054990720643,1.1887139441769106,1.181697934756376,1.1700338269218593,1.1537652261628963,1.132951757231246,1.1076676039368216,1.0779994215028865,1.0440434578398725,1.0059016083133108,0.9636759633321915,0.9174611260934232,0.8673330678704184,0.8133323131674781,0.7554372583105019,0.6935190366728791,0.6272586215925079,0.5559768902094813,0.47822680395570105,0.3905274596021542,0.28036510885726096
26940.0,1.1878106030125708,1.1854768075192237,1.1784825246271968,1.1668545259718937,1.1506362625913644,1.129887141280537,1.1046810628530577,1.0751043330872048,1.041252783020891,1.0032278235397538,0.9611309939682189,0.9150562823511695,0.8650789850282233,0.8112388975978735,0.7535136392804299,0.6917735181533735,0.6256986086778303,0.5546086920949694,0.47705489138559554,0.3895506820036767,0.27953399516829863
27000.0,1.1845762921885603,1.1822497302593307,1.1752771212900999,1.163685143586601,1.1475170929586178,1.1268321572649846,1.1017039532389274,1.0722184361377667,1.0384710191796647,1.0005626280722433,0.958594250719069,0.9126592601347632,0.8628322783698852,0.8091523732871121,0.751596388570467,0.6900338085831703,0.6241438095795523,0.5532450745099887,0.47588687655053685,0.38857702317281206,0.2787045722331567
27060.0,1.1813520906805262,1.1790327446224953,1.1720817563568255,1.160525710379097,1.1444077465284992,1.1237868327936111,1.0987363007960993,1.0693417542542316,1.0356981876788212,0.9979060409596642,0.9560657502965868,0.9102700738390127,0.8605929600171609,0.8070727501166426,0.7496855137830597,0.6882999130811278,0.6225942264262198,0.5518860355936247,0.4747227517952655,0.38760646618219347,0.27787679949668054
27120.0,1.1781380266674986,1.1758258785931148,1.1688964572341238,1.157376252816602,1.1413082485002943,1.120751191513191,1.0957781273858151,1.06647430733557,1.0329343063362966,0.9952580778765536,0.9535455062205178,0.9078887348572553,0.8583610392843252,0.8050000353513916,0.7477810200857806,0.6865718345008031,0.6210498592450374,0.5505315715697008,0.473562507902282,0.38663899458958545,0.27705066262735284
27180.0,1.1749341240436626,1.1726291558828126,1.1657212470920086,1.1542367931889954,1.138218619977719,1.1177252530778312,1.0928294509992156,1.0636161115513127,1.0301793893975855,0.992618751096344,0.9510335287925717,0.9055152515559772,0.8561365226531938,0.8029342336155687,0.7458829101893413,0.6848495734138894,0.6195107059593004,0.5491816768046097,0.47240613451846186,0.385674594458924,0.27622616521522864
27240.0,1.1717404030181595,1.1694425965288675,1.1625561454580537,1.1511073501962488,1.1351388785468237,1.1147090337147307,1.089890286308414,1.060767179875419,1.0274334480499592,0.9899880699834536,0.9485298255639071,0.9031496297153004,0.8539194141845421,0.8008753472736537,0.7439911846981769,0.6831331284336624,0.6179767627013373,0.5478363441874251,0.4712536208363865,0.3847132549380262,0.27540332141515333
27300.0,1.168556880164984,1.166266216943967,1.15940116826675,1.1479879389971266,1.1320690383238006,1.1117025462708727,1.0869606447118751,1.0579275221301394,1.0246964904645293,0.98736604103321,0.9460344013725009,0.900791872563397,0.8517097155493892,0.7988233764590654,0.7421058421386687,0.6814224962501841,0.6164480238808948,0.5464955653077728,0.4701049559602618,0.383754968212899,0.2745821533687208
27360.0,1.1653835684732832,1.1631000299663738,1.15625632790926,1.14487857125828,1.129009110003175,1.1087058002600956,1.084040534380137,1.055097145030155,1.021968521838538,0.9847526679119587,0.9435472583806821,0.8984419808111053,0.8495074260606785,0.796778319103733,0.7402268789898288,0.6797176716724461,0.6149244822679969,0.5451593306344966,0.46896012915912955,0.3827997293060664,0.2737626894085361
27420.0,1.1622204773980047,1.1599440449104323,1.1531216332835157,1.1417792552036725,1.1259591009063081,1.1057188019104485,1.0811299603017994,1.0522760522269559,1.0192495444378447,0.9821479514973108,0.9410683961127918,0.8960999526867599,0.8473125427054199,0.7947401709688486,0.7383542897170486,0.6780186476774209,0.6134061290845378,0.5438276296798282,0.46781913002914577,0.3818475358116968,0.2729449627682312
27480.0,1.1590676129108046,1.1567982676173425,1.1499970898445793,1.1386899956642629,1.1229190150301633,1.1027415542117833,1.0782289243297154,1.049464244353378,1.0165395576395233,0.9795518899184843,0.9385978114929537,0.8937657839712352,0.8451250601773889,0.7927089256770455,0.7364880668091789,0.6763254154649935,0.6118929540990267,0.5425004511420646,0.4666819485871734,0.38089838761481004,0.2721290106278972
27540.0,1.1559249775511669,1.1536627005061384,1.146882699655207,1.1356107941278848,1.1198888530962408,1.0997740569635228,1.0753374252273284,1.046661719068254,1.013838557974535,0.9769644785967052,0.9361354988829383,0.8914394680332354,0.8429449709104954,0.7906845747462037,0.7346282008188931,0.674637964517181,0.6103849457200301,0.5411777830248469,0.46554857531455374,0.37995228661769126,0.27131487338784327
27600.0,1.1527925704776667,1.1505373426248064,1.1437784614365443,1.1325416487892586,1.1168686125996405,1.0968163068225154,1.0724554587150796,1.0438684711011135,1.0111465391704462,0.9743857102856346,0.9336814501201068,0.8891209958648688,0.8407722651129189,0.788667107624971,0.7327746804059694,0.6729562826599286,0.6088820910852119,0.5398596127339532,0.46441900116581125,0.3790092364839342,0.2705025941019412
27660.0,1.1496703875192915,1.1474221897014723,1.1406843706188923,1.1294825546000586,1.1138582878581824,1.0938682973509433,1.0695830175168548,1.0410844922968874,1.0084634921941025,0.9718155751117882,0.9312356545554419,0.8868103561175485,0.8386069308020841,0.7866565117299658,0.7309274923829666,0.6712803561258823,0.6073843761440434,0.5385459271538763,0.4632932175533252,0.37806924240395967,0.26969221802542986
27720.0,1.146558421226793,1.1443172341956025,1.1376004193924911,1.1264335033189967,1.1108578700615155,1.0909300190642144,1.0667200914063746,1.038309771660546,1.0057894052942713,0.9692540606149327,0.9287980990916583,0.8845075351382389,0.8364489538405032,0.7846527724845366,0.7290866217626559,0.6696101696167879,0.6058917857331949,0.5372367127069562,0.46217121631601954,0.3771323108825287,0.2688837922469018
27780.0,1.1434566609239758,1.1412224653491587,1.1345265967582419,1.1233944835618446,1.107867347320176,1.0880014594787693,1.0638666672535144,1.0355442954016605,1.0031242640441655,0.966701151788426,0.9263687682214045,0.8822125170060955,0.8342983179724804,0.782655873358871,0.7272520518065609,0.667945706364453,0.604404303644285,0.535931955397856,0.46105298967783176,0.37619844954720577,0.2680773653836818
27840.0,1.14036509275889,1.1381378692376394,1.1314628885783236,1.1203654808513466,1.1048867047145126,1.0850826031597722,1.0610227290704743,1.0327880469787953,1.0004680513838577,0.9641568311195017,0.9239476440655519,0.8799252835694761,0.8321550048616163,0.7806657959111956,0.7254237640739924,0.6662869481895033,0.602921912684103,0.5346316408459653,0.4599385302000452,0.3752676669760638,0.26727298732600324
27900.0,1.1372836997548486,1.135063428820963,1.128409277626643,1.1173464776669548,1.1019159243434407,1.0821734317686083,1.0581882580577675,1.030041007143732,0.9978207476625192,0.9616210786294663,0.9215347064115792,0.8776458144833351,0.830018994129022,0.7786825198297751,0.7236017384710365,0.6646338755574002,0.6014445947277066,0.5333357543079964,0.45882783073034616,0.37433997254272344,0.26647070901951886
27960.0,1.1342124618612333,1.1319991239941172,1.125365743639065,1.11433745349435,1.098954985372976,1.0792739241101537,1.055363232649968,1.0273031539854616,0.9951823306804826,0.9590938719138015,0.9191299327520241,0.8753740872469538,0.8278902633921285,0.7767060229754192,0.7217859532990186,0.6629864676314019,0.5999723307649365,0.5320442806927042,0.4577208843505918,0.373415376276862,0.2656705822784711
28020.0,1.1311513560040187,1.1289449316375528,1.1223322633633581,1.111338384874671,1.0960038640844763,1.076384056179768,1.0525476285611826,1.0245744629739117,0.9925527757310884,0.9565751861821555,0.9167332983230139,0.8731100772419672,0.8257687883039514,0.7747362814242212,0.7199763853020833,0.6613447023223076,0.5985051009409759,0.5307572045693498,0.4566176843246482,0.37249388873846223,0.264872659623799
28080.0,1.1281003561359737,1.1259008256672312,1.119308810608823,1.1083492454534325,1.0930625339225588,1.0735038012099445,1.049741418830201,1.0218549070033864,0.9899320556422851,0.9540649942982046,0.9143447761428183,0.8708537577706221,0.8236545425926625,0.7727732695102548,0.7181730097135768,0.6597085563349472,0.5970428845915788,0.5294745101712454,0.4555182240472234,0.37157552090425366,0.26407699414182023
28140.0,1.1250594332864778,1.1228667770842982,1.1162953562955378,1.1053700060290481,1.0901309655426428,1.0706331297166027,1.0469445738652887,1.0191444564356698,0.987320140817974,0.951563266819356,0.9119643370504171,0.8686051000941952,0.8215474981013132,0.7708169598679973,0.7163758003010241,0.6580780052114585,0.5955856602735917,0.5281961813954593,0.454422496994296,0.3706602840649774,0.2632836393601156
28200.0,1.1220285556109237,1.1198427540243467,1.1132918685031727,1.102400634600944,1.0872091268580735,1.0677720095449563,1.0441570614885787,1.0164430791427725,0.9847169992790573,0.9490699720362837,0.9095919497440329,0.8663640734714806,0.8194476248275665,0.7688673234742743,0.7145847294095279,0.6564530233714739,0.5941334057913297,0.5269222017995845,0.4533304966755292,0.36974818973227536,0.26249264913795856
28260.0,1.1190076884396283,1.1168287218061783,1.1102983125193406,1.0994410964171915,1.0842969830867628,1.064920405914933,1.041378846980034,1.0137507405492856,0.9821225967041776,0.9465850760122472,0.9072275808195792,0.8641306451972749,0.8173548909632857,0.7669243296895462,0.7127997680035,0.6548335841493474,0.5926860982193497,0.5256525545962702,0.4522422165889007,0.3688392495541648,0.26170407756917985
28320.0,1.1159967943262334,1.113824642980066,1.1073146508874225,1.0964913540216215,1.08139449679734,1.0620782814660965,1.038609893120943,1.01106740367433,0.9795368964701089,0.9441085426221791,0.9048711948089775,0.8619047806407535,0.8152692629338538,0.7649879462983884,0.7110208857066515,0.6532196598286021,0.5912437139220851,0.5243872226461042,0.45115765017766646,0.3679334752381917,0.2609179788957544
28380.0,1.112995833095546,1.1108304773754456,1.1043408434538362,1.0935513673003965,1.0785016279547595,1.0592455963020386,1.035850160236917,1.0083930291730347,0.9769598596917857,0.9416403335915015,0.9025227542182862,0.8596864432836592,0.8131907054370866,0.7630581395490468,0.7092480508402209,0.6516112216737833,0.589806228570756,0.5231261884493004,0.4500767907897086,0.3670308784814699,0.2601344074307133
28440.0,1.1100047618907547,1.1078461821480026,1.1013768474146957,1.0906210935279803,1.075618333965305,1.0564223080342148,1.0330996062403592,1.0057275753775694,0.97439144526193,0.939180408534628,0.9001822195655826,0.857475594758211,0.8111191814816429,0.7611348741919768,0.7074812304594461,0.6500082399598883,0.5883736171579435,0.5218694341365675,0.4489996316392568,0.36613147090692016,0.2593534174892225
28500.0,1.1070235352200206,1.1048717118261064,1.09842261736184,1.0877004874124663,1.0727445697209903,1.0536083718251774,1.0303581866723708,1.003070998337648,0.9718316098902475,0.9367287249931187,0.8978495494185394,0.8552721948846492,0.8090546524248252,0.7592181135172853,0.7057203903882925,0.648410683999568,0.5869458540101372,0.5206169414594487,0.4479261657709441,0.3652352640051076,0.25857506332687014
28560.0,1.1040521050023595,1.1019070183565707,1.0954781053281673,1.0847895011402449,1.0698802876432933,1.0508037404311763,1.0276258547440709,1.0004232518605207,0.9692803081421697,0.9342852384734426,0.8955247004316377,0.8530762017083384,0.8069970780096825,0.7573078193910265,0.7039654952524782,0.6468185221682675,0.5855229127985452,0.5193686917803685,0.4468563860261258,0.36434226908114764,0.2577993990843417
28620.0,1.1010904206128218,1.0989520511496846,1.0925432608322663,1.0818880844199608,1.067025437726212,1.0480083642441063,1.0249025613773093,0.9977842875503952,0.9667374924770995,0.931849902484304,0.8932076273829531,0.8508875715363567,0.804946416401346,0.7554039522903117,0.7022165085108489,0.645231721927471,0.58410476654841,0.5181246660625684,0.4457902850113879,0.3634524972062157,0.2570264787378035
28680.0,1.098138428926895,1.0960067571234853,1.0896180309222847,1.0789961845257312,1.0641799675785963,1.0452221913327664,1.0221882552447124,0.995154054847271,0.964203113286132,0.9294226685734936,0.8908982832104634,0.8487062589734873,0.8029026242225298,0.7535064713372068,0.7004733924851445,0.6436502498462043,0.582691387647042,0.5168848448600781,0.444727855069145,0.3625659591732502,0.256256356054396
28740.0,1.0951960743641136,1.0930710807472401,1.0867023602190218,1.076113746339592,1.0613438224657301,1.0424451674833988,1.0194828828090756,0.9925325010651643,0.9616771189292165,0.9270034863642185,0.8885966190478155,0.8465322169575736,0.8008656565881436,0.7516153343314005,0.698736108388231,0.6420740716209407,0.5812827478507527,0.5156492083078308,0.44366908825023904,0.3616826654564899,0.2554890845523301
28800.0,1.0922632989308587,1.090144964084103,1.083796190958194,1.0732407123931418,1.0585169453501362,1.0396772362394855,1.0167863883620551,0.9899195714296817,0.9591594557717256,0.9245923035908652,0.8863025842595059,0.8443653967941587,0.7988354671389746,0.7497304977816482,0.6970046163508429,0.6405031520940352,0.5798788182908438,0.5144177361120086,0.44261397628843757,0.3608026261745126,0.2547247174651508
28860.0,1.089340041851909,1.0872283464235015,1.0808994626252888,1.0703770225064972,1.0556992765362805,1.036918338553854,1.0140987136853625,0.9873152087500329,0.9566500678690387,0.9221890657979089,0.8840161261557712,0.8422057478887246,0.7968120077920626,0.7478519166741423,0.6952788752066364,0.6389374550530335,0.5784795692842886,0.5131904073701333,0.4415625104323829,0.3599258509952082,0.253963309847124
28920.0,1.0864262402949554,1.0843211650039408,1.0780121126732738,1.0675226144975596,1.0528907543681172,1.0341684134713454,1.0114197987155054,0.9847193540629883,0.9541488975870545,0.9197937169345005,0.8817371905588673,0.8400532182822177,0.7947952292426999,0.7459795449376386,0.6935588429163642,0.6373769436092447,0.5770849706623097,0.5119672008485585,0.440514681694688,0.3590523494840904,0.25320491391044114
28980.0,1.0835218339513435,1.08142335958313,1.0751340810609307,1.0646774286675584,1.0500913196411559,1.0314274024471286,1.0087495857486852,0.982131950705351,0.9516558895240301,0.9174062031083261,0.879465725372465,0.837907758020289,0.7927850841185016,0.744113338367856,0.6918444792486046,0.635821582621697,0.5756949939265708,0.5107480968630828,0.4394704823917635,0.35818213100653346,0.2524495579911642
29040.0,1.0806267658792816,1.0785348732792026,1.0722653110880873,1.0618414086263812,1.047300916414039,1.02869525014083,1.0060880202139106,0.9795529450626994,0.949170991231798,0.9150264732763175,0.8772016812389718,0.835769319774301,0.790781527560893,0.7422532551658082,0.690135746270816,0.6342713391364722,0.5743096126308714,0.5095330775732079,0.4384299061047271,0.35731520311769205,0.2516972495935552
29100.0,1.0777409824543727,1.0756556525212972,1.0694057493464264,1.059014501243736,1.0445194919602705,1.025971904369061,1.0034350506266283,0.9769822865245,0.9466941531727879,0.912654479204008,0.8749450115015469,0.8336378588060418,0.7887845171921236,0.740399255906065,0.6884326083170397,0.6327261823505943,0.5729288023298338,0.5083221268551001,0.437392947233903,0.3564515706712005,0.2509479810742167
29160.0,1.0748644333210216,1.0727856470010568,1.0665553456711716,1.0561966566012246,1.0417469967208557,1.0232573160588678,1.0007906285432986,0.974419927440166,0.9442253286779694,0.9102901754257571,0.8726956721668702,0.8315133329330445,0.7867940130826753,0.7385513035051493,0.6867350319551445,0.6311860835727952,0.5715525405134959,0.5071152301393638,0.4363596005995056,0.3555912355317642,0.25020173347374275
29220.0,1.071997071344673,1.0699248096249119,1.0637140530936051,1.0533878279452384,1.0389833842577803,1.020551439202046,0.9981547085168402,0.9718658230759907,0.9417644739056622,0.907933519205779,0.8704536218686149,0.8293957024944424,0.7848099777189778,0.7367093631898697,0.6850429859529635,0.6296510161794789,0.5701808065281417,0.5059123742355557,0.4353298611299408,0.354734196599884,0.24945847916780128
29280.0,1.0691388525647816,1.0670730964671442,1.060881827794347,1.0505879716406317,1.0362286112082815,1.0178542308102578,0.995527248052892,0.9693199315728955,0.9393115478011287,0.9055844704999013,0.8682188218315442,0.8272849303172846,0.7828323759713379,0.7348734024653419,0.6833564412426398,0.6281209555651542,0.5688135814869103,0.504713547160703,0.4343037236389582,0.35388044998965595,0.24871818375047286
29340.0,1.066289736148509,1.064230466723647,1.0580586290573464,1.0477970471251197,1.0334826372398591,1.0151656508708986,0.9929082075668302,0.9667822139049314,0.9368665120568965,0.9032429919179962,0.8659912358361654,0.8251809816832336,0.780861175061938,0.7330433910823847,0.6816753708826988,0.6265958790875947,0.5674508481747862,0.5035187379824383,0.4332811826785554,0.3530299892735964,0.24798080740767134
29400.0,1.0634496843450492,1.0613968826663318,1.0552444192245256,1.0450150168643324,1.030745425005948,1.0124856623036413,0.9902975503414762,0.9642526338384706,0.9344293310737461,0.9009090486869972,0.8637708301838644,0.8230838242955485,0.7788963445327397,0.7312193010040218,0.6799997500176149,0.6250757660086702,0.5660925909523213,0.5023279366819043,0.43226223245141604,0.3521828057486998,0.24724630594444627
29460.0,1.060618662440539,1.0585723095981143,1.0524391636510106,1.0422418463074727,1.0280169401022181,1.0098142309176206,0.9876952424854467,0.961731157892021,0.9319999719222888,0.8985826086144584,0.8615575736624524,0.82099342824625,0.7769378562131384,0.7294011063708713,0.678329555834929,0.6235605974321572,0.5647387956615708,0.5011411340378981,0.4312468667679339,0.35133888870012203,0.2465146315720991
29520.0,1.0577966387135103,1.0557567158084522,1.0496428306609134,1.0394775038435338,1.0252971510234345,1.0071513253691915,0.9851012528920812,0.9592177552966202,0.9295784043050845,0.8962636420525695,0.8593514375120336,0.8189097659833631,0.7749856841872129,0.7275887834653074,0.6766647675201861,0.6220503562399164,0.5633894495367097,0.49995832153151776,0.43023507903550645,0.3504982256510384,0.24578573352489338
29580.0,1.0549835843908217,1.0529500725293572,1.0468553915036003,1.0367219607580156,1.022586029120835,1.0044969171201996,0.9825155531988908,0.9567123979567342,0.9271646005192354,0.8939521218625677,0.8571523953911202,0.8168328122781178,0.7730398047604475,0.7257823106743715,0.6750053662101075,0.6205450270277342,0.5620445411208772,0.49877949126943455,0.42922686227053397,0.34966080259381865,0.24505955855319822
29640.0,1.0521794736040122,1.0501523538918358,1.0440768203104025,1.0339751911900783,1.0198835485599589,1.0018509803967326,0.97993811774748,0.9542150604116139,0.9247585354193889,0.8916480233794708,0.8549604233429029,0.8147625441920163,0.7711001964258348,0.7239816684514858,0.6733513349444948,0.6190445960419014,0.5607040601900444,0.4976046359234305,0.4282222091259239,0.3488266042011782,0.2443360513251204
29700.0,1.0493842833460494,1.047363536882724,1.0413070940517075,1.031237172090112,1.0171896862788843,0.9992134921482773,0.9773689235438799,0.9517257197970442,0.9223601863810901,0.8893513243770688,0.8527754997615972,0.8126989410436748,0.7691668398293197,0.7221868392771049,0.6717026586173575,0.6175490511174128,0.5593679976841714,0.4964337486837803,0.42722111192880746,0.347995614017742,0.24361515475898154
29760.0,1.0465979934283918,1.0445836013018441,1.0385461924944006,1.0285078831776393,1.014504421946837,0.9965844320072486,0.9748079502192455,0.949244355807439,0.9199695332644201,0.887062005033091,0.8505976053587886,0.8106419843753603,0.7672397177345608,0.7203978076184702,0.6700593239277578,0.6160583816183942,0.5580363456455216,0.4952668232241859,0.42622356272463624,0.3471678146333076,0.24289681030254032
29820.0,1.0438205864383585,1.0418125297194596,1.0357940981595954,1.025787306899536,1.0118277379230955,0.9939637822488259,0.9722551799908593,0.9467709506582136,0.9175865583778656,0.8847800478944925,0.848426723129696,0.8085916579191725,0.7653188149870369,0.718614559888663,0.6684213193307993,0.6145725783811959,0.5567090971637757,0.49410385367621756,0.4252295533249148,0.3463431878394389,0.2421809581704793
29880.0,1.0410520476967202,1.0390503074339672,1.0330507962806106,1.0230754283884884,1.0091596192161616,0.9913515277510616,0.9697105976233932,0.9443054890483908,0.9152112464423473,0.882505437842786,0.8462628383192983,0.8065479475628353,0.7634041184775412,0.7168370844051661,0.666788634989103,0.6130916336603917,0.555386246327442,0.4929448346114806,0.4242390753566284,0.3455217147710718,0.2414675375486537
29940.0,1.0382923652154894,1.0362969224297798,1.0303162747611474,1.0203722354216738,1.0065000534431534,0.9887476559551992,0.9671741903903738,0.9418479581233775,0.912843584555355,0.8802381620593585,0.8441059383882579,0.8045108413150598,0.7614956171051305,0.715065371348122,0.6651612627250902,0.611615541077812,0.5540677881809781,0.4917897610300082,0.4232521203120159,0.3447033760347618,0.24075648677148384
30000.0,1.0355415296558697,1.0335523653353722,1.0275905241336318,1.0176777183795978,1.0038490307893504,0.9861521568261672,0.9646459480358097,0.9393983474378585,0.910483562155131,0.8779782099907117,0.8419560129786038,0.8024803292704996,0.7595933017395964,0.7132994127184848,0.6635391959742761,0.6101442955746077,0.5527537186870551,0.490638628353608,0.4222686795977532,0.3438881518250612,0.24004774347735758
30060.0,1.032799534286303,1.0308166293814327,1.0248735375176623,1.0149918702050567,1.0012065439678857,0.9835650228131868,0.9621258627359146,0.93695664891876,0.9081311709848432,0.8757255733135811,0.839813053879129,0.8004564035742764,0.7576971651835537,0.7115392022962235,0.6619224297397487,0.6086778933662839,0.5514440346933568,0.48949143242312687,0.42128874458292076,0.34307602203036835,0.23934124474581628
30120.0,1.0300663749405927,1.0280897103590776,1.0221653105785338,1.0123146863621704,0.9985725881795042,0.9809862488104618,0.9596139290608935,0.9345228568282253,0.9057864050566988,0.8734802458998693,0.83767705499048,0.7984390583861097,0.7558072021342166,0.7097847355987176,0.6603109605479415,0.6072163319005774,0.5501387339033861,0.48834816949876525,0.42031230664534636,0.342266966329437,0.23863692721948856
30180.0,1.0273420499760426,1.0253716065781073,1.019465841485802,1.0096461647954604,0.995947161072357,0.9784158321178972,0.9571101439367378,0.9320969677265559,0.9034492606159427,0.8712422237813737,0.8355480122899169,0.7964282898440671,0.7539234091449535,0.7080360098394767,0.6587047864057602,0.6057596098180292,0.5488378148507584,0.48720883626274475,0.419339357216071,0.34146096427958794,0.23793472721313433
30240.0,1.0246265602316014,1.0226623188252415,1.0167751308718223,1.006986305888921,0.9933302627017999,0.9758537724018035,0.9546145066069819,0.9296789804350699,0.9011197361047012,0.8690115051142497,0.8334259237957227,0.7944240960279593,0.7520457845866897,0.7062930238872628,0.6571039067590954,0.6043077269150586,0.5475412768765199,0.4860734298237477,0.41836988782178947,0.3406579953975409,0.23723458081169901
30300.0,1.0219199089859445,1.0199618503223113,1.0140931817902634,1.0043351124250415,0.9907218954901416,0.9733000716555456,0.9521270185943785,0.9272688959988281,0.898797832125628,0.8667880901431944,0.8313107895312686,0.7924264769224154,0.750174328609229,0.7045557782257016,0.6555083224527136,0.6028606841093637,0.5462491201090774,0.484941947722667,0.4174038901252012,0.33985803923366525,0.23653642395892918
30360.0,1.0192221019154744,1.0172702066843602,1.0114199996745254,1.0016925895437472,0.9881220641863019,0.970754734160094,0.94964768366245,0.9248667176491913,0.8964835514053044,0.8645719811653138,0.8292026114887234,0.790435434379666,0.7483090431025512,0.7028242749134314,0.6539180356915036,0.60141848340745,0.5449613454463661,0.48381438793928344,0.4164413559632596,0.33906107544034775,0.23584019253782645
30420.0,1.0165331470521923,1.0145873958776297,1.0087555922960334,0.9990587447012267,0.9855307758253533,0.9682177664444338,0.947176507776867,0.9224724507661647,0.8941768987573734,0.8623631824936586,0.8271013935924056,0.7884509720820702,0.7464499316581442,0.7010985175448278,0.6523330500030308,0.5999811278740897,0.5436779545399257,0.48269074889956337,0.415482277383338,0.33826708383508935,0.23514582244399668
30480.0,1.0138530547414208,1.0119134281773814,1.0060999697223854,0.9964335876285949,0.9829480396878894,0.9656891772458015,0.9447134990666285,0.9200861028404895,0.8918778810453604,0.8601617004204104,0.8250071416617947,0.7864730955044045,0.7445969995304063,0.6993785112113236,0.6507533702013388,0.5985486216035373,0.5423989497805934,0.48157102948333136,0.41452664667736433,0.3374760444588694,0.23445324965277906
30540.0,1.011181837599336,1.0092483161255392,1.0034531442753047,0.9938171302903628,0.980373867259206,0.9631689774697003,0.9422586677849941,0.9177076834354498,0.8895865071451686,0.8579675431796946,0.8229198633741972,0.7845018118759534,0.7427502535981552,0.6976642624633278,0.6491790023519434,0.5971209696923159,0.5411243342855604,0.48045522903211285,0.41357445641398694,0.33668793763024135,0.23376241028090655
30600.0,1.0085195104702698,1.0065920744880945,1.0008151304883726,0.9912093868426886,0.9778082721882358,0.9606571801496652,0.9398120262701344,0.9153372041483607,0.8873027879072102,0.8557807209100294,0.8208395682270749,0.7825371301424229,0.7409097023262725,0.6959557792727562,0.6476099537379231,0.5956981782134181,0.5398541118865628,0.4793433473569832,0.4126256994688419,0.33590274399557746,0.23307324064332768
30660.0,1.005866087844049,1.0039447176784755,0.9981859425484294,0.9886103711047305,0.9752512678005602,0.9581537980133585,0.9373735865753549,0.9129746763155139,0.8850267339461041,0.8536012435381913,0.8187662655249498,0.780579059064291,0.7390753539838324,0.6942530693795729,0.6460462313443174,0.5942802528488882,0.53858828592136,0.47823538369852353,0.41168036816627046,0.3351204441241246,0.23238569071487733
30720.0,1.0032215747114823,1.0013062506343569,0.9955655852362484,0.9860200876053282,0.9727028582926239,0.9556588348649473,0.9349433520791242,0.9106201028879094,0.882758347818543,0.8514291132938387,0.8166999572634714,0.7786276005011672,0.737247210357904,0.6925561344628863,0.6444878365133209,0.5928671940549414,0.5373268549335369,0.4771313329938789,0.4107384513127497,0.3343410188645029,0.2316997643281314
30780.0,1.0005859715802692,0.998676673821891,0.9929540588958129,0.9834385364942212,0.9701630435620934,0.9531722903121963,0.9325213220870141,0.9082734828867913,0.8804976283118885,0.8492643288115082,0.8146406420262513,0.7766827530862769,0.735425270190294,0.6908649733267455,0.6429347678685248,0.5914589997172023,0.5360698150595926,0.47603118805347694,0.40979993658727304,0.33356445295402276,0.23101547936117198
30840.0,0.9979592766754404,0.9960559854310379,0.9903513616143055,0.9808657156965572,0.9676318213268417,0.950694161840062,0.9301074938502129,0.9059348133576028,0.8782445723243899,0.8471068869282811,0.812588316691688,0.7747445138349267,0.7336095306812227,0.6891795832940777,0.6413870225961782,0.5900556663204631,0.5348171611054778,0.47493494063460107,0.40886481178485384,0.33279073473904636,0.23033285505811593
30900.0,0.9953414859748219,0.9934441814109448,0.987757489257249,0.9783016209476113,0.9651091871590515,0.9482244448439209,0.9277018625975566,0.9036040894004447,0.8759991748935985,0.8449567827096824,0.8105429764559811,0.7728128781645575,0.7317999875069213,0.6874999602233342,0.6398445964643532,0.5886571889798,0.5335688866192726,0.47384258162354387,0.40793306504578003,0.33201985535124906,0.22965191238270083
30960.0,0.9927325932445276,0.9908412555053637,0.9851724355036763,0.9757462458275299,0.9625951345193114,0.9457631326627589,0.9253044215674996,0.9012813042004265,0.873761429224676,0.8428140094755123,0.8085046148561689,0.7708878399149963,0.7299966348377339,0.685826098526245,0.638307483844835,0.587263561478453,0.5323249839732795,0.472754101191939,0.4070046849487645,0.3312518081409146,0.22897267410789976
31020.0,0.9901325900744697,0.9882471992880733,0.9825961918812934,0.9731995817960475,0.9600896547906653,0.9433102166122944,0.922915162039987,0.8989664490579091,0.8715313267185845,0.8406785588255886,0.8064732237931828,0.7689693913689295,0.7281994653568014,0.6841579911869213,0.636775677738106,0.585874776311373,0.5310854444479288,0.47166948892165395,0.4060796605334005,0.3304865882679678,0.22829516476540748
31080.0,0.9875414659138305,0.9856620021982644,0.9800287478016044,0.9706616182271454,0.9575927373125916,0.9408656860180006,0.9205340733681932,0.8966595134186023,0.8693088570001416,0.8385504206654137,0.8044487935549389,0.7670575232726246,0.7264084702794208,0.6824956297825022,0.6352491698013865,0.5844908247326088,0.5298502583123741,0.47058873390096134,0.4051579812861779,0.3297241923929377,0.22761941052508225
31140.0,0.9849592081064736,0.9830856515758635,0.9774700905949592,0.9681323424436318,0.95510436941487,0.9384295282479918,0.9181611430101213,0.8943604849034987,0.8670940079459325,0.8364295832317465,0.8024313128394649,0.765152224856946,0.7246236393731725,0.6808390045054181,0.6337279503793491,0.583111696804648,0.5286194148989417,0.4695118247970061,0.4042396371081144,0.3289646184335783,0.22694543904368028
31200.0,0.9823858019262559,0.9805181326967511,0.9749202055454916,0.9656117397515879,0.9526245364513081,0.9360017287457582,0.9157963565600197,0.8920693493386369,0.8648867657120605,0.8343160331180903,0.8004207687780884,0.7632534838587018,0.7228449609788808,0.6791881041872512,0.6322120085369586,0.581737381448105,0.5273929026702049,0.46843874990956164,0.4033246182735917,0.3282078653664065,0.226273279304593
31260.0,0.9798212306122058,0.9779594288078477,0.9723790759259135,0.9630997934746642,0.9501532218332973,0.9335822710627067,0.9134396977796015,0.8897860907846591,0.862687114761736,0.8322097553000926,0.7984171469587,0.7613612865423683,0.7210724220324345,0.677542916324048,0.6307013320938034,0.5803678664905485,0.5261707092784809,0.467369497210334,0.4024129153855279,0.32745393306027704,0.22560296146020445
31320.0,0.9772654754035391,0.9754095211620291,0.9698466830321384,0.96059648498819,0.9476904070631759,0.9311711368904974,0.9110911486290445,0.8875106915661611,0.860495037892689,0.8301107331608626,0.7964204314491069,0.7594756177222122,0.7193060080874546,0.6759034271028866,0.6291959076593125,0.5790031387136076,0.5249528216180755,0.46630405437119893,0.40150451932963555,0.32670282213378393,0.2249345166827274
31380.0,0.9747185155744758,0.9728683890528473,0.9673230062176984,0.9581017937530723,0.9452360717673541,0.9287683060931311,0.9087506892977505,0.8852431323008186,0.858310516264408,0.8280189485162122,0.794430604820505,0.7575964607848236,0.717545703338765,0.6742696214294559,0.6276957206683085,0.5776431838978346,0.5237392258708985,0.4652424087839782,0.4005994212292594,0.3259545338310637,0.2242679770261265
31440.0,0.9721803284688376,0.9703360098490257,0.9648080229279281,0.9556156973494493,0.9427901937291976,0.9263737567387889,0.9064182982348487,0.8829833919282711,0.8561335294251873,0.825934381639827,0.7924476481710648,0.755723797712061,0.7157914906465722,0.6726414829563793,0.6262007554164486,0.5762879868650129,0.5225299075461347,0.46418454757375605,0.39969761240158924,0.3252090699123059,0.22360337529993435
31500.0,0.9696508895343834,0.9678123590286895,0.962301708733887,0.9531381715100713,0.9403527489216276,0.9239874651313823,0.9040939521794169,0.8807314477387588,0.8539640553389942,0.8238570112883645,0.7904715411496493,0.7538576091043842,0.7140433515612581,0.6710189941120458,0.6247109950951941,0.5749375315177948,0.5213248515147112,0.4631304576072562,0.39879908431566746,0.3244664325563436,0.2229407449548035
31560.0,0.9671301723568677,0.9652974102133228,0.9598040373659941,0.9506691901533937,0.9379237115394206,0.921609405841804,0.9017776261904163,0.8784872754015003,0.8518020704121466,0.8217868147264918,0.7885022619796564,0.751997874204536,0.7123012663486707,0.6694021361296922,0.6232264218260177,0.5735918008766581,0.5201240420391984,0.4620801254974372,0.3979038285523994,0.32372662427339965,0.22228011997914415
31620.0,0.964618148693789,0.9627911352014075,0.9573149807473457,0.9482087254163462,0.9355030540311874,0.9192395517388551,0.8994692936763191,0.8762508489928011,0.8496475495197938,0.8197237677518598,0.7865397874829717,0.7501445709215327,0.7105652140157829,0.6677908890765446,0.6217470166936631,0.5722507771142404,0.518927462799778,0.46103353760520205,0.39701183676664986,0.32298964782652495,0.22162153480598937
31680.0,0.9621147885078013,0.9602935040017296,0.9548345090266972,0.9457567476867575,0.9330907471310054,0.916877874019838,0.8971689264244128,0.8740221410238864,0.8475004660322066,0.8176678447200003,0.7845840931040224,0.7482976758548984,0.7088351723365975,0.666185231882825,0.6202727597783017,0.5709144415871882,0.5177350969167962,0.4599906800389073,0.3961231006514385,0.3222555061605744,0.22096502422916137
31740.0,0.9596200599997669,0.9578044848663243,0.9523625906110808,0.9433132256354229,0.9306867598896871,0.914524342240788,0.8948764946297777,0.8718011224684522,0.8453607918408633,0.8156190185691585,0.7826351529339015,0.7464571643190888,0.7071111178781856,0.6645851423704652,0.6188036301865031,0.5695827748656432,0.5165469269703872,0.4589515386522117,0.39523761190421314,0.3215242023378007,0.22031062332783005
31800.0,0.9571339296414285,0.9553240443230375,0.9498991921980375,0.9408781262477748,0.9282910597056674,0.9121789243463381,0.8925919669239207,0.8695877627899228,0.8432284973843338,0.8135772608450281,0.7806929397345364,0.7446230103680297,0.7053930260267374,0.6629905972814129,0.6173396060809634,0.5682557567605367,0.5153629350175577,0.4579160990406858,0.3943553621951382,0.32079573947929907,0.21965836739861025
31860.0,0.9546563622076752,0.9528521472076833,0.9474442788074444,0.938451414855158,0.9259036123554896,0.909841586699199,0.8903153104030483,0.867382029968412,0.8411035516739485,0.8115425417253891,0.7787574249628666,0.7427951868197175,0.7036808710135342,0.6614015723054077,0.6158806647089727,0.5669333663488545,0.5141831026071041,0.4568843465375121,0.39347634313733765,0.32007012071166985,0.2190082918944234
31920.0,0.9521873208083789,0.9503887566957704,0.9449978138129137,0.9360330551656764,0.9235243820238764,0.9075122941092365,0.8880464906559842,0.8651838905273762,0.8389859223192463,0.809514830044633,0.7768285787949981,0.7409736652807981,0.7019746259407419,0.6598180421071655,0.6144267824296147,0.5656155819970164,0.5130074107926492,0.45585626620854025,0.39260054625900936,0.31934734911834994,0.21836043236941757
31980.0,0.9497267669197882,0.9479338343337885,0.9425597589727497,0.9336230092945972,0.9211533313333693,0.9051910098621442,0.8857854717917087,0.8629933095599538,0.8368755755531883,0.8074940933181401,0.7749063701502895,0.7391584161710726,0.7002742628069456,0.658239980352882,0.6129779347397255,0.5643023813825384,0.5118358401440691,0.45483184284690165,0.3917279629773312,0.3186274276951511,0.21771482442932905
32040.0,0.9472746604154548,0.945487340070025,0.9401300744604384,0.9312212377943033,0.9187904213735204,0.9028776957476853,0.883532216466518,0.8608102507549816,0.8347724762571299,0.8054802977665051,0.7729907667153346,0.7373494087478671,0.6985797525323583,0.6566673597360394,0.6115340962986332,0.5629937415141084,0.5106683707575286,0.45381106096735263,0.39085858457407296,0.3179103593095972,0.2170715036867305
32100.0,0.9448309595966727,0.943049232284898,0.9377087188946602,0.9288276996837628,0.916435611729625,0.9005723120875112,0.8812866859107844,0.8586346764226772,0.8326765879855352,0.8034734083395739,0.7710817349677996,0.7355466111302037,0.6968910649836356,0.6551001520024506,0.6100952409517142,0.56168963875022,0.509504982264324,0.45279390480047227,0.38999240217282877,0.3171961466637061,0.21643050572067685
32160.0,0.9423956212224232,0.9406194678207921,0.9352956493688048,0.9264423524775196,0.9140888605109854,0.8982748177625263,0.8790488399553216,0.8564665475199821,0.8305878729904154,0.8014733887402764,0.7691792402000815,0.7337499903227286,0.6952081689982526,0.6535383279745405,0.6086613417528128,0.5603900488164719,0.5083456538386907,0.45178035828682017,0.3891294067177842,0.3164847922599055,0.21579186604032033
32220.0,0.9399686005387983,0.9381980020113774,0.9328908214799752,0.9240651522141793,0.9117501243786928,0.8959851702398023,0.876818637057337,0.854305823675545,0.8285062922454811,0.7994802014482218,0.7672832465427338,0.7319595122393421,0.6935310324083901,0.651981857574837,0.6072323709855668,0.5590949468216619,0.5071903642047287,0.4507704050711336,0.38826958895393865,0.31577629836980364,0.21515562005211317
32280.0,0.9375498513078905,0.9357847887103979,0.9304941893574691,0.9216960534843807,0.909419358572905,0.8937033255990279,0.8745960343259601,0.8521524632143451,0.8264318054699914,0.7974938077430358,0.7653937169876456,0.7301751417264905,0.6918596220642984,0.650430709848675,0.605808300183685,0.5578043072727717,0.5060390916425567,0.44976402849662844,0.38741293940870003,0.31507066700557496,0.21452180303026236
32340.0,0.9351393258361408,0.9333797803199159,0.9281057056907158,0.9193350094582413,0.907096516939626,0.8914292385584853,0.8723809875473453,0.8500064231819373,0.8243643711522759,0.7955141677274117,0.763510613410918,0.7283968425860796,0.6901939038571099,0.6488848529861029,0.6043891001502231,0.556518104088928,0.5048918139938048,0.4487612115994491,0.38655944837477463,0.31436789989373426,0.21389045009013657
32400.0,0.9327369750021255,0.9309829278179987,0.9257253217566732,0.9169819719122667,0.9047815519569722,0.8891628625005403,0.8701734512093297,0.8478676593683088,0.8223039465729219,0.793541240349853,0.7616338965954165,0.7266245775979757,0.688533842741069,0.6473442543430036,0.6029747409759061,0.5552363106144373,0.5037485086665394,0.447761937103308,0.3857091058942798,0.31366799845111004,0.21326159616436416
32460.0,0.9303427484748114,0.9285941809764302,0.9233529876359086,0.9146368914427491,0.9024744149448514,0.8869041496766451,0.8679733787008727,0.8457361265009822,0.820250487990906,0.791574983583305,0.7597635264014206,0.7248583086820877,0.6868794028861636,0.6458088805828311,0.6015651921678254,0.5539588997316718,0.5026091527293988,0.4467661874926838,0.3848619018103449,0.3129709638019549,0.21263527495947182
32520.0,0.9279565964139364,0.9262134900570855,0.9209886538969734,0.9122997191302238,0.9001750577017384,0.8846530528088523,0.8657807238710035,0.8436117797544158,0.8182039520968152,0.7896153558159494,0.7578994630890672,0.7230979981467582,0.6852305488467887,0.6442786987597304,0.6001604236409334,0.5526858447547074,0.5014737237014344,0.4457739456933413,0.38401782632083575,0.312276796927678,0.21201151074562985
32580.0,0.9255784708242583,0.923840807162978,0.9186322729378735,0.9099704078650583,0.8978834338081881,0.8824095263652348,0.8635954422703466,0.8414945759520921,0.8161642971702657,0.7876623169590034,0.7560416683718282,0.7213436096833296,0.6835872464927901,0.6427536771812338,0.5987604065072952,0.5514171201398368,0.50034220017831,0.44478519560324187,0.38317687034130704,0.3115854982826377,0.21139031429785915
32640.0,0.9232083256131876,0.921476086295731,0.9162837990430539,0.9076489124036385,0.8955994986819449,0.8801735266136878,0.8614174912034391,0.8393844736172618,0.814131483129045,0.7857158284942719,0.7541901054624363,0.7195951084102497,0.6819494630512122,0.6412337854466453,0.5973651131095274,0.550152701511805,0.4992145618467416,0.44379992207516716,0.382339025354329,0.3108970672573938,0.21077168588307063
32700.0,0.9208461165619701,0.9191192833267942,0.9139431883547344,0.9053351893399261,0.8933232095498403,0.8779450115943187,0.8592468297018325,0.8372814329470112,0.8121054715044562,0.783775853451085,0.7523447390516624,0.7178524608537423,0.680317167088573,0.6397189944301404,0.5959745170033345,0.5488925656432095,0.49809078945352114,0.4428181108480808,0.38150428322559055,0.310211501928977,0.21015561774964475
32760.0,0.9184918012973231,0.9167703559691278,0.9116103988447222,0.9030291970774889,0.8910545254201697,0.8757239410923355,0.857083418497688,0.8351854157868345,0.8100862254171586,0.781842356383698,0.7505055352874817,0.7161156349287408,0.6786903284932447,0.6382092762637911,0.5945885929396169,0.5476366904322909,0.4969708647692965,0.4418397484697099,0.38067263604671203,0.30952879899355257,0.2095420959245303
32820.0,0.9161453392635215,0.9144292637493261,0.9092853902866609,0.9007308958019848,0.8887934070555331,0.8735102766114015,0.854927219997861,0.8330963856056882,0.8080737095534786,0.7799153033491167,0.7486724617545859,0.714384599920065,0.6770689184579237,0.6367046043204451,0.5932073168459299,0.5463850548787017,0.4958547705478337,0.44086482221742784,0.379844076013006,0.3088489538005096,0.20893110153322797
32880.0,0.9138066916948994,0.9120959679801607,0.9069681242287079,0.8984402474540745,0.8865398169461104,0.8713039813474411,0.8527781982584359,0.8310143074715062,0.806067890142155,0.7779946618853197,0.7468454874542187,0.7126593264637971,0.675452909462139,0.6352049531963699,0.5918306658070981,0.5451376390571824,0.49474249048222774,0.43989332002269854,0.3790185953349556,0.30817196044020534,0.20832261178623968
32940.0,0.9114758215887472,0.9097704317335238,0.9046585639666134,0.8961572157027416,0.8842937192833549,0.8691050201628683,0.8506363189596947,0.8289391480271364,0.8040687349315002,0.7760804009898487,0.7450245827842997,0.7109397865288358,0.673842275254749,0.6337102986935604,0.590458618044866,0.5438944240893594,0.49363400915972155,0.43892523040229525,0.3781961861786169,0.30749781185734826,0.20771660072891787
33000.0,0.9091526936785886,0.9074526198137494,0.9023566745171815,0.8938817659190008,0.8820550799340876,0.8669133595612266,0.8485015493814951,0.826870875466687,0.8020762131669406,0.7741724910987346,0.7432097195198102,0.7092259533985791,0.6722369908363771,0.6322206178016317,0.5890911528965586,0.5426553921140781,0.4925293120166397,0.43796054239786486,0.3773768406292995,0.3068264999738069,0.20711303982098944
33060.0,0.906837274407812,0.9051424987312906,0.9000624225920915,0.8916138651499778,0.8798238664149567,0.8647289676621994,0.8463738583790315,0.8248094595122515,0.8000902955689173,0.7722709040657342,0.7414008707934029,0.7075178016527084,0.6706370324417232,0.6307358886792422,0.587728250792811,0.5414205262567758,0.4914283852946395,0.4369992455242579,0.3765605506732411,0.30615801581167706,0.20651189839164813
33120.0,0.9045295319036364,0.9028400366767368,0.89777577657206,0.8893534820933298,0.8776000478672614,0.8625518141769912,0.8442532163589617,0.8227548713909856,0.7981109543111115,0.7703756131418471,0.7395980110762054,0.7058153071490217,0.6690423775217119,0.6292560906350235,0.586369893234503,0.5401898105984196,0.4903312159991484,0.4360413297263441,0.3757473081927776,0.3054923496116392,0.2059131440024034
33180.0,0.9022294359513995,0.9005452034951457,0.8954967064813267,0.887100587071997,0.8753835950321027,0.8603818703840451,0.8421395952558688,0.8207070838125164,0.7961381629989767,0.7684865929550764,0.7378011161587866,0.7041184470052897,0.6674530047254367,0.6277812041080288,0.5850160627690648,0.5389632301444848,0.48923779186053884,0.435086785343619,0.3749371049713642,0.3048294909441238,0.20531674274055783
33240.0,0.8999369579691385,0.8982579706606766,0.8932251839624432,0.8848551520092669,0.8731744802258551,0.8582191091050768,0.8400329685090503,0.8186660709466561,0.794171896648546,0.7666038194904197,0.7360101631322489,0.7024271995810887,0.6658688938818761,0.6263112106477355,0.5836667429663606,0.5377407707943882,0.4881481012983467,0.434135603081733,0.3741299327056012,0.3041694288122612,0.20472265945976606
33300.0,0.897652070982453,0.8959783112515073,0.8909611822513442,0.8826171504041211,0.8709726773159305,0.8560635046814159,0.8379333110395928,0.8166318084014024,0.7922121316654928,0.7647272700700497,0.7342251303694196,0.7007415444595856,0.6642900259813754,0.6248460928936561,0.5823219183943373,0.5365224193116972,0.48706213338863225,0.4331877739900175,0.37332578302207337,0.3035121517464159,0.20413085797967415
33360.0,0.8953747495996334,0.8937061999250119,0.888704676152693,0.8803865573068597,0.8687781616968195,0.8539150329506155,0.8358405992277299,0.814604273201196,0.7902588458244145,0.7628569233336594,0.7324459975061093,0.699061462429252,0.6627163831568904,0.6233858345546464,0.5809815745946404,0.5353081632953691,0.4859798778344533,0.43224328944411605,0.372524647497355,0.3028576478905689,0.20354130125349099
33420.0,0.8931049699870295,0.8914416128931854,0.8864556420154671,0.878163349294978,0.8665909102663922,0.85177367122333,0.8337548108904506,0.8125834437654118,0.788312018248321,0.7609927592189449,0.7306727454224089,0.6973869354654869,0.6611479486650175,0.621930420387974,0.5796456980583568,0.5340979911521854,0.48490132493931587,0.4313021411328956,0.37172651767995335,0.3022059050810492,0.20295395151011192
33480.0,0.8908427098446522,0.8891845278982997,0.8842140577087826,0.8759475044492799,0.8644109014024364,0.8496393982604266,0.8316759252593403,0.8105692998870688,0.7863716293882926,0.7591347589422012,0.7289053562240071,0.6957179467121382,0.6595847068668222,0.6204798361782498,0.5783142762020361,0.5328918920704874,0.4838264655834125,0.43036432104890476,0.37093138511327967,0.3015569109182076,0.20236877037580353
33540.0,0.8885879483819854,0.8869349241887703,0.8819799025979324,0.8737390023302102,0.8622381149394189,0.8475121942503233,0.829603922958637,0.8085618227117299,0.7844376610032998,0.7572829049790073,0.7271438132234989,0.6940544804629205,0.6580266432085031,0.61903406871629,0.5769872973441145,0.5316898559952714,0.4827552912024266,0.429429821481742,0.3701392413589956,0.3009106528316679,0.20178571897928335
33600.0,0.8863406662939903,0.8846927824952204,0.8797531575206244,0.8715378239543868,0.8600725321454518,0.8453920407865236,0.8275387859834754,0.8065609947165711,0.7825100961401414,0.7554371810449723,0.7253881009216834,0.6923965221427228,0.6564737442019223,0.6175931057779958,0.5756647506818237,0.5304918736046472,0.481687793768665,0.4284986350137855,0.36935007802025804,0.30026711813976553,0.2012047580431683
33660.0,0.8841008457372959,0.8824580850067262,0.8775338047633994,0.8693439517713255,0.8579141356994435,0.8432789208453367,0.82548049767831,0.8045667996895999,0.7805889191134979,0.7535975720765309,0.7236382049888203,0.6907440582888204,0.6549259974050382,0.6161569361033167,0.5743466262686667,0.5292979362876493,0.4806239657742805,0.4275707545178187,0.36856388676453083,0.29962629410374736,0.20062584796411861
33720.0,0.8818684703065508,0.8802308153472289,0.8753218280382227,0.8671573696403232,0.855762909668419,0.8411728187637634,0.8234290427154823,0.8025792227090033,0.778674115486068,0.751764064211764,0.7218941122458487,0.6890970765319918,0.6533833914022787,0.6147255493753593,0.5730329149925127,0.528108036123345,0.4795638002163547,0.4266461731561675,0.3677806593457347,0.29898816797726974,0.2000489488835222
33780.0,0.8796435250109251,0.8780109585520958,0.8731172124592229,0.8649780628075069,0.8536188394849961,0.8390737202175342,0.8213844070739315,0.8005982501225984,0.7767656720487737,0.749936644771231,0.7201558106455577,0.6874555655775574,0.6518459157848874,0.6132989361996949,0.5717236085543257,0.526922165861191,0.4785072905836262,0.42572488438101674,0.3670003876255799,0.29835272705166466,0.19947402075019405
33840.0,0.8774259962507509,0.8757985010448173,0.8709199445195659,0.8628060178830113,0.851481911924998,0.8369816121992664,0.8193465780180141,0.7986238695273812,0.7748635768010086,0.7481153022387974,0.7184232892537045,0.6858195151863494,0.6503135611312769,0.6118770880839013,0.5704186994475644,0.5257403189025591,0.4774544308446577,0.4248068819356412,0.3662230635939865,0.2977199586974111,0.19890102337628343
33900.0,0.8752158717942781,0.8735934306138258,0.8687300120684622,0.8606412228182838,0.8493521150851798,0.8348964829967456,0.8173155440764253,0.7966560697491383,0.7729678189309285,0.746300026242448,0.7166965382300741,0.6841889161556277,0.6487863189874205,0.6104599974173852,0.569118180938239,0.5245624892833571,0.4764052154372677,0.42389215985632533,0.36544867938853687,0.29708985040219227,0.19832991648735915
33960.0,0.873013140754542,0.871395736389423,0.866547404288267,0.8584836668834942,0.8472294383610698,0.8328183221712971,0.8152912950211965,0.7946948408221168,0.7710783887957477,0.7444908075350788,0.7149755488094912,0.6825637602999584,0.6472641818473109,0.6090476574514995,0.5678220470456254,0.5233886716576668,0.4753596392590535,0.4229807124747871,0.3646772273129355,0.2964623898058837,0.1977606597674736
34020.0,0.8708177935663229,0.8692054088208007,0.8643721116716858,0.8563333406450412,0.8451138724248914,0.8307471205362421,0.8132738218467628,0.7927401739687302,0.769195277902048,0.742687637975252,0.7132603132827792,0.680944040432066,0.6457471431335043,0.6076400622799779,0.5665302925236235,0.5222188612823132,0.4743176976588579,0.42207253442095727,0.3639086998544712,0.29583756473277056,0.1971932128998659
34080.0,0.8686298219631886,0.8670224396531393,0.8622041259990556,0.8541902359431333,0.8430054092035644,0.8286828701354139,0.8112631167490711,0.7907920615792872,0.7673184788860723,0.7408905105079173,0.711550824977663,0.6793297503436745,0.6442351971777714,0.6062372068197007,0.5652429128427265,0.5210530540022899,0.4732793864290488,0.42116762062598667,0.3631430897004947,0.2952153632212675,0.19662753560385995
34140.0,0.8664492189545981,0.8648468219047771,0.8600434403156925,0.8520543458694383,0.8409040418567658,0.8266255642217288,0.8092591731047291,0.788850497191732,0.7654479854940012,0.7390994191450805,0.7098470782396364,0.6777208847863513,0.6427283392018822,0.6048390867917921,0.5639599041725921,0.5198912462369644,0.4722447017984916,0.4202659663253838,0.36238038975392967,0.2945957735513771,0.19606358766842116
34200.0,0.8642759788030661,0.8626785498444319,0.8578900489092944,0.8499256647447828,0.8388097647550334,0.8245751972357901,0.8072619854501645,0.7869154754713756,0.7635837925621998,0.7373143589464344,0.7081490684127791,0.6761174394523609,0.6412265652985166,0.6034456987030558,0.562681263365168,0.5187334349669857,0.4712136404261102,0.4193675670621961,0.3616205931478518,0.2939787842701025,0.195501328982764
34260.0,0.862110094697068,0.8605176166695602,0.8557439450046327,0.8478041858409492,0.8367225712392866,0.8225317626135051,0.8052715473474172,0.7849869901445501,0.7617258940279856,0.7355353241160075,0.7064567900305656,0.6745194092674627,0.6397298708335911,0.6020570383652967,0.5614069865986762,0.5175796165109602,0.4701861983185417,0.4184724177536689,0.3608636924718478,0.2933643837470904,0.1949407318044709
34320.0,0.8599515513292575,0.8583640071019492,0.8536051134111741,0.8456898941146861,0.8346424464750564,0.8204952457936576,0.8032878445772591,0.7830650274083857,0.75987427658591,0.7337623019333857,0.7047702310489802,0.6729267829513976,0.6382382453582205,0.6006730961817024,0.5601370650604561,0.5164297826261568,0.46916236736974487,0.4175805096955273,0.3601096773590211,0.2927525598680071,0.19438181410556274
34380.0,0.8578003309469778,0.8562177034240688,0.8514735365170303,0.8435827721312489,0.8325693732780187,0.8184656299183918,0.8013108606882706,0.7811495713029573,0.7580289248583825,0.731995277699307,0.7030893775447818,0.6713395474479047,0.6367516767511245,0.5992938609840139,0.5588714884631888,0.5152839236901291,0.46814213819884554,0.41669183307562696,0.3593585368860359,0.29214330272704825,0.19382459834356747
34440.0,0.8556564155383284,0.854078687660024,0.8493491964545964,0.8414828022046079,0.8305033342188031,0.8164428978928213,0.7993405790017024,0.7792406056521017,0.7561898232634798,0.7302342365218635,0.7014142154119594,0.6697576895238354,0.6352701527135289,0.5979193214172471,0.5576102463145798,0.5141420298526344,0.46712550118973184,0.41580637794097447,0.35861026052896033,0.2915366043642738,0.19326910082214008
34500.0,0.8535197868369404,0.8519469415803254,0.8472320751052955,0.8393899664021521,0.8284443116276099,0.814427032389522,0.7973769826157531,0.7773381140673716,0.7543569560184222,0.7284791633193298,0.6997447303637628,0.6681811957703687,0.6337936607697854,0.5965494659403779,0.5563533279196893,0.5130040910438975,0.4661124465187143,0.41492413427297714,0.3578648382186928,0.2909324580765517,0.19271533351000855
34560.0,0.851390426326735,0.8498224467066372,0.8451221541043035,0.8373042465493583,0.8263922875987981,0.8124180158529715,0.7954200544097866,0.7754420799519142,0.7525303071429698,0.7267300428229223,0.698080907934712,0.6666100526042785,0.6323221882681744,0.595184282827475,0.5551007223843903,0.5118700969856549,0.46510296418510294,0.41404509204449513,0.35712226032353916,0.2903308579793977,0.19216330529970388
34620.0,0.8492683152466508,0.8477051843164977,0.8430194148452363,0.8352256242344245,0.8243472439954227,0.8104158305039441,0.7934697770484925,0.7735524865042837,0.7507098604627497,0.7249868595795051,0.6964227334825946,0.6650442462692725,0.6308557223819311,0.5938237601693803,0.5538524186200872,0.5107400372042921,0.4640970440409018,0.41316924125780263,0.3563825176019167,0.28973179872635896,0.19161302288595666
34680.0,0.8471534345953435,0.8455951354480062,0.8409238384848083,0.8331540808128689,0.8223091624537363,0.8084204583438442,0.7915261329859786,0.7716693167221831,0.7488955996125197,0.723249597954252,0.6947701921904645,0.663483762837422,0.6293942501105417,0.5924678858760147,0.5526084053496135,0.5096139010451355,0.46309467581732083,0.41229657196686137,0.35564560114656024,0.2891352753279673,0.19106449138351322
34740.0,0.8450457651358546,0.8434922809044846,0.8388354059474578,0.8310895974120912,0.8202780243876401,0.8064318811589961,0.7895891044698068,0.7697925534061427,0.7470875080393689,0.7215182421332631,0.6931232690686442,0.6619285882107058,0.6279377582813486,0.5911166476793153,0.5513686711141019,0.5084916776869773,0.46209584914712265,0.4114270742880959,0.3549115023302468,0.2885412830339744,0.190517714764849
34800.0,0.8429452874002489,0.841396601259099,0.8367540979299349,0.8290321549358914,0.8182538109930926,0.8044500805248761,0.7876586735449688,0.7679221791631332,0.7452855690058585,0.7197927761261569,0.6914819489567658,0.6603787081226945,0.6264862335514925,0.5897700331367963,0.5501332042805336,0.507373356156143,0.46110055358267776,0.410560738403361,0.354180212757192,0.28794981725600605,0.1899726961723545
34860.0,0.8408519816942192,0.8393080768594565,0.8346798949058567,0.8269817340689514,0.8162365032524688,0.802475037810287,0.7857348220577995,0.7660581764101195,0.74348976559312,0.7180731837686379,0.6898462165258509,0.6588341081403974,0.6250396624102,0.5884280296356372,0.5489019930496851,0.5062589253396207,0.46010877861008714,0.4096975545579489,0.3534517242213408,0.2873608735161534,0.1894294381423282
34920.0,0.8387658281016556,0.837226687832157,0.8326127771302182,0.8249383152812705,0.8142260819388737,0.8005067341814872,0.7838175316598326,0.7642005273775564,0.7417000807039013,0.7163594487250587,0.6882160562804456,0.6572947736662785,0.623598031181408,0.5870906243972163,0.5476750254642004,0.5051483739970087,0.45912051365994067,0.4088375130556841,0.3527260286713966,0.2867744474122696,0.18888794276653564
34980.0,0.8366868064891769,0.8351524140873158,0.8305527246438683,0.8229018788325577,0.8122225276204029,0.7985451506062563,0.7819067838115987,0.7623492141128302,0.7399164970655814,0.7146515544909736,0.6865914525608301,0.6557606899404644,0.6221613260267013,0.5857578044819675,0.5464522894165768,0.5040416907711692,0.45813574811532054,0.40798060425249444,0.3520031181818602,0.286190534594068,0.18834821180924533
35040.0,0.8346148965106271,0.8330852353230377,0.8284997172779429,0.820872404776578,0.8102258206643546,0.7965902678579102,0.7800025597863669,0.7605042184836486,0.7381389972331455,0.7129494843957105,0.6849723895453065,0.6542318420431306,0.6207295329485285,0.5844295567944671,0.5452337726569073,0.5029388641976035,0.4571544713176317,0.407126818549372,0.35128298492917204,0.28560913074622263,0.18781024679230177
35100.0,0.8325500776115273,0.8310251310298614,0.8264537346582531,0.8188498729654561,0.808235941241393,0.794642066519263,0.7781048406738342,0.7586655221813867,0.7363675635921407,0.7112532216049515,0.6833588512525789,0.6527082148970668,0.619302637793653,0.5831058680886373,0.5440194628002731,0.5018398827126349,0.4561766725707544,0.40627614638528486,0.3505656211720762,0.28503023157603763,0.18727404905709924
35160.0,0.8304923290334935,0.8289720804951547,0.8244147562096332,0.8168342630539268,0.806252869329658,0.7927005269865304,0.7762136073837591,0.75683310672439,0.7346021783616148,0.7095627491233483,0.6817508215442205,0.651189793270409,0.617880626256786,0.5817867249729884,0.5428093473337176,0.5007447346604927,0.4552023411439315,0.40542857823037454,0.3498510192354163,0.28445383280410297,0.1867396198097699
35220.0,0.8284416298186059,0.8269260628074688,0.822382761160241,0.8148255545035432,0.8042765847188247,0.7907656294731894,0.7743288406495514,0.7550069534612346,0.7328428235970335,0.7078780497971607,0.6801482841272383,0.6496765617795233,0.616463483884369,0.5804721139158311,0.5416034136227682,0.4996534082994517,0.45423146627372135,0.40458410457961275,0.34913917149669615,0.28387993015691704,0.18620696015410168
35280.0,0.8263979588137389,0.8248870568608506,0.820357728545813,0.8128237265868319,0.8023070670141121,0.7888373540137784,0.7724505210318084,0.7531870435739607,0.7310894811931986,0.7061991063169345,0.6785512225567242,0.6481685048920127,0.6150511960784545,0.5791620212504024,0.5404016489175089,0.4985658918071293,0.45326403716526864,0.40374271594699723,0.3484300703748622,0.28330851936082446,0.18567607111544726
35340.0,0.8243612946748429,0.8228550413591061,0.8183396372138722,0.8108287583914022,0.800344295640241,0.7869156804676497,0.7705786289218087,0.7513733580812714,0.7293421328871585,0.7045259012202174,0.6769596202385915,0.6466656069298428,0.6136437481006433,0.5778564331798661,0.5392040403582016,0.4974821732850863,0.45230004299309,0.4029044028603052,0.34772370832086413,0.28273959613683886,0.18514695365798886
35400.0,0.8223316158711835,0.8208299948200193,0.8163284658278888,0.8088406288240021,0.7983882498453398,0.7850005885226731,0.7687131445449683,0.7495658778417044,0.7276007602611225,0.702858416894314,0.6753734604323927,0.6451678520725536,0.6122411250760529,0.5765553357821627,0.5380105749804898,0.49640224076282385,0.4513394729015211,0.40206915585638736,0.3470200778096436,0.28217315619607736,0.18461960869708782
35460.0,0.8203089006895309,0.8188118955795235,0.8143241928713922,0.8068593166145285,0.7964389087048037,0.783092057698894,0.7668540479642499,0.7477645835567823,0.7258653447453784,0.7011966355790792,0.6737927262542007,0.6436752243605356,0.6108433119972796,0.5752587150146858,0.5368212397202041,0.4953260822012777,0.45038231600493284,0.4012369654769669,0.3463191713332778,0.28160919523563777,0.18409403710798622
35520.0,0.8182931272383064,0.816800721795828,0.8123267966520332,0.8048848003199858,0.7944962511250996,0.7811900673521405,0.7650013190835397,0.7459694557741464,0.724135867621215,0.6995405393697501,0.6722174006795579,0.6421877076983663,0.6094502937283389,0.5739665567187784,0.535636021417805,0.4942536854958957,0.4494285613877959,0.4004078222648967,0.3456209813950521,0.28104770893479547,0.18357023973179837
35580.0,0.8162842734516751,0.8147964514534881,0.8103362553055994,0.802917058328394,0.7925602558475263,0.779294596677591,0.7631549376509903,0.7441804748906657,0.7224123100238524,0.6978901102198106,0.6706474665464707,0.6407052858581674,0.6080620550085599,0.5726788466240461,0.5344549068224995,0.49318503847936296,0.44847819810465156,0.39958171676083143,0.34492550050430015,0.28048869295145623,0.18304821737948795
35640.0,0.814282317093593,0.8127990623674355,0.808352546799977,0.8009560688626474,0.7906309014519255,0.7774056247132988,0.7613148832623294,0.7423976211555398,0.7206946529453824,0.6962453299438893,0.6690829065584439,0.6392279424829872,0.6066785804564171,0.5713955703524888,0.5332778825960544,0.4921201289240368,0.44753121518002714,0.3987586395002636,0.34423272117186543,0.2799321429188161,0.1825279708343482
35700.0,0.8122872357618031,0.8108085321869516,0.8063756489390658,0.7990018099843263,0.788708166360347,0.7755231303436724,0.7594811353641384,0.7406208746733787,0.7189828772377141,0.6946061802206824,0.6675237032875521,0.6377556610901831,0.6052998545732973,0.5701167134224486,0.5321049353163461,0.4910589445441384,0.4465876016083298,0.3979385810108891,0.34354263590608736,0.2793780544421999,0.18200950085337703
35760.0,0.8102990068917834,0.8088248383995941,0.8044055393666458,0.797054259597458,0.7867920288406652,0.7736470923029178,0.7576536732571038,0.7388502154072808,0.7172769636155278,0.6929726425958994,0.6659698391775257,0.6362884250747949,0.603925861747183,0.5688422612523877,0.5309360514806609,0.4900014729977436,0.4456473463537303,0.39712153181025395,0.3428552372092213,0.27882642309605865,0.18149280816783342
35820.0,0.8083176077606421,0.8068479583350765,0.802442195570189,0.795113395452229,0.7848824670101531,0.7717774891784459,0.7558324760992399,0.7370856231818911,0.7155768926592344,0.6913446984852257,0.6644212965468582,0.6348262177128984,0.6025565862562509,0.5675721991645001,0.5297712175087939,0.4889477018886022,0.4447104383500606,0.396307482403656,0.34217051757422856,0.2782772444211157,0.18097789348320037
35880.0,0.8063430154909668,0.8048778691690905,0.8004855948846288,0.7931791951486518,0.7829794588390135,0.7699142994142354,0.7540175229090905,0.735327077686454,0.713882644817941,0.6897223291773026,0.6628780575919109,0.633369022164932,0.6011920122723885,0.5663065123881684,0.5286104197459427,0.4878976187678165,0.4437768665007217,0.3954964232822661,0.3414884694818817,0.27773051392165016,0.18046475747871832
35940.0,0.8043752070546171,0.8029145479270837,0.7985357144960724,0.7912516361401812,0.7810829821538637,0.7680575013141706,0.7522087925688993,0.7335745584778508,0.7121942004124117,0.6881055158367088,0.6613401043900226,0.6319168214789914,0.5998321238646158,0.565045186063271,0.5274536444654362,0.4868512111354006,0.44284661967861977,0.39468834492144916,0.340809085398142,0.2771862270629152,0.17995340080661662
36000.0,0.8024141592764731,0.8009579714879849,0.7965925314454689,0.7893306957372872,0.7791930146411827,0.766207073045339,0.7504062638277629,0.7318280449836314,0.7105115396380395,0.6864942395069491,0.6598074189026052,0.6304695985940738,0.5984769050024169,0.5637882052433512,0.5263008778713063,0.4858084664417366,0.441919686726123,0.3938832377792542,0.34013235777177525,0.2766443792686824,0.17944382409113568
36060.0,0.8004598490585421,0.7990081168077786,0.7946560228505833,0.7874163513267705,0.777309534062933,0.7643629928489576,0.7486099155069074,0.7300875167007377,0.7088346427561732,0.6848884812936169,0.6582799831493942,0.6290273365046762,0.5971263397098592,0.5625355550383306,0.5251521062285568,0.48476937220432026,0.4409960565573683,0.39308109238373506,0.3394582791063078,0.27610496596618245,0.17893602675337336
36120.0,0.7985122541210423,0.7970649616588433,0.7927261666401103,0.7855085810972102,0.7754325189699537,0.762525239738402,0.7468197271791417,0.7283529538532967,0.7071634907273212,0.6832882229701972,0.6567577797841919,0.6275900188038915,0.5957804125735201,0.5612872210847284,0.5240073162931286,0.4837339163950008,0.4400757185004792,0.392281899627804,0.3387868421990359,0.2755679826575872,0.1784300036035868
36180.0,0.7965713524763841,0.7951284841051522,0.790802941032534,0.783607363523902,0.7735619481953664,0.7606937930034319,0.7450356786862167,0.7266243369253804,0.7054980647614958,0.6816934465481282,0.6552407916866374,0.6261576292987424,0.594439108383015,0.5600431892127967,0.5228664950068472,0.4827020871638193,0.43915866205125415,0.3914856505520835,0.3381180399387022,0.27503342469102615,0.17792574851120707
36240.0,0.7946371222274546,0.7931986623010259,0.7888863243362702,0.7817126771713016,0.7716978006602376,0.7588686320199819,0.7432577499536416,0.7249016464817375,0.7038383461457473,0.6801041341119753,0.6537290018058263,0.6247301518629372,0.5931024119934704,0.5588034453191195,0.5217296293804232,0.4816738727325716,0.4382448767770382,0.3906923362565488,0.33745186521907916,0.2745012872533736,0.17742325551675284
36300.0,0.7927095415670435,0.7912754744905445,0.7869762949490514,0.779824500692384,0.7698400553729043,0.757049736249462,0.7414859209899864,0.7231848631671393,0.7021843162436114,0.6785202678190462,0.6522223931601293,0.6233075704368867,0.5917703083256273,0.5575679753666007,0.5205967064930188,0.4806492613934865,0.43733435231351075,0.3899019478931881,0.3367883109304108,0.27397156541291956,0.17692251876542087
36360.0,0.790788588777258,0.7893588990069583,0.7850728313573225,0.7779428128280069,0.7679886914283071,0.7552370852380699,0.7397201718862018,0.7214739677057503,0.7005359564945833,0.6769418298990246,0.6507209488370104,0.6218898690276851,0.5904427823658891,0.55633676538438,0.519467713491704,0.4796282415077079,0.43642707836122985,0.38911447665970883,0.3361273699564278,0.2734442541493731,0.17642353246244896
36420.0,0.7888742422289342,0.7874489142720938,0.7831759121356265,0.7760675924062723,0.7661436880073251,0.7534306586161167,0.737960482814954,0.7197689409005182,0.6988932484136089,0.6753688026536078,0.649224651992845,0.6204770317090756,0.5891198191663245,0.5551098014676639,0.5183426375907942,0.4786108015036115,0.4355230446821842,0.3883299137945201,0.3354690351743068,0.2729193483754319,0.17592629084332193
36480.0,0.7869664803810485,0.7855454987957577,0.7812855159459912,0.7741988183418888,0.7643050243761222,0.7516304360973587,0.7362068340299807,0.7180697636325796,0.6972561735905985,0.6738011684561644,0.6477334858527304,0.6190690426213824,0.5878014038446144,0.5538870697774787,0.517221466071082,0.4775969298750153,0.43462224109652525,0.3875482505728958,0.33481329945611105,0.2723968429526516,0.175430788154135
36540.0,0.7850652817801244,0.7836486311751375,0.779401621537315,0.7723364696355414,0.7624726798854983,0.7498363974783496,0.7344592058654572,0.7163764168606921,0.6956247136899544,0.6722389097513988,0.646247433710294,0.6176658859714196,0.5864875215839436,0.5526685565403461,0.5161041862789592,0.47658661517934653,0.43372465747957684,0.3867694783041196,0.3341601556709034,0.2718767327034052,0.1749370186389185
36600.0,0.7831706250596339,0.7817582900942015,0.7775242077447574,0.7704805253732626,0.7606466339702411,0.7480485226377931,0.7327175787353819,0.7146888816206767,0.6939988504501119,0.670682009055017,0.6447664789274884,0.616267546032369,0.5851781576328489,0.5514542480478829,0.5149907856254723,0.47557984603581255,0.43283028375916854,0.3859935883294112,0.3335095966870986,0.27135901242011645,0.17444497653174282
36660.0,0.7812824889394046,0.7798744543230959,0.7756532534891216,0.7686309647258012,0.7588268661484958,0.7462667915359165,0.730981933132974,0.7130071390248789,0.6923785656830983,0.6691304489534035,0.6432906049343811,0.614874007143631,0.5838732973050071,0.5502441306563299,0.5138812515853147,0.4745766111236272,0.4319391099132905,0.38522057202044335,0.3328616153748261,0.27084367687255845,0.17395465605209287
36720.0,0.7794008522250173,0.7779971027175465,0.7737887377762476,0.7667877669480063,0.7570133560211357,0.7444911842138496,0.729252249630091,0.711331170261643,0.6907638412740967,0.6675842121032964,0.6418197952289314,0.6134852537106451,0.5825729259789778,0.5490381907860241,0.5127755716957864,0.473576899180311,0.4310511259680569,0.38445042077831054,0.33221620460818696,0.27033072081375303,0.17346605140247295
36780.0,0.7775256938072127,0.7761262142182556,0.7719306396964017,0.764950911378207,0.7552060832711441,0.7427216807930193,0.7275285088766474,0.7096609565948021,0.6891546591810248,0.6660432812314658,0.6403540333767536,0.6121012702046781,0.5812770290979009,0.5478364149208169,0.5116737335557381,0.47258069900009325,0.4301663219959469,0.38368312603282917,0.3315733572673613,0.2698201389848408,0.17297915676751882
36840.0,0.7756569926612904,0.7742617678503029,0.7700789384236705,0.7631203774376006,0.7534050276630015,0.7409582614745515,0.725810691600062,0.7079964793631781,0.6875510014341177,0.6645076391343925,0.6388933030108672,0.6107220411625854,0.5799855921691468,0.5466387896074536,0.5105757248245171,0.47158799943241453,0.4292846881142923,0.3829186792420831,0.3309330662405479,0.269311926119175,0.17249396631411545
36900.0,0.773794727846515,0.7724037427225459,0.7682336132153574,0.7612961446296461,0.7516101690420824,0.7392009065386832,0.7240987786047051,0.7063377199800938,0.6859528501355221,0.662977268677941,0.637437587831433,0.6093475511865444,0.5786986007639344,0.5454453014549243,0.5094815332209259,0.47059878938054195,0.4284062144839776,0.38215707189215253,0.3302953244257398,0.26880607694581987,0.1720104741921704
36960.0,0.7719388785055197,0.7705521180270264,0.7663946434113855,0.7594781925394631,0.7498214873340602,0.7374495963441914,0.7223927507713638,0.7046846599328963,0.6843601874588918,0.6614521527970341,0.6359868716054768,0.6079777849437566,0.5774160405169095,0.5442559371337894,0.508391146522203,0.46961305780028945,0.42753089130832383,0.38139829549697307,0.3296601247323444,0.2683025861925832,0.17152867453579912
37020.0,0.770089423863714,0.7687068730383745,0.7645620084336989,0.7576665008332383,0.748038962544323,0.7357043113278258,0.720692589056714,0.703037280782486,0.6827729956489883,0.6599322744953212,0.6345411381665921,0.6066127271661302,0.5761378971256987,0.5430706833754907,0.5073045525630391,0.4686307936988413,0.4266587088321298,0.3806423415982925,0.3290274600826636,0.2678014485886745,0.17104856146475722
37080.0,0.7682463432286948,0.7668679871132189,0.762735687785674,0.7558610492576361,0.7462625747573907,0.7339650320037507,0.7189982744928048,0.7013955641628583,0.6811912570212882,0.6584176168448402,0.6331003714146343,0.6052523626499338,0.5748641563504364,0.5418895269716597,0.5062217392346244,0.46765198613367126,0.42578965734084695,0.379889201765699,0.3283973234132486,0.2673026588670618,0.17057012908599925
37140.0,0.7664096159896593,0.7650354396896005,0.7609156610515315,0.7540618176392149,0.744492304136348,0.7322317389630048,0.7173097881865528,0.6997594917806487,0.6796149539615856,0.6569081629856784,0.6316645553153986,0.6038966762554323,0.5735948040132733,0.5407124547734193,0.5051426944837341,0.4666766242115536,0.42492372715986637,0.37913886759670057,0.3277697076761396,0.2668062117665732,0.17009337149528833
37200.0,0.7645792216168223,0.7632092102863898,0.7591019078957564,0.7522687858838529,0.7427281309222824,0.730504412872958,0.7156271113192423,0.6981290454146867,0.6780440689256043,0.6554038961256247,0.630233673900282,0.6025456529065047,0.5723298259978734,0.5395394536906941,0.5040674063118588,0.4657046970876537,0.42406090865390267,0.37839133071684006,0.32714460584000626,0.2663121020337878,0.1696182827788019
37260.0,0.762755139660834,0.761389278502706,0.7572944080625215,0.7504819339761793,0.7409700354337271,0.7287830344767849,0.7139502251460347,0.6965042069155528,0.6764785844386051,0.6539047995398142,0.6288077112659336,0.6011992775902391,0.5710692082488911,0.538370510691523,0.5029958627743721,0.4647361939646939,0.42320119222645936,0.3776465827798364,0.3265220108912001,0.26582032442474574,0.16914485701469814
37320.0,0.7609373497522107,0.7595756240173465,0.7554931413751171,0.7487012419790113,0.7392179980661163,0.7270675845929473,0.7122791109954884,0.6948849582051424,0.6749184830949939,0.6524108565703707,0.6273866515738948,0.5998575353565226,0.5698129367714458,0.5372056128013866,0.501928051979734,0.46377110409219063,0.42234456831936334,0.3769046154677457,0.32590191583472317,0.2653308737065006,0.16867308827462082
37380.0,0.759125831600761,0.7577682265882172,0.7536980877353854,0.7469266900327985,0.7374719992912473,0.7253580441146766,0.7106137502690799,0.6932712812762318,0.6733637475579312,0.6509220506260393,0.6259704790502276,0.5985204113176126,0.5685609976305903,0.5360447471025414,0.5008639620887434,0.46280941676574966,0.4214910274123597,0.3761654204911315,0.32528431369512784,0.26484374465853594,0.1682029706251307
37440.0,0.7573205649950193,0.7559670660517639,0.7519092271231613,0.7451582583550711,0.735732019656745,0.7236543940094747,0.7089541244407349,0.6916631581920483,0.6718143605589384,0.6494383651818163,0.6245591779851295,0.5971878906476985,0.5673133769507785,0.5348879007333779,0.4998035813138172,0.46185112132641876,0.42064056002275496,0.37542898958924315,0.3246691975173497,0.26435893207405936,0.16773449812905245
37500.0,0.75552152980169,0.7541721223224214,0.7501265395957216,0.7433959272399042,0.7339980397855422,0.7219566153186101,0.7073002150563641,0.6900605710858476,0.6702703048975045,0.6479597837785714,0.623152732732544,0.5958599585824591,0.5660700609153295,0.5337350608877838,0.49874689791831417,0.46089620716009194,0.41979315670510486,0.3746953145302,0.3240565603674823,0.26387643076119177,0.16726766484673844
37560.0,0.753728705965089,0.7523833753920564,0.748350005287235,0.7416396770573755,0.732270040375359,0.7202646891566291,0.7056520037334034,0.6884635021604822,0.6687315634406934,0.6464862900226643,0.6217511277097613,0.5945366004186096,0.5648310357658949,0.5325862148145316,0.4976939002158882,0.4599446636969549,0.4189488080509409,0.37396438711117425,0.3234463953335011,0.26339623554405833,0.16680246483724634
37620.0,0.7519420735065969,0.7506008053294192,0.7465796044082226,0.7398894882530391,0.7305480021981923,0.7185785967108707,0.7040094721603621,0.6868719336879875,0.6671981191227425,0.6450178675855575,0.6203543473970119,0.5932178015134476,0.5635962878019297,0.5314413498166778,0.4966445765698739,0.45899648041097674,0.41810750468852503,0.3732361991585741,0.32283869552593436,0.2629183412637958,0.16633889215943257
37680.0,0.7501616125241128,0.7488243922796044,0.7448153172450244,0.7381453413474027,0.7288319060998143,0.7168983192409867,0.702372602096371,0.6852858480091548,0.66566995494467,0.643554500203425,0.6189623763370554,0.5919035472843928,0.5623658033801681,0.5303004532509834,0.49559891539270506,0.45805164681943494,0.4172692372826339,0.3725107425282242,0.3222334540784935,0.2624427427794814,0.16587694087296578
37740.0,0.7483873031915197,0.7470541164635144,0.7430571241592681,0.7364072169354108,0.7271217329992692,0.7152238380784673,0.7007413753707346,0.6837052275331158,0.6641470539738713,0.642096171676753,0.617575199134765,0.5905938232085272,0.5611395689141041,0.529163512527348,0.49455690514536044,0.45711015248247405,0.41643399653436725,0.3717880091055431,0.32163066414866176,0.26196943496899017,0.16541660503926453
37800.0,0.7466191257581484,0.7452899581773308,0.7413050055873458,0.7346750956859351,0.7254174638883862,0.7135551346261735,0.6991157738824922,0.6821300547369238,0.6626293993437207,0.6406428658699448,0.6161928004567057,0.5892886148221333,0.5599175708734777,0.5280305151082636,0.4935185343368361,0.45617198700269646,0.4156017731809734,0.3710679908057157,0.32103031891824324,0.26149841272979196,0.16495787872235965
37860.0,0.7448570612026956,0.7435318984448976,0.7395589426882291,0.7329489589819844,0.723719080461413,0.7118921909744698,0.6974957802001969,0.6805603127462109,0.661116974812422,0.639194567245787,0.6148151655387548,0.5879879081991138,0.5586997962312776,0.5269014489223042,0.4924837919021618,0.4552371403658274,0.41477255829730836,0.37035067983393327,0.3204324118094787,0.26102967112523073,0.16450075250057647
37920.0,0.7431010930041821,0.7417799207845465,0.7378189190978918,0.731228790654556,0.7220265668202022,0.7102349915698368,0.6958813791862195,0.6789959869076869,0.6596097662764645,0.6377512623129008,0.6134422815608984,0.5866916912467974,0.557486233674545,0.5257763034842341,0.4914526682263752,0.45430560386328894,0.4139463441116768,0.36963606938817434,0.3198369370562567,0.2605632056238402,0.16404520535383627
37980.0,0.7413512048470982,0.74003400891961,0.7360849186559044,0.7295145747359159,0.7203399072646696,0.7085835210527623,0.6942725558920957,0.6774370627516335,0.6581077598096171,0.6363129377502108,0.612074135865726,0.5853999520266173,0.5562768720349764,0.5246550684429176,0.4904251538168302,0.453377368895793,0.41312312294731107,0.3689241527425449,0.31924388891420563,0.2600990114435798,0.16359121856118355
38040.0,0.7396073799275924,0.7382941460862306,0.7343569247181021,0.7278062947803491,0.718659085624782,0.7069377636040788,0.6926692949222223,0.6758835253759103,0.6566109410700589,0.634879579839902,0.6107107154198022,0.5841126782463454,0.5550716998143828,0.5235377331422563,0.489401238901794,0.4524524266116407,0.41230288690171407,0.36821492296606617,0.31865326142161676,0.2596370835674478,0.16313877851850847
38100.0,0.737869600962445,0.7365603150423149,0.7326349201654815,0.7261039338729527,0.7169840852692067,0.7052977029534292,0.6910715804421121,0.6743353594539375,0.6551192953080567,0.6334511744747402,0.6093520068205851,0.5828298572665831,0.5538707051907162,0.5224242866267582,0.48838091343554235,0.4515307679111566,0.4114856278495372,0.36750837292282124,0.3180650484139625,0.2591774168864385,0.16268787569499496
38160.0,0.736137850197969,0.7348324980764167,0.7309188874130228,0.7244074746383583,0.7153148891138981,0.7036633223876766,0.6894793961865805,0.6727925492426251,0.6536328073735824,0.6320277071653397,0.6079979963033,0.5815514761071982,0.552673876024062,0.521314717647061,0.4873641671033647,0.45061238345093424,0.4106713374455198,0.3668044952752835,0.3174792435468616,0.25872000628519737,0.16223850382099597
38220.0,0.7344121094188442,0.7331106770165471,0.7292088084184394,0.7227168992493832,0.7136514796306129,0.7020346047592396,0.6878927254678633,0.6712550785902253,0.6521514617238608,0.630609163047362,0.6066486697477476,0.5802775214537131,0.5514811998625747,0.5202090146653954,0.48635098932648413,0.4496972636480012,0.40986000712792964,0.3661032824904622,0.3168958403204539,0.258264846689805,0.161790659251583
38280.0,0.7326923599568755,0.7313948332389186,0.7275046646908641,0.7210321894356168,0.7119938388553536,0.7004115324943629,0.6863115511836624,0.6697229309441205,0.6506752424308585,0.6291955268886549,0.6053040126850565,0.5790079796636373,0.5502926639483643,0.5191071658609927,0.48534136926690213,0.44878539868401807,0.40905162812269746,0.36540472684800296,0.31631483210177774,0.25781193309066497,0.1613443404644186
38340.0,0.7309785826996774,0.7296849476766041,0.7258064372994496,0.7193533264919252,0.7103419483967394,0.6987940876013038,0.6847358558251242,0.6681960893585421,0.6492041331886934,0.6277867830963221,0.6039640103043721,0.577742836772739,0.5491082552233264,0.51800915913543,0.484335295832204,0.4478767785096113,0.4082461914482569,0.364708820449339,0.3157362121437234,0.25736126054920133,0.16089954766103334
38400.0,0.7292707580992783,0.7279810008281252,0.724114106881897,0.7176802912868822,0.7086957894442991,0.6971822516784553,0.6831656214847385,0.6666745365022116,0.647738117320982,0.6263829157237268,0.6026286474594823,0.5764820785012649,0.547927960334914,0.5169149821179212,0.48333275768035744,0.446971392848896,0.4074436879209758,0.36401555522716206,0.31515997360020553,0.25691282419421274,0.16045628244823348
38460.0,0.7275688661806454,0.7262829727659594,0.7224276536529058,0.7160130642711205,0.7070553427766884,0.6955760059223851,0.6816008298641666,0.6651582546659115,0.6462771777881097,0.6249839084774302,0.6012979086753788,0.5752256902600865,0.5467517656418516,0.5158246221705671,0.48233374322452793,0.4460692312042059,0.4066441081610208,0.3633249229546809,0.3145861095377237,0.2564666192118194,0.16001454758198722
38520.0,0.7258728865501316,0.7245908431449622,0.7207470574125385,0.7143516254856026,0.7054205887698242,0.6939753311357973,0.680041462281989,0.6636472257699771,0.6448212971944332,0.6235897447240538,0.5999717781547533,0.5739736571567996,0.5455796572197911,0.5147380663935666,0.4813382406379424,0.44517028286102356,0.4058474425984727,0.3626369152543188,0.3140146129437203,0.25602264083163706,0.15957434676032442
38580.0,0.7241827984038317,0.7229045912107098,0.719072297554507,0.7126959545698105,0.7037915074049406,0.6923802077354165,0.6784874996813722,0.6621414313717161,0.6433704577954001,0.6222004074970742,0.5986502397844237,0.5727259640017471,0.5444116208669216,0.5136553016304164,0.48034623785879943,0.44427453689306745,0.40505368147953735,0.3619515236056421,0.31344547673222667,0.2555808843109438,0.15913568445491255
38640.0,0.7224985805358586,0.7212241958077533,0.7174033530743663,0.7110460307698467,0.7021680782765573,0.6907906157597805,0.6769389226376581,0.6606408526727442,0.641924641504601,0.620815879503545,0.597333277141693,0.5714825953139877,0.5432476421095244,0.5125763144730835,0.4793577225952367,0.4433819821674981,0.4042628148727076,0.3612687393524297,0.3128786937472809,0.2551413449179983,0.15869856577332186
38700.0,0.720820211346528,0.7195496353877854,0.7157402025776312,0.7094018329464509,0.7005502806003658,0.6892065348769595,0.675395711365869,0.6591454705262402,0.6404838299007393,0.6194361431307415,0.596020873500639,0.5702435353271996,0.5420877062074867,0.5115010912671776,0.47837268233034214,0.4424926073501859,0.4034748326747771,0.3605885537088595,0.31231425676456975,0.2547040179152713,0.1582629963457812
38760.0,0.7191476688504559,0.7178808880177208,0.7140828242877932,0.7077633395829325,0.6989380932210275,0.6876279443921839,0.673857845728126,0.6576552654441239,0.6390480042345194,0.6180611804527337,0.594713011838334,0.5690087679955264,0.5409317981597712,0.5104296181171103,0.4773911043271985,0.4416064009109969,0.40268972461662106,0.3599109577648377,0.31175215849167354,0.2542688985430673,0.15782898223158315
38820.0,0.7174809306845658,0.7162179313876815,0.7124311960542576,0.7061305287930056,0.6973314946198802,0.6860548232553834,0.6723253052409892,0.6561702176041467,0.6376171454354606,0.6166909732368818,0.5934096748409948,0.5677782769993591,0.5397799027098448,0.5093618808912455,0.4764129756339438,0.4407233511290439,0.4019074802686913,0.35923594249053425,0.31119239156724576,0.25383598200383417,0.15739652984133762
38880.0,0.7158199741160015,0.7145607428188937,0.710785295360179,0.7045033783285405,0.6957304629225608,0.6844871500686417,0.6707980690827027,0.6546903068568999,0.6361912341186275,0.6153255029502568,0.5921108449100603,0.5665520457510663,0.5386320043510715,0.5082978652270391,0.4754382830888317,0.4398434460978672,0.401128089046199,0.3585634987401905,0.31063494855939516,0.2534052634473228,0.15696564587207745
38940.0,0.7141647760499461,0.7129092992714892,0.709145099330212,0.7028818655872174,0.6941349759065304,0.6829249030935596,0.6692761161003569,0.6532155127327364,0.6347702505912786,0.6139647507659785,0.5908165041682051,0.5653300574006602,0.5374880873320653,0.5072375565361601,0.47446701332526664,0.43896667373051285,0.40035154021396135,0.3578936172552858,0.3100798219634904,0.2529767379566846,0.156536337252838
39000.0,0.7125153130373468,0.7112635773522089,0.7075105847381604,0.7012659676200874,0.6925450110085103,0.6813680602585245,0.6677594248169604,0.6517458144486087,0.6333541748594311,0.6126086975694869,0.5895266344652773,0.5641122948414089,0.5363481356620032,0.5061809400095806,0.4734991527768029,0.43809302176448006,0.39957782289091553,0.3572262886671378,0.3095270041995579,0.2525504005355273,0.15610861109881896
39060.0,0.7108715612825411,0.7096235533220161,0.7058817280145347,0.6996556611390431,0.6909605453318217,0.6798165991658914,0.6662479734384219,0.6502811909148146,0.631942986634345,0.6112573239647218,0.5882412173841727,0.5628987407153933,0.5352121331158908,0.505128000622638,0.4725346876820839,0.43722247776651874,0.3988069260543057,0.3565615034990158,0.30897648760942115,0.2521262460959234,0.15568247467261093
39120.0,0.7092334966507885,0.7079892031036049,0.7042585052540085,0.6980509225241815,0.6893815556536345,0.67827049709907,0.6647417398604413,0.6488216207416612,0.6305366653389203,0.6099106102802365,0.5869602342466343,0.5616893774190014,0.534080063239792,0.5040787231400521,0.4715736040897128,0.43635502913726537,0.3980388385435521,0.3558992521678419,0.30842826445367727,0.2517042694473374,0.15525793535127033
39180.0,0.7076010946756984,0.7063605022888156,0.702640892222781,0.6964517278310834,0.6878080184321128,0.6767297310295126,0.6632407016753051,0.6473670822460352,0.6291351901140109,0.6085685365752265,0.5856836661189854,0.5604841871083678,0.5329519093560006,0.5030330921208899,0.4706158878630353,0.43549066311570744,0.39727354906382695,0.35523952498553746,0.3078823269086054,0.25128446528642573,0.15483500059825775
39240.0,0.7059743305665603,0.704737426145944,0.7010288643658381,0.6948580527979832,0.6862399098134695,0.6751942776236121,0.6617448361785973,0.6459175534578849,0.6277385398246548,0.6072310826454818,0.584411493817792,0.5592831517047525,0.5318276545681652,0.5019910919234739,0.46966152468482997,0.43462936678347175,0.3965110461893479,0.3545823121600764,0.3073386670630659,0.2508668281876556,0.1544136779394385
39300.0,0.7043531792155733,0.7031199496269562,0.6994223968141087,0.6932698728528434,0.68467720563892,0.6736641132495027,0.6602541203758057,0.6444730121266131,0.6263466930662163,0.605898228029258,0.5831436979154541,0.5580862528998555,0.5307072817663551,0.5009527067102237,0.468710500061892,0.4337711270689357,0.3957513183664207,0.35392760379629845,0.306797276915438,0.2504513525946889,0.15399397494249872
39360.0,0.7027376152049721,0.701508047374596,0.6978214643915259,0.6916871631203285,0.6831198814515362,0.6721392139837599,0.6587685309888442,0.643033435727376,0.6249596281704444,0.6045699520130745,0.5818802587457237,0.55689347216107,0.5295907736320647,0.4999179204524241,0.46776279932950726,0.4329159307511643,0.3949943539162418,0.35327538989651935,0.3062581483706361,0.2500380328124726,0.15357589919923914
39420.0,0.7011276128140492,0.69990169372939,0.696226041621982,0.6901098984286782,0.6815679125030017,0.6706195556180073,0.6572880444624719,0.6415988014672984,0.6235773232114433,0.6032462336374204,0.5806211564091568,0.555704790736671,0.5284781126431507,0.4988867169349127,0.46681840765581195,0.4320637644636752,0.3942401410374917,0.35262566036098264,0.3057212732372236,0.24962686299998268,0.15315945831031264
39480.0,0.699523146026074,0.6983008627365528,0.694636102736181,0.6885380533164756,0.6800212737602676,0.6691051136654224,0.6558126369706209,0.6401690862915854,0.6221997560115589,0.6019270517023964,0.5793663707784837,0.5545201896609318,0.5273692810787051,0.49785907976068305,0.46587731004603045,0.4312146146980361,0.39348866780872965,0.35197840498817945,0.3051866432246486,0.24921783716356793,0.15274465987203995
39540.0,0.6979241885351056,0.6967055281527801,0.6930516216783869,0.6869716020393146,0.678479939912103,0.667595863367144,0.6543422844226273,0.6387442668895543,0.6208269041471762,0.6006123847732616,0.5781158815039111,0.5533396497591734,0.5262642610238488,0.4968349923554016,0.464939491346594,0.43036846780730315,0.392739922190617,0.35133361347506853,0.3046542499406084,0.24881094915084484,0.15233151146500595
39600.0,0.6963307137527016,0.6951156634529448,0.6914725721130682,0.6854105185763634,0.6769438853755486,0.6660917796985781,0.6528769624693652,0.6373243197005641,0.6194587449544265,0.5993022111859059,0.5768696680183448,0.5521631516527394,0.5251630343744519,0.49581443797182867,0.4640049362491388,0.42952531000930455,0.39199389202798113,0.3506912754172141,0.30412408488855136,0.2484061926450976,0.15192002064418494
39660.0,0.6947426941905992,0.6935312412142174,0.6898989268133375,0.6838547760259784,0.6754130837015164,0.6645928367877567,0.6514166459370581,0.6359092203659074,0.6180952550017026,0.5979965085424327,0.5756277090584012,0.5509906753076951,0.5240655824156831,0.49479739930025723,0.4630736289347307,0.4286851270664025,0.3912505647667637,0.35005138006469255,0.303596139265205,0.24800356101806537,0.1515101982572959
39720.0,0.6931601000250861,0.6919522316837893,0.6883306562387219,0.6823043452001548,0.6738875061924753,0.663099006562679,0.6499613075105581,0.6344989424541351,0.6167364088629281,0.5966952525380769,0.5743899815504416,0.5498221989852227,0.5229718848417675,0.4937838575624227,0.46214555224651943,0.4278479035413565,0.3905099267976281,0.34941391575876507,0.3030704035014664,0.24760304705821967,0.15110206504349072
39780.0,0.6915829017166552,0.6903786053924097,0.6867677311303566,0.6807591971892634,0.672367124424771,0.6616102612194839,0.6485109201359185,0.6330934597868914,0.6153821813559143,0.5953984191017269,0.5731564626433433,0.5486577011571432,0.5218819215451647,0.49277379416553097,0.46122068919995735,0.42701362415497496,0.3897719646519078,0.34877887095680593,0.3025468681105968,0.24720464359811206,0.1506956365885148
39840.0,0.6900110707266633,0.6888103338693635,0.6852101232209526,0.6792193040636882,0.6708519109386627,0.6601265738976768,0.6470654576776649,0.6316927470751985,0.6140325481547061,0.5941059849815095,0.5719271302646105,0.547497161029951,0.5207956731059975,0.4917671911546065,0.46029902339556894,0.4261822741567203,0.38903666532742914,0.3481462345110893,0.3020255239122737,0.24680834357435716,0.1502909207367007
39900.0,0.6884445795018038,0.6872473896269875,0.6836578052194161,0.6776846388586288,0.6693418392233786,0.6586479186655034,0.645624894904568,0.6302967799056822,0.6126874857763294,0.5928179277321236,0.5707019631083491,0.5463405585334766,0.5197131207814237,0.4907640312025412,0.45938053900956033,0.42535383931571197,0.38830401627977446,0.34751599565955266,0.30150636201248415,0.24641413995055808,0.14988791895687348
39960.0,0.6868834014588278,0.6856897461454213,0.6821107507957119,0.67615517555914,0.6678368837024065,0.6571742705055579,0.6441892074756272,0.628905534727008,0.6113469715677445,0.5915342257023677,0.5694809406234259,0.545187874309717,0.5186342464951562,0.489764297600259,0.45846522078453555,0.424528305911821,0.3875740054134322,0.34688814401513646,0.3009893737815308,0.24602202567804238,0.1494866274508282
40020.0,0.6853275109694862,0.6841373778575918,0.680568934565953,0.6746308890853989,0.6663370197190018,0.6557056053006053,0.6427583719262786,0.6275189888365278,0.6100109836929937,0.5902548580228525,0.5682640430018048,0.5440390897018308,0.5175590328271178,0.4887679742470028,0.4575530540203016,0.4237056607268037,0.38684662107269757,0.34626266955412516,0.30047455083372154,0.24563199368195074,0.14908703805690088
40080.0,0.6837768833457059,0.6825902601344154,0.6790323320777084,0.6731117552781886,0.6648422235219138,0.654241899819615,0.6413323656547935,0.6261371203671183,0.6086795011205435,0.5889798045939009,0.5670512511670458,0.5428941867432798,0.5164874630032328,0.48777504564072377,0.4566440245647537,0.4228858910354297,0.38612185203230026,0.34563956260410694,0.2999618850103488,0.2452440368640865,0.1486891389896432
40140.0,0.6822314948249611,0.6810483692702122,0.6775009197955183,0.6715977508845804,0.6633524722513089,0.652783131703986,0.6399111669088788,0.6247599082742114,0.6073525036108013,0.5877090460736142,0.5658425467629732,0.5417531481471181,0.5154195208853383,0.4867854968685743,0.4557381188048205,0.42206898459657244,0.3853996874878322,0.34501881383210947,0.29945136836646385,0.24485814811658552,0.14829291544780293
40200.0,0.6806913225558553,0.6795116824683168,0.6759746750866078,0.6700888535438195,0.6618677439248869,0.6513292794539649,0.6384947547724565,0.6233873323229988,0.6060299717038077,0.5864425638660989,0.5646379121424817,0.5406159572954127,0.5143551909612137,0.48579931359748796,0.45483532365745305,0.4212549296442598,0.3846801170460944,0.3444004142333338,0.29894299316136813,0.2444743203423072,0.14789835011603208
40260.0,0.6791563445838866,0.6779801778268806,0.6744535762067899,0.6685850417733926,0.660388017424184,0.6498803224152456,0.63708310915262,0.622019373075807,0.6047118867070875,0.5851803401098514,0.5634373303564952,0.5394825982287939,0.5132944583347167,0.4848164820648427,0.45393562656065123,0.4204437148787015,0.383963130715494,0.3437843551207804,0.2984367518524704,0.24409254647912215,0.14750542358047872
40320.0,0.6776265398374015,0.6764538343248555,0.6729376022865463,0.6670862949552766,0.6589132724810486,0.6484362407657344,0.6356762107667551,0.6206560118796337,0.6033982306836575,0.5839223576662849,0.5622407851430524,0.5383530556361226,0.5122373087160158,0.48383698906919087,0.45303901546451597,0.41963532945731963,0.38324871889662193,0.34317062811591587,0.29793263709203305,0.24371281952616616,0.14711411467432933
40380.0,0.6761018881137122,0.6749326318081456,0.6714267333172819,0.6655925933223511,0.6574434896642813,0.6469970155024821,0.6342740411298227,0.6192972308538385,0.6020889864401808,0.5826686001083949,0.5610482609165215,0.537227314844271,0.5111837284119208,0.4828608219610554,0.45214547882233624,0.418829762985827,0.3825368723731171,0.34255922514045983,0.29743064172631767,0.2433351325707547,0.14672440076615006
40440.0,0.6745823700653841,0.6734165509759267,0.6699209501377367,0.664103917944974,0.6559786503664341,0.6455626284287689,0.6328765825417866,0.6179430128779767,0.6007841375152573,0.5814190517095561,0.5598597427569347,0.5361053618080059,0.5101337043162919,0.48188796863378414,0.4512550055817159,0.4180270055093934,0.381827582302899,0.3419501384092809,0.296930758796658,0.24295947881508997,0.1463362580013504
40500.0,0.673067967186673,0.6719055733671171,0.6684202344205536,0.6626202507177079,0.6545187367907586,0.6441330621413303,0.6314838180751879,0.6165933415797666,0.5994836681678424,0.5801736974324342,0.5586752163994311,0.5349871830999675,0.5090872239005266,0.48091841751445974,0.4503675851757526,0.41722704750393746,0.3811208402098311,0.34134336042435337,0.2964329815420472,0.24258585160219684,0.14594966150509686
40560.0,0.6715586618001143,0.6703996813469949,0.66692456865899,0.6611415743461891,0.6530637319382921,0.6427083000177312,0.6300957315628488,0.6152482013231927,0.5981875633657961,0.5789325229180253,0.5574946682238034,0.5338727659007411,0.5080442752041202,0.4799521575548679,0.4494832075142809,0.4164298798675857,0.38041663797584707,0.340738883969699,0.29593730340287594,0.2422142444407404,0.14556458555340973
40620.0,0.6700544370432424,0.6688988580939528,0.6654339361537674,0.6596678723341333,0.651613619595082,0.6412883262038596,0.6287123075857037,0.613907577196726,0.5968958087745382,0.5776955144747877,0.5563180852441454,0.5327620979890069,0.507004846825293,0.47898917822252,0.4486018629751973,0.4156354939123278,0.37971496783355735,0.34013670210721564,0.2954437180255161,0.24184465102852556,0.14518100371791878
40680.0,0.6685552768554486,0.6674030875863823,0.6639483210000492,0.6581991289704658,0.6501683843195315,0.6398731256015475,0.6273335314607561,0.6125714550016595,0.5956083907458202,0.576462659067885,0.5551454550985818,0.5316551677317709,0.505968927911682,0.47802946949174047,0.4477235423958806,0.4148438813558914,0.3790158223593416,0.3395368081732954,0.29495221926750403,0.24147706527458052,0.1447988889887339
40740.0,0.6670611659649555,0.6659123545896849,0.6624677080745409,0.6567353293165772,0.6487280114298656,0.6384626838563114,0.6259593892291387,0.6112398212405524,0.5943252963065913,0.5752339443085174,0.5539767660390901,0.5305519640746671,0.5049365081510969,0.4770730218348199,0.44684823706472343,0.41405503431385293,0.3783191944669065,0.3389391957761283,0.29446280120310986,0.24111148131979612,0.1444182138790753
40800.0,0.6655720898759133,0.6644266446433925,0.6609920830227054,0.6552764591936872,0.6472924869917062,0.6370569873451919,0.6245898676442807,0.6099126631057713,0.5930465131479669,0.5740093584433448,0.5528120069213935,0.5294524765323245,0.5039075777623294,0.47611982621323506,0.44597593871278346,0.4132689452919983,0.3776250774012979,0.3383438587935942,0.2939754581291395,0.2407478935561396,0.1440389505146564
40860.0,0.6640880348555955,0.6629459440483976,0.6595214322460814,0.6538225051703175,0.6458617978057559,0.6356560231647037,0.6232249541601785,0.6085899684681324,0.591772029614277,0.5727888903439827,0.55165116719493,0.5283566951787995,0.5028821274860328,0.4751698740689485,0.445106639505569,0.41248560717893734,0.3769334647333367,0.3377507913716535,0.2934901845708285,0.24038629664449018,0.14366107071027429
40920.0,0.6626089879217057,0.6614702398542901,0.6580557428897097,0.6523734545498618,0.6444359313955721,0.6342597791188765,0.6218646369197499,0.6072717258656225,0.590501834692204,0.5715725294965824,0.5504942368928871,0.5272646106380681,0.5018601485756533,0.47422315731578596,0.4442403320349626,0.4117050132389706,0.37624435035444675,0.3371599879231565,0.293006975287734,0.24002668553116488,0.14328454603563784
40980.0,0.6611349368297736,0.6599995198467787,0.656595002829646,0.6509292953582493,0.6430148759954386,0.6328682437073849,0.620508904743281,0.605957924492208,0.5892359179999903,0.5703602659914743,0.5493412066222979,0.5261762140745788,0.5008416327884289,0.4732796683308995,0.4433770093112914,0.4109271571052096,0.375557728471848,0.33657144312698783,0.2925258252795421,0.23966905546320777,0.1429093478721146
41040.0,0.6596658700606373,0.6585337725352082,0.6551392006605646,0.6494900163316955,0.641598620538318,0.6314814061137588,0.6191577471169509,0.6046485541867155,0.5879742697767212,0.5691520905128783,0.548192067554197,0.5250914971838527,0.49982657237644396,0.4723393999463197,0.4425166647555469,0.41015203277293805,0.3748735936040732,0.33598515192749046,0.2920467297917349,0.23931340200252782,0.14253544746178634
41100.0,0.6582017768080143,0.6570729871401562,0.6536883256834429,0.6480556069045313,0.6401871546438832,0.630099256193676,0.6178111541814245,0.6033436054217833,0.5867168808716675,0.5679479943286699,0.547046811413827,0.5240104521831411,0.49881496007774917,0.47140234544059706,0.44165929219175404,0.4093796345932081,0.37419194057678523,0.33540110953410196,0.29156968432106745,0.23895972103896687,0.14216281594997401
41160.0,0.6567426469661415,0.6556171535811042,0.6522423678933204,0.6466260571971068,0.6387804686066232,0.6287217844633156,0.6164691167205195,0.6020430692928767,0.585463742733693,0.5667479692802055,0.5459054304708997,0.5229330718021347,0.49780678910754206,0.47046849853053957,0.44080488583949246,0.4086099572666593,0.373512764518853,0.3348193114211609,0.29109468462083093,0.23860800880237829,0.14179142442220022
41220.0,0.6552884711174894,0.6541662624641794,0.6508013179671278,0.6452013580037622,0.637378553384012,0.6273489820877877,0.6151316261499297,0.6007469375073601,0.5842148474007088,0.5655520077721929,0.5447679175299023,0.5218593492737208,0.49680205314941167,0.46953785336304305,0.43995344030656214,0.40784299583754585,0.3728360608586616,0.3342397533278308,0.29062172670587355,0.2382582618737953,0.1414212439363967
41280.0,0.6538392405205407,0.6527203050699627,0.6493651672515774,0.6437815007808635,0.6359814005847418,0.6259808408696099,0.6137986745060103,0.5994552023736253,0.5829701874891854,0.5643601027626106,0.5436342659204466,0.5207892783247904,0.4958007463466465,0.4686104045070178,0.4391049505817976,0.4070787456879632,0.37216182532062725,0.3336624312581114,0.29015080685737027,0.23791047719576286,0.14105224555103643
41340.0,0.6523949470976218,0.6512792733413495,0.6479339077511145,0.6423664776348942,0.6345890024570113,0.6246173532372483,0.612470254434609,0.598167856790265,0.5817297561837017,0.5631722477526663,0.5425044694876625,0.5197228531670878,0.4948028632936053,0.4676861469454102,0.43825941202802127,0.40631720253225195,0.37149005392188533,0.33308734148090274,0.2896819216273303,0.2375646520819031,0.1406844003497623
41400.0,0.6509555834227974,0.6498431598714698,0.6465075321159202,0.6409562813105998,0.6332013518768655,0.6232585122337019,0.6111463591799497,0.5968848942352923,0.5804935472265428,0.5619884367767981,0.5413785225826298,0.518660068488115,0.4938083990271529,0.4667650760673188,0.43741682037512813,0.40555836241157295,0.37082074296913187,0.33251448053009086,0.28921506784284223,0.23722078422577772,0.14031767946299142
41460.0,0.649521141423554,0.6484119566084076,0.6450860323557138,0.6395509039198783,0.631818441098105,0.6219043102932553,0.609826981393919,0.5956063076135001,0.5792615538084901,0.5608086633420809,0.5402564190553875,0.5176009185025657,0.4928173481412286,0.46584718685036297,0.4365771709750424,0.40480222102655233,0.37015388847469693,0.3319438447108789,0.288750242211524,0.23687887141477454,0.13995206094338267
41520.0,0.6480916082659971,0.646985650750008,0.6436693957633498,0.6381503329131956,0.6304402577903093,0.6205547353645767,0.6085121093622913,0.5943320856033903,0.5780337650534972,0.5596329170671013,0.5391381490638949,0.5165453939467013,0.4918297019815087,0.4649324712702567,0.4357404564408788,0.4040487716213146,0.3694894843022315,0.33137542852699925,0.2882874400543194,0.23653891055127038,0.1395875496566744
41580.0,0.646666969780312,0.6455642281613289,0.6422576083082913,0.6367545544332348,0.6290667883370162,0.6192097741380472,0.6072017301461823,0.5930622156981179,0.5768101689449409,0.558461186479833,0.5380237017303436,0.5154934845804305,0.49084545098107146,0.46402092045826543,0.434906668614655,0.4032980067498101,0.368827523719132,0.33080922600347246,0.2878266563676939,0.23620089834498664,0.13922415565732688
41640.0,0.6452472116876107,0.6441476745986267,0.6408506558520104,0.6353635545160338,0.6276980190169852,0.6178694132016512,0.6058958307071698,0.5917966852946045,0.5755907533736407,0.5572934600196521,0.5369130660924477,0.5144451800833413,0.4898645854968395,0.46311252547393283,0.4340757992723229,0.40254991890919906,0.3681679999538437,0.33024523116072035,0.28736788619637843,0.23586483155733498,0.1388618874433752
41700.0,0.6438323196023088,0.6427359757117282,0.6394485241503435,0.6339773190933078,0.6263339360064839,0.6165336390432032,0.6045943979094545,0.5905354816956064,0.5743755061398282,0.5561297260391881,0.535806231105172,0.5134004700563389,0.4888870958111951,0.4622072773068292,0.43324784012591766,0.40180450054272404,0.36751090619943355,0.3296834380166873,0.28691112462595536,0.2355307069813873,0.13850075220738434
41760.0,0.6424222790344877,0.6413291170463837,0.6380511988558224,0.6325958339947554,0.6249745253815452,0.615202438052548,0.6032974185219886,0.5892785921117644,0.5731644149550918,0.5549699728061571,0.5347031856424599,0.512359344023285,0.4879129721336222,0.4613051668783445,0.4324227828257407,0.4010617440425147,0.3668562356167101,0.3291238405879147,0.2864563667758345,0.23519852142646966,0.1381407560448783
41820.0,0.6410170753922332,0.6399270840465978,0.636658665519993,0.631219084950341,0.6236197731202116,0.6138757965237536,0.6020048792205931,0.5880260036636298,0.5719574674443048,0.5538141885051858,0.5336039184989528,0.5113217914326557,0.48694220460237025,0.46040618504351755,0.4316006189625635,0.4003216417522773,0.3662039813368915,0.32856643288987275,0.2860036077927981,0.23486827170619712,0.13778190412775926
41880.0,0.6396166939839505,0.6385298620569442,0.6352709095957073,0.6298470575925623,0.622269665104758,0.6125537006572712,0.6007167665900564,0.5867777033836803,0.5707546511475458,0.5526623612396253,0.53250841839171,0.5102878016591981,0.4859747832861441,0.45951032259289376,0.43078134006982144,0.39958418596984,0.36555413646385004,0.3280112089367794,0.285552842845172,0.23453995462908434,0.1374242008488321
41940.0,0.6382211200206632,0.6371374363248556,0.6338879164393978,0.6284797374586905,0.6209241871238879,0.6112361365620812,0.5994330671262036,0.5855336782183087,0.5695559535219916,0.5515144790333473,0.5314166739619169,0.509257364005598,0.48501069818580833,0.4586175702544011,0.42996493762577953,0.3988493689495356,0.3649066940759884,0.32745816274107836,0.2851040671176307,0.23421356699108933,0.13706764994243278
42000.0,0.6368303386182913,0.6357497920028958,0.6325096713133307,0.6271171099929965,0.6195833248749196,0.6099230902578199,0.5981537672379548,0.5842939150297966,0.5683613619437992,0.5503705298325337,0.5303286737766009,0.5082304677041596,0.48404993923611217,0.45772791869523083,0.4291514030556569,0.39811718290441417,0.36426164722779164,0.32690728831270816,0.28465727580659944,0.233889105569615,0.1367122545852551
42060.0,0.6354443347999067,0.6343669141510085,0.6311361593878394,0.6257591605489522,0.6182470639659419,0.6086145476768823,0.5968788532493615,0.5830584005982717,0.5671708637099754,0.5492305015074568,0.5292444063303393,0.5072071019184857,0.48309249630742296,0.4568413585237214,0.4283407277336921,0.39738762000828964,0.3636189889511155,0.32635857965824544,0.284212464116197,0.23356656711861695,0.13635801748073492
42120.0,0.6340630934979687,0.6329887877387504,0.6297673657435349,0.624405874391412,0.6169153899179547,0.6073104946665069,0.5956083114016238,0.5818271216236434,0.5659844460402284,0.5480943818542494,0.5281638600469644,0.5061872557451673,0.48213835920746845,0.45595788029122475,0.42753290298514046,0.3966606723976228,0.36297871225624745,0.3258120307799932,0.2837696272546726,0.23324594836455267,0.13600494092976118
42180.0,0.632686599556538,0.6316153976474941,0.6284032753734957,0.6230572366987718,0.6155882881669898,0.6060109169908376,0.5943421278550851,0.5806000647275245,0.5648020960788033,0.5469621585966645,0.5270870232812679,0.5051709182154736,0.4811875176830771,0.45507747449395863,0.42672792008820276,0.39593633217325885,0.3623408101327901,0.3252676356750577,0.28332876043126937,0.23292724600297554,0.13565302688999628
42240.0,0.6313148377334683,0.6302467286726174,0.6270438731854382,0.621713232565113,0.6142657440662047,0.6047158003329718,0.593080288691212,0.5793772164551338,0.5636238008963123,0.545833819387828,0.5260138843207053,0.5041580782970458,0.4802399614219204,0.45420013157483136,0.4259257702758756,0.3952145914020227,0.36170527555039805,0.324725388334444,0.282889858853466,0.23261045669562708,0.13530227702569564
42300.0,0.6299477927025788,0.6288827655256709,0.6256891440038638,0.6203738470023161,0.6129477428879617,0.6034251302969782,0.5918227799145502,0.5781585632771832,0.5624495474915384,0.5447093518119809,0.5249444313870901,0.5031487248955911,0.47929568005424467,0.45332584192523523,0.42512644473772704,0.39449544211819,0.36107210145939767,0.324185282742189,0.28245291772454334,0.23229557706791548,0.13495269274958677
42360.0,0.6285854490558042,0.6275234928365181,0.6243390725721863,0.6190390649421597,0.6116342698258808,0.6021388924099017,0.5905695874546697,0.5769440915917463,0.5612793227932404,0.5435887433862159,0.5238786526382908,0.5021428468565671,0.47835466315459335,0.45245459588680487,0.42432993462159585,0.3937788763248489,0.360441280791314,0.32364731287454446,0.28201793224143423,0.23198260370669826,0.1346042752581095
42420.0,0.6272277913053222,0.6261688951554603,0.6229936435548347,0.6177088712383952,0.6103253099968797,0.6008570721237496,0.5893206971680817,0.5757337877261114,0.560113113661933,0.5424719815622003,0.5228165361699167,0.5011404329668693,0.4774169002435127,0.45158638375313936,0.4235362310352177,0.39306488599515826,0.35981280645932945,0.3231114726992159,0.2815848975928163,0.2316715331583061,0.13425702556109564
42480.0,0.6258748038856587,0.6248189569553356,0.621652841539338,0.6163832506688041,0.6090208484431837,0.5995796548174497,0.5880760948401427,0.5745276379386203,0.5589509068916612,0.5413590537278976,0.5217580700170023,0.5001414719565036,0.47648238078924166,0.4507211957714811,0.42274532504778206,0.3923534630735185,0.3591866713586829,0.32257775617466355,0.28115380895741576,0.23136236192675924,0.13391094450678598
42540.0,0.6245264711557762,0.6234736626335995,0.6203166510383868,0.6150621879372259,0.607720870134319,0.598306625798796,0.5868357661869388,0.5733256284204875,0.5577926892117573,0.5402499472092678,0.520703242155678,0.49914595250025157,0.4755510942093786,0.4498590221443571,0.42195720769142,0.3916445994766643,0.3585628683670279,0.3220461572494598,0.2807246615024918,0.23105508647214265,0.13356603280293525
42600.0,0.6231827774011296,0.6221329965143785,0.6189850564918721,0.6137456676755754,0.6064253599690874,0.5970379703063722,0.5855996968571525,0.5721277452976061,0.556638447288589,0.5391446492719687,0.5196520405048387,0.498153863219325,0.4746230298725275,0.44899985303117274,0.4211718699626297,0.3909382870946911,0.3579413903447587,0.32151666986170585,0.2802974503824771,0.23074970320911103,0.13322229103463157
42660.0,0.6218437068357128,0.6207969428505077,0.6176580422689046,0.6124336744458285,0.6051343027775165,0.5957736735114535,0.5843678724339118,0.5709339746323381,0.55548816772729,0.5380431471230415,0.518604452927797,0.4971651926830022,0.4736981770999178,0.44814367854977105,0.4203893028236443,0.39023451779201695,0.35732223013531156,0.32098928793850273,0.2798721707377575,0.2304462085055024,0.1328797196793535
42720.0,0.6205092436040748,0.6194654858255441,0.6163355926698089,0.6111261927419922,0.6038476833227917,0.5945137205198933,0.5831402784366176,0.5697443024252868,0.5543418370734828,0.536945427912583,0.5175604672339263,0.49617992941025335,0.47277652516699914,0.44729048877794253,0.4196094972037418,0.38953328340829424,0.3567053805654479,0.32046400539547654,0.27944881769356544,0.2301445986810462,0.13253831911970276
42780.0,0.6191793717833166,0.6181386095557565,0.615017691928102,0.6098232069920527,0.6025654863031635,0.593258096373985,0.581916900322761,0.568558714617057,0.5531994418149844,0.5358514787354133,0.5165200711802932,0.4951980618713453,0.4718580633050075,0.4464402737549005,0.4188324440005044,0.3888345757592734,0.3560908344455258,0.31994081613634884,0.27902738635897945,0.2298448700061517,0.1321980896541833
42840.0,0.617854075385067,0.6168162980920948,0.6137043242124425,0.6085247015599021,0.6012876963538415,0.5920067860543099,0.5806977234897139,0.5673771970899948,0.5520609683834966,0.5347612866327233,0.5154832524732768,0.4942195784894298,0.4709427807025074,0.44559302348271235,0.41805813408103165,0.38813838663762584,0.35547858456976067,0.31941971405255726,0.27860787182601243,0.22954701870076727,0.13185903150633108
42900.0,0.616533338357431,0.6154985354221358,0.6123954736285625,0.6072306607472425,0.6000142980488622,0.5907597744815621,0.5794827332765079,0.5661997356699168,0.5509264031562889,0.533674838593713,0.5144499987701684,0.4932444676421119,0.4700306665069007,0.44474872792769565,0.41728655828310396,0.3874447078137317,0.35486862371648076,0.31890069302291163,0.2781902691687817,0.2292510409333036,0.1315211448324579
42960.0,0.6152171445869248,0.6141853054720097,0.6110911242211787,0.6059410687954688,0.5987452759029387,0.5895170465183551,0.5782719149655955,0.5650263161278202,0.5497957324578597,0.5325921215572164,0.5134202976807616,0.492272717662997,0.4691217098259103,0.4439073770217735,0.4165177074163123,0.3867535310364321,0.35426094464838037,0.3183837469132923,0.2777745734427441,0.22895693281961424,0.13118442972822733
43020.0,0.6139054779003804,0.6128765921083047,0.6097912599758777,0.604655909887535,0.5974806143732874,0.5882785869710104,0.5770652537845894,0.563856924181577,0.5486689425615879,0.5315131224133075,0.5123941367689235,0.4913043168432189,0.46821589972903505,0.4430689606637959,0.41575157226314147,0.386064848033758,0.3536555401127673,0.3178688695763818,0.2773607796840004,0.22866469042202858,0.13084888623424298
43080.0,0.6125983220668356,0.6115723791399447,0.6084958648209848,0.6033751681497911,0.5962202978614385,0.5870443805913258,0.5758627349079891,0.5626915454976136,0.5475460196913685,0.5304378280049002,0.51137150355415,0.4903392534329439,0.4673132252489741,0.44223346872082514,0.41498814358002317,0.3853786505136275,0.3530524028418117,0.31735605485143087,0.27694888290864955,0.2283743097484323,0.13051451434080955
43140.0,0.6112956607993936,0.610272650320051,0.6072049226294068,0.6020988276538081,0.5949643107150246,0.5858144120783245,0.5746643434588874,0.5615301656925737,0.5464269500232305,0.529366225129321,0.5103523855130979,0.4893775156428539,0.4664136753830261,0.44140089102938845,0.41422741209835445,0.3846949301645264,0.35245152555279463,0.3168452965640498,0.2765388781121947,0.2280857867513934,0.13018131399199165
43200.0,0.6099974777570709,0.6089773893477797,0.6059184172204558,0.6008268724181746,0.5937126372295506,0.584588666079989,0.5734700645106598,0.5603727703349641,0.5453117196869417,0.5282983005398761,0.5093367700811099,0.4884190916456065,0.4655172390944582,0.4405712173966996,0.4134693685254825,0.3840136786561617,0.35185290094835603,0.3163365885260285,0.27613076026899364,0.22779911732732983,0.12984928508908605
43260.0,0.6087037569346256,0.6076865802572426,0.604636332746041,0.5995592867901555,0.5924652620237295,0.5833671275605273,0.5722798834444489,0.5592193452911863,0.5442003150989643,0.5272340412641545,0.508324644954334,0.48746396986028045,0.46462390557779104,0.43974443784529293,0.41271400376716105,0.38333488783811637,0.3512565218895467,0.3158299246806082,0.2757245244467784,0.22751429740294862,0.12951842543371184
43320.0,0.6074144837959354,0.6064002085482376,0.6033586548134663,0.5982960565553099,0.5912221711307382,0.5821497828681673,0.5710937869885033,0.5580698777315484,0.5430927239304025,0.5261734355293145,0.5073159989678884,0.48651213977907054,0.4637336650297531,0.4389205433239834,0.41196130957417887,0.38265855031755924,0.35066238189946697,0.31532529952583754,0.27532016614471405,0.22723132325647535,0.12918872521302407
43380.0,0.6061296440558217,0.6051182599709131,0.6020853692786204,0.597037167744849,0.5899833508253182,0.580936618587475,0.5699117621010903,0.5569243550490116,0.5419889340666791,0.5251164717676312,0.506310821152052,0.48556359107874386,0.4628465078204998,0.4380995249432702,0.4112112778463982,0.38198465883660854,0.3500704746193452,0.31482270765724024,0.2749176809438187,0.22695019134123157,0.12886017422577867
43440.0,0.604849223287051,0.6038407201336959,0.6008164618566543,0.595782606250879,0.588748787245383,0.579727621169109,0.568733795610122,0.5557827645103862,0.5408889332719511,0.5240631382957236,0.5053091004278536,0.48461831333407396,0.461962424226331,0.43728137372873993,0.41046390040825675,0.38131320607145686,0.34948079363331014,0.3143221436224603,0.27451706440136,0.22667089817649613,0.128532763886329
43500.0,0.6035732069234921,0.6025675745064323,0.5995519181251004,0.5945323578294862,0.5875184663950552,0.5785227769327866,0.5675598742160534,0.554645093259151,0.5397927091918401,0.5230134233171903,0.5043108256095904,0.48367629602022566,0.461081404431902,0.4364660806230514,0.4097191690104783,0.38064418463383576,0.3488933324700693,0.31382360192497566,0.27411831205708476,0.22639344031596267,0.12820648701829376
43560.0,0.6023015802632349,0.6012988084235064,0.598291723526968,0.5932864081037937,0.5862923741476684,0.5773220720702328,0.5663899844947589,0.5535113283182483,0.538700249356138,0.5219673149252171,0.5033159854073255,0.4827375285151114,0.46020343853240303,0.4356536364878954,0.40897707533177874,0.37997758707256246,0.3483080846048199,0.3133270770275346,0.2737214194356467,0.2261178143222645,0.127881337673703
43620.0,0.6010343284716837,0.6000344070869192,0.597035863373801,0.592044742566984,0.5850704962487503,0.5761254926480955,0.5652241129003768,0.5523814565928515,0.5376115411814896,0.5209248011051565,0.5023245684293494,0.48180200010171687,0.4593285165357104,0.4348440321059328,0.4082376109805844,0.3793134058751686,0.3477250434612688,0.31283256335503723,0.27332638204663856,0.2258440167461886,0.1275573109746231
43680.0,0.5997714365846145,0.5987743555693454,0.5957843228487112,0.5908073465852974,0.5838528183189629,0.5749330246108337,0.5640622457681279,0.5512554648731034,0.5365265719740399,0.5198858697370825,0.5013365631846227,0.4808696999703966,0.45845662836451045,0.43403725818271266,0.40750076749675945,0.3786516334695919,0.3471442024136498,0.31234005529680203,0.2729331953831581,0.22557204410956336,0.12723440297456182
43740.0,0.5985128895112029,0.5975186388171493,0.5945370870093757,0.5895742054009957,0.5826393258570262,0.573744653783578,0.5629043693171091,0.5501333398368337,0.5354453289320671,0.5188505085983184,0.5003519580851827,0.4799406172211445,0.45758776385839656,0.43323330534858007,0.40676653635335114,0.3779922622259043,0.3465655547886675,0.31184954720824065,0.2725418549194978,0.22530189289106048,0.12691261053723452
43800.0,0.5972586720370218,0.5962672416533783,0.593294140791007,0.588345304135295,0.581430004242602,0.5725603658749594,0.5617504696530548,0.5490150680522433,0.5343677991485791,0.5178187053659354,0.4993707414485256,0.4790147408658331,0.45672191277594354,0.4324321641605712,0.4060349089583448,0.3773352844580538,0.3459890938673087,0.31136103341201904,0.2721523561083646,0.22503355951433704,0.12659193123055357
43860.0,0.5960087688270039,0.595020148780715,0.5920554690092873,0.587120627791272,0.5802248387391563,0.5713801464799133,0.5606005327710739,0.5479006359805628,0.5332939696138836,0.5167904476192233,0.49839290149996046,0.4780920598304266,0.4558590647967596,0.431633825104299,0.40530587665642237,0.3766806924255889,0.3454148128864992,0.3108745081987844,0.27176469437787537,0.22476704033807582,0.12627236323394783
43920.0,0.594763164428375,0.5937773447844085,0.5908210563632773,0.5859001612567343,0.5790238144967851,0.5702039810824517,0.5594545445583564,0.5467900299786863,0.532223827218135,0.515765722842133,0.49741842637493294,0.4771725629571687,0.4549992095235172,0.4308382785958281,0.40457943073072034,0.37602847833535147,0.3448427050405939,0.3103899658275447,0.27137886512850107,0.2245023316475767,0.12595390525734584
43980.0,0.5935218432735535,0.592538814135164,0.5895908874382885,0.5846838893070634,0.5778269165550103,0.5690318550584045,0.5583124907968479,0.5456832363017698,0.5311573587538478,0.5147445184256942,0.49644730412132526,0.47625623900674324,0.45414233648396396,0.43004551498353805,0.4038555624045741,0.37537863434311636,0.34427276348270075,0.3099074005257758,0.2709948637300608,0.2242394296476281,0.12563655647036326
44040.0,0.592284789683019,0.5913045411920059,0.5883649467087256,0.5834717966080271,0.5766341298455514,0.5678637536781344,0.5571743571659034,0.5445802411058072,0.5300945509183843,0.5137268216703995,0.495479522701724,0.47534307666041176,0.4532884351329145,0.42925552454997384,0.4031342628432454,0.3747311525551701,0.3437049813258485,0.30942680648931736,0.2706126855188345,0.22397833045643747,0.1253203164404115
44100.0,0.5910519878681473,0.5900745102051069,0.5871432185408958,0.5822638677185549,0.5754454391950585,0.5666996621092201,0.5560401292449028,0.5434810304501748,0.5290353903164141,0.5127126197885645,0.49451506999566425,0.47443306452212497,0.4524374948542207,0.42846829751367815,0.40241552315562207,0.3740860250298218,0.34313935164400855,0.3089481778821179,0.2702323257948287,0.22371903010044802,0.1250051850786087
44160.0,0.5898234219340132,0.5888487053185845,0.5859256871957905,0.581060087093489,0.5742608293278217,0.5655395654191089,0.5549097925158436,0.5423855903001478,0.5279798634623427,0.5117018999066563,0.49355393380184687,0.4735261911206107,0.451589504962724,0.4276838240310049,0.4016993343958851,0.3734432437788403,0.3425758674729894,0.3084715088358665,0.26985377981922093,0.22346152450989534,0.12469116259251195
44220.0,0.5885990758821644,0.5876271105732671,0.5847123368318267,0.5798604390862998,0.5730802848684438,0.5643834485777409,0.5537833323658979,0.5412939065293851,0.5269279567827123,0.5106946490676005,0.4925961018403259,0.47262244491143673,0.4507444547061833,0.42690209419791025,0.4009856875651401,0.37280280076882,0.3420145218112154,0.3079967934495515,0.2694770428119805,0.2232058095149866,0.12437824944481429
44280.0,0.5873789336133554,0.5864097099094243,0.5835031515075665,0.57866490795177,0.571903790344484,0.5632312964601393,0.5526607340899478,0.5402059649223886,0.5258796566185767,0.5096908542330516,0.4916415617546728,0.4717218142790518,0.44990233326718365,0.4261230980517178,0.40027457361300733,0.37216468792247287,0.3414553076204085,0.30752402578897026,0.2691021099496781,0.22295188084260711,0.12406644631725991
44340.0,0.5861629789302556,0.5851964871694668,0.5822981151843942,0.5774734778486464,0.5707313301890701,0.5620830938489729,0.5515419828930789,0.5391217511769296,0.5248349492278424,0.5086905022856386,0.49069030111411305,0.47082428753879946,0.4490631297650185,0.4253468255728562,0.3995659834391698,0.3715288971198528,0.3408982178261851,0.30705319988621554,0.26872897636346865,0.22269973411346966,0.1237557540791238
44400.0,0.584951195540122,0.5839874261006153,0.5810972117291693,0.576286132842265,0.5695628887434825,0.5609388254370884,0.5504270638930564,0.5380412509064482,0.5237938207875836,0.5076935800311881,0.48974230741563535,0.4699298529389077,0.4482268332575483,0.42457326668656714,0.3988599078948749,0.37089542019951255,0.34034324531858273,0.30658430973915396,0.26835763713724586,0.2224493648396417,0.12344617375968539
44460.0,0.5837435670574375,0.5827825103575321,0.5799004249168431,0.5751028569071338,0.5683984502597029,0.5597984758300092,0.5493159621227616,0.5369644496424187,0.5227562573963288,0.5067000742009109,0.4887975680860761,0.469038498662454,0.447393432743034,0.4238024112645817,0.39815633778439247,0.3702642489595994,0.3397903829525241,0.30611734931090634,0.2679880873059532,0.22220076842239098,0.12313770652420053
44520.0,0.5825400770065208,0.5815817235049252,0.5787077384330407,0.5739236339294954,0.5672379989029299,0.5586620295484056,0.5482086625326024,0.535891332836694,0.5217222450763165,0.5057099714535672,0.4878560704841756,0.46815021282930486,0.4465629171619412,0.4230342491267625,0.3974552638664293,0.3696353751588946,0.3392396235482355,0.3056523125293443,0.26762032185404494,0.22195394015030545,0.12283035365293438
44580.0,0.5813407088240977,0.5803850490201142,0.5775191358766195,0.5727484477098478,0.5660815187540698,0.5575294710305311,0.5471051499928915,0.5348218858638093,0.5206917697757234,0.5047232583776001,0.4869178019026084,0.46726498349802664,0.44573527539871843,0.42226877004271346,0.3967566768554948,0.369008790517798,0.33869095989162246,0.3051891932866064,0.26725433571408114,0.22170887519764157,0.12252411652287873
44640.0,0.5801454458618457,0.5791924702955696,0.5763346007621781,0.5715772819654391,0.5649289938121886,0.5564007846346305,0.5460054092961957,0.533756094023262,0.5196648173708629,0.5037399214932413,0.485982749569985,0.4663827986677721,0.4449104962835466,0.42150596373335364,0.39606056742322715,0.36838448671926416,0.3381443847346132,0.30472798543863777,0.26689012376544874,0.22146556862287042,0.12221899659181973
44700.0,0.5789542713888992,0.5780039706414124,0.5751541165225562,0.5704101203327261,0.5637804079969365,0.5552759546413164,0.5449094251596535,0.5326939425417656,0.5186413736683536,0.5027599472545929,0.48505090065282874,0.4655036462801385,0.4440885685940548,0.4207458198724566,0.39536692619967556,0.3677624554096963,0.33759989079547614,0.30426868280476027,0.26652768083319467,0.2212240153673917,0.12191499538446815
44760.0,0.5777671685943268,0.5768195332878868,0.5739776665112778,0.5692469463698048,0.5626357451509388,0.5541549652559127,0.5438171822272618,0.531635416575462,0.5176214244072618,0.5017833220516749,0.48412224225752404,0.46462751422099663,0.4432694810570115,0.41998832808815323,0.39467574377453946,0.3671426881997965,0.3370574707591153,0.3038112791672708,0.26616700168696267,0.2209842102543887,0.12161211448039795
44820.0,0.5765841205895735,0.5756391413877958,0.5728052340049802,0.568087743558803,0.5614949890421568,0.5530378006107677,0.5427286650721335,0.530580501212117,0.5166049552612146,0.5008100322124495,0.48319676143223533,0.46375439032229404,0.44245322234998097,0.4192334779644016,0.39398701069837283,0.3665251766653823,0.3365171172773506,0.30335576827106786,0.2658080810400218,0.22074614798780465,0.12131035550357293
44880.0,0.5754051104108715,0.574462778018908,0.5716368022057988,0.5669324953082459,0.5603581233662114,0.5519244447675362,0.5416438581987223,0.5295291814732764,0.515591951840478,0.4998400640048135,0.482274445168799,0.4628842623638267,0.4416397811029496,0.4184812590424188,0.3933007174837464,0.3659099123481679,0.3359788229691834,0.30290214382331204,0.26545091354837946,0.2205098231514213,0.12100972011326643
44940.0,0.5742301210216124,0.5732904261863258,0.5704723542437263,0.5657811849553868,0.5592251317486847,0.5508148817194288,0.5405627460450181,0.5284814423163986,0.5145823996940122,0.49887340363856436,0.48135528040458914,0.4620171180749829,0.44082914589992145,0.4177316608220833,0.39261685460637735,0.3652968867565147,0.33544258042105424,0.30245039949311214,0.2650954938099662,0.22027523020802436,0.12071020999620617
45000.0,0.573059135314696,0.5721220688248252,0.5693118731789317,0.5646337957685045,0.5580959977473782,0.549709095393435,0.5394853129847127,0.5274372686369491,0.5135762843114964,0.4979100372673369,0.48043925402435045,0.46115294513645844,0.4400213052804817,0.416984672763297,0.391935412506222,0.364686091366156,0.33490838218709246,0.30200052891124063,0.2647418163638902,0.220042363498642,0.12041182685979468
45060.0,0.5718921363765266,0.5709576890622402,0.568155342263301,0.5634903112053667,0.5569707051064979,0.548607069899025,0.5384115435692616,0.5263966455026797,0.5125735913486941,0.4969499512039708,0.47952635306450286,0.4602917313724417,0.4392162479188161,0.4162402844507663,0.39125638173688165,0.36407751775298525,0.33437622090384067,0.3015525257649766,0.2643898757629073,0.21981121729778813,0.12011457104614612
45120.0,0.5707291083177001,0.5697972710482034,0.5670027457633551,0.562350715726485,0.555849238556428,0.5475087903106959,0.5373414232895072,0.5253595588907268,0.511574307336514,0.49599313259809535,0.4786165653558939,0.45943346535524554,0.43841396318694925,0.41549848611253765,0.39057975343598617,0.3634711580115089,0.3338460896523768,0.3011063840983979,0.2640396668082387,0.21958178607130016,0.11981843742376645
45180.0,0.5695700355650717,0.568640799247874,0.5658540682589432,0.5612149941020483,0.5547315831321543,0.5464142420010827,0.53627493792662,0.5243259950594422,0.5105784190767148,0.49503956885862294,0.47770987897590933,0.4585781358897905,0.43761444067431343,0.41475926817735537,0.3899055189231107,0.3628670043963269,0.33331798164697063,0.30066209805427635,0.2636911843661017,0.21935406445493147,0.1195234195902673
45240.0,0.5684149026107943,0.5674882581915591,0.5647092943946229,0.5600831311662267,0.5536177239316458,0.5453234104045475,0.5352120733220088,0.523295940325711,0.5095859134276928,0.4940892474490269,0.47680628205424397,0.4577257318308398,0.43681767001739447,0.4140226211176536,0.38923366955707056,0.36226504919479424,0.3327918901247013,0.3002196617848518,0.2633444233126185,0.2191280471991134,0.11922951126159288
45300.0,0.5672636940120623,0.5663396324744636,0.5635684088794081,0.5589551118169269,0.5525076461156179,0.5442362810169515,0.5341528153770957,0.5222693810647355,0.5085967773042693,0.49314215588713334,0.4759057627726847,0.45687624208275796,0.43602364089943857,0.413288535449172,0.3885641967354013,0.3616652847264062,0.33226780834530734,0.29977906945475347,0.2629993785438102,0.21890372915057302,0.11893670627005866
45360.0,0.5661163943908614,0.5651949067564366,0.5624313964865261,0.5578309210155513,0.551401334907293,0.5431528393954244,0.5330971500530972,0.5212463037098212,0.5076109976774836,0.4921982817449115,0.47500830936489036,0.45602965559926484,0.4352323430501527,0.4125570017305649,0.3878970918938607,0.3610677033423071,0.3317457295914204,0.29934031524408644,0.2626560449820428,0.21868110523776357,0.11864499856086469
45420.0,0.5649729884337197,0.5640540657617232,0.5612982420531653,0.5567105437867536,0.5502987755921644,0.5420730711581322,0.5320450633707985,0.5202266947521607,0.506628561574377,0.4912576126482591,0.47411391011616827,0.4551859613831833,0.4344437662453991,0.41182801056301643,0.38723234650596355,0.36047229742493797,0.3312256471690773,0.2989033933513348,0.2623144175800873,0.21846017045918403,0.11835438218763861
45480.0,0.5638334608914566,0.5629170942787175,0.560168930480236,0.5555939652181988,0.5491999535177629,0.5409969619840528,0.5309965414103337,0.5192105407406166,0.5056494560777837,0.49032013627678805,0.47322255336324603,0.45434514848618107,0.43365790030688456,0.41110155258985864,0.38656995208256634,0.3598790593878193,0.33070755440841115,0.298468297995933,0.26197449132357853,0.21824091987391073,0.11806485130740517
45540.0,0.5626977965789336,0.5617839771597138,0.5590434467321194,0.5544811704603237,0.5481048540934204,0.539924497612745,0.5299515703109663,0.5181978282815088,0.5046736683261158,0.4893858403636086,0.4723342274940398,0.45350720600851013,0.43287473510185087,0.4103776184962011,0.38590990017149845,0.35928798167545334,0.3301914446644386,0.2980350234204568,0.2616362612323929,0.21802334859384911,0.11777640017526435
45600.0,0.5615659803748101,0.5606546993206607,0.5579217758364301,0.5533721447260953,0.5470134627900389,0.5388556638441205,0.5289101362708638,0.5171885440383942,0.5037011855131489,0.4884547126951077,0.4714489209474213,0.45267212309874316,0.432094260542763,0.40965619900858236,0.3852521823572544,0.35869905676332386,0.3296773113178785,0.2976035638924456,0.26129972236129956,0.2178074517773374,0.11748902313897971
45660.0,0.5604379972212964,0.5595292457409178,0.5568039028837712,0.5522668732907738,0.5459257651398524,0.5377904465382201,0.5278722255468775,0.5161826747318521,0.5027319948878041,0.48752674111072947,0.4705666222129793,0.45183988895350446,0.4313164665870038,0.40893728489463715,0.3845967902607366,0.3581122771579729,0.3291651477759544,0.2971739137058858,0.26096486980012207,0.21759322462382494,0.1172027146336148
45720.0,0.5593138321239095,0.5584076014630097,0.5556898130274911,0.5511653414916764,0.5448417467361992,0.5367288316149825,0.5268378244543223,0.5151802071392639,0.501766083753935,0.48660191350274934,0.46968731983077927,0.4510104928172046,0.4305413432365725,0.40822086696279164,0.3839437155390494,0.35752763539713656,0.32865494747315643,0.2967460671823958,0.2606316986735824,0.21738066236941198,0.11691746917631604
45780.0,0.558193470151229,0.5572897515923848,0.5545794914834457,0.5500675347279397,0.5437613932332876,0.5356708050540211,0.5258069193667564,0.5141811280945996,0.5008034394701039,0.48568021781605064,0.4688110023911234,0.45018392398177065,0.42976888053779316,0.4075069360619789,0.38329294988533524,0.3569451240499144,0.32814670387194267,0.29632001867216023,0.26030020414093474,0.21716976028308918,0.11663328136130645
45840.0,0.5570768964346537,0.5561756812971721,0.5534729235297584,0.5489734384602818,0.5426846903459657,0.5346163528943975,0.5247794967157547,0.5131854244881942,0.4998440494493651,0.48476164204789535,0.46793765853430497,0.44936017178638193,0.4289990685810308,0.4067954830813821,0.38264448502865384,0.35636473571696275,0.3276404104633685,0.29589576255465005,0.25997038139546746,0.2169605136635466,0.11635014585512904
45900.0,0.5559640961681621,0.5550653758079426,0.5523700945065805,0.5478830382107704,0.5416116238494912,0.5335654612343949,0.5237555429906934,0.51219308326653,0.49888790115904164,0.4838461742476957,0.46706727695036526,0.448539225617206,0.4282318975004209,0.4060864989502,0.3819983127338902,0.35578646303070044,0.32713606076764684,0.2954732932391663,0.25964222566392936,0.21675291783645212,0.11606805739216723
45960.0,0.5548550546080698,0.553958820417467,0.5512709898158551,0.546796319562588,0.5405421795792998,0.5325181162312909,0.5227350447385228,0.5112040914320173,0.4979349821205048,0.4829338025167833,0.46619984637884987,0.4477210749071397,0.4274673574736081,0.40537997463743425,0.3813544248016882,0.3552102986555104,0.32663364833463354,0.29505260516524,0.25931573220591453,0.21654696815211796,0.1157870107704514
46020.0,0.5537497570727904,0.5528560004804771,0.5501755949210778,0.5457132681597968,0.5394763434307774,0.5314743041011367,0.5217179885635491,0.5102184360427738,0.4969852799089501,0.4820245150081787,0.465335355608564,0.4469057091355539,0.42670543872149885,0.4046759011516985,0.3807128130684064,0.35463623528793925,0.3261331667442462,0.2946336928029118,0.2589908963132328,0.21634265998349064,0.11550700084775542
46080.0,0.5526481889425993,0.5517569014134309,0.5490838953470646,0.5446338697071077,0.538414101359031,0.5304340111185288,0.5207043611272123,0.5092361042124002,0.4960387821531707,0.48111829992635896,0.4644737934773299,0.44609311782804334,0.42594613150802363,0.40397426954104476,0.38007346940608916,0.35406426565688365,0.3256346096068166,0.29421655065291685,0.2586677133092793,0.21613998872441065,0.11522802253797917
46140.0,0.5515503356593905,0.5506615086942713,0.5479958766797143,0.5435581099696459,0.5373554393786587,0.5293972236163834,0.5196941491478608,0.508257083109762,0.49509547653533603,0.48021514552702654,0.4636151488717477,0.4452832905561837,0.4251894261399136,0.40327507089280695,0.3794363857224462,0.35349438252376164,0.3251379705633868,0.29380117324679006,0.2583461785484187,0.21593894978809977,0.11495007080780861
46200.0,0.5504561827264455,0.5495698078621919,0.5469115245657717,0.542485974772722,0.5363003435635236,0.5283639279857146,0.5186873394005314,0.5072813599587634,0.494155350790764,0.4793150401168766,0.46275941072695487,0.4444762169372932,0.42443531296648745,0.402578296333457,0.3788015539608423,0.35292657868266597,0.3246432432859511,0.2933875551469113,0.25802628741538575,0.21573953860583955,0.11467314067364409
46260.0,0.5493657157081933,0.5484817845174018,0.5458308247125997,0.5414174500015982,0.5352488000465242,0.5273341106754068,0.5176839187167245,0.5063089220381288,0.4932183927076954,0.47841797205336556,0.4619065680263916,0.443671886634201,0.4236837823794466,0.40188393702847364,0.3781689661002892,0.3523608469605015,0.32415042147764933,0.29297569094649767,0.25770803532471004,0.2155417506258107,0.11439722719878154
46320.0,0.5482789202299764,0.5473974243208894,0.5447537628879414,0.5403525216012619,0.5342007950193667,0.5263077581919904,0.5166838739841831,0.5053397566811754,0.49228459012706816,0.4775239297444818,0.461056609801567,0.44287028935502226,0.42293482481268435,0.40119198418222246,0.37753861415543766,0.3517971802171019,0.32365949887291956,0.2925655752695592,0.2573914177201665,0.21534558131207088,0.11412232549083408
46380.0,0.5471957819778185,0.5463167129941923,0.5436803249196901,0.5392911755761906,0.5331563147323408,0.5252848570994194,0.5156871921466684,0.5043738512755913,0.4913539309422918,0.47663290164851524,0.46020952513182894,0.44207141485293916,0.4221884307421005,0.40050242903784233,0.3769104901765743,0.3512355713453273,0.32317046923761206,0.29215720277081847,0.25707643007425046,0.21515102614364676,0.11384843069937951
46440.0,0.5461162866981859,0.5452396363191582,0.542610496695657,0.5382333979901277,0.5321153454940897,0.5242653940188431,0.5146938602037378,0.5034111932632124,0.49042640309901964,0.4757448762738287,0.4593653031441383,0.4412752529259873,0.4214445906854254,0.3998152628771388,0.37628458624960964,0.3506760132711462,0.3226833263690717,0.291750568135609,0.25676306788767905,0.21495808061372645,0.11357553801381853
46500.0,0.5450404201977597,0.5441661801377177,0.5415442641633411,0.5371791749658489,0.5310778736713856,0.5232493556283873,0.5137038652105183,0.5024517701397969,0.48950199459492605,0.474859842178633,0.458523933012846,0.4404817934168502,0.42070329520205263,0.39913047702048304,0.37566089449606754,0.3501184989536977,0.3221980640961904,0.2913456660797515,0.25645132668891557,0.21476674022893524,0.11330364266142878
46560.0,0.5439681683431997,0.5430963303516491,0.5404816133296984,0.5361284926849383,0.530043885688903,0.5222367286629238,0.5127171942774882,0.5014955694548036,0.48858069347947974,0.47397778797076096,0.4576854039594737,0.4396910262126568,0.41996453489287594,0.3984480628267149,0.37503940707306976,0.3495630213853382,0.3217146762794363,0.2909424913494173,0.25614120203372015,0.21457700050868117,0.11303273990560177
46620.0,0.5428995170609155,0.5420300729223513,0.53942253026091,0.5350813373875566,0.5290133680289922,0.5212274999138495,0.5117338345702496,0.5005425788111681,0.4876624878537218,0.47309870230744405,0.4568497052524971,0.4389029412447867,0.41922830040013265,0.39776801169304904,0.3744201161733135,0.34900957359167273,0.32123315681085823,0.29054103872097686,0.2558326895047188,0.21438885698456334,0.11276282504424819
46680.0,0.5418344523368359,0.5409673938706088,0.5383670010821566,0.534037695372217,0.5279863072314537,0.5202216562288622,0.510753773309307,0.49959278586507866,0.48674736587004075,0.4722225738950942,0.4560168262071348,0.43811752848867813,0.41849458240725335,0.39709031505498166,0.37380301402504723,0.3484581486315709,0.3207534996140732,0.2901413030008417,0.255525784710996,0.21420230519982958,0.1124938934083594
46740.0,0.5407729602161744,0.5399082792763638,0.5373150119773863,0.5329975529955544,0.526962689893314,0.5192191845117363,0.5097769977698434,0.4986461783257538,0.4858353157319508,0.471349391489082,0.45518675618514026,0.43733477796364234,0.41776337163871424,0.39641496438619966,0.3731880928920379,0.3479087395971722,0.3202756986442369,0.2897432790252985,0.25522048328770197,0.21401734070887787,0.1122259403607127
46800.0,0.5397150268032054,0.5388527152784881,0.5362665491890902,0.5319608966721021,0.5259425026685997,0.518220071722099,0.5088034952814993,0.49770274395522185,0.4849263256938729,0.4704791438935229,0.4543594845945954,0.4365546797326818,0.4170346588598943,0.39574195119848954,0.3725753450735357,0.3473613396138754,0.319799747888,0.2893469616603382,0.25491678089568137,0.2138339590767941,0.11195896129470884
46860.0,0.5386606379731167,0.5378006877873142,0.5352215987328529,0.5309277125922084,0.5249257319909424,0.5172243046040326,0.5078332529642555,0.4967624703127468,0.4840203838153417,0.46961181972648103,0.453535000667312,0.4357772236932721,0.41630843468243345,0.39507126686289157,0.371964762742497,0.3468159416970391,0.3193256412403586,0.2889523457009309,0.25461467314660213,0.21365215582243205,0.1116929531357334
46920.0,0.5376097785750852,0.5367521816895757,0.5341801456078935,0.5298979859418732,0.5239123633063915,0.5162318689354789,0.5068662569979918,0.4958253440480408,0.4831174772812971,0.4687474067707006,0.4527132928433099,0.435002398998873,0.4155846890260627,0.39440290211521883,0.3713563374983618,0.34627253835598976,0.3188533721646853,0.28855942559328923,0.25431415539055974,0.21347192613911808,0.11142791828096851
46980.0,0.5365624334114364,0.5357071818252723,0.5331421747670521,0.5288717018613107,0.5229023820160374,0.5152427504504763,0.5059024935199695,0.49489135176969923,0.4822175932372778,0.46788589277145204,0.45189434952728624,0.43423019477003943,0.4148634117803886,0.39373684766444694,0.37075006091773943,0.3457311220821672,0.3183829341123293,0.28816819577605035,0.25401522294730766,0.2132932649198106,0.11116385915905995
47040.0,0.5355185875389037,0.5346656732882262,0.5321076714152293,0.5278488457398708,0.5218957737660234,0.5142569351229007,0.5049419489009468,0.4939604803123719,0.4813207190463523,0.467027265681957,0.45107815932129736,0.43346060031313693,0.4141445930084096,0.3930730943797743,0.370145924723657,0.3451916854989808,0.3179143206507378,0.2877786507809564,0.2537178711657676,0.21311616687545637,0.11090077670572432
47100.0,0.5344782262651069,0.533627641422564,0.5310766210058943,0.5268294032125821,0.5208925244441472,0.5132744091631303,0.5039846097419276,0.4930327167336086,0.48042684228607857,0.46617151366047616,0.45026471102198806,0.43269360511773164,0.4134282229440841,0.3924116332883766,0.3695439207834779,0.3446542213597356,0.3174475254606057,0.28739078522650824,0.25342209541584515,0.21294062661251284,0.11063867048470315
47160.0,0.533441335145067,0.5325930718192418,0.5300490092376317,0.5258133601567416,0.5198926201765021,0.5122951590147568,0.5030304628709537,0.49210804831074795,0.47953595074549954,0.46531862506742955,0.44945399361785593,0.43192919885401326,0.4127142919899281,0.39175245557317817,0.36894404110680445,0.3441187225454373,0.31698254233274714,0.28700459381243776,0.2531278910877816,0.21276663869643375,0.11037753880263432
47220.0,0.5324078999777644,0.5315619503126129,0.5290248220507325,0.5248007026885408,0.5188960473241564,0.5113191713513332,0.5020794953399315,0.49118646253783704,0.47864803242217485,0.4644685884625539,0.44864599628654755,0.43116737137024863,0.4120027907146362,0.39109555257063616,0.3683462778433542,0.34358518206248984,0.3165193651648951,0.2866200713154493,0.25283525359626474,0.21259419770394558,0.1101173788173345
47280.0,0.5313779068027414,0.5305342629770344,0.5280040456238215,0.5237914171597347,0.5179027924798739,0.5103464330731556,0.5011316944214994,0.4902679471225932,0.4777630755192482,0.4636213926020905,0.44784070839218787,0.4304081126902642,0.4112937098507274,0.39044091576853246,0.3677506232808106,0.3430535930403141,0.31605798795861545,0.28623721258633095,0.2525441783874484,0.21242329826627698,0.10985818663927416
47340.0,0.5303513418967387,0.5295099961235109,0.5269866663705288,0.5227854901543454,0.5169128424648688,0.5093769313040886,0.5001870476059256,0.48935248998339553,0.4768810684425487,0.4627770264360112,0.44703811948274136,0.4296514130109581,0.41058704029220977,0.38978853680376974,0.3671570698426408,0.34252394872893804,0.3155984048164728,0.2858560125483488,0.2522546609476262,0.21225393510501323,0.10959995742622924
47400.0,0.5293281917703714,0.5284891362963842,0.5259726709361957,0.5217829084854059,0.5159261843256008,0.5084106533884231,0.49924554259804754,0.48844007924631583,0.4760019997977257,0.4619354791052738,0.44623821928740176,0.42889726269983686,0.40988277309226473,0.3891384074601668,0.36656561008589605,0.34199624249660626,0.3151406099395324,0.285476466196762,0.25196669681273026,0.21208610306188957,0.10934268547123152
47460.0,0.5283084431648472,0.5274716702700495,0.5249620461946156,0.5207836591917402,0.5149428053306047,0.5074475868877683,0.4983071673142412,0.48753070324217934,0.4751258583874154,0.4610967399391076,0.4454409977140138,0.428145652292577,0.4091808994609465,0.38849051966625664,0.36597623669900575,0.3414704678274558,0.3146845976252443,0.2850985685992694,0.2516802815780916,0.21191979712356623,0.10908636428403445
47520.0,0.5272920830487129,0.526457585045716,0.5239547792448164,0.5197877295347771,0.5139626929673536,0.506487719577981,0.4973719098794281,0.48662435050366126,0.47425263320844174,0.46026079845233075,0.44464644484651805,0.4273965724906103,0.40848141076289557,0.3878448654930879,0.3653889424995823,0.3409466183192909,0.31423036226571815,0.2847223148971983,0.25139541090809864,0.21175501244222383,0.10883098666637034
47580.0,0.5262790986146445,0.525446867848202,0.5229508574078748,0.5187951069954031,0.5129858349391618,0.5055310394461275,0.49643975862411,0.48572100976241167,0.47338231344904486,0.45942764434269845,0.44385455094242715,0.4266500141587298,0.4077842985150666,0.3872014371520323,0.36480372043224757,0.3404246876814882,0.31377789834638153,0.284347700307268,0.25111208054551837,0.21159174435265743,0.10857654478131434
47640.0,0.525269477276267,0.5244395061227619,0.5219502682237657,0.5178057792708447,0.5120122191621145,0.5045775346874772,0.49551070208144143,0.4848206699462159,0.4725148884861429,0.45859726748827445,0.4430653064303244,0.42590596832271793,0.40708955438446953,0.3865602269926042,0.3642205635665019,0.3399046697330484,0.3133272004449936,0.28397472012377256,0.2508302863203333,0.21142998838642676,0.10832303021708942
47700.0,0.5242632066650119,0.5234354875319497,0.5209529994482457,0.5168197342715873,0.5110418337620347,0.5036271937025315,0.4945847289843288,0.48392332017618284,0.47165034788262095,0.4577696579448379,0.4422787019073887,0.42516442616699324,0.4063971701859265,0.38592122750030106,0.3636394650946464,0.33938655840080706,0.31287826323098084,0.28360336972106354,0.2505500241580132,0.21126974028352172,0.1080704340456555
47760.0,0.5232602746270043,0.5224347999525122,0.519959039049769,0.5158369601183235,0.5100746670714795,0.5026800050940786,0.49366182826256383,0.48302894976396293,0.47078868138464725,0.4569448059433093,0.4414947281369414,0.42442537903227595,0.40570713787984486,0.3852844312944635,0.36306041832976704,0.3388703477178065,0.31243108146505744,0.28323364455622174,0.2502712900871752,0.21111099600192368,0.10781874687642498
47820.0,0.5222606692199833,0.5214374314723199,0.5189683752064361,0.5148574451389367,0.5091107076267699,0.5017359576642851,0.4927419890399837,0.48213754820899646,0.469929878919023,0.45612270188720466,0.4407133760460172,0.423688818413274,0.40501944957000746,0.384649831126168,0.3624834167037939,0.3383560318218299,0.31198564999909073,0.2828655401718365,0.24999408024662584,0.2109537517253828,0.10756795890544134
47880.0,0.521264378710257,0.5204433703873258,0.5179809963029736,0.5138811778655139,0.5081499441650501,0.5007950404118137,0.4918252006316634,0.48124910519578884,0.46907393059054997,0.4553033363501172,0.43993463672295596,0.4229547359563881,0.4043340975013847,0.3840174198761545,0.36190845376563635,0.33784360495408955,0.311541963776171,0.2824990521988233,0.24971839089178616,0.21079800386968034,0.10731805996034463
47940.0,0.5202713915696843,0.5194526051985537,0.5169968909277405,0.5129081470313857,0.5071923656213737,0.4998572425289687,0.49091145254113366,0.4803636105912129,0.46822082667943316,0.45448670007321873,0.43915850141501717,0.42222312345743584,0.4036510740579684,0.3833871905527929,0.36133552317940487,0.33733306145806113,0.31110001783085284,0.2821341763592258,0.24944421840052172,0.21064374908759967,0.10706903954143591
48000.0,0.5192816964726887,0.5184651246091193,0.516016047869772,0.5119383415682026,0.5062379611258256,0.49892255339887537,0.4900007344576276,0.47948105444184014,0.46737055763870133,0.4536727839627873,0.4383849615260149,0.4214939728593969,0.402970371760632,0.3827591362900945,0.36076461872271126,0.3368243957784541,0.31065980728953063,0.2817709084689602,0.2491715592784069,0.21049098427280344,0.1068208868591368
48060.0,0.5182952822933022,0.5174809175212807,0.515038456115848,0.5109717506030339,0.5052867200006662,0.49799096259268144,0.4890930362533557,0.47860142697129493,0.46652311409165764,0.4528615790877564,0.4376140086139739,0.42076727625018034,0.40229198326501925,0.38213325034577045,0.36019573428505747,0.3363176024603081,0.3102213273709215,0.281409244440473,0.24890041016345088,0.21033970656277473,0.10657359086812311
48120.0,0.5173121381022344,0.516499973033514,0.5140641048475881,0.5100083634554962,0.5043386317575032,0.49706245986678826,0.48818834798080485,0.4777247185776363,0.46567848682935015,0.4520530766772878,0.4368456343888078,0.42004302586041137,0.40161590135945907,0.3815095260993378,0.3596288638663057,0.3358126761481978,0.30978457338662835,0.28104918028528614,0.2486307678303242,0.21018991334096648,0.10632714029839553
48180.0,0.5163322531639745,0.515522280437621,0.5130929834385768,0.5090481696349117,0.5033936860944952,0.49613703516010976,0.4872866598700655,0.476850919830763,0.46483666680806845,0.45124726811836374,0.43607983071001577,0.4193212140612451,0.40094211896291587,0.3808879570502801,0.35906400157522805,0.335309611585542,0.30934954074175564,0.28069071211641444,0.24836262919411953,0.21004160223827753,0.10608152368353324
48240.0,0.515355616933918,0.5145478292158626,0.5121250814515188,0.5080911588374906,0.5024518728935772,0.4952146785913524,0.48638796232617937,0.47598002146984336,0.46399764514686126,0.4504441449534034,0.4353165895844051,0.418601833362201,0.40027062912297134,0.38026853681625694,0.35850114162813346,0.3348084036139938,0.3089162249355656,0.2803338361506453,0.24809599131368335,0.20989477113395608,0.10583672938636027
48300.0,0.5143822190555174,0.5135766090381151,0.5111603886354119,0.5071373209435405,0.501513182217714,0.49429538045632593,0.4854922459265177,0.4751120144007683,0.46316141312507764,0.44964369887789873,0.43455590316382975,0.41788487640902294,0.3996014250138404,0.37965125913136677,0.35794027834756803,0.3343090471729136,0.3084846215621472,0.2799785487106709,0.24783085139455185,0.20974941815602183,0.10559274562223771
48360.0,0.5134120493574649,0.5126086097590605,0.5101988949227563,0.5061866460147013,0.5005776043081791,0.493379131225275,0.48459950141817837,0.47424688969362616,0.4623279621799284,0.44884592173807386,0.43379776374295465,0.4171703359815684,0.398934499934425,0.37903611784445945,0.35738140616108033,0.3338115372988996,0.3080547263110954,0.27962484622707384,0.24756720679152422,0.20960554168127987,0.1053495604801793
48420.0,0.5124450978508946,0.5116438214153939,0.5092405904267798,0.5052391242912065,0.49964512958185475,0.49246592154023533,0.48370971971540866,0.4733846385802022,0.46149728390407013,0.448050805528561,0.4330421637570411,0.4164582049917176,0.3982698473064005,0.3784231069175022,0.3568245196000542,0.3333158691253772,0.3076265349681759,0.2792727252401615,0.24730505501090655,0.20946314033499236,0.10510716194197527
48480.0,0.5114813547266148,0.5106822342230629,0.5082854654386938,0.5042947461891645,0.49871574862855766,0.49155574221241316,0.4828228918970483,0.4725252524514964,0.4606693700432108,0.44725834239010237,0.4322890957797537,0.415748476481317,0.3976074606723399,0.3778122204239935,0.3562696132985951,0.3328220378822311,0.3072000434159766,0.2789221824016532,0.24704439371245365,0.2093222129902648,0.10486553789949199
48540.0,0.5105208103523586,0.5097238385745219,0.5073335104249732,0.5033535022978668,0.497789452208392,0.4906485842195894,0.48193900920399785,0.47166872285526606,0.4598442124937331,0.44646852460726827,0.43153855252099116,0.4150411436201446,0.39694733369387664,0.37720345254742327,0.355716681992473,0.33233003889547336,0.3067752476345297,0.2785732144762236,0.2467852207110378,0.20918275876719347,0.10462467617030596
48600.0,0.5095634552700659,0.5087686250360202,0.5063847160246521,0.5024153833771222,0.4968662312491181,0.48974443870354184,0.48105806303670556,0.4708150414935861,0.45902180330034137,0.44568134460620096,0.43079052682473856,0.4143361997039067,0.39628946014989946,0.3765967975797805,0.35516572051811274,0.3318398675869418,0.30635214370190106,0.27822581834290366,0.2465275339780696,0.20904477703181654,0.10438456451181514
48660.0,0.508609280243042,0.507816584394654,0.5054390730960479,0.5014803804034176,0.49594607689154335,0.4888432970144452,0.4801800449983588,0.46996420026462554,0.45820213469621157,0.4448967949929331,0.4300450117053678,0.41363363818833476,0.3956338339682962,0.3759922499508218,0.3546167238393077,0.33135151949838193,0.3059307278154408,0.2778799910128911,0.2462713316543443,0.20890826740359686,0.10414519037787019
48720.0,0.5076582762689602,0.5068677076713314,0.5044965727296331,0.5005484845826367,0.49502898050202365,0.4879451507230944,0.4793049469067725,0.46911619127413434,0.4573851991140236,0.4441148685639138,0.42930200035760013,0.41293345269855813,0.39498044923472586,0.3753898042362785,0.3540696870549399,0.33086499029876393,0.30551099629869766,0.27753572963580836,0.24601661205594486,0.20877322978054355,0.10390654087345587
48780.0,0.5067104341964596,0.5059219857382756,0.5035572058682375,0.4996196869747567,0.4941149333034274,0.48704999125989046,0.47843276044312544,0.46827100649563996,0.4565709888592904,0.44333555799412516,0.42856148586106796,0.412235636751771,0.39432929993511434,0.3747894549220146,0.35352460518681617,0.33038027559811806,0.30509294544404914,0.27719303137496676,0.2457633735883392,0.20863966426002642,0.10366860471247788
48840.0,0.5057657446458375,0.5049794092399038,0.5026209632284886,0.49869397841621715,0.4932039262988014,0.48615780984016926,0.4775634770793117,0.4674286377001719,0.4557594960428114,0.4425588557726183,0.4278234611192896,0.41154018370002743,0.3936803799026852,0.3741911963557592,0.35298147313664957,0.32989737091038435,0.304676571482119,0.2768518933838648,0.24551161472429084,0.208507571028655,0.10343137252457937
48900.0,0.5048241980134036,0.5040399685971683,0.5016878353051216,0.49777134952417895,0.4922959502755624,0.4852685974683034,0.4766970880819351,0.46658907646013564,0.4549507125844123,0.4417847542061107,0.42708791886312947,0.4108470867335889,0.393033682821244,0.3735950227504242,0.3524402856895391,0.3294162716571878,0.30426187058583903,0.27651231280921634,0.2452613339935836,0.20837695027169176,0.10319483672472425
48960.0,0.5038857844757904,0.5031036540118613,0.500757812375254,0.496851790700751,0.4913909958096516,0.48438234494177035,0.4758335845162726,0.4657523141531557,0.45414463021665347,0.4410132454225583,0.426354851654238,0.4101563388842566,0.39238920222846213,0.37300092818742336,0.3519010375174399,0.3289369731715564,0.30384883887418446,0.2761742867922558,0.24501252996788142,0.20824780209681376,0.10295899138781857
49020.0,0.5029504939942315,0.5021704554708786,0.4998308845026193,0.495935292137174,0.49048905326965253,0.4834990428551824,0.47497295725020094,0.4649183419658828,0.4533412404885102,0.44024432137469854,0.4256242518884694,0.4094679330286913,0.3917469315191464,0.3724089066199831,0.3513637231826143,0.32845947070154063,0.3034374724154359,0.2758378124682912,0.24476520124276763,0.20812012646975253,0.10272383212894326
49080.0,0.5020183163187927,0.5012403627504438,0.49890704154176385,0.4950218438179672,0.48959011282086895,0.4826186816042794,0.4741151969580886,0.4640871508977692,0.45254053476901884,0.4394779738435707,0.42489611179928033,0.4087818618917154,0.3911068639485057,0.37181895187644426,0.350828337141052,0.32798375941368296,0.3030277672298603,0.2755028869646542,0.24451934641835876,0.20799392315984505,0.10248935598954201
49140.0,0.5010892409925671,0.5003133654202937,0.4979862731421993,0.49411143552503367,0.48869416442936453,0.4817412513898863,0.47326029412464926,0.4632587317648095,0.45174250425089557,0.4387141944420053,0.42417042346110423,0.40809811804960444,0.3904689926354011,0.37123105766354786,0.35029487374583296,0.32750983439629017,0.3026197192917673,0.27516950739728224,0.24427496407943328,0.20786919169392445,0.10225556132973934
49200.0,0.5001632573558267,0.49938945284781844,0.4970685687525168,0.49320405684172697,0.4878011978659634,0.48086674222182757,0.47240823904876056,0.4624330752032457,0.4509471399541197,0.43795297461808763,0.4234471787927036,0.4074166939333548,0.38983331056558357,0.3706452175696972,0.3497633272504209,0.3270376906624672,0.30221332453091737,0.27483767086618205,0.24403205277570666,0.20774593131726363,0.10202244772683419
49260.0,0.49924035455012705,0.4984686142021586,0.4961539176244557,0.4922996971568743,0.4869112027102069,0.47999514392280246,0.47155902184724297,0.4616101716732373,0.4501544327294865,0.43719430565859263,0.42272636956049964,0.40673758183193537,0.3891998105949128,0.3700614250681868,0.3492336918118625,0.32656732315288095,0.30180857883330736,0.27450737445002243,0.2437906110026693,0.20762414096051604,0.10179001587992165
49320.0,0.4983205215223756,0.49755083845826326,0.49524230881693215,0.4913983456687567,0.4860241683542727,0.4791264461322269,0.47071263245860034,0.4607900114624938,0.44936437326212536,0.43643817869239016,0.422007987381877,0.4060607738955202,0.38856848545255396,0.3694796735203889,0.3487059614938721,0.3260987267382339,0.30140547804137036,0.27417861520007636,0.24355063718325,0.20750381921178013,0.1015582675205239
49380.0,0.4974037470288508,0.49663611440089867,0.4943337312000223,0.4904999913890471,0.4851400840068481,0.47826063831002313,0.46986906064672335,0.45997258468987356,0.44857695207498754,0.43568458469382126,0.4212920237284638,0.40538626213869644,0.3879393277441471,0.36889995617888854,0.34818013026978867,0.32563189622143623,0.30100401795363785,0.2738513901337073,0.24331212965046603,0.20738496429305053,0.10132720532906495
49440.0,0.4964900196391759,0.49572443062861665,0.4934281734589016,0.48960462314670583,0.48425893869696296,0.47739770974037815,0.46902829600455115,0.45915788130894275,0.4477921595322977,0.434933514486046,0.42057846992938375,0.4047140384436485,0.3873123299549458,0.36832226619055425,0.3476561920253862,0.32516682633947924,0.30060419432393387,0.2735256962275674,0.24307508663114452,0.20726757404043686,0.10109683285698307
49500.0,0.49557932774025104,0.49481577555767314,0.4925256240977373,0.48871222959182803,0.48338072127777854,0.4765376495354529,0.4681903279576937,0.4583458911114983,0.4470099858429706,0.43418495874435686,0.4198673171744838,0.4040440945633142,0.386687484452918,0.3677465965995384,0.34713414056152997,0.32470351176500883,0.3002060028601528,0.27320153041064,0.2428395062307514,0.2071516458876242,0.10086715445425412
49560.0,0.4946716595401347,0.4939101374259041,0.4916260714435382,0.48782279919945043,0.48250542043033173,0.4756804466390556,0.4673551457680144,0.45753660373105204,0.4462304210639943,0.43343890799946583,0.41915855651753087,0.40337642212451336,0.38606478349180334,0.36717294035019327,0.3466139695966705,0.3242419471076157,0.2998094392226918,0.2728788895572396,0.24260538641932644,0.20703717685212322,0.10063817520208147
49620.0,0.49376700307188093,0.493007504296553,0.490729503649956,0.48693632027330863,0.48163302466723507,0.47482608983026503,0.46652273853717,0.4567300086462764,0.44545345510377893,0.43269535264075376,0.4184521788793794,0.4027110126310389,0.3854442192141217,0.36660129028990457,0.34609567276917175,0.3237821269148571,0.2994144990225904,0.2725577704800597,0.24237272501849905,0.20692416352392615,0.10040990085050029
49680.0,0.4928653461973283,0.4921078640620512,0.48983590870103993,0.48605278094955123,0.4807635223363333,0.47397456772701585,0.4656930952101102,0.4559260951844137,0.44467907772546666,0.4319542829194913,0.41774817505110495,0.4020478574667152,0.38482578365413084,0.3660316391718231,0.3455792436394703,0.323324045673027,0.2990211778194361,0.27223816992333555,0.24214151968954514,0.2068126020562323,0.10018233776063826
49740.0,0.4919666766108416,0.49121120444775046,0.4889452744149445,0.485172169200406,0.47989690162431176,0.473125868789638,0.4648662045785363,0.45512485252464013,0.44390727855020756,0.43121568895202317,0.41704653569710787,0.4013869478984148,0.3842094687407224,0.36546397965750177,0.34506467569206833,0.3228676978076981,0.2986294711190837,0.2719200845561788,0.2419117679224331,0.20670248815795747,0.09995549285137688
49800.0,0.491070981843003,0.49031751301560805,0.4880575884475898,0.4842944728377989,0.47903315056026086,0.4722799813243511,0.4640420552843149,0.45432626970139794,0.4431380470603978,0.43047956072291854,0.41634725135817746,0.4007282750790344,0.38359526630025714,0.3648983043194268,0.34455196233736335,0.32241307768405186,0.29823937437123516,0.2716035109661204,0.24168346702580218,0.20659381708777533,0.09972937355016055
49860.0,0.4901782492642577,0.48942677716782085,0.4871728382962722,0.48341967951692616,0.4781722570191947,0.4714368934867152,0.46322063582285333,0.45353033560768136,0.4423713726028794,0.4297458880880853,0.41565031245452055,0.4000718300504239,0.38298316805933164,0.36433460564344367,0.3440410969133192,0.32196017960702455,0.29785088296691703,0.2712884456528921,0.24145661411781266,0.206486583649473,0.0995039877477033
49920.0,0.4892884660885067,0.48853898415041463,0.48629101130322866,0.48254777673977894,0.47731420872552127,0.47059659328503795,0.4624019345464263,0.4527370389982839,0.44160724439210347,0.4290146607778459,0.41495570928875114,0.3994176037462667,0.38237316564747775,0.36377287603107483,0.34353207268698666,0.3215089978212842,0.29746399223589304,0.2709748850224671,0.24123120611780402,0.20638078218843287,0.09927934375635485
49980.0,0.4884016193766535,0.487654121056779,0.4854120946591501,0.48167875185861914,0.47645899325646707,0.469759068583732,0.4615859396674655,0.45194636849300607,0.4408456515132522,0.42828586839997645,0.41426343204883753,0.3987655869949082,0.3817652505997843,0.36321310780172916,0.3430248828558759,0.32105952651106323,0.2970786974440363,0.2706628253813692,0.24100723973870414,0.20627640658907342,0.09905545027189087
50040.0,0.4875176960400978,0.4867721748311561,0.4845360754066452,0.48081259207940646,0.4756065980454544,0.46892430710663274,0.46077263926180023,0.45115831257981803,0.4400865829253222,0.42755950044270546,0.4135734708110073,0.3981157705221312,0.3811594143594465,0.3626552931948065,0.3425195205491951,0.32061175979985923,0.29669499379069225,0.2703522629312574,0.24078471148012517,0.20617345027310682,0.09883231633850538
50100.0,0.48663668284418077,0.4858931322720765,0.48366294044365754,0.4799492844651782,0.4747570103854299,0.46809229644026484,0.4599620212718584,0.4503728596179843,0.43933002746416655,0.42683554627767023,0.4128858155426054,0.3974681449538746,0.3805556482802389,0.36209942437169435,0.34201597882896057,0.3201656917500337,0.29631287640604836,0.27004319376378744,0.2405636176220908,0.20607190619848398,0.0986099513167914
50160.0,0.4857585664115792,0.48501698003574767,0.4827926765268289,0.47908881593937847,0.47391021743214645,0.4672630240370656,0.45915407350981885,0.44958999784114345,0.43857597384549707,0.4261139951628349,0.41220045610490774,0.39682270081889415,0.3799539436289079,0.3615454934176611,0.34151425069098507,0.3197213163623092,0.2959323403485315,0.26973561385574446,0.2403439542193393,0.20597176685892052,0.09838836485450507
50220.0,0.4848833332256483,0.4841437046393889,0.4819252702748147,0.4782311732891378,0.47306620620739875,0.4664364772185607,0.45834878366072274,0.44880971536034486,0.4378244106678442,0.42539483624536123,0.41151738225588386,0.3961794285513611,0.37935429158748457,0.3609934923436504,0.34101432906575624,0.3192786275751937,0.29555338060224495,0.2694295190644437,0.2401257170961496,0.2058730242839047,0.09816756685992052
50280.0,0.4840109696337138,0.48327329246451606,0.4810607081715491,0.4773763431685054,0.4722249636022052,0.46561264317849393,0.4575461392855381,0.44803200016704214,0.4370753264154704,0.4246780585644365,0.41083658365291165,0.39553831849340226,0.3787566832555226,0.3604434130879742,0.3405162068192113,0.3188376192643371,0.2951759920744542,0.26912490512338516,0.23990890184164124,0.20577567003910424,0.09794756747759198
50340.0,0.4831414618503122,0.48240572976017654,0.4801989765694583,0.47652431210163004,0.4713864763799473,0.4647915089859093,0.456746127824179,0.4472568401360445,0.43632870946124536,0.4239636510540562,0.41015804985543836,0.394899360897575,0.3781611096522529,0.3598952475179134,0.34001987675341827,0.3183982852418357,0.29480016959313676,0.26882176763816135,0.23969350380550228,0.20567969522709978,0.09772837706634833
50400.0,0.4822747959603815,0.4815410026461319,0.479340061692624,0.47567506648588975,0.47055073117945734,0.4639730615881856,0.4559487365984793,0.4464842230284204,0.4355845480694726,0.42325160254575944,0.40948177032759103,0.39426254592927945,0.37756756171866146,0.35934898743122684,0.33952533160716963,0.3179606192554933,0.2944259079045939,0.2685201020825963,0.23947951809410248,0.2055850904883787,0.09751000617935814
50460.0,0.4814109577639134,0.48067909695787964,0.47848394948291034,0.4748285924398603,0.46971771436554877,0.46315728766486103,0.45515395267002445,0.445714136354046,0.4348428302638535,0.4225419016426937,0.40880773431900796,0.3936278635549961,0.3769760302137265,0.35880462446093797,0.3390325639698538,0.31752461491242706,0.2940532016078458,0.2682199037460384,0.2392669395350054,0.20549184598134124,0.09729246634284382
50520.0,0.4805499324748979,0.4798199979463112,0.47763062530176076,0.4739848755086676,0.46888741173934667,0.46234417334432876,0.4543617625646022,0.4449465671051799,0.4341035435715398,0.4218345364754808,0.40813593063383735,0.39299530332570687,0.3763865055135442,0.3582621498914526,0.3385415661159461,0.3170902655335823,0.2936820450315292,0.2679211676363515,0.2390557626080676,0.20539995124922558,0.09707577151649945
50580.0,0.4796917054955265,0.47896369105008363,0.4767800746970857,0.47314390142175544,0.4680598092833151,0.4615337049325573,0.4535721529810781,0.4441815024420017,0.43336667568187526,0.4211294953307185,0.4074663482255312,0.3923648549344483,0.3757989781279301,0.35772155513020326,0.33805233042719346,0.31665756452119154,0.29331243253999545,0.2676238887145695,0.23884598158392234,0.20530939524918518,0.09685993414928205
50640.0,0.4788362626121492,0.4781101620911163,0.47593228359736856,0.4723056562846796,0.4672348933498305,0.46072586909753305,0.45278511097081353,0.4434189298661184,0.4326322146131045,0.4204267668100021,0.4067989763472667,0.3917365083571589,0.3752134388306347,0.3571828318260361,0.33756484949779575,0.3162265054491277,0.2929443586067572,0.2673280619478583,0.23863759055593478,0.20522016652691974,0.09664496426625735
50700.0,0.4779835899895696,0.4772593972688962,0.4750872383060133,0.47147012657352394,0.4664126506556919,0.4599206528638943,0.45200062393244883,0.44265883721551563,0.4319001487075116,0.4197263398252474,0.4061338045474264,0.3911102538482505,0.3746298786548761,0.3566459718645004,0.3370791161291836,0.3157970820568384,0.2925778178071577,0.26703368230114094,0.23843058344679793,0.20513225337170835,0.09643086958880775
50760.0,0.4771336741654206,0.476411383154871,0.47424492549577696,0.4706372991294007,0.46559306827671454,0.45911804360764596,0.4512186796067602,0.4419012126595824,0.43117046662662206,0.4190282035940688,0.4054708226651261,0.3904860819362115,0.37404828888888864,0.35611096736314723,0.3365951233247979,0.315369288243299,0.29221280481130674,0.2667407447312292,0.23822495402550467,0.20504564394916336,0.09621765565492661
50820.0,0.47628650204462875,0.4755661066869227,0.4734053322032843,0.4698071611530303,0.4647761336424046,0.45831802905094876,0.45043926607159324,0.4411460446942052,0.4304431573464692,0.4183323476352152,0.40481002082578155,0.38986398341923656,0.3734686610714874,0.3555778106668345,0.336112864284886,0.3149431180610431,0.29184931437756684,0.2664492441837974,0.23802069593094913,0.20496032641542483,0.09600532593827554
50880.0,0.4754420608939535,0.4747235551639228,0.47256844582362045,0.46897970019940005,0.463961834530707,0.457520597256987,0.4496623717368674,0.4403933221369298,0.4297182101529225,0.41763876176405335,0.40415138943671963,0.3892439493608861,0.37289098698764933,0.35504649434304264,0.33563233240132045,0.31451856571034,0.2914873413467996,0.2661591755931455,0.23781780269955244,0.20487628901572086,0.09579388196502127
50940.0,0.47460033833660625,0.4738837162403632,0.47173425410500136,0.4681549041725,0.4631501590628304,0.4567257366249044,0.44888798533965063,0.4396430341221861,0.42899561463707075,0.4169474360881033,0.4034949191828251,0.3886259710857695,0.37231525866410664,0.35451701117720047,0.33515352125246395,0.3140956255335912,0.2911268806375353,0.26587053388449744,0.237616267795094,0.2047935201696409,0.09558332342772537
51000.0,0.4737613223469418,0.47304657792105914,0.47090274514351615,0.4673327613201267,0.46234109569814164,0.4559334358848113,0.4481160959392953,0.43889517009657564,0.42827536069066363,0.41625836100261926,0.40284060102222247,0.38801004017525437,0.37174146836495897,0.3539893541680342,0.33467642459810565,0.3136742920100373,0.29076792724213535,0.2655833139784901,0.23741608463948108,0.2047120085450204,0.09537364829576234
51060.0,0.47292500124522163,0.472212128555928,0.4700739073779413,0.4665132602287603,0.4615346332291267,0.4551436840928564,0.4473466929126411,0.4381497198142143,0.4275574385016011,0.41557152718621243,0.40218842618199374,0.3873961484631973,0.37116960858729975,0.3534635165229436,0.33420103637450216,0.3132545597508192,0.2904104762239801,0.2652975107974929,0.23721724664357804,0.20463174312199353,0.09516485292189858
51120.0,0.4720913636924457,0.47138035683483126,0.4692477295846213,0.4656963898185082,0.4607307607764212,0.4543564706263624,0.44657976594927706,0.43740667333213457,0.4268418385494744,0.4148869255965168,0.40153838615392445,0.3867842880316987,0.3705996720568642,0.35293949165341515,0.33372735068954845,0.3128364234944562,0.2900545227156553,0.2650131192733973,0.23701974723748848,0.20455271324850768,0.09495693214478793
51180.0,0.4712603986852519,0.47055125178248697,0.46842420087241643,0.4648821393381114,0.45992946778389987,0.4535717851790224,0.4458153050468596,0.4366660210057373,0.42612855160115465,0.4142045474658936,0.4008904726902832,0.386174451206878,0.3700316517236994,0.3524172731704926,0.3332553618181115,0.31241987810277483,0.2897000619180911,0.26473013435656184,0.23682357989988057,0.20447490868837936,0.09474987938723642
51240.0,0.4704320955508776,0.4697248027534415,0.4676033106777119,0.46407049836001474,0.4591307440138294,0.45278961775615323,0.44505330050648684,0.43592775348429585,0.42541756870642283,0.41352438429717137,0.40024467779962564,0.3855666305546729,0.36946554075786103,0.35189685488030736,0.33278506419755205,0.3120049185572979,0.2893470891005794,0.26444855102562076,0.23662873818608268,0.2043983196628087,0.09454368675016336
51300.0,0.46960644394218015,0.4689009994271055,0.46678504875948873,0.46326145677549485,0.4583345795420766,0.45200995867000626,0.4442937429281247,0.4351918617065076,0.4247088811936439,0.412846427859421,0.3996009937426295,0.3849608188766631,0.3689013325451449,0.35137823077969527,0.3323164524234572,0.3115915399561159,0.2889955996015868,0.2641683642979071,0.23643521575478052,0.2043229368861309,0.09433834510224653
51360.0,0.46878343383272136,0.46807983180284707,0.4659694051944509,0.462455004789847,0.4575409647533744,0.45123279853513154,0.44353662320608356,0.4344583368960893,0.42400248066548,0.4121706701837642,0.3989594130279548,0.38435700920591537,0.3683390206828585,0.3508613950519024,0.33184952124559736,0.311179737511223,0.2886455888302764,0.2638895692402821,0.2362430063932157,0.20424875159647485,0.09413384416528345
51420.0,0.4679630555119041,0.46726129019514084,0.4651563703722104,0.46165113291762466,0.45674989033663954,0.4504581282637892,0.4427819325245409,0.43372717055741816,0.4232983589946399,0.41149710355921265,0.3983199284081284,0.38375519480286086,0.36777859897563453,0.35034634206239573,0.3313842655641286,0.3107695065463122,0.28829705226864616,0.2636121609801885,0.23605210404083582,0.204175755581908,0.09393017259533787
51480.0,0.4671452995801637,0.4664453652287714,0.4643459349905235,0.460849831977933,0.45596134728034093,0.44968593906141374,0.4420296623531119,0.4329983544712118,0.42259650831966594,0.41082572052853733,0.3976825328754579,0.3831553691511967,0.3672200614313009,0.34983306635479566,0.3309206804260382,0.3103608424950094,0.2879499854741981,0.2633361347167819,0.2358625028113876,0.20410394120256892,0.09372731805976682
51540.0,0.46633015694421326,0.4656320478340881,0.46353809005057844,0.46005109308977005,0.45517532686791634,0.4489162224221214,0.44127980444245957,0.4322718806902477,0.42189692104075344,0.4101565138841658,0.39704721965796774,0.38255752595382364,0.3666634022568089,0.3493215626469304,0.33045876102184707,0.30995374089951716,0.28760438408305145,0.2630614857320134,0.2356741970134675,0.20403330140922926,0.09352526731024362
51600.0,0.46551761881233583,0.4648213292423098,0.46273282685233413,0.4592549076674195,0.45439182067323697,0.44814897012426314,0.4405323508199468,0.4315477415351191,0.42119958981560174,0.4094894766641073,0.3964139822153654,0.38196165912881636,0.36610861585422405,0.34881182582702636,0.32999850268256214,0.3095481974096471,0.28726024381342735,0.26278820940157277,0.23548718116956152,0.2039638297586677,0.09332400625190845
51660.0,0.4647076766897249,0.46401320098087484,0.4619301369899019,0.4584612674158849,0.4536108205561144,0.44738417422601856,0.4397872937853293,0.43082592959002536,0.4205045075552965,0.40882460214790445,0.3957828142350318,0.38136776280543344,0.36555569681679106,0.34830385095003985,0.32953990087688106,0.30914420778220225,0.28691756046942507,0.26251630120559694,0.2353014500336213,0.20389552042619807,0.09312352000878799
51720.0,0.46390032237387174,0.46320765486884086,0.46113001234697554,0.4576701643263713,0.45283231865784934,0.44662182706102965,0.43904462590648263,0.43010643769859613,0.41981166742022,0.4081618838526131,0.39515370962804225,0.38077583132016707,0.3650046399250745,0.347797633234131,0.32908295120863773,0.3087417678806846,0.28657632994503246,0.2622457567390947,0.23511699860722984,0.20382836821564915,0.092923792985632
51780.0,0.4630955479499939,0.46240468301232174,0.46033244509230037,0.4568815906718054,0.452056307396822,0.4458619212340734,0.4383043400151645,0.42938925895974595,0.4191210628159901,0.40750131552880403,0.39452666252521446,0.38018585921283893,0.3644554401431791,0.34729316805728794,0.32862764941448647,0.3083408736752918,0.28623654822830247,0.2619765717220272,0.23493382215441655,0.20376236856706345,0.09272480892632079
51840.0,0.4622933457865075,0.46160427779997043,0.45953742767518746,0.4560955390023975,0.4512827794641198,0.44510444961676704,0.43756642920281064,0.42867438672355807,0.4184326873894249,0.4068428911565943,0.3939016672731895,0.37959784122274237,0.3639080926150565,0.3467904509540979,0.3281739913618089,0.3079415212431727,0.28589821140565064,0.2617087420090075,0.23475191621518138,0.2036975175623499,0.09252655096899715
51900.0,0.4614937085305361,0.4608064318984999,0.4587449528210613,0.45531200214123924,0.45051172781919924,0.44434940534331085,0.43683088681636134,0.42796181458719745,0.41774653502453296,0.4061866049417011,0.3932787184305407,0.37901177228483507,0.36336259266089976,0.3462894776126669,0.3277219730468365,0.3075437067689106,0.2855613156662205,0.26144226359859335,0.234571276617795,0.2036338119291013,0.09232900169807935
51960.0,0.4606966291034607,0.46001113824823925,0.45795501352704854,0.4545309731799391,0.449743145685586,0.44359678180626144,0.4360977064541171,0.4272515363908497,0.41706259983852845,0.4055324513115234,0.39265781076392087,0.37842764752598457,0.36281893577362767,0.3457902438716836,0.32727159059297434,0.3071474265452043,0.28522585730627864,0.26117713264214637,0.2343918994899329,0.2035712490427618,0.09213214319330877
52020.0,0.45990210069650156,0.4592183900587292,0.4571676030575989,0.45375244547428945,0.4489770265466023,0.4428465726523351,0.43536688196162315,0.4265435462136845,0.4163808761778714,0.4048804249112477,0.3920389392442388,0.37784546226126825,0.3622771176154618,0.34529274571763,0.326822840249312,0.30675267697372033,0.28489183273360186,0.26091334545225053,0.23421378126871034,0.20350982692731345,0.09193595707598304
52080.0,0.4591101167663368,0.45842818080434705,0.45638271494014093,0.4529764126399675,0.44821336414113,0.44209877177824014,0.43463840742757864,0.4258378383698465,0.41570135861432883,0.40423052059998166,0.3914220990428749,0.37726521199033203,0.36173713401459695,0.3447969792821292,0.32637571838930984,0.3063594545660859,0.28455923847181996,0.2606508985106741,0.2340369187096748,0.20344954425462908,0.09174042455252397
52140.0,0.4583206710307522,0.4576405042199677,0.4556003429607694,0.4522028685482672,0.4474521524593984,0.44135337332653535,0.43391227717977293,0.4251344074044643,0.41502404194106157,0.4035827334469114,0.39080728552793215,0.37668689239380465,0.3611989809619624,0.3443029408394291,0.3259302215096453,0.3059677559450033,0.2842280711646972,0.26038978847587463,0.23386130889481482,0.20339040034262681,0.09154552645552586
52200.0,0.45753375746432257,0.45685535429665297,0.45482048115996015,0.45143180732185745,0.44669338573880263,0.4406103716815169,0.43318848578104385,0.424433248089687,0.4143489211687306,0.4029370587274887,0.3901944942605259,0.3761104993297745,0.3606626546080792,0.3438106268040145,0.3254863462292045,0.30557757784545514,0.2838983275803166,0.2601300121900454,0.23368694923964412,0.203332395152342,0.09135124328242268
52260.0,0.456749369955352,0.4560727249394088,0.45404312349277837,0.4506632229990646,0.4459370581338722,0.43986976114647186,0.432467027715403,0.42373435512124485,0.41367599123405663,0.4022934916455518,0.3895837207320786,0.3755360285879666,0.3601281510360191,0.3433200335245685,0.3250440891067284,0.30518891695931893,0.28357000448657693,0.25987156658993343,0.23351383744366322,0.20327552925445475,0.09115755688923753
52320.0,0.4559675011763836,0.45529260884039097,0.45326826271016185,0.4498971084285978,0.4451831626297724,0.4391315348812503,0.43174789635492555,0.42303772211987045,0.41300524604096545,0.40165202641940706,0.3889749595006346,0.3749634750817893,0.3595954655150665,0.3428311566057849,0.32460344603834457,0.3048017694177585,0.2832430982299551,0.25961444839682013,0.23334197130048775,0.2032198034901487,0.09096445596063182
52380.0,0.4551881434081378,0.4545149983008781,0.45249589117500966,0.44913345607584343,0.44443169183491454,0.4383956856773299,0.4310310847134375,0.42234334235980764,0.4123366791601361,0.40101265694865407,0.38836820482119755,0.37439283343839974,0.3590645930466536,0.3423439914061447,0.3241644127027637,0.3044161311784887,0.282917605057225,0.25935865435731753,0.23317134879429682,0.20316521861406361,0.09077193184460389
52440.0,0.45441128885245397,0.45373988554346895,0.4517260011721377,0.448372258329093,0.44368263828197974,0.43766220625216035,0.4303165857327202,0.42165120904542114,0.4116702840945787,0.40037537706730303,0.3877634508849831,0.37382409822271456,0.35853552857179494,0.34185853322745946,0.32372698473153766,0.30403199817494875,0.2825935212400099,0.25910418133106655,0.2330019681021673,0.20311177523476648,0.09057997696306157
52500.0,0.4536369296339966,0.45296726271378146,0.45095858490996626,0.44761350750120843,0.44293599442954495,0.4369310892507404,0.42960439228402253,0.42096131531262976,0.4110060542809775,0.39974018054503735,0.38716069182064505,0.3732572639387118,0.35800826697267957,0.3413747773171058,0.32329115771239664,0.3036493663210233,0.28227084307946054,0.25885102628588097,0.23283382755215948,0.20305947378646144,0.09038858476124875
52560.0,0.45286505780194336,0.45219712188213934,0.4501936345221919,0.4468571958312678,0.442191752663693,0.4362023272471784,0.42889449716955586,0.4202736542303236,0.4103439830910255,0.3991070610884762,0.38655992169551573,0.37269232503076577,0.3574828030743179,0.340892718870317,0.3228569271925763,0.30326823151542326,0.28194956690954054,0.2585991862904012,0.23266692558721905,0.20300831450188184,0.0901977496590136
52620.0,0.45209566533165807,0.4514294550452369,0.4494311420694392,0.4461033154861922,0.44144990529960487,0.4354759127462327,0.42818689312397185,0.4195882188017671,0.40968406383274686,0.3984760123424349,0.38596113451686087,0.3721292758850156,0.3569591316462353,0.3404123530325192,0.3224242886820923,0.3028885896456389,0.2816296890989982,0.25834865850524136,0.23250126073350544,0.20295829738673443,0.09000746700385386
52680.0,0.4513287441263454,0.4506642541277931,0.44867109954089623,0.4453518585623583,0.44071044458313313,0.4347518381848379,0.4274815728158258,0.41890500196599045,0.4090262897518169,0.3978470278911914,0.3853643242331496,0.37156811083076535,0.35643724740421495,0.3399336749016924,0.32199323765691434,0.3025104365914069,0.28131120605216964,0.2580994401732606,0.23233683157218882,0.20290942219589211,0.08981773302569208
52740.0,0.45056428601868875,0.44990151098417985,0.44791349885593335,0.4446028170871891,0.43997336269235804,0.4340300959336124,0.42677852884902373,0.4182239965991639,0.40837065403286893,0.3972201012597508,0.38476948473534284,0.37100882414191644,0.355917145012074,0.33945667953073494,0.32156376956200067,0.3021337682276704,0.2809941142087812,0.2578515286093652,0.23217363671403393,0.20286168841141863,0.08962854479335179
52800.0,0.44980228277246775,0.4491412174000389,0.4471583318657027,0.4438561830207315,0.43923865173912696,0.43331067829834624,0.4260777537642503,0.41754519551596486,0.4077171498008,0.39659522591511587,0.3841766098581938,0.3704514100384286,0.35539881908347004,0.3389813619298132,0.32113587981415936,0.30175858042702974,0.2806784100429129,0.25760492119010897,0.23201167477628376,0.20281509522243546,0.08943990017270642
52860.0,0.44904272608416124,0.4483833650938776,0.446405590354721,0.4431119482572111,0.43850630377057453,0.43259357752147704,0.4253792400403878,0.4168685914709312,0.4070657701220669,0.39597239526755973,0.38358569338156706,0.36989586268780383,0.3548822641837266,0.3385077170686751,0.32070956380471605,0.30138486906170175,0.28036409006125834,0.2573596153432693,0.23185094436148596,0.2027696415067916,0.08925179778647895
52920.0,0.44828560758453045,0.44762794571864895,0.4456552660424316,0.44237010462657217,0.43777631077062634,0.43187878578354516,0.42468298009591493,0.41619417715980106,0.40641650800598,0.3953516026719023,0.3829967290317698,0.36934217620659293,0.35436747483166625,0.33803573987890834,0.3202848169019639,0.30101263000501177,0.2800511508008166,0.25711560853751103,0.23169144403799957,0.20272532581446884,0.08906423697566772
52980.0,0.44753091884018475,0.4468749508633102,0.4449073505847534,0.4416306438959993,0.4370486646614835,0.4311662952046332,0.42398896629029276,0.4155219452208449,0.4057693564059899,0.3947328414287918,0.38240971048289785,0.3687903446619206,0.3538544455014429,0.3375654252561319,0.31986163445339616,0.30064185913245384,0.27973958882611866,0.25687289827222287,0.23153317232197373,0.20268214635263662,0.08887721776257325
53040.0,0.4467786513551283,0.44612437205436795,0.4441618355756071,0.44089355777141925,0.4363233573050919,0.43045609784578975,0.4232971909253374,0.4148518882361867,0.40512430822097345,0.3941161047859906,0.3818246313581934,0.3682403620730167,0.35334317062436615,0.3370967680621009,0.3194400117877062,0.3002725523223528,0.27942940072607836,0.25663148206757047,0.2313761276606448,0.20264010097226068,0.08869074081539635
53100.0,0.4460287965722897,0.44537620075739853,0.4434187125484231,0.4401588378989857,0.43560038050459077,0.42974818571043527,0.4226076462465773,0.4141839987331146,0.4044813562965117,0.39350138593966094,0.3812414852314106,0.3676922224127629,0.3528336445907015,0.3366297631267183,0.3190199442165648,0.2999047054561649,0.27912058311054855,0.2563913574548101,0.23122030841682123,0.2025991871561679,0.08850480741437795
53160.0,0.44528134587503093,0.44463042837855715,0.4426779729776356,0.43942647586654787,0.43487972600574815,0.42904255074575587,0.4219203244445993,0.4135182691853821,0.40384049342616707,0.3928886780356589,0.38066026562819,0.36714591960923304,0.35232586175144337,0.336164405249945,0.31860142703617367,0.2995383144184546,0.278813132606646,0.25615252196688093,0.23106571285445462,0.20255940200846537,0.08831941941944581
53220.0,0.44453629058864075,0.4438870462660626,0.44193960828015305,0.4386964632050981,0.43416138549837435,0.4283391848440753,0.421235217656377,0.41285469201450037,0.40320171235275715,0.3922779741708282,0.38008096602743924,0.3666014475472363,0.35181981642005206,0.33570068920360036,0.31818445552860203,0.29917337509657654,0.2785070458548964,0.255914973129288,0.23091233912520498,0.20252074224521646,0.08813457923933073
53280.0,0.44379362198180605,0.4431460457116662,0.4412036098168136,0.4379687913902023,0.4334453506177222,0.4276380798442167,0.42055231796659226,0.4121932595910226,0.4025650057696231,0.39166926739429453,0.3795035798627138,0.36605880006984726,0.35131550287414637,0.33523860973304764,0.31776902496291914,0.2988098833801021,0.27820231950525137,0.25567870845129603,0.23076018525592754,0.2024832041862816,0.08795028980211368
53340.0,0.44305333126806873,0.4424074179521025,0.4404699688938213,0.437243451843414,0.4327316129458689,0.4269392275328459,0.41987161740893963,0.4115339642358192,0.40193036632189577,0.3910625507087624,0.3789281005236001,0.36551797097992555,0.350812915357146,0.3347781615587663,0.31735513059612774,0.2984478351600153,0.2778989502130101,0.25544372541742594,0.23060924913701528,0.20244678374823039,0.08776655452716214
53400.0,0.4423154096072601,0.4416711541705205,0.43973867676416273,0.43652043593366846,0.432020164013079,0.4262426196458026,0.41919310796742054,0.4108767982213434,0.4012977866077575,0.39045781707180954,0.37835452135709274,0.3649789540416158,0.35031204807986116,0.3343193393778057,0.31694276767391116,0.29808722632770596,0.27759693463468066,0.25521002147926225,0.23045952851153512,0.20241147643824495,0.08758337729841172
53460.0,0.4415798481069197,0.4409372454978971,0.4390097246290072,0.4357997349786621,0.43131099529915506,0.4255482478694129,0.41851678157762445,0.4102217537728896,0.4006672591796982,0.3898550593971811,0.3777828356689675,0.36444174298182613,0.34981289522202214,0.33386213786512453,0.3165319314312079,0.29772805277378883,0.2772962694238087,0.25497759404757164,0.2303110209651084,0.20237727734892855,0.08740076243894893
53520.0,0.4408466378236932,0.44020568301442975,0.4382831036390889,0.4350813402462105,0.43060409823476875,0.42485610384179107,0.4178426301279993,0.40956882306984455,0.40003877654577,0.3892542705560773,0.3772130367251467,0.3639063314916819,0.3493154509337467,0.3334065516748131,0.31612261709262257,0.2973703103867675,0.2769969512267973,0.25474644048472556,0.23016372391648401,0.20234418115395278,0.08721871468684811
53580.0,0.4401157697647123,0.4394764577509145,0.4375588048960688,0.43436524295559237,0.4298994642027764,0.4241661791541233,0.41717064546110905,0.4089179982469271,0.3994123311708307,0.38865544337843905,0.37664511775305143,0.363372713227947,0.34881970933694406,0.3329525754412051,0.31571481987268285,0.2970139950515671,0.27669897667873566,0.25451655809742385,0.23001763460876254,0.2023121821044676,0.0870372391722165
53640.0,0.4393872348889579,0.4387495606901021,0.4368368194538798,0.43365143427887365,0.4291970845395181,0.4234784653519412,0.4165008193748794,0.40826927139542146,0.3987879154777879,0.38805857065422455,0.3760790719429422,0.3628408818144155,0.34832566452665176,0.332500203779879,0.31530853497595995,0.29665910264795453,0.2764023423992536,0.25428794412971495,0.22987275010122912,0.2022812740262151,0.0868563413953988
53700.0,0.4386610241086021,0.43802498276803836,0.436117138320055,0.43293990534221644,0.42849695053610176,0.4227929539363775,0.4158331436238347,0.40762263456440206,0.3981655218488301,0.3874636451346794,0.3755148924492386,0.36231083084326493,0.34783331057230665,0.33204943128855313,0.3149037575970573,0.2963056290488599,0.27610704498841526,0.25406059575630635,0.22972906726175613,0.20225145031728528,0.08667602720629433
53760.0,0.4379371282903336,0.4373027148753838,0.43539975245703577,0.432230647227169,0.42779905343967173,0.4221096363654106,0.41516760992031815,0.40697807976194866,0.3975451426266547,0.3868706595335964,0.37495257239182705,0.36178255387637415,0.34734264151894534,0.3316002525478795,0.31450048292048044,0.2959535701186201,0.2758130810226657,0.2538345100761567,0.22958658275974253,0.2022227039464612,0.0864963027847381
53820.0,0.4372155382566641,0.4365827478587172,0.43468465278346413,0.43152365097194056,0.4271033844546591,0.4214285040550931,0.41450420993570725,0.40633559895634996,0.3969267701156842,0.386279606528563,0.3743921048573432,0.36125604444660164,0.3468536513883394,0.33115266212213856,0.3140987061204004,0.29560292171115354,0.27552044705083645,0.25360968410634205,0.2294452930595555,0.20219502745210324,0.08631717462189861
53880.0,0.43649624478721716,0.4358650725218208,0.4339718301754564,0.43081890757265845,0.4264099347440198,0.42074954838076856,0.41384293530161154,0.4056951840773013,0.3963103965832748,0.385690478762198,0.37383348290043306,0.36073129605902166,0.34636633418006146,0.33070665455984233,0.3136984223603153,0.2952536796680822,0.27522913959022105,0.25338611477618916,0.22930519441444308,0.20216841294152732,0.08613864950264385
53940.0,0.4357792386199976,0.43514967962694556,0.4332612754678589,0.4301164079846085,0.42571869543045643,0.4200727606782744,0.41318377761106234,0.40505682701709084,0.39569601426091455,0.38510326884337237,0.37327669954499026,0.3602083021921184,0.34588068387248405,0.33026222439424535,0.31329962679262296,0.2949058398168085,0.2749391551227239,0.25316379892166774,0.22916628286089102,0.20214285209083468,0.08596073448882939
54000.0,0.4350645104526451,0.4344365598960614,0.4325529794554888,0.4294161431234591,0.42502965759762307,0.41939813224512995,0.41252672841968946,0.40442051963177333,0.39508361534540953,0.38451796934841637,0.3727217477853667,0.3596870562989356,0.34539669442371473,0.32981936614377394,0.31290231455811196,0.2945593979685601,0.27465049009109,0.25294273328003136,0.22902855421339469,0.20211833614515728,0.08578343690346169
54060.0,0.43435205089403056,0.433725703962571,0.4318469328451972,0.42871810381791065,0.42434281224359444,0.41872565429506237,0.41187177920154594,0.4037862536985406,0.39447319195804514,0.3839345727823135,0.3721686205498271,0.3591675517729721,0.3449143597400372,0.32937807428303295,0.312506480759466,0.2942143498943476,0.2743631408775581,0.25272291447225004,0.22889200405359889,0.2020948559174632,0.08560676454979288
54120.0,0.43364185038777014,0.43301710229500834,0.4311431261801227,0.4280222807348716,0.42365815020733993,0.4180553178861498,0.41121892127929605,0.40315402084833407,0.3938647360800046,0.38335307151730136,0.37161731064268916,0.35864978189418534,0.3444336736260471,0.32893834319726334,0.31211212042020237,0.2938706912886305,0.2740771037728869,0.2525043389789116,0.22875662771489608,0.20207240175339866,0.08543072605944253
54180.0,0.4329338994852812,0.4323107454694344,0.430441550110111,0.427328664646592,0.42297566243126095,0.417387114177471,0.410568146073687,0.40252381280685523,0.39325823978363145,0.3827734580130784,0.37106781095210906,0.35813374002288834,0.3439546299630147,0.32850016734327814,0.31171922862593376,0.293528417888214,0.2737923750695999,0.2522870032033629,0.22862242030662713,0.20205096352332494,0.0852553295931557
54240.0,0.43222818891096626,0.4316066242344653,0.4297421954562698,0.42663724649442974,0.42229534002386054,0.4167210344903668,0.40991944516310364,0.4018956214521097,0.392653695287661,0.38219572486939657,0.37052011449968275,0.35761941964593313,0.34347722275112863,0.32806354128709736,0.31132780055658027,0.29318752549809585,0.2735089510804576,0.25207090348170175,0.22848937671774847,0.20203053069418714,0.08508058253416052
54300.0,0.43152470955980965,0.43090472950887215,0.4290450532085829,0.42594801738649163,0.4216171742574248,0.4160570703061774,0.40927281028137696,0.40126943881231064,0.3920510949552239,0.3816198648241738,0.3699742144386309,0.3571068143748853,0.3430014461074962,0.3276284597015229,0.31093783148318366,0.2928480099871774,0.27322682813285376,0.2518560360765178,0.22835749161912663,0.20201109240189646,0.08490649150448022
54360.0,0.43082345249499904,0.4302050523792087,0.4283501145235541,0.4252609685953045,0.420941156565732,0.4153952132640092,0.4086282333156242,0.4006452570638037,0.3914504312918764,0.381045870751616,0.3694301040519825,0.3565959179441855,0.3425272942641197,0.32719491736368145,0.31054931676470293,0.2925098672839991,0.272946002563421,0.2516423971719349,0.22822675947069823,0.20199263751526422,0.08473306238337863
54420.0,0.430124408945576,0.42950758409746614,0.4276573707218785,0.42457609155551335,0.4202672785417929,0.41473545515852717,0.40798570630411235,0.4000230685290195,0.3908516969436468,0.3804737356603559,0.368887776750765,0.35608672420929544,0.34205476156584336,0.3267629091525351,0.31016225184479324,0.29217309337252373,0.2726664707129597,0.2514299828701043,0.22809717453194805,0.20197515469278834,0.08456030032747025
54480.0,0.429427570304114,0.42881231607875675,0.4269668132861404,0.42389337786160697,0.4195955319356162,0.4140777879377773,0.40734522143415114,0.3994028656744502,0.3902548846951021,0.37990345269159914,0.36834722607218795,0.35557922714483364,0.341583842468279,0.3263324300463676,0.30977663224857793,0.29183768428800244,0.27238822892178993,0.25121878918914176,0.22796873087459432,0.2019586324333074,0.08438820979211634
54540.0,0.42873292812442165,0.4281192398990226,0.4262784338585391,0.4232128192656699,0.41892590865200086,0.41342220370103333,0.4067067710400093,0.3987846411086481,0.38965998746743336,0.37933501511728285,0.36780844567783083,0.35507342084269605,0.3411145315357058,0.32590347512024503,0.30939245357942696,0.291503636112962,0.2721112735256001,0.25100881206240316,0.22784142239668176,0.20194305912134192,0.08421679455378647
54600.0,0.4280404741192734,0.4274283472927715,0.4255922242386389,0.42253440767516176,0.4182584007483551,0.4127686946966693,0.40607034760085486,0.3981683875802452,0.3890669983165583,0.37876841633824193,0.36727142935182705,0.35456929951016525,0.3406468234389521,0.32547603954346044,0.30900971151575646,0.29117094497334706,0.2718356008518296,0.2508000473389736,0.22771524283750386,0.20192842306778636,0.08404605773312679
54660.0,0.4273502001581649,0.4267396301508362,0.42490817638114614,0.4218581351507208,0.41759300043254016,0.41211725332005766,0.4054359437387201,0.3975540979759937,0.38847591043123475,0.37820364988238286,0.36673617099904643,0.35406685746800504,0.3401807129532554,0.3250501185769701,0.3086284018078654,0.2908396070348509,0.27156120721660737,0.2505924907852074,0.22759018579293339,0.20191471254649593,0.0838760018185138
54720.0,0.42666209826509127,0.42605308051816,0.42422628239371063,0.4211839939039921,0.41692970006074065,0.4114678721114911,0.4048035522164885,0.3969417653188252,0.3878867171311935,0.37764070940286654,0.3662026646432752,0.3535660891485465,0.3397161949561091,0.324625707570822,0.30824852027482325,0.29050961849946166,0.2712880889222446,0.25038613808716503,0.2274662447308545,0.20190191582722136,0.08370662868991338
54780.0,0.4259761606163519,0.4253686905916056,0.42354653453475005,0.4205119762954816,0.4162684921353548,0.41082054375412624,0.40417316593590186,0.39633138276592955,0.38729941186528255,0.3770795886762922,0.3656709044253933,0.35306698909376066,0.33925326442509474,0.3242028019615925,0.3078700628014289,0.2901809756022419,0.2710162422552629,0.25018098485380386,0.22734341300647443,0.20189002120527302,0.08353793964289119
54840.0,0.42529237953837945,0.424686452717789,0.42286892521129943,0.419842074832431,0.41560936930291126,0.4101752610719526,0.4035447779355903,0.3957229436068503,0.38671398820962277,0.37652028160089324,0.3651408846015467,0.35256955195332323,0.3387919164357053,0.3237813972698313,0.30749302533525097,0.2898536746083572,0.2707456634849404,0.24997702662079346,0.22722168387735286,0.20187901702823938,0.0833699354126486
54900.0,0.4246107475055882,0.42400635939093434,0.42219344697688327,0.4191742821667189,0.41495232435200713,0.40953201702777925,0.4029183813891194,0.3951164412615954,0.38613043986577533,0.37596278219473167,0.3646125995413209,0.35207377248266714,0.33833214615916374,0.3233614890975315,0.3071174038837671,0.2895277118103628,0.2704763488623308,0.24977425885482527,0.2271010505180327,0.2018688917200371,0.0832026161979762
54960.0,0.42393125713824725,0.42332840325075244,0.4215200925294094,0.41850859109277955,0.41429735021126907,0.40889080472124567,0.402293969603058,0.39451186927876564,0.3855487606589208,0.37540708459390076,0.3640860437259086,0.35157964554103277,0.3378739488602387,0.3229430731256244,0.3067431945116112,0.28920308352574925,0.27020829461973067,0.24957267695831864,0.2269815060341895,0.20185963380253544,0.08303598168503817
55020.0,0.4232539012003773,0.4226525770803413,0.42084885470908556,0.41784499454554913,0.41364443994733274,0.4082516173868502,0.40167153601506383,0.393909221333696,0.3849689445360465,0.3748531830507285,0.3635612117462748,0.3510871660895105,0.33741731989506546,0.32252614511151423,0.3063703933379364,0.2888797860947466,0.2699414969705487,0.24937227627442984,0.22686304347624234,0.2018512319149647,0.08287003107091322
55080.0,0.4225786725976654,0.42197887380410715,0.4201797264963572,0.4171834855984275,0.41299358676284553,0.40761444839199906,0.40105107419198366,0.39330849122661077,0.3843909855641432,0.37430107193198503,0.3630380983013208,0.35059632918907946,0.33696225470897356,0.3221107008866552,0.3059989965339048,0.2885578158783841,0.2696759521095391,0.2491730520922789,0.22674565585238732,0.20184367483129487,0.08270476308683258
55140.0,0.42190556437540266,0.42130728648570814,0.4195127010098648,0.4165240574612647,0.41234478399448776,0.40697929123507454,0.4004325778279743,0.39270967288079256,0.3838148779284109,0.3737507457170946,0.36251669819604604,0.35010712999864724,0.336508748834325,0.32169673635418145,0.30562900032030565,0.28823716925679377,0.2694116562133623,0.24897499965232986,0.22662933614102945,0.20183695147574932,0.08254017602106462
55200.0,0.4212345697164413,0.42063780832601566,0.41884777150442354,0.4158667034783644,0.41169802511101383,0.406346139543518,0.39981604074263566,0.39211276034076403,0.3832406159304722,0.37320219899634816,0.3619970063397096,0.34961956377308934,0.3360567978883718,0.3212842474865909,0.30526040096530926,0.2879178426277523,0.2691486054414318,0.24877811415186177,0.22651407730259773,0.20183105093659973,0.08237626774140698
55260.0,0.4205656819391738,0.4199704326610982,0.4181849313690205,0.41521141712650833,0.41105330371131055,0.40571498707193443,0.3992014568791589,0.3915177477704778,0.38266819398659013,0.37265542646911987,0.3614790177439925,0.3491336258612916,0.3356063975711319,0.32087323032349374,0.3048931947823534,0.2875998324054466,0.2688867959370156,0.24858239075047872,0.22639987229073977,0.20182596247837314,0.08221303571725463
55320.0,0.4198988944955275,0.41930515296022225,0.4175241741248319,0.4145581920129981,0.41041061352247404,0.4050858277002088,0.398588820302492,0.3909246294515228,0.382097606625899,0.3721104229420864,0.36096272752115943,0.3486493117042009,0.3351575436632905,0.32046368096942623,0.30452737812816755,0.28728313501945163,0.26862622382855417,0.24838782457561653,0.22628671406289616,0.20182167555259137,0.08205047704121834
55380.0,0.41923420096898123,0.4186419628238734,0.41686549342325924,0.41390702187371614,0.40976994839790454,0.4044586554316409,0.3979781251975129,0.39033339978133436,0.38152884848863483,0.37156718332744876,0.360448130882224,0.3481666168328825,0.3347102320241302,0.32005559559173524,0.30416294740092914,0.28696774691390736,0.2683668852311652,0.24819441072800805,0.22617459559025596,0.20181817980714734,0.08188858845027469
55440.0,0.41857159507259906,0.4179808559817945,0.4162088830439831,0.41325790057120404,0.4091313023154162,0.40383346439109635,0.39736936586722255,0.3897440532714206,0.38096191432437826,0.3710257026411592,0.3599352231351177,0.3476855368665888,0.3342644585894932,0.3196489704185339,0.3037998990385555,0.28665366454687874,0.268108776248308,0.24800214428707515,0.22606350986710813,0.20181546509441778,0.08172736634643409
55500.0,0.4179110706470822,0.4173218262910443,0.41555433689303356,0.41261082209275635,0.40849466937536466,0.403210248823168,0.39676253673094336,0.38915658454559304,0.3803967989902977,0.37048597600114946,0.35942399968286304,0.34720606751084193,0.3338202193697774,0.3192438017367345,0.3034382295171202,0.28634088438988897,0.2678518929735762,0.24781102031622176,0.22595344991959473,0.2018135214781996,0.08156680681691778
55560.0,0.417252621658838,0.4166648677340685,0.41490184900087945,0.41196578054853317,0.40786004379878854,0.4025890030903549,0.3961576323225347,0.38857098833820924,0.37983349744940303,0.3699479986255644,0.3589144560217514,0.34672820455552933,0.3333775104479708,0.31884008589015533,0.3030779353493991,0.2860294029276045,0.2675962314925969,0.2476210338680043,0.22584440881387982,0.2018123392395511,0.08140690565383697
55620.0,0.41659624219806535,0.41600997441679244,0.4142514135205316,0.41132277016968677,0.40722741992556677,0.4019697216712534,0.395554647288616,0.3879872594924216,0.3792720047688026,0.36941176583100077,0.3584065877395308,0.34625194387302055,0.3329363279777264,0.3184378192777052,0.3027190130835334,0.2857192166576679,0.26734178788501345,0.2474321799891603,0.22573637966375004,0.20181190888161354,0.08124765837337278
55680.0,0.4159419264768573,0.41535714056672723,0.41360302472566457,0.4106817853065049,0.40659679221258915,0.40135239915876053,0.39495357638680284,0.38740539295843524,0.3787123161179662,0.36887727303074946,0.3579003905136005,0.34577728141630015,0.33249666818147733,0.31803699835164445,0.3023614593018088,0.2854103220906574,0.2670885582265291,0.24724445372548243,0.22562935563766023,0.20181222113347808,0.08108906023445611
55740.0,0.4152896688273191,0.4147063605310927,0.41295667700875194,0.4100428204265668,0.40596815523194313,0.40073703025828933,0.3943544144839507,0.3868253837917747,0.3781544267669962,0.3683445157330453,0.35739586010921504,0.3453042132171253,0.33205852734859964,0.3176376196159238,0.30200527061954785,0.28510271575016183,0.2668365385909954,0.24705785012652087,0.22552332996524,0.2018132669531647,0.08093110625695119
55800.0,0.41463946369970117,0.4140576287749526,0.412312364879217,0.40940587011291524,0.40534150366910976,0.4001236097859975,0.3937571565544103,0.38624722715155685,0.37759833208490096,0.36781348953932225,0.35689299237770067,0.3448327353842026,0.3316219018336139,0.3172396796245969,0.3016504436841004,0.2847963941729602,0.2665857250525278,0.246872364250108,0.22541829594327806,0.20181503752976795,0.08077379123934572
55860.0,0.41399130552993124,0.41341093974907583,0.4116700828322631,0.40877092893450784,0.4047168321956796,0.39951213254440643,0.39316179755919034,0.38567091818382504,0.37704402742773674,0.36728419003779866,0.35639178315615216,0.34436284400972567,0.33118678797041146,0.31684317490479136,0.3012969751079551,0.28449135385410546,0.2663361136449073,0.24668799113880496,0.22531424693162022,0.20181752428811037,0.08061711036588842
55920.0,0.4133451882883102,0.41276628743973565,0.4110298249020004,0.40813799100487586,0.4040941350357554,0.39890259289874785,0.3925683320344434,0.3850964516243845,0.37649150775800794,0.36675661244170693,0.35589222792683733,0.3438945348524594,0.3307531817817902,0.3164481016959151,0.3009448612415171,0.28418759105821007,0.26608770021775896,0.24650472572920823,0.22521117632128285,0.2018207188040945,0.08046106124891292
55980.0,0.4127011057700254,0.4121236656585157,0.41039158494911854,0.4075070502662549,0.40347340624511574,0.39829498504974553,0.39197675435644763,0.3845238220545499,0.37594076788973546,0.3662307518222123,0.35539432203646026,0.34342780354179164,0.33032107916668885,0.31605445611837385,0.30059409832144984,0.28388510194517064,0.26584048053646475,0.24632256291946944,0.225109077542017,0.2018246126144334,0.08030564261082992
56040.0,0.4120590517124762,0.4114830681593487,0.4097553567770695,0.4068781006043281,0.4028546398239534,0.3976893031437709,0.39138705884859715,0.3839530240043846,0.3753918025873513,0.36570660320235515,0.3548980607845398,0.3429626456599422,0.3298904759756281,0.31566223424167655,0.30024468253088443,0.28358388262181256,0.2655944503238778,0.24614149759585643,0.22500794405099692,0.20182919716102557,0.08015085374750414
56100.0,0.4114190197965411,0.41084448863978074,0.40912113413332124,0.406251135849472,0.40223782971809746,0.3970855412740328,0.390799239782547,0.38338405195378195,0.37484460656669477,0.36518416155794686,0.35440343942420105,0.34249905674267805,0.32946136801144615,0.31527143208539077,0.29989661000091744,0.28328392914428224,0.2653496052633108,0.24596152463225218,0.22490776931422313,0.20183446376284211,0.07999669451545273
56160.0,0.4107810036478318,0.41020792074222223,0.40848891071060384,0.40562614977798434,0.401622969820222,0.3964836934817529,0.3902132913793431,0.38281690033353405,0.37429917449599936,0.36466342181845834,0.353910453162965,0.3420370322800414,0.32903375103006416,0.3148820456201426,0.29954987681214196,0.2829852375203344,0.2651059410009077,0.24578263888819762,0.22480854678918671,0.2018404035898765,0.07984316531837217
56220.0,0.41014499683793526,0.40957335805518913,0.40785868014813886,0.405003136113303,0.40101005397104106,0.39588375375733126,0.3896292078105391,0.3822515635263835,0.37375550099686533,0.3641443788678996,0.35341909716353964,0.34157656771708966,0.32860762074128236,0.3144940707686565,0.29920447899618485,0.2826878037114691,0.2648634531473945,0.24560483520585952,0.22471026990856507,0.20184700763910937,0.07969026709307368
56280.0,0.4095109928856434,0.408940794114529,0.407230436032862,0.4043820885272115,0.40039907596049246,0.39528571604149304,0.3890469831992999,0.38168803586806505,0.3732135806452198,0.36362702754569154,0.3529293665446106,0.34111765845465136,0.3281829728095995,0.314107503406824,0.29886041253723433,0.28239162363487824,0.2646221372792351,0.2454281084062016,0.22461293206479682,0.20185426671242085,0.07953800129490243
56340.0,0.4088789852581721,0.40831022240463677,0.40660417190062775,0.40376300064103005,0.399790029528905,0.39468957422642603,0.388466611621489,0.381126311648331,0.37267340797226944,0.36311136264753324,0.3524412563816346,0.34066029985009116,0.3277598028550615,0.3137223393647953,0.2985176733735349,0.2820966931651776,0.2643819889392368,0.24525245328455675,0.22451652659543703,0.20186217139637058,0.07938636988270836
56400.0,0.4082489673723649,0.40768163635965715,0.4059798812374041,0.40314586602679553,0.3991829083681559,0.3940953221569006,0.3878880871067441,0.38056638511196506,0.3721349774654364,0.36259737892626037,0.3519547617076337,0.3402044872180928,0.32733810645412625,0.3133385744280818,0.29817625739883036,0.28180300813590964,0.2641430036366522,0.24507786460575673,0.22442104676923225,0.2018707120437654,0.07923537530343053
56460.0,0.40762093259588766,0.4070550293646754,0.4053575574804543,0.40253067820842653,0.39857770612281196,0.39350295363137894,0.38731140363953814,0.3800082504597841,0.37159828356929087,0.3620850710927011,0.3514698775139944,0.3397502158314487,0.3269178791405513,0.3129562043386629,0.297836160463738,0.28151056434081156,0.2639051768468374,0.24490433709893197,0.22432648577287048,0.20187987875693075,0.07908502047635153
56520.0,0.4069948742484065,0.4064303947568936,0.4047371940195048,0.40191743066287705,0.39797441639125825,0.3929124624031087,0.3867365551602262,0.3794519018496259,0.37106332068646763,0.36157443381652654,0.35098659875126664,0.3392974809218651,0.3264991164062898,0.31257522479608546,0.29749737837704304,0.2812193575348442,0.2636685040105062,0.24473186545207645,0.22423283669838098,0.2018896613726048,0.07893530877707157
56580.0,0.40637078560275697,0.4058077258267947,0.4041187841979007,0.4013061168212753,0.3973730327268132,0.3923238421812035,0.38616353556608224,0.37889733339732534,0.3705300831785782,0.3610654617270949,0.3505049203299675,0.3388462776807751,0.32608181370239886,0.3121956314585475,0.2971599069068993,0.28092938343499185,0.26343298053263664,0.24456044430645207,0.22414009253116354,0.2019000494483791,0.07878624402124834
56640.0,0.4057486598860958,0.40518701581929456,0.4035023213137481,0.4006967300700492,0.39677354863883035,0.3917370866317101,0.3855923387123171,0.37834453917767896,0.3699985653671118,0.3605581494142958,0.3500248371213857,0.33839660126015547,0.3256659664399511,0.3118174199439546,0.29682374178193194,0.280640637720835,0.26319860178106785,0.24439006825089113,0.22404824613863533,0.20191103225061,0.07863783044814311
56700.0,0.40512849028104403,0.4045682579348786,0.40288779862104146,0.400089263752039,0.3961759575937863,0.3911521893786613,0.38502295841308837,0.3777935132253989,0.3694687615343268,0.3600524914293852,0.34954634395839007,0.3379484467733572,0.3252515699909449,0.3114405858309509,0.29648887869223256,0.28035311603491025,0.262965363084831,0.24422073181605058,0.22395729025948433,0.20192259874373433,0.07849007270400998
56760.0,0.4045102699268127,0.40395144533072785,0.4022752093307804,0.39948371116759696,0.3955802530163524,0.3905691440051149,0.3844553884424948,0.3772442495360534,0.3689406659241359,0.35954848228582037,0.3490694356362372,0.3375018092959327,0.3248386196892117,0.3110651246599045,0.29615531329024763,0.28006681398286787,0.2627332597322495,0.24405242946865874,0.22386721749352154,0.20193473758091912,0.07834297582536008
56820.0,0.4038939919203192,0.40333657112182936,0.4016645466120712,0.3988800655756709,0.3949864282904576,0.3899879440541812,0.3838896225355601,0.3766967420669982,0.3684142727429835,0.3590461164600915,0.34859410691338166,0.33705668386646737,0.3244271108313104,0.3106910319338545,0.2958230411915543,0.2797817271334364,0.26250228696884226,0.24388515560579133,0.22377802029212562,0.20194743709598814,0.0781965452221316
56880.0,0.403279649317287,0.4027236283820741,0.40105580359321386,0.39827832019487713,0.39439447676033496,0.3894085830300353,0.3833256543892002,0.3761509847382972,0.36788957616071394,0.35854538839254774,0.3481203525122848,0.3366130654874096,0.3240170386774115,0.31031830311940645,0.2954920579755267,0.2794978510182139,0.26227243999506217,0.24371890454920747,0.22368969094927216,0.2019606852965657,0.07805078666079049
56940.0,0.4026672351333329,0.4021126101453413,0.40044897336277896,0.39767846820455804,0.39380439173155374,0.38883105439891635,0.3827634776631839,0.3756069714336304,0.36736657031143194,0.35804629248821945,0.3476481671202228,0.3361709491258989,0.32360839845216305,0.30994693364757575,0.29516235918589107,0.27921518113129157,0.2620437139638945,0.2435536705397748,0.2236022215931415,0.20197446985838022,0.07790570624738678
57000.0,0.4020567423450417,0.40150350940656926,0.3998440489706663,0.3970805027458256,0.39321616647203833,0.38825535159011415,0.3822030859810766,0.37506469600119563,0.3668452492943571,0.3575488231176372,0.3471775453900917,0.33573032971458566,0.3232011853455327,0.3095769189145761,0.2948339403311746,0.2789337129287308,0.2618161039783458,0.24338944773200197,0.22351560417829977,0.20198877812068253,0.07776131041058683
57060.0,0.40144816389102594,0.4008963191228128,0.3992410234291544,0.3964844169225929,0.3926297942130763,0.3876814679969435,0.38164447293117526,0.3745241522545957,0.366325607174671,0.35705297461764635,0.34670848194121084,0.335291202152445,0.32279539451362854,0.3092082542825501,0.29450679688504844,0.27865344182789836,0.26158960508884,0.24322623018870546,0.2234298304784439,0.20200359708272456,0.07761760588470129
57120.0,0.4008414926729733,0.40029103221428664,0.3986398897139323,0.3958902038025896,0.39204526815030954,0.38710939697770386,0.38108763206742896,0.3739853339737201,0.3658076379843544,0.3565587412922152,0.3462409713601205,0.3348535613055794,0.32239102107949325,0.30884093508023874,0.2941809242865702,0.2783743632066805,0.26136421229054935,0.2430640118758222,0.22334489207970715,0.20201891340125694,0.07747459969272709
57180.0,0.4002367215566788,0.39968764156539355,0.39804064076512063,0.3952978564183673,0.39146258144471346,0.386539131856627,0.3805325569103499,0.3734482349056123,0.3652913357230204,0.35606611741323874,0.34577500820137225,0.3344174020080091,0.32198806013386444,0.30847495660359453,0.29385631794032824,0.27809647240258367,0.26113992052067597,0.24290278665738774,0.22326078037451366,0.2020347133890012,0.07733229912941686
57240.0,0.39963384337306357,0.3990861400257431,0.39744326948827724,0.39470736776828663,0.39088172722356335,0.38597066592481266,0.3799792409479118,0.37291284876533065,0.3647766943587372,0.35557509722133596,0.3453105869883148,0.33398271906245,0.3215865067359084,0.30811031411633016,0.2935329732164946,0.2778197647117358,0.2609167246557031,0.24274254829068995,0.2231774865559785,0.2020509830140536,0.0771907117443938
57300.0,0.399032850919181,0.3984865204111513,0.39684776875539035,0.3941187308174951,0.39030269858138683,0.38540399244115103,0.3794276776364383,0.3723791692367992,0.36426370782884504,0.35508567492664134,0.34484770221387046,0.33354950724107035,0.321186355913917,0.3077470028504073,0.2932108854507888,0.27754423538779716,0.2606946195086297,0.24258329042161345,0.22309500161284335,0.20206770790018577,0.0770498453253221
57360.0,0.3984337369592086,0.39788877550463025,0.39625413140585675,0.39353193849888934,0.3897254885809025,0.3848391046332328,0.3788778604014772,0.37184718997364696,0.3637523700407638,0.3545978447095878,0.3443863483412998,0.33311776128623644,0.3207876026659702,0.30738501800646856,0.2928900499443601,0.27726987964079647,0.26047359982620827,0.2424250065801808,0.22301331632494023,0.20208487332800124,0.07690970788114794
57420.0,0.397836494225425,0.3972928980573626,0.39566235024744734,0.3929469837140632,0.3891500902539481,0.38427599569824644,0.3783297826386675,0.3713169046000402,0.363242674872793,0.35411160072168235,0.34392651980496003,0.3326874759112335,0.3203902419605644,0.307024354754207,0.29257046196359043,0.27699669263589705,0.2602536602861957,0.24226769017630356,0.22293242125917515,0.2021024642369143,0.07677030762542068
57480.0,0.39724111541917445,0.3966988807896623,0.39507241805725757,0.3923638593342442,0.38857649660239146,0.38371465880386496,0.37778343771459166,0.370788306711503,0.36273461617490377,0.3536269370862738,0.3434682110110472,0.3322586458009673,0.3199942687372016,0.30666500823267867,0.29225211673982593,0.27672466949210794,0.26003479549462793,0.24211133449574798,0.2228523067660244,0.20212046522791807,0.07663165295970689
57540.0,0.39664759321181725,0.39610671639192263,0.3944843275826468,0.39178255820121505,0.3880047005990331,0.38315508708911916,0.37723881896761996,0.3702613898757286,0.36222818776952126,0.3531438478993097,0.34301141633832766,0.33183126561264586,0.3195996779069424,0.3063069735505614,0.2919350094690415,0.27645380528094854,0.259816999983138,0.24195593269632154,0.22277296297653398,0.20213886056710528,0.07649375245710636
57600.0,0.3960559202456657,0.39551639752554824,0.3938980715421618,0.3912030731282228,0.3874346951884927,0.38259727366525714,0.3766959197087411,0.3697361476333825,0.36172338345229743,0.3526623272300841,0.34255613013885516,0.3314053299764343,0.3192064643529214,0.30595024578635505,0.2916191353114424,0.2761840950250718,0.259600268206317,0.24180147780428934,0.22269437979981213,0.20215763418991514,0.07635661484588091
57660.0,0.39546608906847075,0.39492791675760486,0.3933136425606746,0.39062539683593345,0.3868664732243081,0.38204121155431875,0.3761547331619403,0.36921257344062064,0.361220196937125,0.35218236906909595,0.34210234668903555,0.3309808334500887,0.3188146228888946,0.305594819951163,0.2913044893587726,0.27591553367046734,0.25938459451951273,0.24164796269944622,0.222616546919252,0.2021767697110431,0.07622024927935331
57720.0,0.39487809199570706,0.39434126642345024,0.39273103303304896,0.3900495218178239,0.38630002733674246,0.3814868935600512,0.375615252338927,0.36869066054834276,0.36071862174062846,0.3517039672185303,0.3416500600868655,0.3305577704237453,0.31842414817239434,0.30524069091106854,0.29099106656686535,0.27564811603036765,0.25916997313586476,0.2414953800883227,0.22253945378528836,0.2021962503956354,0.076084665916562
57780.0,0.3942919214155641,0.3937564389309618,0.39215023542607685,0.38947544063829936,0.38573535022555866,0.38093431255381016,0.37507747031662414,0.36817040226971476,0.36021865143815535,0.35122711553509084,0.341199264479901,0.33013613533117886,0.3180350348972212,0.30488785355846476,0.2906788619029278,0.27538183690496143,0.2589563982140691,0.2413437225541016,0.22246308961523084,0.20221605909915372,0.07594987459504751
57840.0,0.3937075698685163,0.3931734268399042,0.3915712423572451,0.38890314601045506,0.38517243473637147,0.38038346154909897,0.3745413803094916,0.3676517920498738,0.35972027973044074,0.35075180799319133,0.34074995412451237,0.3297159227046004,0.31764727784316016,0.3045363028559244,0.2903678703826276,0.2751166911105668,0.25874386387833626,0.24119298256564542,0.22238744339104055,0.20223617832518867,0.0758158844751832
57900.0,0.39312503004515414,0.39259222285976525,0.39099404659257825,0.38833263079393604,0.38461127385852906,0.37983433369948116,0.37400697566747637,0.3671348234639214,0.35922350044165213,0.350278038683056,0.34030212338402394,0.32929712717279297,0.3172608718740164,0.304186033833977,0.2900580870673782,0.2748526734761872,0.2585323642140707,0.24104315247270616,0.22231250386196844,0.2022565902964295,0.07568270403876039
57960.0,0.39254429478404046,0.39201281984761444,0.39041864104450763,0.3877638879928203,0.38405186072302094,0.379286922296516,0.37347424987398414,0.3666194902149398,0.3587283075174571,0.34980580180883614,0.3398557667268646,0.32887974345924537,0.3168758119356408,0.3038370415888649,0.2897495070616141,0.27458977884007946,0.25832189326368277,0.240894224502273,0.22223825955237125,0.20227727701866424,0.0755503410894909
58020.0,0.3919653570695903,0.3914352108059862,0.3898450187697638,0.3871969107535281,0.38349418860040685,0.37874122076771816,0.37294319654387653,0.36610578613203126,0.358234695023111,0.3493350916867424,0.3394108787247254,0.32846376638028973,0.31649209305394893,0.30348932128028794,0.28944212551005516,0.2743280020463561,0.25811244502265807,0.240746190756281,0.2221646987732103,0.2022982203389046,0.0754188027551665
58080.0,0.3913882100299729,0.3908593888807859,0.38927317296729097,0.3866316923627517,0.38293825089876965,0.3781972226745383,0.3724138094214858,0.3655937051683789,0.3577426571415607,0.3488659027431903,0.33896745405072687,0.32804919084323747,0.3161097103329271,0.3031428681291341,0.28913593759497175,0.27406733794164756,0.2579040134359817,0.24059904321073244,0.22209180963614147,0.2023194019984904,0.07528809549125856
58140.0,0.39081284693503926,0.3902853473592182,0.38870309697618644,0.3860682262454088,0.3823840411616903,0.3776549217103658,0.37188608237865317,0.3650832413993224,0.3572521881715687,0.34839822951296356,0.33852548747759575,0.32763601184451313,0.3157286589526345,0.3027976774151991,0.2888309385334559,0.27380778137185957,0.25769659239500775,0.2404527737161835,0.22201958006940758,0.2023408036818471,0.0751582250857773
58200.0,0.390239261194268,0.3897130796677382,0.38813478427365783,0.38550650596261715,0.3818315530662429,0.3771143116985537,0.3713600094127906,0.36457438902046096,0.3567632825258524,0.34793206663738524,0.3380849738758428,0.32722422446779154,0.31534893416719567,0.3024537444749013,0.2885271235747111,0.27354932717906616,0.25749017573482696,0.24030737399950028,0.22194799783494762,0.2023624070614296,0.07502919666523704
58260.0,0.38966744635473477,0.38914257937002195,0.3875682284730056,0.38494652520968947,0.3812807804210131,0.3765753865904635,0.3708355846449568,0.3640671423457672,0.3562759347292409,0.3474674088625048,0.33764590821195356,0.32681382388213015,0.31497053130278796,0.30211106469899374,0.28822448799737566,0.2732919701985646,0.257284757232166,0.24016283566676053,0.22187705054629153,0.20238419383928824,0.07490101470159877
58320.0,0.3890973960991015,0.3885738401649607,0.38700342332162485,0.3843882778141512,0.3807317171641357,0.37603814046352946,0.370312802317954,0.3635614958057235,0.3557901394168452,0.34700425103729277,0.33720828554658033,0.3264048053401042,0.3145934457556253,0.3017696335302785,0.2879230271068962,0.2730357052561277,0.2570803306038413,0.24001915020717352,0.22180672568691953,0.2024061457856075,0.07477368302007613
58380.0,0.38852910424362613,0.38800685588467115,0.38644036269902265,0.3838317577337755,0.38018435736134915,0.37550256751934225,0.36979165679444737,0.3630574439454729,0.35530589133224366,0.3465425881118492,0.3367721010327409,0.3259971641759402,0.31421767298993764,0.30142944646133346,0.2876227362329614,0.2727805271654755,0.2568768895057614,0.23987630899788778,0.22173701062884363,0.20242824477450833,0.07464720480771084
58440.0,0.3879625647361914,0.38744162049252956,0.385879040614864,0.38327695905463843,0.379638695204074,0.37496866208175117,0.36927214255509555,0.36255498142298725,0.3548231853256827,0.34608241513562044,0.33633734991402153,0.3255908958036475,0.3138432085359525,0.30109049903225177,0.28732361072701773,0.27252643072598676,0.25667442753247016,0.2397343033095693,0.2216678926512288,0.20245047281735679,0.07452158262263289
58500.0,0.3873977716543541,0.3868781280812218,0.3853194512070284,0.38272387598919405,0.3790947250075064,0.37443641859498605,0.36875425419670455,0.36205410300725194,0.3543420163522862,0.345623727255624,0.33590402752278503,0.3251859957151546,0.3134700479878792,0.3007527868284101,0.28702564595987334,0.27227341072066374,0.25647293821720957,0.23959312431263352,0.22159935895891625,0.2024728120937836,0.07439681840393422
58560.0,0.3868347192034105,0.38631637287081216,0.3847615887396884,0.38217250287436605,0.37855244120873,0.373905831621793,0.36823798643039274,0.3615548035764623,0.35386237947028115,0.34516651971468315,0.33547212927838294,0.3247824594784453,0.31309818700189845,0.30041630547826376,0.2867288373194107,0.272021461914364,0.2562724150324795,0.23945276308403493,0.2215313967007419,0.20249524498058669,0.07427291348209145
58620.0,0.38627340171448055,0.3857563492068323,0.3842054476014054,0.38162283416965753,0.3780118383648467,0.3733768958415901,0.3677233340797758,0.3610570781162369,0.3533842698392349,0.3447107878496709,0.33504165068537284,0.32438028273569625,0.3127276212941631,0.30008105065118496,0.28643318020841346,0.27177057905229907,0.256072851391061,0.23931321061452,0.22146399298757016,0.20251775407866682,0.07414986858988347
58680.0,0.3857138136426113,0.3851980515583848,0.3836510223032433,0.3810748644552789,0.37747291115112325,0.37284960604863904,0.36721029207916467,0.3605609217178439,0.35290768271829903,0.3442565270897599,0.33461258733173843,0.3239794612014211,0.3123583466388102,0.2997470180553438,0.2861386700425207,0.27152075685880445,0.25587424064747766,0.2391744578162616,0.2213971349099795,0.2025403222381241,0.07402768387375354
58740.0,0.38515594956489485,0.3846414745162646,0.3830983074768983,0.38052858843029125,0.3769356543591527,0.37232395715023037,0.36669885547177833,0.3600663295764391,0.35243261346446925,0.3438037329546802,0.3341849348871179,0.323579990660621,0.3119903588659935,0.2994142034356442,0.2858453022483131,0.2712719900363788,0.2556765760998578,0.2390364955308048,0.22133080955555395,0.202562932581628,0.07390635890557382
58800.0,0.38459980417860345,0.384086612791098,0.38254729787284397,0.3799840009107665,0.3764000628950349,0.37179994416488577,0.3661890194079719,0.35957329698931834,0.35195905753085205,0.3433524010529841,0.33375868910103357,0.3231818669669399,0.31162365385993435,0.2990826025717215,0.28555307226154175,0.27102427326498985,0.2554798509921663,0.23889931453725893,0.22126500402574215,0.2025855685261595,0.07378589269477427
58860.0,0.38404537229934055,0.3835334612114954,0.38199798835849574,0.379441096827962,0.3758661317775691,0.3712775622205752,0.3656807791434765,0.3590818193541805,0.3514870104649419,0.3429025270803205,0.3333338458011318,0.32278508604083206,0.31125822755700044,0.29875221127600193,0.2852619755254999,0.2707776012016372,0.2552840585167767,0.23876290556067672,0.2211997054522545,0.20260821380321298,0.07366628370080074
58920.0,0.3834926488592074,0.38298201472222154,0.3814503739163853,0.37889987122651203,0.37533385613646303,0.37075680655294513,0.36517413003765375,0.35859189216740117,0.35101646790690755,0.34245410681771193,0.33291040089142593,0.3223896438677408,0.310894075943813,0.29842302539183685,0.28497200748954454,0.2705319684801654,0.2550891918173482,0.23862725928057402,0.2211349010129796,0.20263085247753487,0.07354752984587286
58980.0,0.38294162890498606,0.38243226838237976,0.3809044496423553,0.3783603192626326,0.37480323121055575,0.3702376725035652,0.36466906755176043,0.35810351102231924,0.35054742558788743,0.34200713612984357,0.3324883503505492,0.321995536496289,0.31053119505538607,0.2980950407917122,0.284683163607765,0.27028736971132056,0.2548952439919805,0.23849236633954138,0.22107057794739957,0.2026534689644699,0.07342962852801425
59040.0,0.3823923075963345,0.38188421736360967,0.38036021074376425,0.3778224362023412,0.3742742523460544,0.3697201555181824,0.36416558724722875,0.3576166716075322,0.35007987932829315,0.3415616109633568,0.332067690230015,0.32160276003648963,0.31016958097330577,0.2977682533755373,0.2843954393378074,0.27004379948303553,0.2547022080966157,0.2383582173519109,0.2210067235714948,0.20267604804597814,0.07331257663432988
59100.0,0.3818446802039963,0.38133785694830213,0.37981765253770794,0.3772862174196898,0.37374691499478335,0.36920425114499233,0.3636636847839539,0.35713136970520154,0.3496138250361223,0.341117527345151,0.33164841665248673,0.3212113106579702,0.30980922982394515,0.2974426590690174,0.2841088301398453,0.2698012523609357,0.25451007714866153,0.23822480291243894,0.2209433252921265,0.20269857488537937,0.07319637055451007
59160.0,0.3812987421080261,0.38079318252782374,0.3792767704492543,0.37675165839501185,0.3732212147124483,0.3686899550329213,0.36316335591859544,0.35664760118936895,0.34914925870527874,0.340674881380692,0.3312305258100585,0.3208211845882201,0.3094501377767271,0.29711825382211365,0.28382333147569927,0.26955972288905283,0.25431884413081063,0.23809211360497765,0.22088037062089147,0.20272103504087727,0.07308100619453918
59220.0,0.38075448879602597,0.38025018960075807,0.37873756000968933,0.37621875471318017,0.3726971471569101,0.3681772629299177,0.3626645965028899,0.3561653620242809,0.3486861764139011,0.34023366925233217,0.3308140139625475,0.32043237811085834,0.3090923010424306,0.2967950336075901,0.2835389388081063,0.2693192055907344,0.25412850199502796,0.23796014001110383,0.22081784718744316,0.2027434144779121,0.0729664789905908
59280.0,0.38021191586139547,0.37970887377115764,0.3782000168547777,0.3756875020618798,0.37217470808647235,0.36766617068125856,0.36216740248197,0.3556846482627238,0.3482245743227009,0.3397938872176358,0.33039887743579893,0.3200448875639294,0.30873571587154686,0.2964729944196525,0.2832556476001303,0.2690796949697393,0.25393904366668624,0.23782887271868114,0.22075574275227733,0.20276569958038582,0.07285278392309444
59340.0,0.3796710190015958,0.3791692307468091,0.377664136723035,0.37515789622989115,0.37165389335818005,0.3671566742278635,0.3616717698926972,0.35520545604436493,0.347764448673307,0.33935553160771526,0.3299851126200047,0.31965870933822216,0.30838037855268763,0.29615213227267706,0.28297345331471524,0.2688411855115019,0.2537504620488275,0.2376983023303324,0.22069404521897823,0.2027878771608006,0.07273991553095516
59400.0,0.37913179401642283,0.3786312563375107,0.3771299154540114,0.37462993310538595,0.3711346989261298,0.3666487696046215,0.3611776948620031,0.35472778159410484,0.34730579578661946,0.33891859882557607,0.3295727159680394,0.31927383987561847,0.3080262854110457,0.295832443200032,0.2826923514143719,0.26860367168455895,0.25356275002653045,0.2375684194718022,0.22063274264592717,0.20280993446934983,0.07262786792591368
59460.0,0.37859423671481046,0.3780949463621123,0.3765973488960441,0.3741036085848647,0.37061712075206893,0.36614245285312974,0.36068517352224505,0.35425162114053543,0.34684861198485956,0.33848308527226895,0.32916168392625655,0.31889027560515454,0.30767343275046877,0.2955139232031484,0.28241233731860704,0.26836714790821087,0.2533759004472204,0.23743921478750835,0.22057182325837196,0.20283185921197078,0.07251663518486522
59520.0,0.37805834257493864,0.3775602963094943,0.3760664325698546,0.37357891824112116,0.3701011544794797,0.3656377197036589,0.3601942017028329,0.3537769706190287,0.3463928933079682,0.3380489870785131,0.3287520126833639,0.3185080127113546,0.3073218166437548,0.29519656806674194,0.2821334062477278,0.2681316084295296,0.2531899060366921,0.23731067890236243,0.22051127545931473,0.20285363953020136,0.07240621276021819
59580.0,0.3775241069069306,0.37702730150085056,0.3755371618295832,0.3730558574821964,0.369586795589617,0.3651345657274308,0.3597047750778954,0.35330382581392655,0.34593863564943333,0.33761630023324485,0.3283436982907471,0.3181270472453524,0.3069714330335749,0.29488037344853685,0.28185555330036843,0.26789704738763614,0.253004759448676,0.23718280245305595,0.22045108782410655,0.20287526385748617,0.07229659681040602
59640.0,0.3769915249299446,0.3764959571665828,0.3750095319390912,0.37253442162669015,0.3690740394754315,0.36463298640875463,0.3592168892362206,0.35283218242587283,0.3454858348205851,0.3371850206444408,0.32793673671938073,0.31774737517745594,0.3066222777802895,0.2945653349220067,0.2815787734909427,0.26766345884571147,0.25282045329091496,0.23705557610487227,0.2203912490903583,0.20289672086064892,0.0721877838809398
59700.0,0.3764605917738791,0.3759662584479998,0.3744835380736472,0.37201460590542756,0.368562881443205,0.36413297714661846,0.35873053968279284,0.35236203607327776,0.34503448655197705,0.3367551441404083,0.3275311238610342,0.3173689923983227,0.30627434666322706,0.294251447978028,0.2813030617521355,0.2674308367949509,0.25263698013082186,0.2369289905561736,0.22033174814778736,0.20291799940680455,0.0720797708955777
59760.0,0.3759313024810593,0.3754382003990027,0.3739591753215987,0.37149640546310775,0.36805331671416736,0.36363453325626516,0.35824572184031117,0.3518933822937703,0.344584586494758,0.3363266664710691,0.3271268555294841,0.3169918947201497,0.3059276353819955,0.29393870802658767,0.2810284129374549,0.26719917515848307,0.2524543325006701,0.23680303654144402,0.22027257402768272,0.2029390885334641,0.07197255514654535
59820.0,0.37540365200791337,0.3749117779877533,0.3734364386860295,0.37097981535993824,0.3675453404260993,0.3631376499707496,0.3577624310506959,0.35142621654563544,0.34413613022202816,0.33589958330923286,0.32672392746171863,0.3166160778778809,0.3055821395578293,0.29362711039854533,0.28075482182382466,0.26696846779520794,0.25227250290227243,0.23667770483312645,0.2202137158921949,0.2029599774215235,0.0718661342839202
59880.0,0.3748776352266275,0.3743869860983282,0.37291532308639813,0.3704648305732524,0.3670389476349188,0.3626423224424849,0.35728066257657604,0.3509605342092348,0.34368911323018475,0.33547389025186436,0.32632233531914956,0.3162415375304266,0.3052378547349701,0.29331665034743926,0.28048228311420353,0.2667387085035155,0.252091483811131,0.2365529862424581,0.22015516302361515,0.2029806553708749,0.07176050630427937
59940.0,0.3743532469267864,0.37386381953235215,0.37239582336016025,0.3699514459991111,0.3665341333162489,0.36214854574476796,0.35680041160276355,0.3504963305884151,0.34324353094025484,0.3350495828213425,0.32592207468882445,0.31586826926189915,0.30489477638207746,0.2930073230513345,0.2802107914402078,0.26650989102485106,0.25191126768007127,0.23642887161946974,0.22009690481377042,0.20300111177841348,0.0716556695387059
60000.0,0.3738304818169976,0.3733422730106199,0.37187793426437776,0.36943965645388804,0.36603089236697306,0.3616563148732903,0.3563216732377091,0.3500336009119003,0.3427993786992147,0.3346266564667139,0.32552314108463853,0.3154962685828636,0.30455289989366985,0.29269912361470046,0.27994034136471946,0.2662820090471077,0.25173184694237666,0.2363053518522979,0.22003893075363637,0.2030213361182429,0.07155162264023554
60060.0,0.3733093345264965,0.37282234117469815,0.37136165047730585,0.3689294566758361,0.36552921960676976,0.3611656247476331,0.3558444425149441,0.34957234033466883,0.34235665178130076,0.33420510656493885,0.325125529948554,0.3151255309316049,0.3042122205915911,0.2923920470703119,0.27967092738446714,0.26605505620782305,0.2515532140144503,0.23618241786593103,0.21998123042324602,0.20304131792390775,0.07144836457082414
60120.0,0.37278979960673825,0.3723040185885098,0.37084696659996663,0.36842084132663794,0.3650291097796317,0.36067647021274296,0.3553687143945059,0.34911254393931773,0.3419153453893059,0.3337849284221323,0.32472923665181647,0.31475605167540643,0.30387273372650064,0.2920860883811652,0.27940254393255903,0.26582902609717585,0.251375361298038,0.23606006062050014,0.21992379348195362,0.2030610467724996,0.07134589458790584
60180.0,0.3722718715329671,0.371787299739901,0.3703338771577028,0.36791380499293913,0.36453055755536856,0.36018884604039336,0.35489448376434446,0.3486542067374109,0.34147545465586626,0.3333661172748001,0.32433425649618,0.31438782611184357,0.3035344344793813,0.291781242442398,0.27913518538095516,0.26560391226076885,0.2511982811820463,0.23593827110920054,0.2198666096591007,0.20308051227050142,0.07124421223061018
60240.0,0.37175554470577077,0.3712721790421924,0.3698223766017166,0.36740834218786506,0.36403355753108996,0.35970274693062804,0.3544217454417184,0.34819732367081446,0.34103697464473803,0.332948668291068,0.32394058471513054,0.31402084947008974,0.3031973179630658,0.29147750408320944,0.2788688460428734,0.26537970820220486,0.25102196604399063,0.23581704035592962,0.21980966874511954,0.20309970404124816,0.07114331730569998
60300.0,0.37124081345261917,0.37075865083571113,0.36931245931058676,0.36690444735251615,0.3635381042326728,0.35921816751318625,0.35395049417456914,0.3477418896130165,0.3405999003520602,0.33253257657190743,0.3235482164751153,0.3136551169122293,0.3028613792237705,0.2911748680687671,0.27860352017511203,0.2651564073854477,0.2508464082511088,0.2356963594127063,0.21975296058309687,0.20311861171389312,0.07104320987328809
60360.0,0.3707276720293782,0.3702467093893029,0.3688041195917712,0.36640211485744884,0.36304419211621025,0.3587351023489138,0.3534807246428823,0.3472878993704352,0.3401642267076115,0.3321178371523559,0.3231571468767725,0.3132906235345845,0.30252661324263924,0.2908733291020951,0.2783392019802845,0.26493400323698213,0.25067160016117335,0.2355762193569326,0.21969647506082002,0.20313722491377773,0.07094389023238777
60420.0,0.37021611462181164,0.36973634890182866,0.36829735168308847,0.3659013390041379,0.36255181556944377,0.3582535459311521,0.3530124314600322,0.34683534768370927,0.33972994857605304,0.3317044450027308,0.32276737095616315,0.31292736436904417,0.3021930149372874,0.2905728818259406,0.27807588560896296,0.2647124891477722,0.25049753412303644,0.23545661128854953,0.21964020210331073,0.20315553325411365,0.07084535890634762
60480.0,0.3697061353470631,0.3692275635036414,0.3677921497541841,0.36540211402641765,0.36206096891317413,0.3577734926871156,0.3525456091741111,0.34638422922897905,0.33929706075816307,0.33129239502984165,0.3223788836860045,0.3125653343843999,0.3018605791633456,0.29027352082460567,0.2778135651617233,0.2644918584750288,0.2503242024769389,0.23533752632713098,0.21958413166586072,0.20317352632889063,0.07074761662821975
60540.0,0.36919772825511615,0.3687203472580436,0.3672885079079738,0.36490443409190837,0.36157164640265943,0.3572949369792479,0.3520802522692401,0.3459345386191499,0.3388655579920631,0.3308816820781959,0.3219916799769041,0.3122045284876849,0.3015293007159982,0.2899752406257436,0.27755223469109036,0.26427210454379696,0.25015159755460964,0.23521895560895556,0.21952825372756574,0.20319119370692887,0.07065066432610623
60600.0,0.36869088733023975,0.36821469416272845,0.36678642018207336,0.3644082933034223,0.3610838422289912,0.3568178731065606,0.35161635516686823,0.3454862704051458,0.3384354349544292,0.33047230093119834,0.32160575467859254,0.3118449415255117,0.30119917433151006,0.2896780357021141,0.27729188820338263,0.2640532206483692,0.24997971167918795,0.23510089028408948,0.219472558285359,0.20320852492700303,0.07055450310852614
60660.0,0.3681856064924117,0.3677105981511984,0.36628588055020517,0.3639136857003512,0.36059755052045267,0.35634229530595857,0.35115391222705045,0.3450394190771457,0.338006686261699,0.3300642463123458,0.3212211025811567,0.31148656828541016,0.30087019468874115,0.2893819004732928,0.2770325196604541,0.26383520005353944,0.24980853716498982,0.2349833215135094,0.21941703534854123,0.20322550949396725,0.07045913424984383
60720.0,0.36768187959872445,0.36720805309416793,0.36578688292358813,0.36342060526003567,0.36011276534386033,0.3558681977535425,0.35069291774971534,0.3445939790658111,0.33757930647126516,0.3296575128864188,0.3208377184162661,0.311129403497159,0.30054235641064414,0.2890868293073321,0.2767741229813365,0.26361803599570616,0.24963806631714536,0.23486624046628857,0.21936167493380074,0.20324213687581213,0.0703645591757971
60780.0,0.3671797004447716,0.36670705280094484,0.36528942115230756,0.3629290458991155,0.35962948070588613,0.3553955745658994,0.3502333659759135,0.3441499447434962,0.33715329008266137,0.3292520952606624,0.3204555968584009,0.31077344183411265,0.30021565406574263,0.28879281652236904,0.27651669204378204,0.2634017216838368,0.24946829143112637,0.23474963831687107,0.21930646706071222,0.20325839650159394,0.07027077944915933
60840.0,0.36667906276601414,0.36620759102079425,0.36479348902666675,0.3624390014748612,0.3591476905543622,0.3549244198013726,0.3497752510890514,0.34370731042544717,0.33672863153873595,0.32884798798596376,0.32007473252607116,0.3104186779145201,0.299890082169585,0.288499856388184,0.2762602206857102,0.26318625030030307,0.24929920479218706,0.23463350624244794,0.2192514017477107,0.20327427776017357,0.07017779675557108
60900.0,0.3661799602391293,0.3657096614442816,0.36429908027851887,0.36195046578648626,0.3586673887795684,0.35445472746131534,0.34931856721610943,0.34326607037098655,0.3363053252268176,0.3284451855580219,0.31969511998303307,0.31006510630283135,0.2995656351861727,0.28820794312769904,0.27600470270655786,0.26297161500159993,0.2491307986747341,0.23451783542045473,0.21919646900852247,0.2032897699997094,0.07008561288957159
60960.0,0.365682386483337,0.36521325770459684,0.3638061885825799,0.36146343257644126,0.3581885692154972,0.35398649149132694,0.34886330842884505,0.34282621878468766,0.33588336547986986,0.32804368241850945,0.31931675373949403,0.3097127215109921,0.2992423075293612,0.287917070918423,0.2757501318685428,0.2627578089189577,0.24896306534164497,0.23440261702619886,0.21914165884904477,0.20330486252784874,0.0699942297408604
61020.0,0.36518633506170933,0.3647183733788593,0.36331480755772166,0.3609778955316892,0.35771122564110536,0.35351970578247316,0.34840946874498074,0.34238774981753195,0.33546274657763475,0.3276434729562263,0.3189396282533131,0.3093615179997247,0.29892009356423266,0.28762723389384093,0.27549650189783653,0.26254482515885696,0.2487959970435487,0.2342878422306306,0.21908696126466004,0.20331954461256455,0.06990364928081737
61080.0,0.36469179948245867,0.36422500198940255,0.3628249307682457,0.36049384828496034,0.35723535178154414,0.3530543641724876,0.34795704212937356,0.34195065756805576,0.33504346274776575,0.3272445515082446,0.31856373793119025,0.3090114901797941,0.2985989876084329,0.287338426144745,0.27524380648565544,0.26233265680345813,0.2486295860180838,0.23417350219826494,0.21903236623796835,0.20333380548358895,0.06981387354930542
61140.0,0.3641987732002079,0.363733137005041,0.3623365517251385,0.36001128441598934,0.3567609413093742,0.35259046044695713,0.34750602249517404,0.34151493608348243,0.3346255081669519,0.326846912361043,0.3181890771298444,0.30866263241325154,0.2982789839334792,0.28705064172050915,0.2749920392892736,0.26212129691095437,0.2484638244891455,0.23405958808526078,0.21897786373692507,0.20334763433439304,0.06972490464178363
61200.0,0.36370724961723894,0.3632427718423135,0.3618496638873065,0.3595301974527336,0.3562879878457587,0.3521279883404897,0.3470564037049656,0.3410805793608432,0.3342088769620264,0.326450549751633,0.31781564015717856,0.30831493901466406,0.29796007676603176,0.28676387463030917,0.27474119393295965,0.26191073851585484,0.24829870466613482,0.23394609103766212,0.2189234437133682,0.20336102032466705,0.06963674469674955
61260.0,0.36321722201739043,0.36275389979955847,0.36136426059617244,0.3590505808068464,0.3558164848971663,0.35166694147500643,0.34660817951101375,0.3406475812895604,0.33379356315529024,0.32605545781603795,0.3174434212243659,0.30796840420726707,0.2976422602485883,0.2864781188088041,0.2744912639790498,0.26170097460583924,0.24813421872714314,0.23383300218208555,0.21886909610371633,0.2033739525905627,0.06954939615377476
61320.0,0.36272868342678094,0.3622665139180036,0.3608803349378776,0.3585724276377286,0.3553464257220247,0.351207313229751,0.3461613434294041,0.3402159355305077,0.3333795605493108,0.32566163048069163,0.3170724143447545,0.3076230220303345,0.2973255283563184,0.28619336804347606,0.27424224286688015,0.2614919980734834,0.2479703587849988,0.23372031260832357,0.21881481082956084,0.20338642022188372,0.06946286230394746
61380.0,0.3622416269231805,0.36178060729032124,0.36039788004938184,0.3580957311545355,0.3548778036269836,0.35074909703015134,0.3457158890198205,0.3397856357849992,0.33296686298337547,0.32526906170454567,0.3167026135597143,0.3072787865467058,0.2970098750839801,0.28590961613831223,0.27399412405014206,0.26128380182362576,0.24780711696036428,0.23360801340298137,0.2187605777819105,0.20339841219230426,0.06937714603850625
61440.0,0.3617560457169227,0.36129617314132617,0.35991688919851134,0.35762048469514224,0.3544106120443628,0.35029228642331095,0.34527180995864476,0.3393566758650535,0.33255546440046707,0.3248777455422931,0.31633401299762276,0.3069356918969889,0.2966952944947131,0.2856268569564192,0.27374690103237925,0.26107637880062173,0.24764448539947886,0.2334960956560977,0.21870638681639984,0.203409917407823,0.06929224951789105
61500.0,0.3612719331489782,0.3608132048260473,0.3594373557820398,0.3571466817242399,0.3539448445302679,0.3498368750761577,0.34482910003714534,0.3389290496916384,0.33214535884559154,0.3244876761428037,0.3159666068724286,0.3065937322982666,0.29638178071885674,0.28534508441887085,0.2735005673657005,0.26086972198672137,0.24748245627203083,0.23338455045872097,0.21865222775731458,0.2034209247703806,0.06920817417576458
61560.0,0.36078928268904925,0.360331695827829,0.3589592733237975,0.3566743158314546,0.3534804947627334,0.34938285677361186,0.3443877531596895,0.3385027512929435,0.3317365404641309,0.32409884774758013,0.3156003894822373,0.3062529020428131,0.2960693279527744,0.2850642925035473,0.27325511664948665,0.2606638244004548,0.24732102176913973,0.23327336890149686,0.2185980904063,0.203431423234669,0.06912492072490191
61620.0,0.36030808793369096,0.35985163975645246,0.3584826354727996,0.3562033807294936,0.35301755653988465,0.3489302254167833,0.34394776334198196,0.33807777480267837,0.33132900350021927,0.32371125468924017,0.3152353552079154,0.30591319549682555,0.2957579304576762,0.284784475243969,0.27301054252908774,0.2604586790950413,0.2471601741015524,0.23316254207447062,0.21854396455433042,0.20344140185914683,0.06904248916475487
61680.0,0.3598283426044535,0.3593730303462815,0.35800743600140167,0.3557338702523122,0.3525560237781309,0.3484789750211914,0.343509124709327,0.33765411445839305,0.3309227422951457,0.32332489139002063,0.3148714985117139,0.3055746070991655,0.29544758255844755,0.2845056267281235,0.2727668386945217,0.2602542791568469,0.24699990549814796,0.23305206106814216,0.21848983999591018,0.20345084985205616,0.06896087879052704
61740.0,0.3593500405460484,0.3588958614544322,0.3575336688034745,0.35526577835330414,0.3520958905103737,0.3480290997150065,0.3430718314949141,0.3372317645998247,0.33051775128577865,0.3229397523603015,0.3145088139359063,0.30523713136011144,0.2951382786424764,0.28422774109729154,0.2725239988791789,0.26005061770391985,0.2468402082048231,0.23294191697573052,0.21843570654475042,0.20345975661306462,0.0688800882036124
61800.0,0.35887317572453664,0.35842012705896187,0.3570613278926041,0.3547990991035143,0.35163715088424397,0.3475805937373154,0.342635878038128,0.33681071966726556,0.33011402500301457,0.322555832197153,0.31414729610144726,0.3049007628601204,0.2948300131584865,0.2839508125448709,0.2722820168585438,0.25984768788463897,0.24668107448381157,0.23283210089654646,0.21838155405036294,0.20346811177103444,0.06880011532327036
61860.0,0.3583977422255381,0.3579458212570817,0.3565904074003105,0.35433382668987357,0.3511797991603548,0.34713345143641056,0.34220125878288016,0.33639097419995617,0.32971155807024793,0.3221731255829004,0.31378693970664306,0.3045654962486009,0.29452278061537046,0.2836748353152048,0.272040886448946,0.2596454828764992,0.24652249661346773,0.2327226039403551,0.2183273724151588,0.20347590521832276,0.06872095739941991
61920.0,0.3579237342524606,0.3574729382633894,0.356120901574289,0.3538699554134537,0.35072382971058297,0.34668766726809785,0.34176796827596195,0.33597252283449847,0.3293103452018615,0.3217916272837095,0.3134277395258393,0.3042313262426921,0.2942165755810316,0.2833998037024151,0.27180060150635044,0.2594439958850641,0.24636446688852415,0.23261341723259732,0.21827315161174227,0.2034831271419462,0.06864261102644997
61980.0,0.3574511461247506,0.3570014724081219,0.35565280477667294,0.35340747968774383,0.35026923701636525,0.3462432357940282,0.3413360011654218,0.33555536030329014,0.32891038120173816,0.3214113321481883,0.313069690408124,0.3038982476260564,0.2939113926812263,0.28312571204925147,0.2715611559252057,0.25924322014310464,0.24620697762082608,0.23250453192034565,0.21821888170016637,0.20348976805188337,0.06856507215794938
62040.0,0.3569799722761639,0.3565314181354281,0.3551861114823125,0.35294639403694666,0.34981601566701737,0.3458001516800494,0.3409053521989595,0.33513948143298156,0.32851166096179263,0.32103223510600876,0.31271278727604046,0.3035662552476777,0.2936072265984174,0.28285255474595566,0.2713225436373546,0.2590431489099434,0.24605002114052493,0.2323959391788715,0.21816455284497696,0.20349581880675058,0.06848833612226896
62100.0,0.35651020725305504,0.3560627700016634,0.3547208162770782,0.3524866930942938,0.34936416035807405,0.34535840969457754,0.3404760162223446,0.3347248811429507,0.3281141794605204,0.32065433116654424,0.312357025124317,0.3032353440206703,0.2933040720706352,0.28258032622915014,0.2710847586110272,0.2588437754710142,0.24589358979771284,0.23228763021871413,0.21811015533190906,0.2035012706370449,0.06841239763883449
62160.0,0.35604184571268704,0.3555955226736989,0.35425691385617974,0.3520283716003832,0.34891366588964645,0.3449180047069882,0.34004798817785176,0.3343115544437999,0.3277179317615691,0.32027761541752203,0.3120023990186091,0.30290550892109974,0.2930019238903494,0.2823090209807559,0.2708477948499215,0.25864509313764733,0.2457376759644705,0.23217959629314847,0.21805567958413907,0.203506115166127,0.06833725083513573
62220.0,0.3555748824215558,0.35512967092725156,0.353794399022505,0.35157142440153066,0.3484645271648003,0.3444789316860272,0.33962126310271695,0.3338994964358695,0.3273229130123232,0.31990208302369355,0.3116489040942531,0.30257674498681025,0.29270077690335855,0.2820386335269496,0.2706116463923849,0.258447095247081,0.24558227203729627,0.2320718287059593,0.2180011161780115,0.2035103444290914,0.0682628892643188
62280.0,0.3551093122537379,0.3546652096452334,0.35333326668497633,0.3511158464481437,0.3480167391879519,0.34404118569824066,0.339195836127612,0.33348870230777056,0.3269291184425077,0.31952772922551853,0.31129653555503356,0.3022490473162671,0.2924006260076919,0.28176915843715855,0.2703763073107009,0.25824977516270314,0.24542737043988636,0.23196431881944157,0.21794645585818673,0.20351395088965515,0.06818930592331861
62340.0,0.3546451301892515,0.3542021338161153,0.35287351185692517,0.35066163279311063,0.34757029706328185,0.34360476190642214,0.3387717024751376,0.3330791673349364,0.32653654336281074,0.3191545493378646,0.31094528867196325,0.30192241106741025,0.29210146615253546,0.2815005903231058,0.2701417717104919,0.25805312627451255,0.24527296362622916,0.23185705806255194,0.2178916895521635,0.2035169274551812,0.06811649327146617
62400.0,0.3541823313124367,0.3537404385323107,0.3524151296544842,0.35020877859020977,0.3471251959931667,0.34316965556807805,0.338348857458334,0.33267088687818847,0.3261451831635178,0.31878253874872103,0.3105951587820753,0.30159683145652105,0.2918032923371779,0.28123292383790827,0.26990803373023714,0.25785714199980525,0.2451190440839828,0.23175003793914759,0.21783680838414443,0.20351926748994192,0.06804444324951449
62460.0,0.35372091081035095,0.3532801189885744,0.3519581152949945,0.34975727909253246,0.34668143127662815,0.3427358620339112,0.3379272964792079,0.33226385638232353,0.3257550333131664,0.3184116929179263,0.31024614128722755,0.3012723037571038,0.2915060996099859,0.28096615367523076,0.2696750875409172,0.2576618157840678,0.2449656043380991,0.2316432500362544,0.21778180368822198,0.20352096482671764,0.06797314729902611
62520.0,0.3532608639711829,0.3528211704804182,0.3515024640954316,0.34930712965092514,0.3462389983077993,0.34230337674631994,0.3375070150272788,0.33185807137471274,0.3253660893572126,0.31804200737590965,0.3098982316529231,0.3009488232987847,0.2912098830674056,0.2807002745685048,0.26944292734577924,0.257467141102073,0.24481263695466318,0.231536686032314,0.21772666702086843,0.20352201377681794,0.06790259638206989
62580.0,0.3528021861826793,0.35236358840254256,0.3510481714708474,0.34885832571244735,0.345797892574406,0.3418721952379152,0.3370880086781385,0.33145352746392015,0.32497834691671423,0.31767347772244753,0.30955142540714115,0.30062638546622744,0.2909146378529981,0.2804352812902135,0.26921154738022707,0.25727311145916903,0.24466013454491622,0.2314303377053645,0.21767139017271767,0.20352240913860542,0.06783278100117841
62640.0,0.3523448729305905,0.35190736824728375,0.3505952329328246,0.3484108628188444,0.3453581096562655,0.3414423131300512,0.33667027309202824,0.33105022033833315,0.32459180168702734,0.3173060996254325,0.30920571813918346,0.3003049856980685,0.2906203591565099,0.2801711686512413,0.26898094191183847,0.2570797203927424,0.2445080897694301,0.23132419694111597,0.21761596517963577,0.20352214620459766,0.06776369121951707
62700.0,0.351888919797129,0.3514525056030761,0.35014364408795,0.3479647366050363,0.34491964522379925,0.3410137261313758,0.33625380401243293,0.33064814576481044,0.32420644943651755,0.3169398688196546,0.3088611054985364,0.2999846194858734,0.29032704221297945,0.27990793150030063,0.26875110524050144,0.25688696147385387,0.24435649534240875,0.2312182557408844,0.2175603843330734,0.20352122076721563,0.06769531668122263
62760.0,0.35143432245944345,0.3509989961529293,0.34969340063630105,0.34751994279762083,0.34448249503656364,0.3405864300363915,0.33583859726468496,0.33024729958734417,0.3238222860052862,0.31657478110559956,0.30851758319374656,0.2996652823731155,0.2900346823018851,0.27964556472342783,0.26852203169867406,0.25669482830902307,0.24420534403608377,0.23111250622935528,0.21750464018970517,0.20351962912324767,0.06762764663186588
62820.0,0.3509810766881064,0.3505468356729199,0.3492444983699483,0.34707647721339413,0.344046654941792,0.34016042072403474,0.3354246487545898,0.329847677725735,0.3234393073039085,0.31621083234825836,0.30817514699131443,0.29934696995417753,0.2897432747463345,0.2793840632435558,0.2682937156517597,0.2565033145421543,0.24405462868518196,0.23100694066214938,0.2174487255803568,0.20351736807708673,0.06756066993900081
62880.0,0.35052917834561875,0.3500960200306971,0.3487969331714686,0.34663433575788105,0.3436121208729536,0.33973569415626736,0.3350119544670603,0.32944927617428277,0.3230575093121863,0.31584801847595234,0.30783379271460337,0.29902967787338003,0.2894528149122976,0.2791234220201618,0.2680661514985959,0.25631241385659265,0.24390434219144166,0.23090155143316618,0.21739263361822478,0.20351443494280247,0.06749437511276034
62940.0,0.350078623384923,0.34964654518400107,0.3483507010124778,0.3461935144238834,0.3431788888483256,0.33931224637668417,0.33460051046476735,0.32905209100048954,0.322676888077914,0.31548633547916993,0.3074935162427667,0.298713401824037,0.28916329820788556,0.2788636360489901,0.2678393336720534,0.256122119977289,0.24375447752815171,0.23079633108168518,0.21733635770639806,0.20351082754510555,0.06742875032646344
63000.0,0.3496294078479342,0.34919840717919787,0.3479057979521704,0.34575400929004,0.34274695496957824,0.338890073509132,0.33419031288680423,0.3286561183437763,0.3222974397156582,0.31512577940942116,0.3071543135096943,0.2983981375475365,0.2888747200826786,0.2786047003618497,0.26761325663973623,0.2559324266730693,0.24360502774469484,0.23069127229920833,0.2172798915446876,0.2035065442192536,0.06736378343719857
63060.0,0.3491815275941296,0.3487516018806073,0.3474622198688789,0.3453158162561,0.34231631516226707,0.3384691715049357,0.333781357704184,0.32826135418082775,0.32191916018355965,0.3147663461691727,0.30681618030884455,0.2980838806549682,0.28858707586823446,0.27834660988840293,0.26738791478983387,0.25574332766979263,0.243455985910509,0.23058636790718687,0.21722322914137887,0.20350158383198164,0.06729946308175005
63120.0,0.34873497749663274,0.34830612416879436,0.3470199616649766,0.3448789302588739,0.3418869644072892,0.338049535394365,0.3333736399958899,0.3278677936308806,0.3215420446226571,0.3144080308901748,0.3064791117157823,0.29777062609940985,0.28830036030612405,0.2780893590465461,0.26716330209123357,0.2555548163884286,0.24330734493999867,0.23048161077696364,0.21716636482413718,0.20349594567750556,0.06723578188092284
63180.0,0.3482897522633466,0.34786196875946435,0.3465790180790674,0.34444334607322247,0.3414588975261521,0.3376311600516203,0.33296715468894333,0.32747543166615917,0.32116608803282914,0.3140508285698709,0.3061431026797895,0.29745836871717696,0.2880145680328897,0.2778329421647136,0.26693941244626473,0.2553668862206162,0.24315909778205197,0.23037699392032185,0.21710929319017713,0.20348962914170868,0.06717273315492026
63240.0,0.3478458467071475,0.3474191304729209,0.34613938395322685,0.3440090585755997,0.3410321094393264,0.3372140404464884,0.33256189680184145,0.32708426334552587,0.32079128549505553,0.31369473428061934,0.30580814821832314,0.2971471034057209,0.2877296937395183,0.27757735362100017,0.26671623980746584,0.25517953062088095,0.2430112374845678,0.23027251051792422,0.217052009071093,0.20348263368680838,0.06711030984716546
63300.0,0.3474032557443006,0.3469776042324855,0.34570105423143177,0.3435760627424999,0.34060659516472247,0.3367981716428558,0.3321578614431086,0.32669428381308646,0.3204176321700907,0.3133397431684453,0.30547424341588,0.29683682512267395,0.28744573217080455,0.27732258784308406,0.2664937781784463,0.2549927431087722,0.24286375719716588,0.23016815391682025,0.2169945075139034,0.20347495889449,0.0670485045346013
63360.0,0.34696197439289383,0.34653738506293275,0.34526402395800804,0.3431443536489264,0.3401823498161824,0.3363835487972354,0.3317550438098693,0.3263054882968167,0.3200451232971521,0.31298585045181276,0.30514138342288727,0.2965275288849313,0.28716267812476476,0.2770686393082198,0.26627202161479313,0.25480651727087983,0.2427166501732084,0.23006391762725611,0.21693678376940256,0.20346660450188006,0.06698730943898759
63420.0,0.34652199777128784,0.3460984680889473,0.34482828827609646,0.3427139264668748,0.339759368601992,0.3359701671573117,0.33135343918643845,0.32591787210720374,0.3196737541926279,0.31263305142041997,0.3048095634546214,0.2962192097677726,0.28688052645210244,0.27681550254328674,0.2660509642250005,0.254620846762685,0.24256990977124493,0.22995979531950303,0.2168788332856841,0.2034575704317137,0.06692671643902529
63480.0,0.3460833210965868,0.34566084853359424,0.34439384242613674,0.34228477646383504,0.3393376468234089,0.33555802206050506,0.3309530429429248,0.32553143063590584,0.3193035202488039,0.31228134143401254,0.3044787787901538,0.29591186290401816,0.28659927205572444,0.2765631721248886,0.2658306001714004,0.2544357253102321,0.24242352945602275,0.229855780821088,0.21682065170530473,0.20344785681772312,0.06686671708316955
63540.0,0.3456459396831218,0.3452245217168099,0.3439606817443673,0.3418568990013107,0.33891717987320646,0.3351471089325502,0.3305538505338562,0.3251461593544298,0.31893441693260854,0.31193071592122196,0.3041490247713257,0.2956054834832248,0.2863189098903024,0.2763116426794969,0.26561092367107847,0.25425114671161925,0.24227750279919685,0.22975186811461343,0.21676223486498694,0.20343746402604004,0.0668073026030136
63600.0,0.3452098489409547,0.344789483053907,0.34352880166134153,0.34143028953335247,0.33849796323423503,0.33473742328609074,0.33015585749681914,0.32476205381282347,0.3185664397843758,0.31158117037842414,0.3038202968017488,0.29530006675091647,0.2860394349618781,0.2760609088836278,0.2653919289967615,0.25406710483832073,0.24213182347986292,0.2296480513362235,0.21670357879706253,0.20342639267322946,0.0667484639271417
63660.0,0.344775044374396,0.34435572805409703,0.34309819770046135,0.3410049436051109,0.3380799924780013,0.3343289607192944,0.3297590594511102,0.3243791096383865,0.3181995844166273,0.31123270036861994,0.30349259034583626,0.2949956080078535,0.28576084232751015,0.27581096546404293,0.26517361047766835,0.25388359363636626,0.24198648528500172,0.22954432477470813,0.2166446797320741,0.2034146436414381,0.06669019169536769
63720.0,0.3443415215805377,0.34392325231902676,0.3426688654765252,0.3405808568514021,0.3376632632632594,0.3339217169144762,0.32936345209641305,0.3239973225343978,0.31783384651287183,0.31088530152033894,0.303165900927861,0.2946921026093338,0.28548312709495915,0.2755618071979739,0.2649559625003179,0.2537006071274003,0.24184148210991369,0.22944068287119043,0.2165855341021098,0.2034022180910459,0.06663247627328145
63780.0,0.34390927624780454,0.34349205154133156,0.3422408006942914,0.34015802499529035,0.3372477713346184,0.3335156876367436,0.32896903121147975,0.3236166882788576,0.3174692218264249,0.3105389695265639,0.30284022413104134,0.29438954596453154,0.28520628442240464,0.2753134289133547,0.2647389795092993,0.25351813940964796,0.24169680795869047,0.22933712021933408,0.2165261385445579,0.2033891174711345,0.06657530776703866
63840.0,0.3434783041545163,0.3430621215032045,0.34181399914705707,0.3397364438466842,0.33683351252116606,0.33311086873265294,0.3285757926528365,0.32323720272324874,0.31710570617924577,0.3101937001436785,0.3025155555966548,0.2940879335358654,0.28493030951819176,0.2750658254890656,0.26452265600799807,0.253336184658811,0.24155245694475777,0.22923363156598495,0.21646648990605147,0.20337534352802486,0.0665186760383346
63900.0,0.34304860116746794,0.34263345807497625,0.3413884567152512,0.33931610930094863,0.33642048273510666,0.3327072561288822,0.3281837323534987,0.3228588617913115,0.316743295460793,0.3098494891904378,0.3021918910231785,0.293787260838398,0.28465519764060654,0.27481899185518144,0.26430698655928986,0.25315473712891845,0.24140842329151144,0.22913021181217672,0.21640658524643247,0.20336089831209933,0.06646257071951002
63960.0,0.3426201632405218,0.34220605721371367,0.3409641693650423,0.3388970173375299,0.336008677970412,0.33230484583091824,0.3277928463217051,0.3224816614778373,0.3163819856268986,0.30950633254695925,0.30186922616545725,0.2934875234392658,0.2843809440976738,0.2745729229932211,0.26409196578620175,0.25297379115314805,0.24126470133305383,0.22902685601442097,0.216346421842611,0.20334578418308089,0.06640698122874118
64020.0,0.3421929864132143,0.34177991496182814,0.34054113314695866,0.3384791640185947,0.3355980943014875,0.3319036339217555,0.3274031306396634,0.3221055978474761,0.3160217726986615,0.30916422615373707,0.3015475568338958,0.29318871695713566,0.28410754424697765,0.274327613936399,0.26387758837254804,0.2527933411446349,0.24112128551503356,0.2289235593862162,0.21628599719222677,0.20333000381392324,0.0663518967852729
64080.0,0.3417670668093755,0.3413550274457014,0.34011934419452333,0.33806254548768394,0.3351887278818509,0.33150361656061306,0.3270145814623134,0.3217306670335611,0.3156626527613578,0.3088231660106782,0.3012268788936788,0.2928908370616877,0.28383499349549723,0.2740830597698775,0.26366384906354723,0.252613381597281,0.24097817039558234,0.22882031729971267,0.21622530901704481,0.2033135601934378,0.06629730642465423
64140.0,0.34134240063576415,0.3409313908743205,0.3396987987229018,0.3376471579683785,0.3347805749428256,0.3311047899816629,0.3266271950161025,0.3213568652369498,0.3153046219633705,0.3084831481761583,0.3009071882640134,0.29259387947312154,0.2835632872994661,0.27383925563101813,0.26345074266642554,0.25243390708656943,0.24083535064634132,0.22871712528747917,0.21616435526603833,0.2032964566277705,0.06624319901394299
64200.0,0.3409189841807119,0.34050900153792907,0.33927949302756305,0.3372329977629786,0.33437363179224683,0.33070715049277144,0.32624096759777654,0.3209841887248795,0.3149476765151379,0.3081441687661013,0.3005884809173935,0.2922978399616879,0.28329242116423853,0.2735961967096334,0.26323826405100986,0.2522549122703975,0.240692821053564,0.22861397904432176,0.2161031341181239,0.20327869674082405,0.06618956326684688
64260.0,0.34049681381278324,0.34008785580668877,0.33886142348295245,0.33682006125119496,0.333967894813179,0.3303106944742556,0.3258558955731851,0.3206126338298404,0.31459181268811864,0.3078062239530777,0.3002707528788927,0.2920027143472393,0.2830223906441784,0.27335387824824453,0.26302640815031647,0.25207639188992437,0.24055057651928535,0.22851087442911497,0.21604164398452375,0.20326028447371383,0.06613638775877016
64320.0,0.3400758859794459,0.33966795012935386,0.33844458654117604,0.33640834488885263,0.3335633604626485,0.32991541837765104,0.32547197537609995,0.32024219694846245,0.314237026813775,0.30746930996542493,0.29995400022547347,0.2917084984988026,0.28275319134255594,0.27311229554233535,0.26281516996113896,0.25189834077043827,0.24040861206253747,0.22840780746660624,0.21597988351074215,0.20324122408333437,0.06608366094174185
64380.0,0.33965619720575385,0.3392492810319574,0.33802897873070015,0.3359978452066083,0.33316002527038724,0.32952131872449536,0.3250892035070494,0.3198728745404192,0.31388331528257385,0.30713342308638464,0.29963821908532057,0.29141518833417007,0.2824848189114594,0.272871443940613,0.2626045445446386,0.25172075382224657,0.24026692282060322,0.22830477434916416,0.21591785157814508,0.20322152014010259,0.06603137115919815
64440.0,0.3392377440930407,0.3388318451165096,0.33761459665505955,0.33558855880867944,0.33275788583758753,0.32912839210511946,0.3247075765321636,0.31950466312734577,0.3135306745430064,0.30679855965326425,0.29932340563719356,0.29112277981951007,0.28221726905171834,0.27263131884527475,0.2623945270269379,0.25154362604157854,0.24012550405028882,0.22820177143844295,0.2158555473051401,0.2032011775249447,0.06597950666059742
64500.0,0.338820523317627,0.3384156390597082,0.3372014369915774,0.3351804823715811,0.33235693883567147,0.3287366351774577,0.32432709108203506,0.31913755929177406,0.31317910110062386,0.3064647160566138,0.2990095561098001,0.29083126896899325,0.28195053751283944,0.2723919157122755,0.2621851125997192,0.25136695251150887,0.23998435112920452,0.22809879526694066,0.215792970047956,0.20318020142558194,0.06592805561584707
64560.0,0.3384045316295368,0.3380006596116578,0.33678949649009876,0.3347736126428797,0.33195718100507066,0.32834604466586675,0.3239477438505945,0.31877155967607984,0.31282859151708936,0.30613188873942176,0.2986966667811872,0.2905406518444376,0.2816846200929516,0.27215323005160785,0.2619762965208326,0.2511907284028904,0.23984345955703668,0.2279958425394312,0.2157301194010249,0.2031585973321669,0.06587700612952312
64620.0,0.3379897658512256,0.3375869035946021,0.3363787719717323,0.3343679464399555,0.33155860915401736,0.32795661735995746,0.32356953159399704,0.3184066609814481,0.3124791424092472,0.30580007419633143,0.2983847339781519,0.2902509245549677,0.28141951263876597,0.27191525742758166,0.26176807411490616,0.2510149489752942,0.23970282495680134,0.22789291013425517,0.21566699519697294,0.20313637103232224,0.06582634625486451
64680.0,0.3375762228763175,0.33717436790166644,0.3359692603276052,0.33396348064877535,0.3311612201573479,0.3275683501134381,0.32319245112952333,0.31804285996685105,0.31213075044821104,0.30546926897287224,0.29807375407566783,0.2899620832566906,0.2811552110455445,0.2716779934591171,0.2615604407739665,0.2508396095779537,0.23956244307606536,0.2277899951044554,0.21560359750622554,0.2031135286056233,0.06577606400752663
64740.0,0.3371638996683568,0.33676304949561003,0.33556095851762696,0.33356021222267696,0.3307650109553172,0.3271812398429722,0.3228164993344931,0.31768015344804196,0.3117834123584619,0.30513946966470945,0.2977637234963309,0.28967412415238647,0.2808917112570784,0.2714414338200403,0.2613533919580613,0.25066470565070886,0.23942230978812468,0.2276870946787465,0.21553992663623622,0.2030900764175701,0.06572614737907932
64800.0,0.3367527932595648,0.33635294540758987,0.33515386356926413,0.33315813818116646,0.33036997855242345,0.3267952835270463,0.32244167314519306,0.317318538296562,0.3114371249169705,0.3048106729169117,0.29745463870982036,0.2893870434912126,0.28062900926568096,0.2712055742393895,0.26114692319588895,0.25049023272493937,0.2392824210931299,0.22758420626230952,0.21547598313034894,0.20306602111308686,0.06567658435023509
64860.0,0.3363429006232686,0.3359440526099481,0.33474797245141275,0.33275725548559704,0.3299761198956321,0.32641047808747314,0.3220679694424149,0.3169580113300872,0.3110918848491458,0.3044828753263313,0.2971464961425688,0.2891008374865565,0.2803671010391454,0.27097041043842707,0.260941030032833,0.2503161863835836,0.23914277309091062,0.22748132742274316,0.21541176776575063,0.20304136961413952,0.06562736341238622
64920.0,0.3359342182607456,0.33553636760422756,0.3343432816659256,0.33235756063656513,0.32958343148000335,0.3260268200056507,0.32169538468076947,0.31659856895726823,0.31074768849173,0.3041560731251617,0.296839291884677,0.2888155020491005,0.2801059822828574,0.2707359379248042,0.2607357078602665,0.25014256212868674,0.23900336188967658,0.2273784558419247,0.2153472815442307,0.20301612904993455,0.06557847522818189
64980.0,0.3355267425221885,0.33512988674123617,0.333939787564978,0.3319590499867629,0.32919190965521733,0.3256443056209184,0.3213239151770229,0.3162402074541633,0.31040453205540924,0.3038302624277496,0.2965330219188842,0.288531032995818,0.27984564862657324,0.2705021521547345,0.26053095205059024,0.24996935548660618,0.2388641836784085,0.2272755893511466,0.21528252567224349,0.20299030660047349,0.06552991132459757
65040.0,0.33512046972532655,0.3347246063393367,0.33353748646835474,0.33156171985660104,0.328801550738861,0.3252629312408385,0.3209535572166876,0.3158829230664532,0.31006241172195487,0.30350543932194934,0.2962276822054018,0.2882474261275181,0.2795860956938573,0.2702690485934592,0.2603267580077776,0.2497965620475685,0.23872523475392393,0.22717272594162952,0.2152175015396359,0.20296390946086842,0.06548166361091291
65100.0,0.33471539615602447,0.33432052268504514,0.33313637466405105,0.33116556653481277,0.3284123510170365,0.32488269314181384,0.3205843070546607,0.3155267120101108,0.30972132364494026,0.30318159986991267,0.2959232686827989,0.2879646772298509,0.2793273191032225,0.2700366227165105,0.26012312116871866,0.24962417746690915,0.23858651152117197,0.22706986376012084,0.21515221070083618,0.20293694482873648,0.06543372437348598
65160.0,0.33431151806887627,0.33391763203362435,0.33273644840886923,0.33077058627905276,0.3280243067449658,0.3245035875697024,0.320216160915858,0.3151715704720678,0.30938126395045823,0.3028587401088768,0.29561977726888716,0.28768278207430764,0.2790693144692581,0.26980487001096,0.2599200370045223,0.24945219746617509,0.23844801049305905,0.2269670011036307,0.21508665485811998,0.2029094198915916,0.06538608627015105
65220.0,0.333908831687796,0.33351593060967705,0.33233770392901124,0.33037677531649223,0.327637414147593,0.32412561074043206,0.3198491149958467,0.3148174946108789,0.3090422287378357,0.30253685605194996,0.29531720386159893,0.28740173641921374,0.27881207740374697,0.26957378597664433,0.2597175010217718,0.24928061783406766,0.23830972828982042,0.22686413641362804,0.21502083584646764,0.2028813418144464,0.06533874232425192
65280.0,0.33350733320660403,0.333115414607731,0.3319401374206655,0.32998412984440906,0.32725166942018097,0.32374875884060855,0.3194831654614762,0.31446448055738657,0.3087042140803468,0.30221594368889493,0.29501554433986454,0.2871215360107183,0.27855560351677017,0.2693433661273683,0.25951550876371504,0.24910943442720704,0.23817166163797818,0.22676126826991078,0.2149547556196716,0.20285271772777375,0.06529168591832887
65340.0,0.3331070187896086,0.3327160801928207,0.33154374505059026,0.3295926460307759,0.3268670687289054,0.3233730280281232,0.31911830845150463,0.31411252441538084,0.3083672160259241,0.30189599898691133,0.29471479456448346,0.2868421765837696,0.2782998884178003,0.2691136059920815,0.25931405581138467,0.24893864317070533,0.23803380736892904,0.2266583953842912,0.21488841623745353,0.20282355471592922,0.06524491078747699
65400.0,0.33270788457218065,0.33231792350106387,0.33114852295669284,0.32920232001484245,0.32648360821144473,0.3229984144327536,0.3187545400772247,0.3137616222622583,0.3080312305978664,0.3015770178914121,0.29441495037899107,0.28656365386309,0.27804492771678013,0.26888450111601975,0.2591131377846371,0.24876824005854753,0.2378961624172126,0.2265555165941924,0.2148218198534208,0.20279385980610057,0.06519841101239725
65460.0,0.33230992666132797,0.3319209406402359,0.33075446724860513,0.32881314790771426,0.32610128397756805,0.32262491415676703,0.31839185642308393,0.3134117701496785,0.30769625379554655,0.3012589963267984,0.2941160076105219,0.2862859635641382,0.2777907170251816,0.2686560470618139,0.2589127503431024,0.24859822115378047,0.23775872381850452,0.2264526308562207,0.21475496870373564,0.20276363995782867,0.06515218101216193
65520.0,0.3319131411362619,0.33152512769033715,0.33036157400825167,0.3284251257929276,0.3257200921097147,0.32225252327551396,0.31803025354730474,0.31306296410421736,0.30736228159511464,0.3009419301972334,0.2938179620706664,0.2860091013940654,0.2775372519570532,0.2684282394105543,0.2587128891870397,0.24842858258851713,0.23762148870737607,0.22634973723975962,0.2146878650964119,0.20273290205312455,0.06510621553671642
65580.0,0.33151752404896045,0.33113048070415546,0.3299698392904186,0.32803824972701906,0.32534002866357686,0.3218812378380224,0.31766972748250216,0.3127152001280188,0.307029309950199,0.3006258153874082,0.2935208095563227,0.28573306305265755,0.2772845281300404,0.26820107376281316,0.25851355005809756,0.24825932056376254,0.23748445431485585,0.2262468349206169,0.21462051140117164,0.20270165288719694,0.06506050965913937
65640.0,0.3311230714247267,0.3307369957078277,0.32957925912331215,0.3276525157400935,0.3249610896686721,0.3215110538675885,0.3173102742362951,0.3123684741994433,0.3066973347926046,0.3003106477633072,0.29322454585054264,0.2854578442332712,0.2770325411663874,0.26797454573961443,0.2583147287399692,0.24809043134907352,0.23734761796582848,0.2261439231747475,0.2145529100398144,0.20266989915979552,0.06501505876768539
65700.0,0.3307297792627429,0.3303446687013925,0.32918982950911796,0.3272679198363857,0.3245832711289153,0.3211419673623621,0.3169518897919173,0.31202278227371233,0.3063663520330074,0.2999964231729687,0.2929291667233702,0.28518344062375384,0.27678128669391405,0.26774865098335754,0.25811642105895233,0.24792191128206206,0.23721097707629707,0.22604100137207003,0.214485063477064,0.2026376474671645,0.06496985855763052
65760.0,0.3303376435366188,0.3299534956593408,0.32880154642455306,0.3268844579948174,0.3242065690231879,0.3207739742959305,0.3165945701088238,0.3116781202835523,0.30603635756164643,0.2996831374472398,0.2926346679326754,0.2849098479073519,0.2765307603469644,0.2675233851586796,0.25791862288440304,0.24775375676775258,0.2370745291505314,0.22593806897038987,0.21441697421186276,0.20260490429460393,0.06492490502294417
65820.0,0.3299466601949369,0.3295634725311615,0.3284144058214134,0.3265021261695529,0.32383097930589905,0.32040707061789686,0.3162383111232962,0.31133448413983195,0.30570734724901283,0.29937078640052783,0.2923410452249762,0.28463706176360637,0.27628095776732847,0.2672987439532683,0.2577213301290953,0.24758596427780544,0.23693827177813015,0.2258351255094392,0.21434864476909504,0.20257167600962486,0.06488019444780826
65880.0,0.32955682516179313,0.32917459524188164,0.32802840362711866,0.32612092029054696,0.32345649790754694,0.32004125225445745,0.3158831087490418,0.3109918697322004,0.3053793169465329,0.2990593658315464,0.29204829433625545,0.28436507786922893,0.27603187460513173,0.2670747230786106,0.25752453874948,0.24741853034961978,0.2368022026310084,0.22573217060504175,0.21428007769171964,0.20253796885568778,0.06483572339800567
65940.0,0.3291681343373302,0.32878685969260313,0.3276435357452516,0.32574083626409245,0.3230831207352749,0.31967651510897327,0.3155289588777908,0.31065027292971803,0.30505226248724915,0.29874887152405627,0.29175641099276883,0.284093891898966,0.27578350651969386,0.266851318270687,0.2573282447458525,0.24725145158532136,0.2366663194603334,0.22562920394341185,0.21421127553329783,0.20250378894650695,0.064791488712198
66000.0,0.32878058359826984,0.32840026176103543,0.3272597980560929,0.3253618699733591,0.32271084367342134,0.31931285506253826,0.31517585737989084,0.31030968958148664,0.3047261796864969,0.2984392992475986,0.29146539091184054,0.28382349952643965,0.2755358491803519,0.2666285252906019,0.25713244416242814,0.24708472465065218,0.2365306200934203,0.22552622527558996,0.21414224085090622,0.20246914226090676,0.06474748749311382
66060.0,0.32839416879843847,0.3280147973020203,0.3268771864171511,0.32498401727893267,0.32233966258406893,0.318950267974545,0.3148238001048969,0.30997011551727466,0.3044010643425762,0.2981306447582251,0.29117522980265115,0.28355389642497497,0.2752888982672507,0.26640633992515894,0.2569371330873299,0.24691834627376583,0.23639510243060025,0.2254232344120225,0.2140729761984214,0.20243403463821244,0.06470371709866599
66120.0,0.32800888576928844,0.32763046214805686,0.3264956966636888,0.3246072740193466,0.32196957330758946,0.31858874968324535,0.3144727828821565,0.3096315465481385,0.3040769122374184,0.2978229037992195,0.29088592336701224,0.2832850782684032,0.27504264947209583,0.2661847579873713,0.25674230765249434,0.24675231324394348,0.2362597644420758,0.22532023121728942,0.21400348412016834,0.20239847177415632,0.06466017513301825
66180.0,0.32762473032041417,0.3272472521098168,0.32611532460924514,0.32423163601161026,0.32160057166318157,0.3182282960063072,0.3141228015213933,0.3092939784670395,0.3037537191372503,0.2975160721018101,0.2905974673001306,0.2830170407318444,0.2747970984988696,0.26596377531691834,0.25654796403349805,0.2465866224102342,0.23612460416477143,0.2252172156049834,0.21393376714492293,0.20236245921728235,0.06461685943761888
66240.0,0.3272416982400654,0.32686516297666013,0.325736066046151,0.3238570990517333,0.3212326534494083,0.3178689027413689,0.31377385181328554,0.3089574070494584,0.3034314807932495,0.297210145385879,0.2903098572913592,0.2827497794924701,0.2745522410645097,0.2657433877805393,0.25635409844930857,0.24642127068003214,0.23598961969918988,0.22511418753274332,0.21386382778025978,0.20232600236583023,0.06457376808221968
66300.0,0.32685978529565385,0.326484190517142,0.3253579167460436,0.3234836589152462,0.3208658144447273,0.31751056566658853,0.3134259295300416,0.3086218280540043,0.3031101929421973,0.29690511936066066,0.29002308902493484,0.28248329023024077,0.27430807289955017,0.265523591272374,0.25616070716196543,0.24625625501759663,0.2358548092062831,0.22501114699744496,0.21379366850723708,0.2022891064650795,0.06453089935589683
66360.0,0.326478987234256,0.32610433047951787,0.32498087246037305,0.32311131135771526,0.32050005040801877,0.3171532805411882,0.31307903042596996,0.30828723722301793,0.3027898513071245,0.29660098972543036,0.2897371581807006,0.2822175686286206,0.2740645897487235,0.2653043817142439,0.25596778647619456,0.24609157244252233,0.2357201709043451,0.22490809403055076,0.2137232917754105,0.20225177660513635,0.0644882517580915
66420.0,0.32609929978311114,0.3257255785922425,0.32460492892090637,0.3227400521152525,0.3201353570791094,0.3167970431059973,0.31273315023804577,0.30795363028317346,0.30247045159795133,0.29629775217018756,0.28945206043481764,0.2819526103752685,0.27382178737152507,0.26508575505588194,0.2557753327389609,0.24592722002816875,0.23558570306593363,0.2248050286936212,0.21365269999816897,0.20221401771914282,0.06444582398968429
66480.0,0.32572071865011604,0.3253479305644648,0.3242300818402271,0.3223698769050245,0.3197717301792909,0.31644184908398715,0.3123882846864737,0.3076210029460716,0.30215198951212136,0.2959954023763279,0.28916779146045557,0.2816884111627028,0.27357966154273716,0.2648677072751083,0.25558334233896235,0.24576319490005288,0.23545140401482723,0.22470195107398755,0.2135818955483812,0.20217583458189073,0.06440361494412022
66540.0,0.32534323952431127,0.3249713820865175,0.32385632691222854,0.3220007814257535,0.31940916541183373,0.316087694180806,0.31204442947524624,0.3072893509088306,0.30183446073522824,0.2956939360173035,0.2888843469284725,0.2814249666889419,0.27333820805291903,0.26465023437795493,0.2553918117060712,0.2455994942342121,0.2353172721230254,0.22459886128058765,0.21351088075434793,0.20213723180882037,0.06436162369859813
66600.0,0.32496685807636777,0.32459592883040356,0.3234836598126046,0.32163276135821567,0.31904765846250027,0.3157345740853076,0.31170158029269623,0.3069586698546718,0.30151786094163574,0.29539334875927575,0.28860172250807664,0.2811622726581193,0.27309742270885334,0.2644333323987421,0.2552007373107246,0.24543611525554584,0.23518330580779212,0.22449575943996578,0.2134396578960508,0.20209821385538712,0.06431984950533816
66660.0,0.32459157001526,0.324221566506308,0.32311207625487554,0.32126581242045776,0.31868720505362463,0.3153824845221729,0.31135973286233254,0.306628955501636,0.30120218584073843,0.2950936363045676,0.2883199139070946,0.2809003248171537,0.2728573013661405,0.2642169974280265,0.2550101156865749,0.24527305525448376,0.23504950354183068,0.22439264569998113,0.21336822920361162,0.20205878501710345,0.06427829155264858
66720.0,0.3242173712667006,0.3238482910405165,0.32274157216675875,0.32089993054157967,0.31832780111427034,0.3150314214173957,0.31101888310260356,0.30630020375555944,0.30088743132207607,0.2947947945278148,0.28803891699802747,0.2806391190705266,0.2726178400314482,0.26400122570099394,0.25481994350362874,0.24511031164350083,0.23491586389204583,0.2242895202504306,0.2132965968626142,0.20201894946392382,0.06423694823409196
66780.0,0.3238442578212378,0.3234760984239537,0.32237214354003013,0.3205351117138155,0.31796944263542165,0.3146813807574868,0.31067902699102024,0.30597241058004027,0.3005735933320652,0.29449681936039973,0.287758727711116,0.28037865138288925,0.27237903477552966,0.26378601352168657,0.2546302175044034,0.2449478819058782,0.2347823854817079,0.22418638330023663,0.21322476301406343,0.20197871129656764,0.06419581777848868
66840.0,0.32347222568038436,0.32310498465847276,0.3220037863772955,0.3201713519400977,0.3176121256186669,0.31433235853960095,0.3103401605160553,0.30564557195043657,0.3002606678304333,0.29419970674964324,0.2874793419966013,0.2801189177446753,0.27214088170241074,0.2635713572359237,0.25444093448066823,0.24478576357634851,0.23464906697533205,0.2240832350682068,0.21315272975762584,0.20193807455252502,0.06415489846960767
66900.0,0.3231012708565735,0.32273494575681316,0.3216364966919532,0.3198086472340397,0.3172558460762014,0.31398435077156694,0.3100022796772134,0.3053196838539844,0.29994865079038036,0.29390345265900686,0.2872007558249396,0.27985991417225864,0.2719033769493787,0.26335725323093157,0.25425209127247117,0.2446239542393133,0.23451590707623649,0.22398007578154103,0.2130804991552465,0.20189704320470808,0.06411418864374406
66960.0,0.3227313893731144,0.32236597774255976,0.3212702705081649,0.3194469936199165,0.3169006000308328,0.3136373534719262,0.309665380485103,0.30499474228991136,0.2996375381987418,0.293608053068291,0.28692296518700505,0.2796016367080971,0.2716665166869431,0.2631436979349406,0.2540636847671498,0.2444624515271012,0.2343829045243131,0.22387690567471197,0.21300807323379503,0.20185562116074063,0.06407368668732187
67020.0,0.32236257726415224,0.3219980766501037,0.3209051038608233,0.31908638713265125,0.3165463835159876,0.31329136266996555,0.30932945896151065,0.3046707432695541,0.29932732605614676,0.2933135039738254,0.28664596609427945,0.27934408142085343,0.2714302971187699,0.26293068781675744,0.25387571189832925,0.24430125311827805,0.23425005809399724,0.2237737249885777,0.21293545398701963,0.20181381226273168,0.0640333910345325
67080.0,0.32199483057462824,0.3216312385246068,0.3205409927955268,0.3187268238178016,0.31619319257572076,0.3129463744057589,0.30899451113947557,0.3043476828164741,0.29901801037717446,0.2930198013886532,0.2863697545790295,0.2790872444054976,0.2711947144815909,0.2627182193853084,0.2536881696449163,0.2441403567360173,0.23411736659241886,0.22367053396963757,0.21286264337700822,0.20177162028741757,0.0639933001650164
67140.0,0.3216281453602416,0.32126545942196705,0.32017793336855144,0.3183682997315501,0.31584102326472635,0.3126023847302051,0.3086605330633641,0.3040255569665725,0.2987095871905082,0.2927269413427095,0.2860943266944746,0.2788311217833889,0.2709597650450858,0.2625062891891624,0.2535010550300892,0.2439797601465364,0.23398482885771318,0.22356733286937772,0.21278964333530087,0.20172904894658708,0.0639534126015955
67200.0,0.32126251768741554,0.3209007354087864,0.31981592164682915,0.31801081094069616,0.315489871648352,0.31225938970507083,0.30832752078894804,0.3037043617682062,0.2984020525390843,0.29243491988299014,0.2858196785149367,0.27857570970234125,0.2707254451117448,0.26229489381603377,0.2533143651203005,0.24381946115759875,0.23385244375746866,0.22346412194367393,0.21271645576375228,0.2016861018877241,0.06391372690805928
67260.0,0.320897943633264,0.3205370625623409,0.3194549537079267,0.31765435352264837,0.3151397338026125,0.311917385403034,0.307995470383481,0.3033840932823007,0.29809540248024174,0.2921437330737163,0.28554580613598274,0.2783210043366676,0.27049175101670525,0.26208402989226887,0.25312809702428446,0.2436594576170852,0.23372021018729564,0.223360901452231,0.21264308253522138,0.20164278269482008,0.0638742416870101
67320.0,0.3205344192855612,0.320174436970552,0.31909502564002457,0.31729892356542083,0.31479060581420826,0.31157636790772814,0.307664377925777,0.30306474758246366,0.29778963308586376,0.2918533769964884,0.2852727056745504,0.27806700188720845,0.2702586791275722,0.2618736940823187,0.2529422478920814,0.24349974741162814,0.23358812706949852,0.22325767165805055,0.21256952549413838,0.2015990948893177,0.06383495557776805
67380.0,0.32017194074271216,0.3198128547319618,0.3187361335419021,0.3169445171676307,0.31444248378054357,0.31123633331378975,0.3073342395062882,0.3027463207550973,0.29748474044251644,0.29156384775043487,0.28500037326906474,0.2778136985813418,0.27002622584421637,0.2616638830882048,0.25275681491407687,0.24334032846530781,0.23345619335183673,0.2231544328269193,0.21249578645698994,0.20155504193115634,0.06379586725433939
67440.0,0.31981050411372547,0.3194523119557073,0.3183782735229208,0.316591130438498,0.314095363809748,0.31089727772690423,0.3070050512271838,0.3024288088995086,0.2971807206515867,0.2912751414523519,0.2847288050795383,0.27756109067297624,0.26979438759855723,0.2614545936489726,0.25257179532006063,0.2431811987384099,0.23332440800636492,0.22305118522691705,0.21242186721274733,0.20151062721989652,0.06375697542344891
67500.0,0.31945010551819064,0.3190928047615009,0.3180214417030112,0.3162387594978471,0.3137492420206969,0.31055919726385495,0.3066768092024292,0.302112208128019,0.2968775698294114,0.2909872542368343,0.2844579972876629,0.27730917444253006,0.2695631608543307,0.2612458225401425,0.25238718637830476,0.24302235622623666,0.2331927700283433,0.2229479291279448,0.2123477695232604,0.20146585409590745,0.06371827882263675
67560.0,0.31909074108625224,0.31873432927960804,0.3176656342126622,0.3158874004761094,0.3134041145430369,0.31022208805257373,0.3063495095578643,0.3017965145660697,0.29657528410740464,0.2907001822564006,0.2841879460968856,0.277057946196891,0.2693325421068412,0.2610375665731574,0.25220298539466357,0.24286379895797242,0.23306127843520896,0.2228446648012706,0.2122734951236296,0.2014207258416001,0.06367977621842158
67620.0,0.3187324069585921,0.3183768816508314,0.31731084719291147,0.3155370495143303,0.31305997751721004,0.3098859462321903,0.3060231484312826,0.3014817243523289,0.296273859632181,0.2904139216816085,0.283918647732476,0.27680740226936595,0.2691025278827025,0.26082982259482684,0.25201918971169535,0.24270552499559614,0.23292993226560318,0.22274139251909786,0.2121990457225697,0.201375245682696,0.06364146640452921
67680.0,0.3183750992864083,0.3180204580264932,0.31695707679533863,0.31518770276417396,0.3127168270944814,0.3095507679530832,0.305697721972508,0.3011678336387931,0.2959732925656709,0.290128468701161,0.28365009844158007,0.27655753901961616,0.2688731147395674,0.2606225874867735,0.2518357967078046,0.2425475324328416,0.2327987305784505,0.22263811255415325,0.2121244230027681,0.20132941678952207,0.06360334820018695
67740.0,0.3180188142313996,0.31766505456842237,0.31660431918205795,0.31483935638793253,0.312374659436967,0.30921654937693277,0.3053732263434741,0.30085483859088996,0.295673579085235,0.28984381952200716,0.2833822944932623,0.2763083528335749,0.268644299265847,0.26041585816488133,0.251652803796408,0.24238981939420134,0.23266767245208375,0.22253482517929746,0.21204962862124727,0.20128324227832473,0.06356542044848452
67800.0,0.3176635479657494,0.31731066744894154,0.3162525705257168,0.31449200655853676,0.3120334707176619,0.3088832866767732,0.30504965771830117,0.3005427353875736,0.29537471538376947,0.2895599703694337,0.283115232178538,0.2760598401233605,0.2684160780804226,0.2602096315787433,0.25147020842512013,0.24223238403396963,0.2325367569834142,0.22243153066715948,0.21197466420973246,0.2012367252125936,0.0635276820147995
67860.0,0.31730929667211366,0.3169572928508578,0.31590182700949165,0.3141456494595674,0.3116932571204725,0.3085509760370445,0.30472701228337123,0.30023152022142374,0.2950766976698114,0.289276917487147,0.2828489078103949,0.2758119973271714,0.26818844783234747,0.26000390471111584,0.25128800807496204,0.24207522453532535,0.23240598328714018,0.2223282292897938,0.2118995313750271,0.2011898686043935,0.06349013178528788
67920.0,0.31695605654360925,0.316604926967453,0.3155520848270895,0.3138002812852693,0.31135401484024655,0.308219613653647,0.3044052862374045,0.29992118929873657,0.2947795221676337,0.28899465713734945,0.28258331772380235,0.2755648209091759,0.2679614052005457,0.2597986745773782,0.2511062002595917,0.2419183391094509,0.23227535049499648,0.22222492131836113,0.21182423169939896,0.20114267541569772,0.06345276866543893
67980.0,0.3166038237838049,0.3162535660024779,0.3152033401827487,0.3134558982405637,0.31101574008280597,0.3078891957339933,0.3040844757915339,0.29961173883961517,0.29448318511733784,0.2887131856008065,0.2823184582757142,0.2753183073593875,0.26773494689350497,0.2595939382249938,0.2509247825245524,0.2417617259946854,0.23214485775503843,0.22212160702283462,0.2117487667409752,0.201095148559719,0.06341559157869399
68040.0,0.31625259460671246,0.3159032061701465,0.31485558929124075,0.3131124965410672,0.31067842906498033,0.3075597184970636,0.3037645771693772,0.29930316507805743,0.2941876827749411,0.2884324991769077,0.28205432584506035,0.275072453193535,0.26750906964896215,0.25938969273298157,0.25074375244654445,0.2416053834557102,0.232014504230961,0.2220182866717274,0.2116731380341497,0.20104729090223475,0.06337859946512692
68100.0,0.3159023652367827,0.3155538436951327,0.3145088283778769,0.31277007241310667,0.31034207801464125,0.3072311781734571,0.3034455866071107,0.2989954642620401,0.29389301141245766,0.2881525941837172,0.28179091683272744,0.27482725495292254,0.26728377023358924,0.2591859352113888,0.25056310763271417,0.24144930978276657,0.23188428910145226,0.22191496053184712,0.21159734708999997,0.20099910526290482,0.06334179128018733
68160.0,0.3155531319088985,0.3152054748125702,0.3141630536785124,0.3124286220937389,0.3100066831707371,0.3069035710054465,0.3031275003535378,0.2986886326535991,0.29359916731797564,0.28787346695802013,0.28152822766153485,0.27458270920428124,0.26705904544267367,0.25898266280077553,0.25038284571996533,0.24129350329090302,0.23175421155957615,0.2218116288680703,0.21152139539671413,0.20095059441657723,0.06330516599350343
68220.0,0.3152048908683756,0.3148580957680512,0.3138182614395553,0.31208814183077044,0.30967224078332795,0.30657689324703125,0.3028103146701605,0.2983826665289083,0.2933061467957281,0.2875951138553603,0.2812662547761986,0.27433881253961667,0.2668348920997981,0.2587798726717037,0.25020296437428585,0.2411379623192503,0.2316242708121873,0.22170829194314184,0.21144528442002797,0.20090176109458113,0.06326872258774555
68280.0,0.314857638370959,0.3145117028176274,0.31347444791797435,0.3117486278827781,0.30933874711362214,0.3062511411639898,0.30249402583124446,0.29807756217835485,0.293013946166159,0.28731753125007065,0.28100499464329,0.27409556157604575,0.2666113070565179,0.25857756202423277,0.2500234612900953,0.24098268523032434,0.23149446607937385,0.22160495001749597,0.2113690156036708,0.2008526079860052,0.0632324600575468
68340.0,0.31451137068282536,0.3141662922278137,0.31313160938131007,0.3114100765191302,0.30900619843401333,0.3059263110339323,0.3021786301238866,0.29777331590660916,0.2927225617659837,0.28704071553529725,0.2807444437511869,0.2738529529556315,0.26638828719203744,0.2583757280874262,0.24984433418961077,0.2408276704093557,0.2313647965939298,0.22150160334909916,0.21129259036981857,0.20080313773895767,0.06319637740848204
68400.0,0.31416608408058255,0.3138218602755936,0.3127897421076867,0.3110724840200099,0.30867459102811595,0.30560239914635184,0.30186412384807926,0.29746992403269323,0.29243198994824476,0.28676466312301774,0.28048459861001557,0.2736109833452111,0.2661658294128879,0.2581743681188608,0.24966558082222773,0.24067291626364457,0.23123526160085223,0.22139825219331244,0.21121601011955501,0.20075335296180996,0.06316047365610208
68460.0,0.3138217748512763,0.3134784032484239,0.31244884238582343,0.31073584667643933,0.308343921190804,0.3052794018026769,0.30155050331677075,0.29716738289004613,0.29214222708236404,0.28648937044404993,0.2802254557515888,0.2733696494362181,0.2659439306526017,0.2579734794041491,0.24948719896392105,0.24051842122193823,0.23110586035686548,0.22129489680277548,0.21113927623333842,0.20070325622441856,0.06312474782502245
68520.0,0.3134784392923937,0.3131359174442428,0.3121089065150493,0.310400160790302,0.3080141852282465,0.30495731531632064,0.301237764855929,0.2968656888265857,0.29185326955418595,0.2862148339480602,0.2799670117293348,0.27312894794450193,0.2657225878713916,0.25777305925646643,0.24930918641666097,0.24036418373383475,0.23097659212997082,0.22119153742730854,0.21106239007147332,0.20065285005932687,0.06308919894806601
68580.0,0.3131360737118698,0.31279439917147667,0.3117699308053183,0.31006542267437026,0.3076853794579461,0.3046361360127323,0.30092590480459624,0.29656483820476437,0.2915651137660203,0.285941050103559,0.2797092631182229,0.2728888756101435,0.2655017980558276,0.25757310501608816,0.2491315410078455,0.24021020226920733,0.23084745619901925,0.22108817431383315,0.2109853529745872,0.20060213696294527,0.06305382606545701
68640.0,0.3127946744280944,0.31245384474905236,0.3114319115772259,0.3097316286523292,0.3073575002087775,0.3043158602294446,0.30061491951494845,0.2962648274016259,0.2912777561366779,0.2856680153978963,0.2794522065146832,0.27264942919726676,0.265281558218515,0.2573736140499324,0.24895426058975015,0.24005647531765129,0.2307184518533065,0.22098480770631013,0.2109081662641097,0.200551119396708,0.06301862822406505
68700.0,0.31245423776992265,0.31211425050640706,0.3110948451620244,0.3093987750588039,0.30703054382102324,0.3039964843161228,0.3003048053523483,0.29596565280885484,0.290991193101501,0.2853957263372483,0.27919583853651897,0.272410605493846,0.2650618653977769,0.25717458375111396,0.24877734303899116,0.2399030013879522,0.23058957839219266,0.22088143784569383,0.21083083124275467,0.20049979978820542,0.0629836044766991
68760.0,0.3121147600766838,0.3117756127835008,0.31075872790164294,0.30906685823938673,0.3067045066464122,0.3036780046346119,0.29999555869539873,0.29566731083282666,0.290705421112392,0.2851241794466003,0.2789401558228165,0.272172401311514,0.26484271665733533,0.2569760115385055,0.24860078625600582,0.23974977900757427,0.23046083512474067,0.2207780649699026,0.21075334919500247,0.2004481805322931,0.06294875388144834
68820.0,0.311776237698193,0.3114379279308283,0.3104235561487048,0.30873587455066404,0.3063793850481562,0.30336041755898185,0.29968717593599103,0.2953697978946483,0.29042043663783373,0.28485337126972343,0.2786851550338498,0.2719348134853645,0.26462410908599626,0.25677789485630576,0.2484245881645466,0.2395968067221689,0.23033222136937617,0.22067468931380324,0.21067572138758422,0.20039626399217458,0.06291407550106909
68880.0,0.31143866699476347,0.31110119230943456,0.3100893262665476,0.30840582036024317,0.3060551754009869,0.3030437194755737,0.2993796534793548,0.2950731104302033,0.2901362361629087,0.2845832983691472,0.27843083285097947,0.2716978388737542,0.2644060397973372,0.2565802311736178,0.2482487467111904,0.23944408309510182,0.23020373645356737,0.2205713111092104,0.21059794906996432,0.20034405250045947,0.06287956840241703
68940.0,0.3111020443372202,0.31076540229092947,0.3097560346292438,0.30807669204678184,0.3057318740911932,0.3027279067830428,0.2990729877441031,0.2947772448901866,0.2898528161893116,0.28431395732612724,0.27817718597655045,0.27146147435810375,0.26418850592939597,0.2563830179840342,0.2480732598648616,0.23929160670699884,0.23007537971352338,0.2204679305848965,0.21052003347482254,0.2002915483601948,0.0628452316559216
69000.0,0.3107663661069141,0.31043055425750454,0.3094236776216213,0.3077484860000148,0.30540947751665726,0.30241297589240107,0.2987671751622761,0.29448219774014006,0.2895701732353599,0.28404534474060944,0.27792421113378385,0.2712257168426953,0.2639715046443632,0.25618625280523194,0.24789812561636934,0.2391393761553098,0.22994715049390957,0.22036454796661709,0.21044197581853308,0.20023875384587092,0.06281106433510245
69060.0,0.31043162869573643,0.31009664460194925,0.3090922516392845,0.30742119862078454,0.30508798208688953,0.3020989232270587,0.298462212179382,0.2941879654604843,0.2892883038359989,0.2837774572311875,0.2776719050666657,0.2709905632544721,0.26375503312827714,0.25598993317857305,0.24772334197795753,0.23898739005388972,0.22981904814758206,0.22026116347714433,0.21036377730164157,0.20018567120439834,0.06277706551612579
69120.0,0.31009782850613626,0.3097636697276674,0.3087617530886381,0.3070948263210678,0.30476738422306615,0.3017857452228652,0.2981580952544369,0.2938945445465448,0.28900720454280204,0.283510291435059,0.277420264539835,0.2707560105428345,0.26353908859072267,0.25579405666871685,0.24754890698286974,0.23883564703259594,0.22969107203533717,0.22015777733631336,0.21028543910933867,0.20013230265606105,0.06274323427739964
69180.0,0.30976496195113634,0.309431626048698,0.3084321783869079,0.3067693655240045,0.30444768035806097,0.3014734383281467,0.2978548208600013,0.29360193150857883,0.28872687192397056,0.2832438440079763,0.27716928633846466,0.27052205567943655,0.2633236682645333,0.2555986208632358,0.2473748186849254,0.2386841457369024,0.22956322152567685,0.22005438976107627,0.2102069624119283,0.20007865039543926,0.0627095696992059
69240.0,0.30943302545435136,0.3091005099897323,0.30810352396216417,0.30644481266392687,0.30412886693648233,0.3011619990037444,0.2975523854822154,0.293310122871796,0.2884473025643266,0.2829781116241937,0.2769189672681424,0.27028869565798197,0.2631087694054947,0.2554036233722438,0.24720107515810952,0.23853288482752896,0.22943549599458962,0.21995100096556608,0.21012834836529165,0.20002471659230797,0.06267607086336825
69300.0,0.30910201545000543,0.308770317986135,0.30777578625334506,0.30612116418638785,0.3038109404147049,0.3008514237230488,0.2972507856208299,0.2930191151763762,0.2881684930653031,0.2827130909764123,0.27666930415474944,0.2700559274940215,0.2628943892920546,0.2552090618280302,0.24702767449617363,0.23838186298008543,0.2293078948253459,0.21984761116116844,0.2100495981113451,0.1999705033925055,0.06264273685295381
69360.0,0.30877192838295164,0.30844104648396214,0.30744896171028124,0.3057984165481892,0.3034938972609037,0.3005417089720374,0.2969500177892384,0.292728904977488,0.2878904400449317,0.28244877877571967,0.27642029384433686,0.26982374822474753,0.26268052522503366,0.25501493388470137,0.24685461481225066,0.23823107888473136,0.2291804174083051,0.21974422055660095,0.20997071277849327,0.19991601291877806,0.06260956675200778
69420.0,0.30844276070869103,0.30811269193998364,0.30712304679371905,0.30547656621741004,0.30317773395508557,0.30023285124930527,0.29665007851450265,0.29243948884529886,0.28761314013782585,0.28218517175152763,0.2761719332029983,0.2695921549087913,0.262467174527342,0.2548212372178315,0.24668189423847942,0.2380805312458483,0.2290530631407391,0.21964082935799809,0.20989169348207407,0.1998612472715933,0.06257655964531958
69480.0,0.30811450889339376,0.3077852508217045,0.30679803797534283,0.30515560967343514,0.30286244698912074,0.29992484706609684,0.2963509643373814,0.29215086336498647,0.2873365899951624,0.28192226665150755,0.2759242191167425,0.26936114462602057,0.26225433454369795,0.25462796952411904,0.2465095109256422,0.23793021878172657,0.22892583142666478,0.21953743776900342,0.20981254132479657,0.1998062085299305,0.06254371461821784
69540.0,0.30778716941391676,0.30745871960738363,0.3064739317378015,0.30483554340698127,0.302548032866773,0.2996176929463377,0.2960526718123524,0.29186302513674445,0.2870607862846571,0.2816600602415219,0.27567714849136404,0.269130714477335,0.26204200264035216,0.2544351285210532,0.24633746304281207,0.23778014022426464,0.22879872167668977,0.21943404599086666,0.20973325739717252,0.19975089875204136,0.06251103075639458
69600.0,0.30746073875782653,0.30713309478605844,0.30615072457473186,0.30451636392012627,0.3022344881037303,0.29931138542666175,0.2957551975076324,0.2915759707757891,0.28678572569054,0.281398549305553,0.275430718252312,0.26890086158446735,0.2618301762048139,0.2542427119465863,0.24616574877701197,0.23763029431868135,0.2286717333078688,0.21933065422254408,0.2096538427779386,0.19969531997618536,0.06247850714575637
69660.0,0.30713521342342076,0.30680837285756507,0.3058284129907825,0.30419806772633534,0.3019218092276323,0.2990059210564382,0.2954585380051988,0.2912896969123581,0.2865114049135278,0.28113773064563097,0.2751849253445587,0.2686715830897798,0.26161885264558254,0.2540507175588152,0.24599436633288438,0.23748067982323962,0.22854486574357083,0.21922726266080514,0.2095742985344712,0.19963947422133818,0.062446142872300395
69720.0,0.30681058991974786,0.306484550332561,0.3055069935016381,0.30388065135048764,0.30160999277809897,0.29870129639779924,0.2951626899008052,0.2910042001917126,0.2862378206707918,0.2808776010817559,0.2749397667324648,0.2684428761560658,0.26140802939188323,0.25385914313566565,0.24582331393236997,0.23733129550898235,0.22841811841335605,0.21912387150034093,0.20949462572319175,0.19958336348787412,0.06241393702201537
69780.0,0.30648686476662906,0.30616162373254746,0.3051864626340444,0.3035641113289029,0.3012990353067585,0.29839750802566123,0.29486764980399754,0.29071947727413244,0.2859649696959244,0.280618157451823,0.274695239399646,0.26821473796635076,0.26119770389340446,0.25366798647459077,0.2456525898143981,0.2371821401594796,0.2282914907528613,0.2190204809338759,0.20941482538996303,0.1995269897582237,0.062381888680805166
69840.0,0.3061640344946808,0.30583958958989094,0.30486681692583106,0.30324844420936614,0.30098893337727056,0.29809455252774963,0.29457341433812634,0.2904355248349093,0.285692848738902,0.28035939661154097,0.2744513403488381,0.26798716572369524,0.26098787362004233,0.2534772453922705,0.24548219223458548,0.23703321257058552,0.22816498220369572,0.21891709115228264,0.20933489857047674,0.1994703549975032,0.06234999693443408
69900.0,0.3058420956453361,0.30551844444784665,0.3045480529259351,0.30293364655115457,0.30067968356535346,0.29779242650461873,0.29427998014035656,0.2901523395643413,0.2854214545660479,0.28010131543435113,0.2742080666017611,0.2677601566509978,0.2607785360616477,0.25328691772432094,0.24531211946494558,0.236884511550207,0.22803859221334352,0.21881370234469796,0.20925484629063143,0.19941346115412195,0.062318260868492445
69960.0,0.30552104477086633,0.30519818486058053,0.30423016719442647,0.30261971492505974,0.30037128245880734,0.29749112656967186,0.2939873438616782,0.28986991816771884,0.28515078395998983,0.279843910811343,0.27396541519898193,0.26753370799080173,0.2605696887277764,0.25309700132501206,0.24514236979360549,0.23673603591808057,0.22791232023507432,0.21871031469863994,0.20917466956689937,0.19935631016036293,0.062286679568381464
70020.0,0.30520087843440336,0.30487880739319084,0.30391315630252896,0.3023066459134134,0.3000637266575375,0.29719064934917866,0.2936955021669127,0.28958825736531474,0.2848808337196176,0.27958717965117136,0.2737233831997799,0.2673078170051016,0.26036132914744553,0.25290749406698626,0.24497294152453347,0.2365877845055598,0.22778616572786223,0.21860692840012713,0.2090943694066858,0.19929890393293995,0.06225525211931562
70080.0,0.3048815932099601,0.3045603086217314,0.30359701683264545,0.3019944361101106,0.29975701277357486,0.29689099148229214,0.29340445173471746,0.2893073538923675,0.28461160066003677,0.2793311188799671,0.2734819676820085,0.26708248097515047,0.2601534548688917,0.25271839384099115,0.24480383297727393,0.23643975615541243,0.2276601281563098,0.21850354363379715,0.2090139468086759,0.1992412443735315,0.06222397760634228
70140.0,0.3045631856824549,0.3042426851332333,0.30328174537837865,0.3016830821206315,0.2994511374310985,0.29659214962106345,0.29311418925758936,0.2890272044990649,0.28434308161252286,0.2790757254412515,0.2732411657419574,0.2668576972012721,0.25994606345933535,0.2525296985556127,0.24463504248669143,0.2362919497216245,0.22753420699057944,0.21840016058302622,0.208933402763173,0.19918333336928964,0.06219285511437656
70200.0,0.3042456524477312,0.3039259335257264,0.30296733854455365,0.30137258056206356,0.2991460972664534,0.29629412043045505,0.29282471144186567,0.28874780595052446,0.28407527342447053,0.2788209962958458,0.2730009744942171,0.2666334630026719,0.2597391525047475,0.25234140613701833,0.24446656840272227,0.23614436406921363,0.22740840170633064,0.21829677943004838,0.20885273825242534,0.1991251727933271,0.062161883728250565
70260.0,0.3039289901125796,0.303610050408261,0.3026537929472409,0.3010629280631235,0.2988418889281705,0.2959969005883526,0.2925360150077228,0.2884691550267728,0.28380817295934335,0.2785669284217815,0.2727613910715407,0.2664097757172511,0.2595327196096215,0.2521535145287051,0.2442984090901341,0.23599699807405058,0.22728271178466217,0.21819340035607318,0.20877195425094366,0.19906676450518182,0.06213106253277635
70320.0,0.3036131952947585,0.30329503240092986,0.30234110521377716,0.30075412126417794,0.29853850907698426,0.2957004867855757,0.2922480966891748,0.28819124852272143,0.2835417770966215,0.278313518814208,0.2725224126247079,0.2661866327014228,0.25932676239674735,0.2519660216912534,0.24413056292829363,0.23584985062268793,0.2271571367120596,0.218090023541404,0.20869105172580713,0.19900811035126006,0.06210039061282097
70380.0,0.30329826462301607,0.30298087613488844,0.30202927198278545,0.30044615681726117,0.29823595438584666,0.2954048757258869,0.29196095323406895,0.2879140832481435,0.2832760827317462,0.27806076448530115,0.272284036322386,0.2659640313299274,0.2591212785069932,0.2517789256020878,0.24396302831094094,0.23570292061219594,0.22703167598034743,0.21798664916555413,0.2086100316369598,0.1989492121652571,0.062069867053393
70440.0,0.30298419473711097,0.30266757825237584,0.30171828990419536,0.30013903138609654,0.2979342215399457,0.2951100641259985,0.29167458140408026,0.28763765602764524,0.2830110867760646,0.2778086624641694,0.2720462593509963,0.26574196899565533,0.2589162655990858,0.25159222425524225,0.24379580364597123,0.23555620695000606,0.22690632908664551,0.21788327740736133,0.20852889493749655,0.19889007176855794,0.062039490939739136
70500.0,0.30267098228783096,0.30235513540673475,0.301408155639265,0.29983274164611234,0.2976333072367163,0.29481604871557976,0.29138897797470226,0.28736196370063904,0.28274678615677185,0.27755720979676,0.2718090789145763,0.2655204431094674,0.25871172134940046,0.25140591566113385,0.243628887355224,0.23540970855375945,0.22678109553332929,0.21777990844510134,0.20844764257393772,0.19883069097061767,0.06200926135745061
70560.0,0.30235862393701574,0.30204354426243324,0.30109886586059764,0.2995272842844617,0.2973332081858555,0.29452282623726067,0.29110413973523924,0.2870870031213123,0.2824831778168534,0.2773064035457637,0.2715724922346437,0.26529945110001707,0.25850764345175054,0.2512199978463381,0.2434622778742778,0.23526342435116393,0.22665597482799404,0.21767654245659876,0.2083662754864945,0.19877107156932167,0.06197917739257761
70620.0,0.30204711635757436,0.30173280149508136,0.3007904172521623,0.29922265600003606,0.2970339211093337,0.29423039344663504,0.2908200634887952,0.28681277115859605,0.28222025871502365,0.277056240790521,0.27133649655006276,0.26507899041357863,0.2583040296171818,0.2510344688533736,0.24329597365225206,0.23511735327985483,0.22653096648342186,0.21757317961933578,0.20828479460932292,0.1987112153513272,0.061949238131751835
70680.0,0.30173645623350576,0.3014229037914518,0.30048280650930986,0.29891885350348335,0.2967354427414042,0.29393874711226303,0.29053674605226126,0.28653926469613217,0.2819580258256648,0.27680671862692346,0.27110108911690883,0.2648590585138727,0.258100877573773,0.25084932674049,0.24312997315161497,0.23497149428726272,0.22640607001755175,0.21746982011055896,0.20820320087076918,0.19865112409238622,0.061919442662315305
70740.0,0.3014266402599165,0.30111384784949785,0.30017603033879164,0.2986158735172213,0.2964377698286137,0.2936478840156715,0.2902541842563014,0.28626648063223814,0.2816964761387655,0.27655783416732005,0.27086626720833434,0.2646396528818977,0.25789818506643697,0.25066456958146016,0.24296427484799799,0.23482584633048553,0.22628128495345287,0.2173664641073829,0.20812149519360304,0.1985907995576505,0.061889790072455514
70800.0,0.3011176651430394,0.3008056303783718,0.29987008545877636,0.29831371277545093,0.29614089912981156,0.29335780095135194,0.2899723749453376,0.2859944158798706,0.2814356066598558,0.27630958454041915,0.2706320281144364,0.2644207710157611,0.2576959498567264,0.2504801954653806,0.24279887723001436,0.23468040837616758,0.22615661081929886,0.21726311178689112,0.20803967849524238,0.19853024350195855,0.06186027945134579
70860.0,0.3008095276002517,0.30049824809844167,0.2995649685988645,0.29801236802417075,0.29584482741615536,0.29306849472676033,0.28969131497753303,0.2857230673665895,0.2811754144099439,0.2760619668911912,0.2703983691421235,0.2642024104305139,0.25749416972264555,0.2502962024964735,0.24263377879908543,0.23453517940038107,0.22603204714834582,0.2171597633262346,0.20795775168796732,0.19846945767010662,0.06183090988928974
70920.0,0.30050222436009155,0.30019169774130816,0.29926067650010524,0.2977118360211884,0.2955495514711178,0.2927799621623118,0.28941100122477365,0.2854524320345163,0.28091589642545045,0.275814978380772,0.270165287614985,0.2639845686579867,0.25729284245846146,0.2501125887938962,0.2424689780692708,0.2343901583885138,0.22590759347891115,0.21705641890272648,0.20787571567912477,0.19840844379710265,0.061801680477869964
70980.0,0.30019575216227545,0.2998859760498204,0.29895720591500985,0.29741211353613034,0.295255068090492,0.2924922000913762,0.2891314305726485,0.2851825068402978,0.28065704975814165,0.27556861618636624,0.26993278087315914,0.2637672432466272,0.25709196587452154,0.2499293524915536,0.24230447356710325,0.23424534433516028,0.2257832493543546,0.21695307869393457,0.20779357137132393,0.19834720360840558,0.06177259031009933
71040.0,0.29989010775771346,0.2995810797780924,0.29865455360756593,0.2971131973504542,0.2949613740823952,0.2922052053602737,0.28885259992042944,0.28491328875506144,0.2803988714750624,0.2753228775011473,0.26970084627320384,0.26355043176134385,0.25689153779707435,0.2497464917379163,0.2421402638314309,0.23410073624401787,0.2256590143230604,0.2168497428777691,0.20771131966262088,0.19828573882014808,0.06174363848057533
71100.0,0.29958528790852457,0.2992770056915175,0.2983527163532503,0.29681508425745684,0.29466846626727156,0.29191897482826457,0.28857450618104796,0.2846447747643756,0.28014135865846923,0.2750777595341621,0.26946948118796815,0.2633341317833451,0.2566915560680934,0.24956400469584217,0.24197634741326102,0.23395633312778558,0.2255348879384204,0.21674641163256902,0.20762896144669582,0.19822405113934594,0.06171482408563559
71160.0,0.29928128938805254,0.2989737505667815,0.29805169093904116,0.29651777106228183,0.2943763414778935,0.2916335053675434,0.28829714628107384,0.2843769618682043,0.2798845084057601,0.2748332595102329,0.2692386830064634,0.26311834090998676,0.256492018545104,0.24938188954240226,0.24181272287561148,0.2338121340080674,0.22541086975881847,0.21664308513718275,0.2075464976130191,0.19816214226409307,0.06168614622351538
71220.0,0.2989781089808789,0.2986713111918779,0.29775147416342956,0.29622125458192994,0.2940849965593635,0.291348793863228,0.28802051716068766,0.28410984708086406,0.2796283178294068,0.2745893746698587,0.2690084491337374,0.262903056754618,0.2562929231010143,0.24920014446871241,0.24164938879336342,0.2336681379152781,0.22528695934761556,0.21653976357104746,0.2074639290470106,0.19810001388374268,0.06165760399450518
71280.0,0.2986757434828372,0.29836968436611977,0.29745206283642994,0.2959255316452621,0.2937944283691132,0.29106483721334825,0.2877446157736571,0.2838434274309775,0.27937278405688387,0.27434610226911865,0.26877877699074737,0.26268827694642966,0.25609426762394777,0.2490187676797675,0.24148634375312159,0.23352434388855386,0.22516315627313613,0.2164364471142631,0.20738125663018894,0.19803766767907632,0.06162919650110896
71340.0,0.2983741897010254,0.29806886690015155,0.2971534537795906,0.295630599093007,0.29350463377690106,0.29078163232883497,0.2874694390873108,0.28357769996142773,0.2791179042306001,0.274103439579575,0.2685496640142355,0.26247399913030817,0.2558960500170817,0.24883775739427974,0.24132358635307513,0.23338075097566377,0.22503946010865375,0.2163331359476639,0.20729848124031217,0.19797510532246043,0.06160092284820199
71400.0,0.29807344445381756,0.29776885561596056,0.29685564382600116,0.2953364537777643,0.29321560966481114,0.2904991761335071,0.28719498408250793,0.28331266172931074,0.27886367550782515,0.2738613838881744,0.2683211076566062,0.2622602209666865,0.25569826819848673,0.24865711184452188,0.24116111520286557,0.23323735823292593,0.22491587043237768,0.2162298302528864,0.2072156037515106,0.19791232847799015,0.06157278214318826
71460.0,0.29777350457087604,0.2974696473468885,0.29655862982030173,0.29504309256401035,0.29292735292724836,0.2902174655640564,0.28692124775361094,0.28304830980588713,0.27861009506062046,0.27361993249715283,0.2680931053858007,0.26204694013140084,0.2555009201009691,0.24847682927617226,0.2409989289234558,0.23309416472512473,0.22479238682743993,0.21612653021243258,0.20713262503441243,0.19784933880162334,0.06154477349615617
71520.0,0.29747436689316126,0.2971712389376394,0.296262408618691,0.29475051232809896,0.2926398604709361,0.2899364975700325,0.28664822710845556,0.2827846412765338,0.2783571600757671,0.27337908272393807,0.26786565468517887,0.2618341543155475,0.2553040036719181,0.24829690794816509,0.24083702614700445,0.23295116952543168,0.22466900888188165,0.21602323600973067,0.20704954595625968,0.1977861379413026,0.061516896020033414
71580.0,0.2971760282729418,0.29687362724429084,0.2959669770889319,0.29445870995826456,0.2923531292149077,0.28965626911382647,0.2863759191683192,0.2825216532406936,0.27810486775469406,0.27313883190105315,0.2676387530533957,0.26162186122534437,0.2551075168731544,0.2481173461325443,0.2406754055167428,0.23280837171532823,0.22454573618864015,0.21591994782919136,0.20696636738101765,0.19772272753706813,0.06148914883073954
71640.0,0.296878485573805,0.29657680913430046,0.2956723321103566,0.2941676823546221,0.29206715609050243,0.2893767771706547,0.2861043209678896,0.2822593428118259,0.2778532153134055,0.27289917737602054,0.26741239800428396,0.26141005858199007,0.2549114576807817,0.2479381421143188,0.2405140656868548,0.23266577038453057,0.22442256834553506,0.21581666585626147,0.20688309016947684,0.19765910922115948,0.06146153104733643
71700.0,0.29658173567066204,0.29628078148651515,0.295378470573873,0.2938774264291686,0.2917819380413553,0.2890980187285388,0.285833429555231,0.281997707117354,0.2776021999824088,0.2726601165112663,0.2671865870667357,0.26119874412153005,0.2547158240850429,0.24775929419132392,0.24035300532236092,0.23252336463091608,0.2242995049552548,0.21571339027747272,0.20679971517934825,0.19759528461810913,0.06143404179217632
71760.0,0.29628577544975915,0.295985541191176,0.2950853893819679,0.29358793910577957,0.2914974720233919,0.2888199907882874,0.2855632419917529,0.28173674329861614,0.27735181900664146,0.27242164668402563,0.266961317784585,0.2609879155947204,0.2545206140901761,0.24758080067408317,0.24019222309900432,0.23238115356045205,0.22417654562534217,0.21561012128048823,0.20671624326535007,0.19753125534482766,0.06140668019104691
71820.0,0.2959906018086823,0.29569108514992515,0.294793085448709,0.29329921732020986,0.29121375500481594,0.2885426903634756,0.2852937553521727,0.2814764485108104,0.2771020696453979,0.2721837652862472,0.26673658771649184,0.26077757076689756,0.2543258257142752,0.24740265988567536,0.24003171770313994,0.2322391362871263,0.2240536899681794,0.21550685905414435,0.20663267527928966,0.19746702301067928,0.061379445373313544
71880.0,0.2956962116563633,0.2953974102758113,0.29450155569974945,0.2930112580200898,0.29093078396610134,0.2882661144804239,0.28502496672448174,0.28121681992294384,0.2768529491722585,0.27194646972449854,0.2665123944358278,0.26056770741784624,0.2541314569891536,0.24722487016160305,0.23987148783162682,0.23209731193287908,0.2239309376009736,0.2154036037884894,0.20654901207013823,0.1974025892175506,0.061352336472057824
71940.0,0.2954026019130859,0.2951045134932934,0.2942107970723276,0.2927240581649218,0.2906485558999788,0.28799026017817647,0.2847568732099096,0.280957854717778,0.27660445487501506,0.2717097574198729,0.2662887355305627,0.2603583233416717,0.2539375059602081,0.2470474298496648,0.2397115321917219,0.23195567962753616,0.22380828814574028,0.21530035567482006,0.20646525448409822,0.19733795555991138,0.061325352624212945
72000.0,0.2951097695104904,0.2948123917382441,0.2939208065152688,0.29243761472607577,0.290367067811425,0.2877151245084778,0.284489471922887,0.2806995500917763,0.2763565840555969,0.27147362580789547,0.2660656086031516,0.26014941634667393,0.2537439706862874,0.24687033730982966,0.23955184950097796,0.23181423850874325,0.22368574122928667,0.21519711490571178,0.20638140336466695,0.1972731236248688,0.06129849297069533
72060.0,0.2948177113915749,0.2945210419579534,0.29363158098898495,0.292151924686784,0.29008631671764895,0.2874407045357488,0.2842227599910073,0.28044190325504825,0.2761093340299982,0.2712380723384298,0.2658430112704251,0.2599409842552222,0.25355084923956345,0.24669359091411489,0.23939243848714156,0.23167298772190303,0.22356329648319484,0.21509388167504884,0.20629745955269221,0.19720809499221445,0.06127175665653219
72120.0,0.29452642451070277,0.2942304611111296,0.2933431174654721,0.29186698504213426,0.28980629964807786,0.28716699733706275,0.28395673455499,0.28018491143129653,0.27586270212820607,0.2710030944755874,0.265620941163478,0.25973302490363254,0.25335813970540194,0.24651718904646575,0.2392332978880555,0.23153192642011097,0.22344095354380358,0.2149906561780488,0.20621342388642416,0.1971428712344666,0.06124514283098504
72180.0,0.29423590583360043,0.2939406461679004,0.29305541292831083,0.29158279279906385,0.2895270136443431,0.28689400000211956,0.28369139276864086,0.27992857185776066,0.27561668569412645,0.2707686896976335,0.2653993959275613,0.2595255361420468,0.2531658401822403,0.24634113010263786,0.23907442645156243,0.2313910537640936,0.22331871205218898,0.21488743861128518,0.20612929720156062,0.19707745391690468,0.061218650647669
72240.0,0.2939461523373599,0.29365159410981445,0.2927684643726621,0.2912993449763506,0.28924845576026326,0.28662170963322003,0.2834267317988118,0.2796728817851621,0.27537128208551065,0.2705348554968977,0.265178373221975,0.2593185158343131,0.25297394878146195,0.2461654124900824,0.2389158229354098,0.2312503689221479,0.22319657165414483,0.21478422917270637,0.206045080331288,0.1970118445976006,0.06119227926466822
72300.0,0.29365716101044104,0.2933633019298395,0.29248226880526385,0.29101663860460547,0.28897062306183,0.2863501233452383,0.28316274882536185,0.27941783847764917,0.2751264886738824,0.270301589379682,0.2649578707199606,0.2591119618578697,0.2527824636272773,0.2459900346278331,0.23875748610715836,0.23110987107008105,0.22307453200016195,0.21468102806165154,0.20596077410631683,0.1969460448274433,0.061166027844646226
72360.0,0.2933689288526691,0.2930757666323623,0.29219682324442775,0.29073467072626114,0.2886935126271882,0.28607923826559467,0.2828994410411169,0.27916343921273873,0.2748823028444651,0.2700688888661714,0.2647378861085968,0.2589058721036277,0.2525913828566051,0.24581499494639494,0.23859941474409035,0.2309695593911507,0.2229525927454064,0.21457783547886375,0.2058763793549137,0.19688005615015944,0.06113989555495228
72420.0,0.29308145287523474,0.29278898523318525,0.2919121247200333,0.29045343839556365,0.28841712154661936,0.2858090515342282,0.2826368056518275,0.2789096812812632,0.2746387219961094,0.2698367514903437,0.2645184170886946,0.25870024447585827,0.2524007046189571,0.2456402918876372,0.2384416076331216,0.23082943307600642,0.2228307535496972,0.21447465162649992,0.20579189690292707,0.19681388010232997,0.061113881567723
72480.0,0.2927947301006921,0.29250295475952454,0.2916281702735208,0.2901729386785592,0.28814144692252186,0.28553956030356514,0.2823748398761276,0.2786565619873113,0.2743957435412199,0.2696051747998823,0.26429946137469534,0.2584950768920794,0.252210427076321,0.2454659239046857,0.23828406357071372,0.23068949132263172,0.22270901407748203,0.21437147670813883,0.20570732757381055,0.19674751821340236,0.061087985059979366
72540.0,0.29250875756295625,0.29221767225000683,0.2913449569578875,0.28989316865308457,0.28786648586939295,0.2852707617384922,0.2821135409454919,0.2784040786481727,0.27415336490568204,0.2693741563560861,0.26408101669456885,0.2582903672829462,0.25202054840305144,0.24529188946181907,0.23812678136278875,0.23054973333628678,0.22258737399781384,0.21426831092878446,0.20562267218864116,0.19668097200569937,0.061062205213719106
72600.0,0.29222353230729836,0.29193313475466287,0.29106248183767713,0.2896141254087524,0.28759223551380614,0.2850026530163241,0.2818529061041938,0.2781522285942802,0.2739115835287903,0.2691436937337831,0.26386308078971155,0.2580861135921408,0.2518310667857569,0.24511818703436647,0.23796975982464427,0.2304101583294505,0.22246583298432399,0.21416515449486917,0.20553793156613467,0.19661424299442445,0.06103654121600442
72660.0,0.29193905139034393,0.29164933933492454,0.29078074198897375,0.28933580604693865,0.2873186929943933,0.28473523132677386,0.281592932609262,0.2779010091691527,0.27367039686317746,0.268913784521243,0.2636456514148493,0.2578823137762652,0.2516419804231925,0.24494481510860608,0.23781299778087167,0.23027076552176484,0.22234439071519652,0.21406200761425218,0.20545310652265616,0.196547332687664,0.06101099225904507
72720.0,0.2916553118800665,0.29136628306361845,0.29049973449939204,0.289058207680768,0.28704585546182,0.2844684938719207,0.28133361773043764,0.27765041772934024,0.2734298023747397,0.2686844263200909,0.26342872633793657,0.2576789658047365,0.25145328752615415,0.24477177218166712,0.23765649406527325,0.23013155413997788,0.2222230468731409,0.21395887049621723,0.20536819787222826,0.1964802425863874,0.06098555754027659
72780.0,0.2913723108557816,0.29108396302495804,0.2902194564680674,0.2887813274350989,0.2867737200787649,0.2842024378661785,0.28107495875012917,0.2774004516443622,0.2731897975425671,0.2684556167452217,0.26321230334006135,0.25747606765968034,0.2512649863173701,0.24459905676143293,0.23750024752078358,0.22999252341788842,0.22210180114536268,0.21385574335146695,0.2052832064265357,0.19641297418444348,0.06096023626243416
72840.0,0.2910900454081411,0.290802376314537,0.2899399050056448,0.2885051624465089,0.2865022840198956,0.28393706053626244,0.280816952963369,0.2771511082966536,0.2729503798588709,0.26822735342471543,0.26299638021534666,0.2572736173358292,0.25107707503140236,0.2444266673664443,0.23734425699938885,0.229853672596291,0.2219806532235351,0.21375262639211487,0.2051981329949268,0.19634552896855584,0.06093502763362163
72900.0,0.2908085126391259,0.29052152003932136,0.28966107723426904,0.28822970986327645,0.28623154447184557,0.2836723591211564,0.28055959767776845,0.27690238508150533,0.2727115468289129,0.2679996339997519,0.2627809547708576,0.25707161284042057,0.250889551914541,0.24425460252580694,0.23718852136205035,0.229715000922919,0.22185960280376787,0.21364951983167588,0.20511297838441309,0.19627790841831613,0.060909930867375735
72960.0,0.2905277096620366,0.29024139131763976,0.2893829702875718,0.2879549668453654,0.2859614986331902,0.2834083308720788,0.2803028902134729,0.2766542794070073,0.27247329597093434,0.2677724561245284,0.26256602482650593,0.2568700521930975,0.2507024152247062,0.24408286077909805,0.2370330394786269,0.22957650765239082,0.22173864958657624,0.2135464238850542,0.20502774339966462,0.19621011400617447,0.0608849451827262
73020.0,0.29024763360148736,0.28996198727917394,0.28910558131065967,0.2876809305644065,0.28569214371442087,0.28314497305244857,0.28004682790311636,0.2764067886939909,0.2722356248160847,0.2675458174661755,0.26235158821495796,0.2566689334258082,0.25051566323134955,0.2439114406762763,0.23687781022779938,0.22943819204615468,0.22161779327684863,0.21344333876852953,0.204942428843004,0.19614214719742937,0.060860069804250856
73080.0,0.2899682815933944,0.28968330506494916,0.2888289074600995,0.2874075982036792,0.28542347693791986,0.2828822829378512,0.27979140809177655,0.2761599103759704,0.271998530908351,0.2673197157046757,0.2621376427815418,0.25646825458271044,0.250329294215356,0.24374034077759144,0.2367228324969954,0.22930005337243392,0.22149703358381403,0.21334026469974082,0.20485703551439793,0.19607400945021639,0.060835303962126774
73140.0,0.28968965078496667,0.28940534182732286,0.28855294590390534,0.2871349669580925,0.2851554955379342,0.2826202578160027,0.2795366281369275,0.27591364189908596,0.27176201180448983,0.2670941485327804,0.261924186384157,0.2562680137200741,0.2501433064689505,0.24356955965349703,0.23656810518231577,0.22916209090617234,0.22137637022100723,0.21323720189766907,0.20477156421144702,0.19600570221549515,0.06081064689217651
73200.0,0.28941173833469536,0.2891280947299706,0.28827769382152324,0.28686303403416435,0.2848881967605494,0.28235889498671346,0.2792824854083953,0.27566798072204524,0.27152606507395377,0.26686911365593036,0.26171121689318466,0.25606820890618837,0.24995769829560124,0.2433990958845633,0.23641362718846207,0.2290243039289795,0.2212558029062343,0.21313415058261762,0.20468601572937223,0.19593722693703575,0.06078609783591029
73260.0,0.28913454141234113,0.288851560947877,0.2880031484038164,0.2865917966500026,0.28462157786366143,0.2820981917618537,0.2790289772883103,0.2754229243160653,0.27129068829882586,0.26664460879217483,0.2614987321913989,0.25586883822126527,0.2497724680099288,0.2432289480613913,0.236259397428663,0.22888669172907697,0.2211353313615372,0.21303111097619132,0.2046003908610011,0.19586858505140423,0.06076165604056377
73320.0,0.2888580571989235,0.2885757376673209,0.2877293068530479,0.2863212520352844,0.28435563611694903,0.2818381454653159,0.2787761011710616,0.27517847016481606,0.2710558790737477,0.26642063167209085,0.2612867301738777,0.25566989975735005,0.24958761393761458,0.24305911478452905,0.2361054148246046,0.22874925360124326,0.22101495531315657,0.21292808330127375,0.20451469039675133,0.19579977798794798,0.06073732075913203
73380.0,0.28858228288670673,0.28830062208586055,0.2874561663828651,0.2860513974312324,0.2840903688018465,0.28157875343297917,0.27852385446324923,0.2749346157643615,0.2708216350058507,0.2661971800387056,0.2610752087479168,0.2554713916182286,0.24940313441531017,0.24288959466438814,0.2359516783063581,0.22861198884676007,0.22089467449149533,0.21282506778200339,0.20442891512461336,0.1957308071687795,0.060713091250398955
73440.0,0.28830721567918655,0.2880262114123216,0.28718372421828203,0.28578223009059467,0.28382577321151353,0.28132001301267134,0.27827223458363753,0.2746913586231024,0.2705879537146893,0.2659742516474171,0.2608641658329441,0.25527331191933844,0.24921902779054894,0.24272038632116136,0.2357981868123108,0.22847489677335786,0.2207744886310797,0.2127220646437482,0.20434306583013165,0.19566167400876186,0.06068896677896293
73500.0,0.28803285279107677,0.28775250286677945,0.286911977595661,0.2855137472776208,0.2835618466508063,0.28106192156413085,0.27802123896310815,0.2744486962617179,0.27035483283217104,0.26575184426591697,0.26065359936043364,0.25507565878767996,0.24903529242165845,0.2425514883847422,0.23564493928909647,0.22833797669516204,0.2206543974705215,0.21261907411307884,0.20425714329638384,0.19559237991549244,0.06066494661525867
73560.0,0.2877591914482929,0.28747949368054443,0.2866409237626937,0.28524594626804,0.28329858643624845,0.2808044764589696,0.27777086504461374,0.274206626213109,0.2701222700024891,0.2655299556741128,0.26044350727382237,0.25487843036172786,0.24885192667767372,0.2423828994946446,0.23549193469152724,0.22820122793263817,0.2205344007524779,0.21251609641774086,0.2041711483039599,0.19552292628928714,0.06064103003557492
73620.0,0.2874862288879381,0.2872071810961458,0.2863705599783834,0.2849788243490352,0.28303598989599915,0.28054767508063505,0.2775211102831281,0.2739651460223406,0.2698902628820562,0.2653085836640525,0.2602338875284261,0.2546816247913458,0.2486689289382523,0.24221461829992408,0.2353391719825246,0.2280646498125383,0.22041449822361175,0.2124131317866257,0.20408508163093952,0.19545331452316483,0.060617216322069026
73680.0,0.28721396235828645,0.28693556236731427,0.28610088351302315,0.28471237881922035,0.2827740543698252,0.28029151482437115,0.2772719721456002,0.2737242532465846,0.269658809139435,0.265087726039847,0.2600247380913585,0.2544852402377005,0.24848629759359017,0.24204664345909996,0.23518665013305287,0.22792824166784686,0.22029468963455112,0.21231018044974054,0.20399894405286856,0.19538354600283206,0.06059350476277739
73740.0,0.28694238911876535,0.286664634758964,0.28583189164817707,0.2844466069886144,0.28251277720906665,0.2800359930971792,0.2770234481109062,0.2734839454550613,0.2694279064552737,0.2648673806175966,0.2598160569414475,0.2542892748731771,0.24830403104433854,0.24187897364007777,0.23503436812205153,0.2277920028377267,0.22017497473984754,0.21220724263817717,0.2039127363427359,0.19531362210666814,0.060569894651622734
73800.0,0.28667150643994016,0.2863943955471751,0.28556358167665846,0.2841815061786168,0.28225215577660756,0.2797811073177795,0.276775535669802,0.27324422022898315,0.2691975525222372,0.2646475452253158,0.25960784206915677,0.2540937268812965,0.2481221277015216,0.24171160752007337,0.23488232493636954,0.22765593266746395,0.2200553532979348,0.21210431858408066,0.20382645927094825,0.19524354420571077,0.06054638528841785
73860.0,0.28640131160349475,0.2861248420191744,0.28529595090250925,0.28391707372198205,0.2819921874468434,0.2795268549165718,0.27652823232487417,0.2730050751614983,0.2689677450449437,0.2644282177028586,0.25940009147650456,0.25389859445663193,0.2479405859864561,0.2415445437855376,0.2347305195706992,0.22752003050841532,0.21993582507108564,0.21200140852061602,0.203740113605305,0.19517331366364166,0.0605229759788663
73920.0,0.28613180190221255,0.2858559714733158,0.2850289966409762,0.28365330696279123,0.28173286960564864,0.2792732333355953,0.27628153559049307,0.27276650785763157,0.2687384817398972,0.2642093959018464,0.2591928031769857,0.2537038758047286,0.24775940433067115,0.24137778113208216,0.23457895102751025,0.2273842957179535,0.21981638982537022,0.21189851268193535,0.20365370011097245,0.19510293183677396,0.060499666034559633
73980.0,0.28586297463995936,0.28558778121906053,0.2847627162184904,0.2833902032564266,0.2814741996503444,0.2790202400284882,0.2760354429927643,0.27252851593423033,0.2685097603354222,0.26399107768559427,0.25898597519549277,0.25350956914202255,0.24757858117582873,0.24121131826440542,0.2344276183169864,0.22724872765941248,0.2196970473306122,0.21179563130314294,0.20356721955045814,0.19503240007403874,0.060476454772971984
74040.0,0.28559482713166184,0.28532026857695725,0.2844971069726431,0.2831277599695453,0.2812161749896652,0.2787678724604495,0.2757899520694795,0.2722910970199054,0.2682815785715997,0.2637732609290394,0.25877960556824015,0.2533156726957621,0.2473981149736462,0.24104515389621908,0.234276520456959,0.22711332570203474,0.21957779736034522,0.2116927646202614,0.2034806726835844,0.19496171971697396,0.06045334151745136
74100.0,0.28532735670328835,0.2850534308786197,0.2842321662521616,0.28286597448004847,0.28095879304372545,0.2785161281081969,0.2755450603700701,0.2720542487549759,0.2680539342002025,0.2635559435186702,0.25857369234268585,0.2531221847039277,0.24721800418581846,0.24087928675017736,0.2341256564728446,0.2269780892209159,0.21945863969176813,0.2115899128701958,0.2033940602674616,0.19489089209971325,0.060430325597208456
74160.0,0.2850605606918274,0.2847872654667057,0.28396789141688655,0.28260484417705745,0.280702051243985,0.2782650044599271,0.27530076545555815,0.2718179687914133,0.2678268249846296,0.263339123352453,0.25836823357745586,0.25292910341515584,0.24703824728394222,0.24071371555780421,0.2339750253975803,0.22684301759695163,0.21933957410570226,0.21148707629069843,0.20330738305646215,0.19481991854897593,0.06040740634730238
74220.0,0.2847944364452678,0.2845217696948965,0.2837042798377464,0.28234436646088146,0.280445947033217,0.27801449901527453,0.27505706489850734,0.2715822547927834,0.2676002486998446,0.2631227983397641,0.25816322734227093,0.2527364270886608,0.24685884274944017,0.2405484390594235,0.23382462627156153,0.22670811021678325,0.21922060038654553,0.2113842551203324,0.20322064180219332,0.19474880038405717,0.06038458310862435
74280.0,0.2845289813225754,0.28425694092787185,0.28344132889673296,0.28208453874299005,0.2801904778654722,0.277764609285271,0.274813956282976,0.27134710443419197,0.2673742031323103,0.262906966401319,0.25795867171787035,0.2525441539941593,0.2466797890734863,0.24038345600408834,0.23367445814257845,0.22657336647274406,0.21910171832222747,0.21128144959843498,0.20313383725347092,0.1946775389168213,0.0603618552278783
74340.0,0.2842641926936717,0.28399277654128835,0.2831790359868753,0.28182535844598383,0.27993564120604414,0.277515332792304,0.274571437204468,0.2711125154022284,0.2671486860799265,0.26269162546910263,0.2577545647959393,0.25235228241179514,0.24650108475693222,0.2402187651495119,0.23352452006575403,0.22643878576280516,0.2189829277041648,0.21117865996508117,0.20304697015629247,0.19460613545169367,0.060339222057559615
74400.0,0.28400006793941046,0.28372927392175473,0.28291739851221437,0.28156682300356417,0.2796814345314347,0.2772666670700761,0.27432950526988437,0.2708784853949099,0.26692369535196725,0.26247677348630183,0.25755090467903596,0.25216081063206464,0.24632272831023333,0.24005436526199858,0.2333748111034819,0.2263043674905218,0.21886422832721542,0.21107588646104677,0.20296004125381162,0.1945345912856549,0.06031668295593138
74460.0,0.2837366044515548,0.28346643046680986,0.2826564138877761,0.28130892986050415,0.27942785532931924,0.2770186096635629,0.27408815809747505,0.2706450121216253,0.2666992287690182,0.2622624084072368,0.25734768948051945,0.25196973695574393,0.24614471825337772,0.23989025511637568,0.2332253303253643,0.2261701110649796,0.21874561998963327,0.21097312932777093,0.20287305128631136,0.194462907708236,0.06029423728699861
74520.0,0.28347379963275343,0.2832042435848956,0.2823960795395457,0.2810516764726167,0.27917490109851023,0.2767711581289722,0.2738473933167902,0.2704120933030815,0.26647528416291516,0.2620485281972929,0.2571449173244791,0.2517790596938146,0.24596705311581366,0.23972643349592632,0.23307607680815146,0.22603601590074096,0.21862710249302197,0.21087038880731943,0.20278600099117872,0.19439108600151506,0.060271884420480246
74580.0,0.28321165089651656,0.28294271069533444,0.28213639290443926,0.2807950603067247,0.2789225693489214,0.27652431003370126,0.2736072085686333,0.2701797266712467,0.2662518593766826,0.26183513083285465,0.25694258634566175,0.2515887771673922,0.24578973143637894,0.23956289919232188,0.23292704963568064,0.22590208141779117,0.21850867564229004,0.21076766514234593,0.20269889110287853,0.19431912744011387,0.0602496237317795
74640.0,0.28295015566719145,0.2826818292283028,0.2818773514302767,0.28053907884062984,0.27867085760153304,0.27627806295629603,0.27336760150501144,0.26994790996929524,0.2660289522644708,0.261622214301238,0.25674069468940375,0.2513988877076549,0.24561275176323083,0.2393996510055561,0.23277824789881477,0.2257683070414851,0.21839033924560391,0.21066495857605635,0.20261172235292924,0.19424703329119727,0.060227454601952314
74700.0,0.2826893113799367,0.2824215966248045,0.2816189525757542,0.2802837295630798,0.2784197633883543,0.27603241448640825,0.27312856978908695,0.26971664095155506,0.26580656069149666,0.2614097766006257,0.25653924051156024,0.2512093896557727,0.2454361126537764,0.23923668774387835,0.23262967069538287,0.2256346922024938,0.21827209311434292,0.2105622693521702,0.2025244954698777,0.19417480481447255,0.06020537641767388
74760.0,0.2824291154806979,0.2821620103366468,0.2813611938104147,0.2800290099737395,0.27816928425238835,0.27578736222475525,0.2728901110951308,0.26948591738345046,0.2655846825339836,0.2611978157400009,0.25633822197843703,0.25102028136283755,0.2452598126746032,0.23907400822372926,0.23248131713011996,0.22550123633675115,0.2181539370630524,0.21045959771488373,0.20243721117927518,0.19410244326219012,0.0601833885712037
74820.0,0.28216956542617994,0.28190306782641156,0.2811040726146212,0.27977491758315465,0.2779194177475936,0.27554290378307494,0.27265222310847276,0.2692557370414501,0.26536331567909976,0.26098632973908287,0.2561376372667224,0.25083156118979427,0.24508385040141203,0.23891161126967564,0.23233318631460725,0.22536793888540074,0.21803587090939863,0.2103569439088326,0.2023498702036534,0.19402994987914632,0.06016149046034922
74880.0,0.2819106586838224,0.2816447665674291,0.28084758647952546,0.279521449912723,0.2776701614388489,0.2752990367840859,0.2724149035254537,0.2690260977130103,0.2651424580248983,0.26077531662826164,0.2559374845634187,0.2506432275073705,0.24490822441894886,0.2387494957143456,0.2321852773672136,0.22523479929474283,0.2179178944741223,0.21025430817905472,0.2022624732625015,0.19395732590268627,0.06013968148842791
74940.0,0.2816523927317731,0.2813871040437521,0.2805917329070403,0.27926860449466057,0.2774215129019152,0.27505575886144484,0.272178150053378,0.26879699719652395,0.26492210748026035,0.2605647744485351,0.2557377620657768,0.2504552786960105,0.24473293332093785,0.23858766039836557,0.23203758941303554,0.22510181701618134,0.21780000758099285,0.2101516907709535,0.20217502107224353,0.1938845725627086,0.06011796106422808
75000.0,0.28139476505885913,0.2811300777501257,0.2803365094098088,0.27901637887196756,0.27717346972339874,0.27481306765970304,0.27194196041046537,0.268568433301264,0.2647022619648329,0.26035470125144494,0.25553846798122887,0.2502677131458067,0.24455797571001492,0.2384261041702964,0.23189012158383931,0.22496899150617122,0.21768221005676264,0.21004909193026036,0.20208751434621622,0.19381169108167137,0.060096328601968424
75060.0,0.2811377731645613,0.2808736851919608,0.28008191351117545,0.2787647705983968,0.2769260295007137,0.27457096083426513,0.27170633232580266,0.2683404038473325,0.26448291940897173,0.26014509509901346,0.2553396005273214,0.2500805292564324,0.24438335019766186,0.2382648258865707,0.2317428730180025,0.22483632222616648,0.21756450173112188,0.20994651190299973,0.20199995379464789,0.19373868267459843,0.06007478352125645
75120.0,0.2808814145589851,0.28061792388530465,0.2798279427451541,0.27851377723841947,0.2766791898420447,0.27432943605134574,0.27147126353929607,0.2681129066656055,0.26426407775368294,0.2599359540636818,0.2551411579316527,0.24989372543707686,0.24420905540414145,0.2381038244114306,0.2315958428604566,0.22470380864256667,0.21744688243665206,0.20984395093545122,0.2019123401246374,0.1936655485490879,0.060053325247045666
75180.0,0.2806256867628335,0.280362791356814,0.27957459465639867,0.27826339636719155,0.2764329483663092,0.27408849098792726,0.27123675180162293,0.2678859395976802,0.2640457349505649,0.2597272762282476,0.2549431384318058,0.24970730010637884,0.24403508995843254,0.23794309861686577,0.23144903026262806,0.22457145022666605,0.21732935200878084,0.2097414092741151,0.20182467404013418,0.1935922899053218,0.06003195320959229
75240.0,0.2803705873073782,0.28010828514372366,0.27932186680017207,0.2780136255705196,0.27618730270311836,0.2738481233317177,0.2710027948741858,0.2676595004958224,0.26382788896175,0.2595190596858035,0.25474554027528623,0.24952125169236156,0.24386145249816635,0.23778264738255192,0.23130243438238224,0.22443924645460028,0.21721191028573777,0.2096388871656754,0.2017369562419187,0.1935189079360758,0.060010666844410365
75300.0,0.2801161137344295,0.2798544027938185,0.2790697567423145,0.27776446244482694,0.27594225049274046,0.27360833078110786,0.2707693905290621,0.2674335872229137,0.2636105377598483,0.2593113025396751,0.254548361719456,0.24933557863236872,0.24368814166956201,0.23762246959578942,0.23115605438396605,0.2243071968072961,0.21709455710850817,0.20953638485696577,0.20164918742758411,0.19344540382673178,0.05998946559222655
75360.0,0.27986226359631033,0.27960114186540375,0.27881826205921223,0.27751590459712017,0.2756977893860627,0.27336911104512795,0.2705365365489586,0.26720819765240006,0.26339367932788893,0.25910400290336166,0.25435160103147353,0.2491502793730002,0.24351515612736438,0.2374625641514437,0.23100988943795112,0.22417530077041872,0.21697729232078905,0.20943390259493366,0.20156136829151833,0.1933717787552892,0.059968348898934105
75420.0,0.279609034455824,0.2793484999272733,0.2785673803377658,0.2772679496449526,0.27545391704455285,0.27313046184340595,0.27030423072716303,0.26698332966823685,0.26317731165926556,0.25889715890047504,0.2541552564882282,0.24896535237004846,0.2433424945347811,0.23730292995188423,0.2308639387211775,0.22404355783432112,0.21686011576894437,0.20933144062660639,0.20147349952488597,0.19329803389238,0.05994731621554619
75480.0,0.27935642388622495,0.27909647455868286,0.278317109175358,0.2770205952163908,0.2752106311402189,0.2728923809061242,0.27007247086749675,0.2667589811648395,0.26296143275767875,0.2586907686646809,0.2539593263762802,0.2487807960884362,0.24317015556342014,0.23714356590692523,0.2307182014166979,0.22391196749399286,0.21674302730196066,0.20922899919905755,0.20138558181561303,0.1932241704012832,0.05992636699814819
75540.0,0.27910442947118996,0.2788450633493156,0.2780674461798223,0.2767738389499799,0.2749679293555735,0.27265486597397676,0.26984125478426824,0.2665351500470306,0.2627460406370801,0.25848483033963754,0.25376380899179835,0.2485966090021542,0.2429981378932297,0.23698447093376637,0.2305726767137219,0.22378052924900962,0.21662602677140327,0.20912657855937217,0.20129761584836975,0.19315018943794082,0.05990550070785029
75600.0,0.27885304880478684,0.2785942638992537,0.2778183889694088,0.27652767849470755,0.2747258093835935,0.27241791479812705,0.269610580302225,0.26631183422998805,0.26253113332161615,0.2582793420789389,0.25356870264049924,0.2484127895941984,0.24282644021243488,0.2368256439569334,0.23042736380756026,0.22364924260348215,0.21650911403137277,0.20902417895461506,0.20120960230455712,0.1930760921509747,0.05988471681073881
75660.0,0.27860227949144434,0.2783440738189466,0.27756993517275297,0.27628211150996984,0.2744842689276821,0.27218152514016464,0.2693804452565075,0.2660890316391943,0.2623167088455743,0.2580743020460549,0.25337400563758566,0.24822933635650982,0.24265506121747918,0.23666708390822053,0.23028226189957074,0.2235181070660066,0.21639228893846105,0.20892180063179663,0.201121541862291,0.1930018796817048,0.059864014777827664
75720.0,0.2783521191459214,0.2780944907291794,0.2773220824288418,0.27603713566553423,0.2742433057016293,0.27194569477206376,0.2691508474926007,0.26586674021038487,0.26210276525332704,0.25786970841427354,0.2531797163076889,0.24804624778991266,0.24248399961296324,0.2365087897266319,0.2301373701971024,0.22338712214961481,0.216275551351709,0.20881944383784198,0.20103343519639,0.19292755316416818,0.059843394085009195
75780.0,0.2781025653932754,0.27784551226104237,0.27707482838698244,0.27579274864150594,0.2740029174295743,0.27171042147613866,0.268921784866289,0.2656449578894966,0.2618893005992771,0.25766555936664354,0.25298583298480554,0.24786352240405501,0.2423132541115854,0.2363507603583237,0.2299926879134422,0.22325628737172384,0.21615890113256336,0.20871710881955854,0.20094528297836156,0.19285311372513922,0.059822854213004914
75840.0,0.2778536158688316,0.2775971360558968,0.2768281707067659,0.2755489481282898,0.2737631018459651,0.2714757030450027,0.2686932552436078,0.2654236826326189,0.2616763129478028,0.257461853095916,0.2527923540122415,0.24768115871734797,0.24214282343408267,0.23619299475654762,0.22984821426776064,0.22312560225408795,0.21604233814483464,0.20861479582360481,0.20085708587639095,0.19277856248414998,0.0598023946473159
75900.0,0.2776052682181514,0.277349359765346,0.276582107058036,0.2753057318265567,0.2735238566955199,0.2712415372815245,0.2684652565007983,0.26520291240594135,0.2614638003732052,0.2572585878044893,0.2525992777425514,0.2474991552569071,0.2419727063091718,0.23603549188159315,0.2297039484850578,0.22299506632274835,0.2159258622546549,0.20851250509646033,0.2007688445553294,0.19270390055351225,0.05978201487817299
75960.0,0.27735752009700126,0.27710218105120116,0.27633663512085477,0.27506309744720603,0.27328517973318894,0.2710079219987859,0.26823778652426,0.2649826451857038,0.2612517609596533,0.257055761704351,0.2524066025374804,0.2473175105584928,0.24180290147349054,0.23587825070073198,0.22955988979611056,0.2228646791079855,0.21580947333043632,0.20841023688439467,0.20068055967668363,0.1926291290383407,0.05976171440048711
76020.0,0.27711036917131915,0.27685559758544864,0.27609175258546925,0.2748210427113307,0.27304706872411433,0.27077485502003834,0.26801084321050533,0.26476287895814726,0.26104019280113105,0.2568533730170221,0.2522143267679074,0.2471362231664523,0.24163340767154046,0.23572127018816122,0.22941603743741923,0.2227344401442702,0.21569317124283027,0.20830799143343912,0.20059223189860625,0.19255424903657642,0.05974149271379919
76080.0,0.27686381311718344,0.2766096070502189,0.2758474571522762,0.2745795653501794,0.2728095214435912,0.27054233417866214,0.2677844244661127,0.26454361171946233,0.260829094001383,0.2566514199735024,0.25202244881378655,0.24695529163366092,0.24146422365562917,0.23556454932494802,0.22927239065115523,0.22260434897021644,0.21557695586468587,0.2082057689893565,0.20050386187588726,0.19247926163901097,0.05972134932223034
76140.0,0.2766178496207811,0.27636420713775184,0.27560374653178893,0.2743386631051214,0.2725725356770285,0.27031035731812264,0.2675585282076805,0.264324841475741,0.26061846267386424,0.25644990081421226,0.25183096706409086,0.24677471452146513,0.24129534818581316,0.23540808709897426,0.22912894868510908,0.22247440512853262,0.21546082707101055,0.20810356979761319,0.20041545025994442,0.19240416792931161,0.059701283734431905
76200.0,0.2763724763783735,0.2761193955503654,0.27536061844460247,0.2740983337276103,0.27233610921991014,0.2700789222919278,0.26733315236178046,0.26410656624292683,0.26040829694168505,0.25624881378894127,0.2516398799167544,0.24659449039962514,0.24112678002984123,0.235251882504882,0.2289857107926378,0.22234460816597548,0.21534478473892937,0.2080013941033514,0.200326997698817,0.192328968984048,0.059681295463535525
76260.0,0.2761276910962656,0.2758751700004216,0.27511807062136,0.27385857497914623,0.27210023987775495,0.2698480269635858,0.2671082948649123,0.2638887840467657,0.2601985949375592,0.25604815715679075,0.251449185778617,0.24641461784625807,0.2409585179630981,0.23509593454401817,0.22884267623261348,0.2222149576333027,0.21522882874764582,0.20789924215136157,0.2002385048371583,0.19225366587271814,0.05966138402710348
76320.0,0.2758834914907715,0.27563152821029363,0.2748761008027167,0.27361938463124014,0.27186492546607754,0.2696176692065626,0.26688395366345935,0.26367149292275593,0.25998935480375374,0.2558479291861204,0.2512588830653692,0.24623509544778102,0.240790560768549,0.23494024222438092,0.22869984426937257,0.22208545308522634,0.2151129589784029,0.20779711418605565,0.20014997231623025,0.19217825965777618,0.05964154894707898
76380.0,0.27563987528818207,0.2753884679123317,0.27463470673930573,0.27338076046537724,0.2716301638103493,0.26938784690423967,0.2666601267136404,0.2634546909161012,0.25978057469203475,0.25564812815449534,0.25106897020149493,0.2460559217988564,0.24062290723668345,0.2347848045605663,0.2285572141726652,0.22195609408036665,0.21499717531444412,0.20769501045144126,0.2000614007738966,0.19210275139466096,0.05962178974973689
76440.0,0.27539684022473127,0.27514598684882885,0.27439388619170396,0.27314270027297893,0.27139595274595946,0.26915855794987187,0.2664368119814663,0.2632383760816599,0.25957225276361784,0.2554487523486309,0.2508794456202181,0.24587709550233514,0.24045555616546152,0.23462962057371353,0.2284147852176041,0.22182688018120653,0.21488147764097548,0.2075929311910958,0.19997279084461986,0.19202714213182465,0.05960210596563426
76500.0,0.27515438404656367,0.2749040827719895,0.27415363693039635,0.2729052018553669,0.2711622901181742,0.26892980024654417,0.2662140074426929,0.2630225464838988,0.2593643871891169,0.25524980006433945,0.25069030776344636,0.24569861516920194,0.24028850636025775,0.23447468929145343,0.2282725566846148,0.2216978109540466,0.2147658658451282,0.20749087664814117,0.19988414315945588,0.19195143291076183,0.05958249712956144
76560.0,0.2749125045097001,0.2746627534438937,0.2739139567357408,0.2726682630237265,0.2709291737820986,0.26870157170713066,0.2659917110827772,0.2628072001968432,0.2591569761484922,0.2550512696064784,0.2505015550817189,0.24552047941852095,0.24012175663380783,0.23432000974785483,0.22813052785938545,0.22156888596895918,0.214650339815921,0.2073888470652198,0.19979545834605167,0.19187562476604014,0.05956296278049348
76620.0,0.2746711993800038,0.2744219966364628,0.2736748433979333,0.27243188159906884,0.2706966016026368,0.2684738702542521,0.2657699208968315,0.26259233530402987,0.258950017831001,0.25485315928889796,0.2503131860341505,0.24534268687738067,0.2399553058061543,0.23416558098337306,0.2279886980328189,0.2214401047997446,0.21453489944422327,0.20728684268447062,0.19970673702864206,0.1917997187253305,0.059543502461541435
76680.0,0.27443046643314767,0.2741818101314261,0.2734362947169722,0.27219605541219427,0.27046457145445285,0.2682466938202333,0.26554863488957986,0.26237794989845936,0.25874351043514665,0.2546554674343874,0.2501251990883789,0.24516523618084035,0.23978915270459317,0.2340114020447972,0.22784706650098197,0.2213114670238864,0.21441954462271923,0.2071848637475058,0.19961797982804735,0.19172371580943837,0.05952411571990443
76740.0,0.27419030345457934,0.27394219172028633,0.27319830850262333,0.27196078230365517,0.27023308122193057,0.2680200403470619,0.26532785107531,0.2621640420825481,0.2585374521686286,0.2544581923746239,0.2499375927205116,0.2449881259718762,0.2396232961636214,0.2338574719851993,0.22770563256505777,0.22118297222250854,0.21430427524587206,0.20708291049538807,0.19952918736167272,0.19164761703233632,0.05950480210682182
76800.0,0.2739507082394867,0.2737031392042853,0.27296088257438356,0.2717260601237181,0.27000212879913515,0.26779390778634515,0.26510756747783265,0.26195060996808106,0.2583318412482927,0.25426133245012134,0.24975036541507298,0.24481135490132822,0.23945773502488313,0.23370378986388282,0.2275643955312976,0.22105461998033105,0.21418909120988786,0.20698098316860838,0.19944036024350653,0.1915714234011949,0.05948556117752579
76860.0,0.2737116785927656,0.27346465039436985,0.27272401476144686,0.2714918867323274,0.26977171208977335,0.2675682940992702,0.26488778213043446,0.2617376516761647,0.25812667590008226,0.2540648860101781,0.24956351566495177,0.2446349216278476,0.23929246813711796,0.23355035474633193,0.2274233547109726,0.2209264098856278,0.21407399241268174,0.2068790820070644,0.19935149908412095,0.1914951359164163,0.059466392491194245
76920.0,0.27347321232898436,0.27322672311115564,0.27248770290266744,0.2712582599990677,0.26954182900715357,0.2673431972565596,0.2646684930758348,0.26152516533718023,0.2579219543589881,0.2538688514128262,0.24937704197134877,0.2444588248178438,0.23912749435610905,0.23339716570416116,0.2272825094203268,0.2207983415301832,0.21395897875384273,0.2067772072500394,0.19926260449067199,0.19141875557166746,0.059447295610904304
76980.0,0.27323530727234924,0.2729893551848945,0.2722519448465243,0.2710251778031273,0.2693124774741475,0.26711861523843133,0.2644496983661399,0.26131314909073633,0.25771767486900043,0.25367322702478257,0.2491909428437254,0.24428306314543258,0.23896281254463062,0.23324422181506563,0.22714185898052988,0.22067041450925112,0.21384405013460075,0.2066753591361822,0.19917367706690034,0.19134228335391332,0.059428270103586096
77040.0,0.2729979612566704,0.2727525444554381,0.27201673845108515,0.2707926380332593,0.26908365542315044,0.2668945460345575,0.2642313960628007,0.26110160108562325,0.2575138356830594,0.25347801122139507,0.24900521679975193,0.24410763529238405,0.23879842157239828,0.23309152216277088,0.22700140271762992,0.2205426284215124,0.2137292064577923,0.20657353790348698,0.19908471741313316,0.1912657202434506,0.05940931553997687
77100.0,0.2727611721253268,0.27251628877220346,0.271782081583972,0.27056063858774576,0.2688553607960417,0.26667098764402114,0.26401358423656784,0.2608905194797667,0.2573104350630071,0.25328320238659524,0.24881986236525633,0.24393253994807124,0.2386343203160164,0.23293906583698357,0.22686113996250798,0.22041498286903397,0.2136144476278279,0.2064717437892737,0.19899572612628605,0.1911890672139427,0.059390431494575784
77160.0,0.2725249377312325,0.2722805859941393,0.27154797212232273,0.27032917737435946,0.26862759154414606,0.2664479380752766,0.2637962609674487,0.2606799024401809,0.2571074712795398,0.25308879891284874,0.24863487807417403,0.24375777580941926,0.23847050765892888,0.232786851933343,0.22672107005083142,0.22028747745722804,0.21349977355065988,0.20636997703016974,0.1989067037998659,0.19111232523245394,0.059371617545598956
77220.0,0.27228925593680137,0.2720454339896883,0.27131440795275796,0.2700982523103269,0.26840034562819337,0.26622539534610623,0.26357942434466153,0.26046974814292445,0.2569049426121589,0.2528947992011037,0.24845026246849686,0.24358334158085487,0.23830698249136836,0.2326348795533727,0.22658119232300936,0.22016011179481154,0.21338518413375,0.2062682378620913,0.19881765102397367,0.19103549525948488,0.05935287327493515
77280.0,0.2720541246139122,0.2718108306367547,0.27108138697134376,0.26986786132229124,0.2681736210182807,0.26600335748358084,0.26336307246659485,0.2602600547730506,0.25670284734912496,0.2527012016607431,0.24826601409822285,0.2434092359742547,0.23814374371030636,0.23248314780443102,0.226441506124146,0.22003288549376637,0.21327067928603843,0.20616652652022613,0.19872856838530847,0.19095857824900747,0.059334198268101906
77340.0,0.27181954164387423,0.271576773822668,0.27084890708355486,0.2696380023462738,0.26794741569383135,0.26578182252401716,0.2631472034407626,0.26005082052456646,0.2565011837874085,0.2525080047095361,0.24808213152130723,0.24323545770889698,0.23798079021940405,0.2323316557996648,0.22630201080399742,0.21990579816929942,0.21315625891791282,0.20606484323901572,0.19863945646717185,0.19088157514850035,0.059315592114202065
77400.0,0.2715855049173923,0.27134326144414816,0.27061696620424014,0.2694086733276382,0.26772172764355895,0.2655607885129377,0.2629318153837604,0.2598420436003855,0.2562999502326449,0.2523152067735882,0.2478986133036121,0.24306200551141066,0.2378181209289631,0.23218040265796094,0.22616270571692612,0.21977884943980394,0.2130419229411772,0.20596318825213922,0.1985503158494715,0.1908044868989853,0.0592970544058809
77460.0,0.2713520122458295,0.27111029131882397,0.27038556216990983,0.26917987213465394,0.2674965547808071,0.26534025342268674,0.2627169063416389,0.2596337221359241,0.25609914492640434,0.2521228062187198,0.24771545795479327,0.24288887805654186,0.2376557347019054,0.23202938745542662,0.22602359017911106,0.2196520388899582,0.21292767123811435,0.20586156176750112,0.19846114708935084,0.1907273144148893,0.05927858517227929
77520.0,0.2711190611153201,0.270877860940057,0.27015469249568325,0.2689515963189773,0.2672718947089559,0.26512021492412446,0.26250247406922145,0.25942585398734025,0.2558987658445962,0.2519308011602176,0.24753266375051092,0.24271607380284868,0.2374936302038651,0.231878609090663,0.2258846633496287,0.21952536596804434,0.21281350357522658,0.20575996389717932,0.19837195066408148,0.19065005848052005,0.059260186041303974
77580.0,0.27088664898783554,0.2706459677771321,0.2699243546728643,0.2687238434088761,0.2670477450085843,0.26490067066604217,0.2622885163001292,0.25921843699056873,0.25569881094397756,0.2517391896953519,0.24735022894958192,0.2425435911932166,0.23733180608592885,0.2317280664487513,0.22574592437489832,0.219398830110303,0.21269941970721717,0.20565839474056288,0.1982827270267091,0.19057271975123996,0.059241858710528596
77640.0,0.27065477339408406,0.27041460936788975,0.2696945462607655,0.26849661099971645,0.2668241033260879,0.2646816183613989,0.2620750308301269,0.25901146904128697,0.2554992782382688,0.2515479699751952,0.2471681518610765,0.24237142871684753,0.23717026104117436,0.23157775845204076,0.22560737243348258,0.21927243077957947,0.21258541940929723,0.20555685440929117,0.19819347661917897,0.1904952987937201,0.05922360449852759
77700.0,0.2704234319326179,0.2701837833178349,0.2694652648858269,0.2682698967530932,0.26660096737283284,0.2644630557865005,0.2618620155163336,0.2588049480941652,0.2553001657974468,0.25135714020396394,0.24698643084371985,0.24219958490872975,0.23700899380420984,0.2314276840597692,0.2254690067357948,0.21914616746509802,0.21247150247683552,0.2054553430256911,0.1981041998690507,0.19041779611394155,0.05920542436398123
77760.0,0.2701926222689536,0.26995348729926083,0.26923650824074646,0.26804369839597464,0.2663783349243203,0.26424498078018693,0.2616494682764438,0.2585988721621246,0.255101471747048,0.2511666986383736,0.24680506430530452,0.24202805834911223,0.2368480031507227,0.23127784226768866,0.2253308265238042,0.21902003968221326,0.21235766872490444,0.20535386072131617,0.19801489718897922,0.1903402121811918,0.05918731892436464
77820.0,0.2699623421347028,0.26972371905038245,0.26900827408362293,0.26781801371986197,0.26615620381935995,0.26402739124303604,0.26143738708795927,0.258393239315606,0.2549031942674817,0.2509766435870038,0.24662405070211094,0.2418568476629895,0.2366872878970329,0.23112823210769592,0.22519283107073979,0.2188940469721337,0.21224391798776213,0.20525240763577277,0.197925568978137,0.19026254744869764,0.059169288474183276
77880.0,0.269732589326717,0.2694944763744832,0.26878056023711117,0.2675928405799538,0.2659345719592598,0.26381028513657306,0.2612257699874318,0.2581880476818511,0.25470533159335323,0.2507869734096671,0.2464433885383349,0.2416859515195925,0.23652684689965367,0.23097885264746706,0.22505501968079045,0.2187681889016173,0.2121302501183129,0.2051509839159269,0.19783621562497425,0.19018480237140561,0.05915133300272393
77940.0,0.26950336170624123,0.2692657571390727,0.26855336458758566,0.26736817689432646,0.265713437307023,0.26359366048249505,0.26101461506971674,0.25798329544419046,0.25450788201279456,0.2505976865167927,0.24626307636552422,0.2415153686318859,0.23636667905485784,0.23082970299009364,0.2249173916887989,0.21864246506264765,0.21201666498759036,0.20504958971551815,0.19774683751086986,0.19010697742132512,0.05913345221130053
78000.0,0.2692746571980803,0.26903755927505335,0.2683266850843176,0.2671440206431235,0.2654927978865547,0.2633775153619018,0.2608039204872358,0.25777898084134304,0.25431084386680636,0.2504087813688142,0.2460831127820225,0.2413450977560748,0.23620678329824862,0.23068078227372243,0.22477994645994928,0.21851687507209402,0.21190316248429178,0.20494822519517358,0.19765743501434566,0.19002907310077363,0.05911564552997896
78060.0,0.2690464737897735,0.2688098807759001,0.2681005197386612,0.2669203698677537,0.2652726517818819,0.26316184791453906,0.2605936844492467,0.25757510216672247,0.25411421554860625,0.2502202564755675,0.24590349643242015,0.24117513769111323,0.23604715860433614,0.2305320896711944,0.22464268338944893,0.21839141857136968,0.21178974251439667,0.20484689052278887,0.1975680085156031,0.18995108995380056,0.05909791213377048
78120.0,0.2688188095307804,0.26858271969684755,0.26787486662324866,0.26669722267010254,0.2650529971363802,0.26294665633804876,0.260383905221126,0.25737165776775456,0.2539179955029874,0.25003211039569345,0.2457242260070122,0.24100548727822355,0.23588780398611797,0.23038362438968632,0.2245056019022051,0.21826609522609264,0.21167640500087984,0.20474558587423428,0.19747855840120232,0.18987302857602373,0.05908025095828791
78180.0,0.2685916625316764,0.2683560741540882,0.2676497238711967,0.26647457721174744,0.26483383215200995,0.2627319388872304,0.26017458112365965,0.25716864604520145,0.253722182225682,0.24984434173605138,0.24554530024126223,0.2408361454004175,0.23572871849466187,0.23023538567035137,0.22436870145250054,0.21814090472576325,0.21156314988353625,0.20464431143434086,0.19738908506875671,0.18979488962307006,0.05906266071486202
78240.0,0.26836503096335607,0.26812994232397885,0.2674250896753194,0.26625243171318735,0.264615155088562,0.2625176938733093,0.259965710532338,0.2569660654524931,0.25352677426273473,0.2496569491511381,0.24536671791527448,0.24066711098202495,0.23556990121869506,0.23008737278796054,0.22423198152366725,0.2180158467834631,0.21144997711891667,0.20454306739811795,0.1972995889315461,0.1897166738177913,0.05904513990511888
78300.0,0.26813891305624626,0.2679043224422559,0.26720096228735396,0.2660307844530773,0.2643969642629103,0.26230391966321426,0.25975729187666285,0.2567639144950681,0.2533317702098835,0.24946993134251255,0.24518847785326922,0.2404983829882261,0.2354113512841927,0.2299395850505445,0.22409544162776365,0.21789092113558195,0.21133688668037884,0.2044418539721564,0.19721007042298216,0.18963838195638774,0.05902768683502103
78360.0,0.2679133070995284,0.2676792128032595,0.2669773400171882,0.2658096337674728,0.2641792580482757,0.26209061467886,0.2595493236394611,0.25656219172971984,0.25313716871194436,0.24928328705822744,0.24501057892306563,0.24032996042458848,0.23525306785397304,0.22979202179903696,0.22395908130525796,0.21776612754158362,0.2112238785582468,0.2043406713761769,0.19712053000087876,0.1895600149135695,0.05901029962837784
78420.0,0.26768821144036703,0.26745461175916546,0.2667542212321037,0.2655889780490819,0.2639620348734948,0.26187777739644336,0.25934180435620435,0.2563608957639523,0.2529429684622057,0.24909701509226734,0.24483302003556895,0.2401618423366089,0.23509505012729226,0.22964468240691943,0.2238229001247187,0.21764146578380725,0.21111095276007352,0.20423951984468552,0.19703096815149426,0.18948157364685408,0.058992976239831504
78480.0,0.26746362448314653,0.2672305177192251,0.2665316043560197,0.2653688157465245,0.26374529322229523,0.2616654063457389,0.2591347326143367,0.2561600252553381,0.2527491682018275,0.24891111428399199,0.24465580014426327,0.23999402780925816,0.2349372973394422,0.22949756627986914,0.22368689768251718,0.2175169356673126,0.21099810931099924,0.2041383996287007,0.196941385393324,0.18940305920009595,0.05897571446732768
78540.0,0.2672395446887157,0.2670069291490101,0.2663094878687495,0.26514914536359807,0.2635290316325814,0.26145350010940777,0.25892810705260877,0.25595957891088805,0.2525557667192459,0.24872558351758484,0.24447891824470872,0.23982651596653018,0.2347798087613524,0.2293506728554089,0.22355107360254212,0.2173925370197689,0.21088534825419472,0.20403731099752512,0.196851782280631,0.18932447270632716,0.05895851196407957
78600.0,0.2670159705736395,0.26678384456966847,0.2660878703052596,0.2649299654585514,0.26331324869572315,0.26124205732230965,0.25872192636041724,0.25575955548642265,0.25236276284958475,0.2485404217215076,0.24430237337404254,0.23965930597099452,0.23462258369919328,0.22920400160256424,0.22341542753593238,0.21726826969138738,0.21077266965137947,0.20393625424053488,0.1967621594067088,0.18924581538997978,0.058941366250036514
78660.0,0.266792900709456,0.2665612625571834,0.26586675025493917,0.26471127464336486,0.2630979430558548,0.26103107667082076,0.2585161892771527,0.2555599537859499,0.25217015547407123,0.24835562786795817,0.2441261646104858,0.23949239702335162,0.2344656214939824,0.22905755202152298,0.22327995916082338,0.21714413355489662,0.21066007358340577,0.20383522966896475,0.19667251740687375,0.18916708856855483,0.058924274722868215
78720.0,0.2665703337219423,0.26633918174164123,0.2656461263608728,0.26449307158303637,0.2628831134091764,0.2608205568921611,0.2583108945915493,0.2553607726610516,0.2519779435194575,0.24817120097233433,0.24395029107285185,0.23932578836199173,0.23430892152119448,0.22891132364330305,0.2231446681821146,0.21702012850556143,0.21054756015089682,0.20373423761766982,0.19658285696119085,0.18908829365379148,0.05890723466847673
78780.0,0.26634826829038327,0.2661176008065036,0.26542599731912037,0.26427535499487187,0.2626687585032637,0.26061049677372294,0.2581060411410439,0.25516201101027014,0.2517861259574459,0.24798714009270123,0.24377475192005982,0.23915947926255657,0.23415248319037335,0.22876531602942718,0.22300955433125527,0.21689625446124028,0.2104351294749285,0.20363327844684956,0.196493178796936,0.18900943215238958,0.05889024327104866
78840.0,0.2661267031468485,0.26589651848788615,0.2652063618780038,0.26405812364778447,0.2624548771363809,0.2604008951524078,0.25790162781113773,0.25496366777850366,0.2515947018041207,0.2478034443292629,0.2435995463506518,0.23899346903750368,0.2339963059447491,0.2286195287716054,0.22287461736605158,0.21677251136248238,0.2103227816977474,0.2035323525437202,0.19640348369080193,0.18893050566632752,0.05887329762266026
78900.0,0.26590563707547427,0.26567593357384167,0.26498721883739673,0.26384137636159755,0.2622414681568018,0.2601917509139666,0.2576976535347634,0.2547657419564044,0.2514036701193807,0.24762011282383725,0.24342467360231196,0.2388277570356748,0.23384038926085826,0.2284739614914266,0.22273985707049185,0.21664889917265792,0.21021051698351298,0.20343146032412424,0.19631377247085696,0.1888515158928187,0.05885639473244936
78960.0,0.26568506891174914,0.2654558449036504,0.2647685670480213,0.2636251120063509,0.2620285304621327,0.2599830629923454,0.2574941172916574,0.25456823257978134,0.2512130300063807,0.24743714475933554,0.24325013295138972,0.2386623426418656,0.23368473264816805,0.22832861384005915,0.22260527325459464,0.2165254178781201,0.21009833551905782,0.20333060223406899,0.19622404601826426,0.18877246462394112,0.058839531535366627
79020.0,0.2654649975418071,0.26523625136711293,0.2645504054107489,0.2634093295016142,0.26181606299864263,0.25977483036903604,0.25729101810773575,0.2543711387290076,0.25102278061097033,0.24725453935924374,0.24307592371242545,0.23849722527639888,0.23352933564870598,0.22818348549796158,0.22247086575427497,0.2164020674883964,0.20998623751465562,0.2032297787511879,0.19613430526877187,0.18869335374597485,0.05882270490052033
79080.0,0.26524542190172146,0.2650171519038493,0.264332732875906,0.2631940278158042,0.2616040647605953,0.25956705207242986,0.25708835505447364,0.2541744595284297,0.2508329211211429,0.24707229588710816,0.24290204523767894,0.23833240439470174,0.23337419783669353,0.2280385761746038,0.22233663443123067,0.21627884803640302,0.20987422320479257,0.20312899038611715,0.19604455121398354,0.1886141852384745,0.0588059116391278
79140.0,0.2650263409768077,0.26479854550260157,0.2641155484425834,0.2629792059655055,0.2613925347895879,0.25935972717717687,0.2568861272482903,0.2539781941457847,0.25064345076648264,0.24689041364602315,0.2427284969166603,0.23816787948688453,0.23321931881818517,0.22789388560819757,0.22220257917284686,0.2161557595786821,0.20976229284893225,0.20302823768378483,0.19595478490242102,0.1885349611731083,0.058789148512087566
79200.0,0.26480775380092725,0.2645804312005411,0.2638988511579493,0.2627648630147963,0.2611814721738909,0.25915285480354705,0.2566843338499362,0.25378234179161396,0.2504543688176169,0.2467088919781224,0.24255527817566422,0.23800365007732266,0.23306469823071269,0.227749413565439,0.2220686998921184,0.21603280219565468,0.20965044673227015,0.20292752122461125,0.19586500744038784,0.18845568371228424,0.058772412237185184
79260.0,0.26458965928730904,0.26436280791456884,0.26368263994998753,0.2625509979103687,0.2609708758868913,0.2589464339601104,0.25648297391230535,0.2535869015730742,0.2502656744468498,0.2465277301328163,0.24238238835434006,0.23783971561022585,0.23291033563844746,0.22760515974678758,0.22193499644350517,0.21590997591843086,0.2095386851037054,0.20282684157339192,0.1957752199503557,0.18837635506315661,0.05875570034597475
79320.0,0.26437205570978217,0.2641456739240127,0.2634669131145827,0.262337608975906,0.2607607442916184,0.2587404630612222,0.256282045913611,0.253391872045444,0.2500773663005209,0.24634692686239082,0.24220982632674865,0.23767607509817051,0.23275623020999703,0.22746112349505054,0.22180146836351916,0.2157872805022418,0.2094270079824154,0.2027261991182343,0.19568542343498327,0.18829697724801808,0.058739013721390315
79380.0,0.26415494118565114,0.26392902735213175,0.26325166879291373,0.26212469438264613,0.2605510756018005,0.2585349403759386,0.25608154819159723,0.2531972516291507,0.24988944289647866,0.24616648079767978,0.24203759085313914,0.23751272744808136,0.2326023810169192,0.22731730406505024,0.2216681151105296,0.21566471563579873,0.20931541533657264,0.20262559421769968,0.1955956188782069,0.18821755208263374,0.05872235401899762
79440.0,0.263938313840947,0.2637128663308985,0.263036905134831,0.26191225231042803,0.2603418680396625,0.2583298641816676,0.25588147909216874,0.25300303875253577,0.24970190276016882,0.2459863905767109,0.24186568070044656,0.23734967157293216,0.23244878713607184,0.22717370071617882,0.22153493614723266,0.2155422810135378,0.2092039071451352,0.2025250272498187,0.19550580726889616,0.18813808121911318,0.058705722813959645
79500.0,0.263722171810388,0.2634971890009583,0.2628226202988175,0.2617002809476521,0.260133119835884,0.25812523276412763,0.2556818369693489,0.25280923185181065,0.24951474442459037,0.2458066548446625,0.24169409464224595,0.23718690639170695,0.2322954476495968,0.2270303127124498,0.22140193094084074,0.21541997633600077,0.20909248339803735,0.20242449860922668,0.19541598958824427,0.1880585661657961,0.05868912160269962
79560.0,0.2635065132373414,0.26328199351159265,0.2626088124519499,0.2614887784912399,0.25992482922956034,0.2579210444173071,0.2554826201852389,0.2526158293710151,0.24932796643025118,0.24562727225381722,0.24152283145870906,0.2370244308293654,0.23214236164491245,0.22688713932255647,0.22126909896327246,0.2152978013101584,0.20898114409607324,0.20232400870386974,0.19532616680078643,0.18797900830413142,0.05867255180474178
79620.0,0.263291336273786,0.26306727802067903,0.2623954797698597,0.26127774314659613,0.259716994468163,0.2577172974434233,0.25528382710997444,0.2524228297619735,0.2491415673251249,0.2454482414635193,0.24135188993656292,0.23686224381680934,0.23198952821471014,0.22674417981993808,0.22113643969133998,0.21517575564965982,0.2088698892505066,0.2022235579516263,0.1952363398481193,0.18789940890312407,0.058656014764686966
79680.0,0.26307663908027124,0.2628530406946541,0.26218262043669455,0.26106717312756716,0.259509613807498,0.2575139901528814,0.25508545612168493,0.25223023148425305,0.2489555456646074,0.24526956114013,0.24118126886904795,0.23670034429085335,0.23183694645695457,0.22660143348285133,0.2210039526069233,0.21505383907499573,0.20875871888245412,0.2021231467770505,0.19514650964463498,0.1878197691317937,0.05863951175428935
79740.0,0.2628624198258813,0.2626392797084736,0.2619702326450784,0.2608570666564031,0.25930268551166763,0.2573111208642344,0.25488750560645274,0.2520380330051211,0.24876990001147328,0.24509122995698507,0.241010967055879,0.23653873119419735,0.23168461547489194,0.22645889959444318,0.22087163719712893,0.21493205131357257,0.20864763302210185,0.20202277560835696,0.1950566770747588,0.18774009006999387,0.05862304397460684
79800.0,0.26264867668819525,0.2624259932455744,0.26175831459607474,0.26064742196371965,0.25909620785302895,0.25710868790414143,0.2546899739582702,0.2518462327995023,0.24858462893583327,0.24491324659435207,0.24084098330320666,0.23637740347540293,0.23153253437705879,0.22631657744282596,0.22073949295442277,0.21481039209969988,0.20853663170780248,0.20192244487470482,0.19496684299130873,0.18766037271786662,0.058606612558201716
79860.0,0.26243540785324987,0.2622131794978373,0.2615468644991461,0.26043823728845744,0.2588901791121567,0.25690668960732965,0.25449285957899953,0.25165482934993816,0.24839973101509227,0.24473560973938888,0.24067131642358144,0.23621636008887192,0.23138070227729776,0.2261744663211504,0.22060751937673795,0.21468886117449812,0.20842571498510137,0.20182215500380557,0.19487700821469084,0.1875806180041538,0.05859021857137279
79920.0,0.26222261151550097,0.2620008366655479,0.2613358805721177,0.26022951087784324,0.2586845975778008,0.25670512431655185,0.25429616087833207,0.25146382114654353,0.24821520483390663,0.24455831808610445,0.24050196523591866,0.23605559999482825,0.23122911829477172,0.22603256552767195,0.22047571596755253,0.21456745828573248,0.20831488290573,0.20172190641985,0.1947871735327148,0.18750082679353883,0.05857386301640348
79980.0,0.26201028587778635,0.2617889629573591,0.26112536104113626,0.2600212409873529,0.2584794615468499,0.25650399038254706,0.25409987627374736,0.25127320668696673,0.24803104898414263,0.2443813703353163,0.24033292856546504,0.23589512215930136,0.2310777815539838,0.22589087436581348,0.22034408223593616,0.21444618318758635,0.20820413552659467,0.2016216995417434,0.19469733970086808,0.18742099989316233,0.05855754683381239
80040.0,0.26179842915128715,0.26157755659025217,0.26091530414063535,0.2598134258806705,0.25827476932429017,0.25630328616400166,0.25390400419047116,0.25108298447634714,0.2478472620648357,0.2442047651946135,0.240164205243767,0.2357349255541129,0.23092669118479547,0.22574939214421835,0.2202126176965662,0.21432503564038358,0.20809347290878757,0.20152153478162613,0.1946075074429236,0.18734113805842884,0.05854127090459621
80100.0,0.26158703955548973,0.26136661578950005,0.26070570811329424,0.2596060638296515,0.2580705192231671,0.25610301002750824,0.2537085430614375,0.25089315302727566,0.2476638426821503,0.2440285013783183,0.2399957941086415,0.2355750091568649,0.2307758463224452,0.22560811817679274,0.22008132186971316,0.2142040154102692,0.20798289511663573,0.2014214125436507,0.19451767745178947,0.1872612419981979,0.05852503605245448
80160.0,0.26137611531814964,0.2611561387886293,0.2604965712100019,0.2593991531142835,0.25786670956454627,0.2559031603475267,0.2535134913272456,0.25070371085975257,0.24748078944933843,0.2438525776074486,0.23982769400414655,0.2354153719509294,0.2306252461075653,0.2254670517827396,0.21995019428119897,0.21408312226886167,0.2078724022167999,0.20132133322299375,0.19442785039052696,0.1871813123794411,0.058508843045990355
80220.0,0.26116565467525227,0.26094612382938215,0.26028789168981764,0.25919269202264794,0.2576633386774738,0.2557037355063448,0.2533188474361225,0.2505146565011479,0.24729810098670116,0.24367699260968245,0.239659903780555,0.23525601292543916,0.23047488968619848,0.22532619228657857,0.21981923446232726,0.21396235599288166,0.20776199427743366,0.20122129720507112,0.19433802689348537,0.18710134983143123,0.058492692600879595
80280.0,0.26095565587097613,0.26073656916167864,0.26007966781993463,0.2589866788508823,0.2574604048989403,0.25550473389403855,0.25312460984388185,0.25032598848616117,0.2471157759215496,0.24350174511932235,0.2394924222943281,0.23509693107527965,0.23032477620980885,0.2251855390181551,0.2196884419497928,0.21384171636376947,0.20765167136740556,0.2011213048649343,0.1942482075675091,0.18702135494951627,0.05847658538200313
80340.0,0.26074611715765544,0.26052747304358026,0.25987189787564047,0.2587811119031415,0.2572579065738383,0.2553061539084339,0.25293077701388395,0.25013770535678337,0.24693381288816604,0.24332683387726173,0.23932524840809166,0.23493812540108067,0.2301749048352919,0.22504509131263775,0.21955781628556814,0.2137212031672947,0.20754143355558918,0.20102135656682504,0.1941583929931879,0.1869413282985304,0.058460522005538904
80400.0,0.2605370367957428,0.26031883374125214,0.25966458014028265,0.2585759894915605,0.25705584205492704,0.2551079939550664,0.2527373474169978,0.249949805662255,0.24675221052776697,0.24315225763095152,0.23915838099061237,0.23477959490920874,0.2300252747249795,0.22490484851050282,0.21942735701677268,0.21360081619316768,0.2074312809102185,0.20092145266386463,0.19406858372612493,0.1868612704158787,0.05844450304100962
80460.0,0.2603284130537725,0.2601106495289248,0.2594577129052269,0.25837130993621626,0.25685420970279277,0.25491025244714344,0.2525443195315603,0.24976228795902938,0.2465709674884654,0.24297801513436776,0.23899181891677498,0.23462133861175885,0.22987588504664022,0.22476480995750792,0.21929706369552826,0.21348055523465406,0.20732121349831123,0.20082159349786075,0.1939787802982036,0.18678118181433084,0.05842852901328283
80520.0,0.2601202442083227,0.2599029186888586,0.2592512944698235,0.2581670715650897,0.25665300788581114,0.2547129278055058,0.252351691843339,0.24957515081073345,0.24639008242523458,0.24280410514798006,0.23882556106756056,0.23446335552654454,0.2297267349734752,0.22462497500465395,0.2191669358788002,0.2133604200882013,0.20721123138515474,0.20072177939921598,0.19388898321884215,0.1867010629845557,0.05841260040452165
80580.0,0.25991252854397956,0.2596956395113057,0.2590453231413683,0.25796327271402913,0.25645223498010794,0.2545160184585881,0.25215946284549223,0.2493883927881296,0.24620955399987213,0.24263052643872127,0.238659606330025,0.23430564467708792,0.22957782368410934,0.22448534300813852,0.2190369731282314,0.21324041055307383,0.20710133463385363,0.2006220106869193,0.19379919297622286,0.18662091439742157,0.0583967176560843
80640.0,0.259705264353299,0.2594888102944737,0.25883979723506545,0.25775991172671103,0.2562518893695237,0.25431952284238235,0.2519676310385318,0.24920201246907828,0.24602938088096493,0.24245727777995718,0.23849395359727762,0.2341482050926088,0.22942915036257644,0.22434591332929799,0.21890717500996762,0.21312052643100682,0.20699152330493528,0.20052228766861105,0.1937094100384896,0.1865407365060841,0.05838088117037089
80700.0,0.25949844993677035,0.2592824293444885,0.25863471507399155,0.2575569869546043,0.256051969445574,0.25412343940039783,0.2517761949302844,0.24901600843850052,0.24584956174385417,0.24228435795145728,0.23832860176846096,0.23399103580800995,0.22928071419830118,0.22420668533454263,0.21877754109447875,0.2130007675258744,0.2068817974560089,0.2004226106407074,0.19361963485490866,0.1864605297478845,0.058365091312616614
80760.0,0.259292083602781,0.25907649497535673,0.2584300749890574,0.2573544967569326,0.25585247360741115,0.25392776658362515,0.25158515303585355,0.24883037928834187,0.24567009527060144,0.24211176573936596,0.23816354974872878,0.2338341358638632,0.22913251438607332,0.22406765839528303,0.2186480709563771,0.21288113364337818,0.20677215714147654,0.2003229798885765,0.19352986785698703,0.18638029454607344,0.058349348412630495
80820.0,0.2590861636675783,0.25887100550893144,0.25822587531897223,0.25715243950063693,0.2556534002617898,0.25373250285049664,0.2513945038775831,0.2486451236175353,0.2454909801499552,0.2419394999361745,0.23799879644922586,0.23367750430639203,0.22898455012601962,0.22392883188785098,0.21851876417423477,0.21276162459075285,0.20666260241228868,0.20022339568675407,0.1934401094595486,0.1863000313113787,0.05833365276647975
80880.0,0.25888068845523354,0.25866595927487357,0.2580221144102063,0.2569508135603393,0.2554547478230271,0.25353764666685136,0.25120424598501934,0.24846024003196554,0.24531221507731785,0.2417675593406928,0.2378343407870656,0.23352114018745246,0.22883682062356972,0.22379020519341408,0.21838962033040207,0.21264224017649383,0.2065531333157444,0.20012385829919355,0.19335036006176365,0.18621974044342796,0.058318004638119064
80940.0,0.2586756562976057,0.258461354610616,0.257818790616955,0.2567496173183048,0.2552565147129663,0.25334319650589665,0.25101437789487435,0.24827572714443366,0.2451337987547129,0.2415959427580215,0.2376701816853083,0.23336504256451138,0.2286893250894174,0.22365177769788483,0.218260639010827,0.21252298021010232,0.20644374989532951,0.20002436797954354,0.19326062004813394,0.18613942233204223,0.05830240426096579
81000.0,0.25847106553430615,0.25825718986132784,0.25761590230110193,0.25654884916440696,0.25505869936094083,0.25314915084817063,0.2508248981509904,0.24809158357462183,0.2449557298907529,0.2414246489995255,0.23750631807293887,0.23320921050062324,0.22854206273947883,0.22351354879182775,0.21813181980487936,0.21240384450185176,0.20633445219059024,0.1999249249714451,0.19317088978942973,0.18605907735840924,0.05828685183942011
81060.0,0.25826691428803117,0.2580534631558681,0.2574134476100279,0.2563485072770144,0.2548612999889501,0.2529555079721898,0.25063580510160083,0.24790780775407753,0.2447780070143977,0.2412536767063538,0.23734274871905986,0.23305364291010947,0.22839503265275093,0.22337551774105033,0.21800316218908095,0.21228483275994306,0.20622524014791738,0.19982552943301993,0.19308116958027532,0.18597870582938697,0.05827134871935498
81120.0,0.2580631998260847,0.25785017177006125,0.2572114238451483,0.25614858900026366,0.25466431400108425,0.2527622653593716,0.2504470963230053,0.247724397371765,0.2446006279453594,0.2410830238474921,0.23717947176116558,0.23289833811936136,0.22824823336663339,0.2232376833180591,0.21787466519588894,0.2121659442973581,0.20611611336572908,0.1997261812198143,0.19299145945186286,0.18589830766973092,0.05825590058994971
81180.0,0.2578599192954652,0.2576473128597526,0.2570098281888715,0.2559490915608946,0.25446773868627304,0.2525694203788158,0.2502587692826122,0.24754135001173688,0.2444235904029467,0.2409126882965297,0.23701648524682578,0.23274329437072985,0.22810166334065332,0.2231000442236604,0.2177463277917272,0.21204717836552145,0.20600707138369334,0.19962688012908184,0.19290175935504167,0.18581788246839961,0.05824051346468359
81240.0,0.2576570699549125,0.25744488369221297,0.25680865793408486,0.25575001229455496,0.2542715714401612,0.25237697050353136,0.25007082154832816,0.24735866335455295,0.24424689219842596,0.24074266801394414,0.23685378730495357,0.2325885099819185,0.22795532110323485,0.22296259922048423,0.2176181489968096,0.2119285342601947,0.2058981137745357,0.1995276259753094,0.1928120692077189,0.18573742958646494,0.058225192483956696
81300.0,0.2574546491734254,0.25724288164466236,0.2566079104826968,0.25555134864436796,0.2540758097637113,0.2521849133090846,0.24988325078726967,0.2471763351760598,0.24407053123388223,0.24057296104605386,0.23669137614485564,0.23243398334513682,0.2278092052509468,0.22282534713231422,0.21749012788455352,0.21181001132097768,0.20578924014329514,0.19942841858663,0.19272238888556992,0.18565694821895487,0.058209941964183214
81360.0,0.25725265442881207,0.2570413042028245,0.25640758334420555,0.2553530981595261,0.253880451261836,0.2519932464722797,0.24969605476449627,0.2469943633461944,0.2438945055011027,0.24040356552399095,0.23652925005530326,0.23227971292626873,0.2276633144477625,0.22268828684342967,0.21736226358100072,0.21169160893077119,0.20568045012633518,0.19932925780129743,0.19263271821899397,0.18557643744773694,0.058194765445119326
81420.0,0.2570510833062661,0.25684014895950985,0.25620767413429724,0.25515525849391535,0.25368549364205584,0.2518019677698613,0.24950923134177405,0.24681274582781298,0.2437188130804833,0.2402344796626967,0.23636740740362103,0.23212569726405638,0.2275176474243333,0.22255141729795958,0.21723455526424187,0.21157332651518626,0.20557174339018455,0.1992301434646695,0.192543056994511,0.18549589628688487,0.05817966573540293
81480.0,0.25684993349697083,0.2566394136132237,0.256008180573468,0.2549578274047633,0.2534909347131828,0.2516110750772446,0.24932277847635873,0.24663148067554186,0.243543452139957,0.24006570175993336,0.23620584663479186,0.23197193496929802,0.22737220297727384,0.2224147374992452,0.21710700216383688,0.21145516354190114,0.20546311963029487,0.1991310754269284,0.19245340495926258,0.1854153237216777,0.05816464495629852
81540.0,0.25664920279672915,0.2564390959668,0.25580910048567523,0.2547608027513108,0.25329677238402803,0.25142056636726773,0.2491366942198033,0.24645056603465001,0.2433684209339402,0.23989723019531853,0.2360445662705791,0.23181842472405945,0.22722697996845753,0.22227824650921024,0.21697960356022827,0.21133711951996947,0.20535457856980285,0.19903205354162726,0.19236376182762732,0.18533471874217475,0.05814970458365587
81600.0,0.2564488891046152,0.2562391939260595,0.2556104317970066,0.2545641824935118,0.2531030046621323,0.25123043970896486,0.24895097671678632,0.2462700001399416,0.24319371780230095,0.2397290634293711,0.23588356490866216,0.23166516528089892,0.22708197732432425,0.22214194344773727,0.21685235878414474,0.21121919399909475,0.20524611995837205,0.1989330776650663,0.19227412728921503,0.185254080372136,0.05813484548810154
81660.0,0.25624899042165,0.2560397054984889,0.2554121725343773,0.25436796469074807,0.25290962965251873,0.2510406932663623,0.24876562420396067,0.24608978131466788,0.2430193411693424,0.2395612000025786,0.23572284122178747,0.2315121554621023,0.22693719403519463,0.22200582749204587,0.21672526721599433,0.21110138656888486,0.20513774357117048,0.19883414765645008,0.19218450101769766,0.1851734076939246,0.058120067973490966
81720.0,0.2560495048494988,0.25584062879194475,0.2552143208242446,0.2541721475005705,0.25271664555646334,0.25085132529729354,0.248580635008821,0.24590990796945614,0.24284528954280352,0.23939363853447593,0.2355623939569317,0.23135939415892978,0.22679262915459375,0.2218698978760741,0.2165983282852467,0.2109836968581084,0.20502944920802846,0.19873526337874844,0.19209488268007166,0.18509269986992247,0.05810537181365708
81780.0,0.25585043058918755,0.25564196201337186,0.25501687489134245,0.25397672917745695,0.2525240506702874,0.25066233415223194,0.24839600754858804,0.24573037860125715,0.24267156151287664,0.23922637772273936,0.23540222193447727,0.23120688033087278,0.226648281798581,0.22173415388986023,0.2164715414698103,0.2108661245339677,0.20492123669280218,0.19863642470017173,0.19200527194605949,0.18501195616090635,0.058090756287493966
81840.0,0.2556517659398377,0.25544370346754514,0.25481983305743633,0.25378170807158906,0.25233184338416603,0.2504737182731425,0.2482117403291113,0.2455511917923062,0.24249815575123754,0.23905941634229372,0.23524232404739892,0.2310546130049187,0.2265041511450854,0.22159859487892516,0.2163449062954052,0.2107486693014078,0.20481310587296211,0.19853763149616743,0.19191566849743286,0.1849311759417603,0.05807622021242183
81900.0,0.2554535092974203,0.2552458515558267,0.2546231937400924,0.2535870826276457,0.2521400221809531,0.25028547619234637,0.24802783194378575,0.24537234620910062,0.2423250710100902,0.2388927532444312,0.23508269926045997,0.23090259127482396,0.22636023643324574,0.2214632202436545,0.21621842233493793,0.2106313309024752,0.2047050566194074,0.19843888365184545,0.19182607203710256,0.18485035871484823,0.05806176197627977
81960.0,0.2552556591535241,0.25504840477493895,0.2544269554514679,0.2533928513836125,0.25194858563502365,0.2500976065314048,0.24784428107248274,0.24519384060138902,0.24215230612122396,0.2387263873559411,0.2349233466094191,0.2307508143003948,0.2262165369627553,0.22132802943868046,0.21609208920788242,0.21051410911573826,0.20459708882650585,0.19834018106474607,0.19173648229786425,0.18476950412132345,0.05804737956769673
82020.0,0.2550582140941411,0.2548513617157536,0.2542311167971094,0.253199012969606,0.2517575324111281,0.24991010800001365,0.24766108648049576,0.24501567380117456,0.2419798599950812,0.2385603176782495,0.23476426520024435,0.230599281306773,0.22607305209320858,0.22119302197226648,0.21596590657967374,0.21039700375577944,0.20448920241234886,0.19824152364787223,0.19164689905072368,0.18468861195061254,0.05803307060499224
82080.0,0.2548611727984626,0.2546547210620956,0.25403567647477127,0.2530055661067126,0.25156686126326105,0.24972297939491175,0.24747824701749702,0.24483784472172868,0.24180773161983662,0.2383945432865692,0.2346054542083347,0.23044799158372814,0.22592978124345164,0.22105819740569257,0.21583987416111766,0.21028001467276813,0.20438139731920815,0.19814291133291567,0.19155732211275067,0.18460768214828108,0.058018832363659505
82140.0,0.2546645340376939,0.2544584815895561,0.25384063327324347,0.25281250960583707,0.25137657103354316,0.2495362195988019,0.2472957616165053,0.24466035235661612,0.24163592006048507,0.23822906332905597,0.23444691287774874,0.23029694448495353,0.22578672389093413,0.22092355535264532,0.21571399170782204,0.21016314175211473,0.2042736735141782,0.19804434407361454,0.19146775135443245,0.18452671482246408,0.05800466180248427
82200.0,0.2544682966738739,0.25426264216432254,0.2536459860711923,0.25261984236656615,0.2511866606511126,0.24934982757928117,0.2471136292928656,0.24448319577872857,0.24146442445793873,0.23806387702597398,0.23428864052043882,0.2301461394273663,0.22564387957106435,0.22078909547861217,0.2155882590196544,0.2100463849142128,0.2041660309899847,0.1979458218491862,0.19137818670650653,0.184445710249015,0.05799055558835277
82260.0,0.25427245965871215,0.2540672017420157,0.2534517338360108,0.2524275633760398,0.2509971291310273,0.24916380238778224,0.24693184914323607,0.24430637413932796,0.24129324402813143,0.23789898366886614,0.23413063651549007,0.2299955758904104,0.22550124787656584,0.2206548175002826,0.21546267594022878,0.2099297441142666,0.2040584697659403,0.1978473446677912,0.19128862816627049,0.18436466887551792,0.05797651011980223
82320.0,0.25407702203243065,0.2538721593665384,0.2532578756226795,0.25223567170783423,0.25080797557317713,0.2489781431585225,0.24675042034458428,0.2441298866670963,0.24112237806113018,0.23773438261973176,0.23397290030836387,0.22984525341536235,0.22535882845683686,0.22052072118495786,0.21533724235642482,0.20981321934220518,0.20395098988902718,0.19774891256998597,0.1911990758033684,0.18428359132428102,0.05796252154936668
82380.0,0.25388198292261666,0.2536775141689303,0.25306441057263596,0.252044166520851,0.2506191991612018,0.24879284910746266,0.2465693421531909,0.24395373266719309,0.24095182592025216,0.23757007331020769,0.23381543141014438,0.22969517160464004,0.22521662101731174,0.2203868063499706,0.2152119581979421,0.2096968106226768,0.20384359143508674,0.1976505256321298,0.19110952976506462,0.18420247839442452,0.05794858580477017
82440.0,0.25368734154308303,0.2534832653662343,0.2528713379126523,0.2518530470582152,0.25043079916142097,0.2486079195312702,0.24638861390365988,0.24377791152031877,0.24078158704118696,0.23740605524075348,0.23365822939678849,0.22954533012111134,0.2250746253188257,0.22025307286211554,0.2150868234368907,0.2095805180151245,0.20373627451009818,0.1975521839697202,0.19101999028101513,0.18412133106315579,0.05793469860901938
82500.0,0.2534930971927354,0.2532894122603671,0.25267865695371733,0.25166231264618033,0.2502427749217648,0.24842335380629038,0.24620823500793396,0.2436024226817821,0.2406116609311228,0.23724232797984018,0.23350129390837618,0.22939572868740563,0.22493284117698156,0.2201195206370926,0.2149618380874191,0.20946434161393318,0.20362903925152545,0.19745388774062925,0.19093045766755448,0.18404015048632036,0.05792085549944481
82560.0,0.25329924925444547,0.2530959542369954,0.2524863670899265,0.2514719626930373,0.2500551258707134,0.24823915138752212,0.24602820495431513,0.24342726568057227,0.2404420471678771,0.23707889116314237,0.23334462464836472,0.2292463670852259,0.22479126846152206,0.21998614963896512,0.21483700220537977,0.20934828154864513,0.203521885829718,0.19735563714822438,0.1908409323315138,0.18395893799830446,0.05790705184574096
82620.0,0.25310579719392806,0.25290289076441913,0.25229446779737685,0.2512819966880291,0.2498678515162415,0.24805531180759763,0.24584852330648901,0.2432524401184356,0.24027274539902846,0.2369157444927301,0.23318822138284215,0.22909724515466093,0.22464990709570415,0.2198529598796309,0.2147123158880335,0.20923233798423974,0.20341481444934648,0.19725743244435548,0.19075141477359073,0.18387769511135726,0.05789328286705242
82680.0,0.2529127405586233,0.2527102213924564,0.252102958633065,0.2510924142002712,0.24968095144476446,0.24787183467576612,0.24566918970255192,0.24307794566895252,0.2401037553410511,0.2367528877362631,0.23303208393978042,0.2289483627935,0.2245087570556788,0.21971995141831077,0.21458777927378966,0.2091165111214658,0.2033078253508607,0.19715927393219718,0.1906619055912898,0.1837964235143962,0.057879543648153085
82740.0,0.2527200789765822,0.2525179457513345,0.2519118392337883,0.25090321487767137,0.24949442532008773,0.24768871967687972,0.24549020385404138,0.24290378207661836,0.23993507677845027,0.23659032072618563,0.23287621220829083,0.22879971995654558,0.2243678183698744,0.21958712436105204,0.21446339254198205,0.20900080119722458,0.20320091881195415,0.19706116196893603,0.19057240548145432,0.18371512507134644,0.057865829154762904
82800.0,0.25252781215535447,0.25232606355057985,0.2517211093150487,0.25071439844585486,0.24930827288236024,0.2475059665703816,0.245311565544966,0.24272994915592358,0.2397667095628989,0.2364280433589199,0.23272060613787623,0.22865131665492824,0.22422709111838657,0.21945447886024938,0.2143391559126796,0.20888520848499514,0.20309409514902357,0.19696309696829525,0.19048291524240915,0.18363380181906747,0.05785213424804649
82860.0,0.2523359396671522,0.2521345743647591,0.25153076845852024,0.25052596449849623,0.24912249374239334,0.2473235749897066,0.24513327443734864,0.24255644660405332,0.23959865343405506,0.2362660554247003,0.2325652655781019,0.2285031528063472,0.2240865752944322,0.21932201498788065,0.21421506953223182,0.20876973319319092,0.20298735462869147,0.19686507932488037,0.1903934357087789,0.18355245589376215,0.05783845484647052
82920.0,0.25214446028329723,0.2519434769697052,0.2513408154536024,0.2503379118477173,0.24893708674435738,0.24714154382065492,0.2449553294685432,0.2423832734202832,0.23943090746400425,0.2361043560798324,0.2324101897812056,0.22835522777029402,0.22394627037414466,0.21918973234149902,0.21409113311673494,0.20865437514698346,0.20288069718823185,0.1967671091719647,0.1903039675368806,0.18347108919290328,0.05782479137782584
82980.0,0.25195337257393385,0.2517527699406157,0.25115124889068435,0.25015023910932366,0.2487520505398536,0.24695987176122908,0.24477772939386855,0.24221042842855497,0.2392634705570715,0.23594294432120824,0.2322553778489947,0.22820754076526323,0.22380617570233605,0.21905763039717677,0.2139673462712796,0.20853913407355382,0.2027741226870065,0.19666918659824761,0.19021451136879958,0.18338970338611987,0.05781114533413577
83040.0,0.25176267511584133,0.2515624518593087,0.2509620673667273,0.249962944905614,0.2485673837868656,0.2467785575156693,0.24460047297469795,0.2420379104586361,0.2390963416231151,0.23578181915086052,0.23210082888785752,0.228060091013508,0.223666290626408,0.21892570863214864,0.21384370860113186,0.20842400970185818,0.20266763099477228,0.1965713117219804,0.19012506787603783,0.18330829997932468,0.05779751812531951
83100.0,0.2515723664924026,0.25137252131418825,0.2507732694852324,0.2497760278653492,0.24838308514972823,0.2465975997944214,0.24442355897842796,0.24186571834608797,0.2389295195774905,0.2356209795759176,0.23194654200870884,0.2279128777409814,0.22352661449631436,0.21879396652487068,0.21372021971204225,0.20830900176337214,0.2025612219925331,0.19647348468836845,0.19003563774396504,0.1832268803357777,0.05778391108189908
83160.0,0.25138244529357157,0.25118297690021596,0.2505848538562113,0.2495894866237218,0.24819915329909648,0.2464169973141073,0.24424698617844676,0.2416938509322313,0.23876300334101222,0.23546042460856026,0.23179251632693806,0.22776590017728165,0.2233871466645323,0.21866240355509575,0.21359687921057058,0.20819410999278196,0.20245489557301705,0.19637570566632898,0.18994622166039452,0.18314544569386404,0.057770325457793946
83220.0,0.25119291011584366,0.2509938172188779,0.2503968190961535,0.24940331982232425,0.2480155869119153,0.246236748797493,0.24407075335410283,0.24152230706411312,0.23859679183991678,0.23530015326597659,0.23163875096235728,0.2276191575556015,0.2232478864860447,0.21853101920396498,0.2134736867044178,0.20807933412859778,0.20234865164080618,0.1962779748450106,0.18985682030726198,0.1830639971822085,0.057756762433164265
83280.0,0.251003759562223,0.25080504087815375,0.25020916382799635,0.2492175261091184,0.2478323846713884,0.24605685297345828,0.2438948592906732,0.24135108559447344,0.23843088400582493,0.23514016457031903,0.23148524503915124,0.22747264911268106,0.22310883331832995,0.21839981295411398,0.21335064180275656,0.20796467391367324,0.20224249011216966,0.19618029243033025,0.18976743435464424,0.18298253583261387,0.05774322311727336
83340.0,0.25081499224219195,0.2506166464924865,0.2500218866810932,0.24903210413840493,0.2476495452669478,0.24587730857696585,0.2437193027793318,0.2411801853817108,0.23826527877570353,0.23498045754866007,0.23133199768582893,0.2273263740887673,0.22296998652136332,0.21826878428978938,0.21322774411655293,0.20785012909562484,0.202136410914657,0.19608265864167707,0.18967806445654573,0.1829010625912051,0.057729708551345287
83400.0,0.25062660677168136,0.2504286326827523,0.2498349862911841,0.2488470525707928,0.24746706739422372,0.2456981143490308,0.2435440826171179,0.241009605289849,0.2380999750918274,0.23482103123294826,0.23117900803517666,0.2271803317275752,0.22283134545762628,0.21813793269697446,0.21310499325887006,0.20773569942714815,0.20203041398650987,0.1959850737088719,0.1895887112480192,0.18281957832808457,0.057716219711398294
83460.0,0.2504386017730383,0.25024099807622746,0.24964846130036378,0.2486623700731686,0.24728494975501358,0.24551926903668939,0.24336919760690423,0.24083934418850228,0.2379349719017416,0.23466188465996593,0.2310262752242133,0.22703452127625756,0.22269290949212409,0.21800725766352028,0.2129823888451483,0.20762138466623492,0.20192449927594214,0.1958875378694214,0.189499375343295,0.18273808384574153,0.0577027575110398
83520.0,0.2502509758749962,0.2500537413065596,0.24946231035705213,0.2484780553186662,0.2471031910572516,0.24534077139296862,0.243194646557365,0.24066940095284192,0.23777026815822327,0.23450301687128683,0.2308737983941482,0.22688894198537685,0.22255467799241108,0.2178767586792789,0.21285993049345936,0.20750718457629955,0.20181866674033483,0.19579005136608074,0.18941005733467178,0.1826565798864136,0.057689322804210595
83580.0,0.25006372771264435,0.24986686101373742,0.24927653211596365,0.24829410698663698,0.24692179001497913,0.2451626201768556,0.24302042828294415,0.24049977446356105,0.23760586281924367,0.2343444269132342,0.23072157669033969,0.22674359310888234,0.2224166503286216,0.21774643523623563,0.2127376178247281,0.2073930989262199,0.20171291634538085,0.19569261444472066,0.18932075779197802,0.1825750671385545,0.057675916387869945
83640.0,0.24987685592739778,0.24968035584405948,0.2490911252380772,0.2481105237626192,0.24674074534831408,0.2449848141532666,0.24284654160382332,0.2403304636068408,0.23744175484793048,0.23418611383684032,0.23056960926225845,0.22659847390409327,0.22227882587350692,0.21761628682863943,0.2126154504629236,0.20727912749030833,0.2016072480642116,0.1955952273524802,0.18923147726246176,0.18249354624254505,0.057662539004613926
83700.0,0.2496903591669674,0.24949422445010497,0.24890608839060618,0.24792730433830829,0.24656005578342083,0.24480735209301613,0.24267298534588969,0.24016146727431575,0.23727794321253015,0.23402807669780654,0.2304178952634512,0.22645358363168452,0.22214120400247625,0.21748631295312662,0.21249342803521537,0.20716527004821936,0.20150166187652468,0.1954978903361875,0.18914221627099795,0.1824120177957479,0.057649191345221854
83760.0,0.24950423608532873,0.2493084654907033,0.24872142024696833,0.24774444741152654,0.2463797200524795,0.24463023277278642,0.24249975834070386,0.23999278436304025,0.23711442688637077,0.23387031455646493,0.2302664338515079,0.22630892155567803,0.22200378409364002,0.21735651310883766,0.21237155017209947,0.20705152638480503,0.2013961577677362,0.1954006036410227,0.18905297532052961,0.1823304823569995,0.05763587405112743
83820.0,0.24931848534269369,0.2491230776309041,0.24853711948675591,0.2475619516861935,0.2461997368936568,0.24445345497509743,0.2423268594254685,0.239824413775453,0.23695120484782475,0.2337128264777404,0.2301152241880316,0.22616448694343597,0.22186656552785544,0.21722688679752575,0.21224981650749147,0.20693789628993114,0.20129073572816428,0.1953033675093968,0.188963754892676,0.1822489404506095,0.057622587716811106
83880.0,0.24913310560547974,0.24893805954194784,0.2483531847957064,0.2473798158722965,0.24602010505107555,0.24427701748827496,0.24215428744299516,0.23965635441934355,0.2367882760802729,0.23355561153111465,0.22996426543861062,0.2260202790656601,0.2217295476887729,0.2170974335236543,0.2121282266787908,0.20682437955825858,0.20118539575225647,0.1952061821800256,0.18887455544845982,0.18216739256993264,0.057609332892112806
83940.0,0.24894809554628056,0.24875340990123618,0.24816961486567185,0.24719803868586027,0.24584082327478468,0.24410091910642057,0.2419820412416731,0.23948860520781828,0.23662563957206814,0.23339866879059099,0.22981355677279172,0.22587629719638963,0.22159272996288218,0.21696815279448453,0.2120067803269181,0.20671097598900184,0.201080137837866,0.19510904788717298,0.1887853774291142,0.18208583918056476,0.05759611008446304
84000.0,0.24876345384383655,0.24856912739230197,0.2479864083945908,0.2470166188489183,0.24566189032072938,0.2439251586293807,0.2418101196754364,0.23932116505926576,0.23646329431650082,0.2332419973346608,0.229663097364058,0.22573254061300602,0.22145611173955734,0.21683904412015112,0.2118854770963271,0.20659768538566975,0.2009749619855806,0.19501196486004338,0.1886962212569401,0.18200428072320607,0.057582919761033025
84060.0,0.24857917918300565,0.24838521070478078,0.2478035640864583,0.24683555508948227,0.2454833049507214,0.24374973486271617,0.2416385216037329,0.2391540328973239,0.23630123931176267,0.23308559624627087,0.22951288638980696,0.22558900859623668,0.22131969241109972,0.21671010701372706,0.211764316634995,0.2064845075557957,0.20086986819810412,0.19491493332230392,0.18860708733619133,0.18192271761623305,0.057569762350803126
84120.0,0.2483952702547337,0.24820165853438084,0.2476210806512958,0.24665484614151326,0.24530506593240883,0.24357464661767134,0.241467245891492,0.2389872076508458,0.23613947356091336,0.23292946461279268,0.22936292303133193,0.22544570043016102,0.2211834713727789,0.21658134099127585,0.2116432985943923,0.2063714423106629,0.20076485647969297,0.19481795349171996,0.18851797605397017,0.1818411502580096,0.05755663824655094
84180.0,0.24821172575602568,0.24801846958285437,0.2474389568051233,0.24647449074489244,0.24512717203924705,0.24339989271114412,0.24129629140909192,0.23882068825386657,0.2359779960718472,0.23277360152599233,0.22921320647380325,0.22530261540221755,0.22104744802286996,0.2164527455718941,0.2115224226294368,0.20625848946502767,0.20065992683564424,0.1947210255798859,0.18842888778112069,0.1817595790289667,0.0575435478067595
84240.0,0.24802854438991645,0.24783564255796797,0.2472571912699294,0.24629448764539139,0.24494962205046797,0.24322547196565455,0.24112565703232902,0.23865447364557088,0.23581680585725934,0.23261800608200212,0.22906373590625445,0.2251597528032122,0.2209116217626877,0.21632432027774198,0.21140168839843257,0.20614564883684644,0.20055507927183644,0.1946241497920406,0.18833982287311007,0.18167800429347467,0.057530491357447165
84300.0,0.24784572486544182,0.24765317617347427,0.24707578277364237,0.2461148355946431,0.24477241475105088,0.24305138320931496,0.24095534164238588,0.23848856277025987,0.23565590193461508,0.23246267738129328,0.22891451052156594,0.22501711192732507,0.22077599199661688,0.21619606463406366,0.21128109556299626,0.2060329202470073,0.20045031379431733,0.19452732632695222,0.18825078167088924,0.1815964264015312,0.057517469193920485
84360.0,0.24766326589760965,0.24747106914908304,0.2468947300501014,0.24593553335011287,0.24459554893169325,0.2428776252757991,0.24078534412579972,0.2383229545773187,0.23549528332611763,0.23230761452865006,0.2287655295164531,0.2248746920721192,0.22064055813213782,0.2160679781691988,0.21116064378797447,0.20592030351907095,0.20034563040893918,0.19443055537686507,0.18816176450172897,0.1815148456902834,0.05750448158245204
84420.0,0.24748116620737162,0.24728932021043187,0.24671403183902776,0.24575657967506903,0.24441902338878074,0.2427041970043122,0.24061566337443085,0.2381576480211853,0.23533494905867736,0.2321528166331447,0.22861679209145397,0.2247324925385484,0.22050531957985017,0.2159400604145842,0.21104033274135253,0.20580779847901964,0.20024102912103603,0.19433383712749513,0.18807277168002692,0.18143326248539882,0.057491528761884465
84480.0,0.24729942452159406,0.24710792808905818,0.2465336868859958,0.2455779733385542,0.2442428369243573,0.24253109723956048,0.24044629828543182,0.23799264206131823,0.23517489816388246,0.2319982828081139,0.22846829745091793,0.22459051263096205,0.22037027575348794,0.21581231090474773,0.21092016209415682,0.20569540495501998,0.20013650993514212,0.1942371717580694,0.18798380350808333,0.18135167710230438,0.05747861094516351
84540.0,0.24711803957302944,0.2469268915223701,0.24635369394240456,0.24539971311535594,0.24406698834609625,0.24235832483172123,0.2402772477612166,0.23782793566216606,0.23501512967796992,0.23184401217113565,0.22832004480299556,0.22444875165711267,0.22023542606993476,0.21568472917729434,0.21080013152035348,0.20558312277719556,0.20003207285474628,0.1941405594414007,0.18789486027684366,0.18127008984730167,0.05746572832080119
84600.0,0.24693701010028812,0.24674620925361887,0.24617405176544913,0.24522179778597847,0.24389147646727122,0.24218587863641208,0.24010851070942932,0.23766352779313688,0.23485564264179656,0.23169000384400745,0.2281720333596281,0.22430720892815978,0.22010076994923303,0.215557314772886,0.21068024069674413,0.2054709517774134,0.1999277178820826,0.19404400034399116,0.1878059422666066,0.1811885010185743,0.05745288105427215
84660.0,0.24675633465747673,0.2465658798420295,0.24599475892973113,0.24504422595070616,0.24371629992423108,0.24201375733651298,0.23994008587001361,0.2374994172617774,0.23469643594094824,0.23153625680054507,0.2280242621927317,0.2241658836238491,0.21996630668926132,0.21543006711979235,0.21056048919761503,0.2053588916941412,0.19982344493324913,0.19394749455142296,0.18771704968217642,0.18110691083730734,0.057440070342628796
84720.0,0.24657601107290097,0.24638590112290526,0.2458158132915549,0.24486699550085653,0.2435414566573235,0.24184195893540528,0.23977197132332714,0.2373356022392089,0.23453750785080393,0.23138276943342495,0.22787672982477106,0.2240247744085408,0.2198320351086634,0.21530298520482605,0.21044087619441063,0.20524694190119075,0.19971925359595571,0.19385104185440666,0.18762818246050697,0.1810253191508649,0.057427301285089855
84780.0,0.2463960370714362,0.2462062708283749,0.24563721260481713,0.24469010422660772,0.24336694450751464,0.24167048133931593,0.23960416505524101,0.23717208080514657,0.23437885655879842,0.23122954005119822,0.22772943469825907,0.22388387987118444,0.21969795395557778,0.21517606794945685,0.21032140079827566,0.20513510171627303,0.19961514340433445,0.1937546419898813,0.18753934046544163,0.180943725517945,0.05741457924112213
84840.0,0.24621641047115658,0.24602698678351215,0.245458954715598,0.24451355000905584,0.24319276140492108,0.241499322541358,0.2394366651357601,0.2370088511202079,0.23422048032957843,0.23107656703551774,0.22758237532434436,0.223743198664635,0.2195640620371402,0.2150493143290511,0.21020206216871623,0.20502337049895414,0.19951111392616586,0.19365829471596227,0.18745052354086936,0.18086212931402088,0.05740190875619165
84900.0,0.24603712918217244,0.2458480469051768,0.24528103756101532,0.24433733081908848,0.24301890536771223,0.24132848062047152,0.23926946971800828,0.23684591142495207,0.23406237750410672,0.23092384884031708,0.227435550282075,0.22360272950500734,0.2194303582189199,0.21492272337236984,0.21008285951313513,0.20491174765020737,0.19940716476220302,0.1935619998090255,0.18736173150313815,0.18078052978358203,0.05738929361363751
84960.0,0.24585819120549088,0.24566944920088035,0.24510345916810086,0.24416144471628234,0.2428453745010364,0.24115795374038462,0.23910257703723475,0.23668326003894044,0.23390454649878623,0.23077138399100824,0.2272889582176792,0.2234624711710423,0.21929684142436415,0.21479629416107296,0.2099637920863712,0.2048002326119416,0.19930329554531567,0.19346575706083105,0.1872729641385106,0.1806989260847115,0.057376736884041636
85020.0,0.24567959463189862,0.24549119176767126,0.24492621765269976,0.24398588984782113,0.24267216699596655,0.24098774014859584,0.23893598540984062,0.23652089535981569,0.23374698580460135,0.2306191710836954,0.22714259784386023,0.22332242250348497,0.2191635106342545,0.21467002582923117,0.20984485919024004,0.20468882486649143,0.19919950593950594,0.19336956627603757,0.1871842212042251,0.1806173173272071,0.05736424097215371
85080.0,0.24550133764086524,0.24531327279104406,0.2447493112183894,0.2438106644474361,0.24249928112846714,0.24081783817537603,0.2387696932324238,0.23635881586239887,0.23358969398627696,0.2304672087844044,0.22699646793910444,0.22318258240447467,0.21903036488616864,0.21454391756284394,0.20972606017307277,0.20457752393606998,0.19909579563886162,0.19327342727028998,0.1870955024320857,0.1805357026052228,0.05735180766143924
85140.0,0.24532341849946826,0.24513569054386655,0.24457273815541905,0.2436357668343625,0.2423267152583798,0.24064824623278858,0.238603698980842,0.2361970200978035,0.2334326696814525,0.23031549582832758,0.22685056734700165,0.22304294983694373,0.2188974032739504,0.21441796859936,0.2096073944292487,0.20446632938218776,0.19899216436651257,0.19317733986895655,0.18700680753377905,0.18045408102523436,0.057339438156326444
85200.0,0.24514583556133387,0.244958443385325,0.24439649683966685,0.24346119541231787,0.24215446782842534,0.24047896281372608,0.23843800120929165,0.23603550669256587,0.23327591159987174,0.2301640310190809,0.22670489497557944,0.22290352382402667,0.21876462494718685,0.21429217822720217,0.20948886139871936,0.20435524080504436,0.1988886118736468,0.1930813039065219,0.186918136207318,0.18037245172999333,0.05732713312223132
85260.0,0.24496858726559845,0.2447815297598896,0.24422058573161579,0.2432869486684948,0.24198253736322492,0.2403099864909642,0.2382725985494037,0.23587427434778982,0.23311941852258714,0.23001281322797587,0.2265594497966463,0.22276430344847817,0.21863202911069185,0.21416654578529287,0.20937046056652533,0.2042442578429081,0.19878513793862967,0.19298531922660078,0.18682948814416786,0.18029081391902188,0.05731489272344478
85320.0,0.24479167213588413,0.24460494819629397,0.24404500337534415,0.24311302517257086,0.24181092246833433,0.24014131591623042,0.23810748970935314,0.23571332183830634,0.23296318930117607,0.2298618413933013,0.2264142308451456,0.22262528785209887,0.21849961502399368,0.21404107066258063,0.2092521914623048,0.2041333801714936,0.19868174236626215,0.19288938568251354,0.18674086303672172,0.18020916686611158,0.05730271665896656
85380.0,0.24461508877929145,0.24442869730653025,0.24386974839753267,0.24293942357573292,0.24163962182929458,0.2399729498192872,0.23794267347298229,0.23555264801184508,0.23280722285697014,0.22971111451961768,0.22626923721851924,0.2224864762351674,0.21836738200082642,0.21391575229756565,0.20913405365979681,0.20402260750335396,0.1985784249871977,0.1927935031383566,0.18665226058588436,0.1801275099342177,0.05729060419637156
85440.0,0.24443883588540563,0.24425277578486015,0.24369481950648467,0.24276614260971685,0.24146863421069623,0.23980488700702818,0.23777814869893774,0.23539225178821943,0.23265151818029656,0.22956063167706078,0.22612446807608022,0.2223478678558795,0.21823532940862655,0.2137905901778247,0.2090160467763397,0.20391193958729695,0.1984751856575335,0.19269767147048922,0.18656368050858166,0.18004584258808243,0.05727855420379464
85500.0,0.24426291222531651,0.24407718240683818,0.24352021549116085,0.2425931810858586,0.24129795845525556,0.23963712636258644,0.2376139143198185,0.23523213215852223,0.23249607432972794,0.22941039200065508,0.22597992263839156,0.2222094620297934,0.2181034566680304,0.21366558383953477,0.20889817047237114,0.20380137620783811,0.1983720242585783,0.19260189056936974,0.18647512254507145,0.17996416440486937,0.057266565180118675
85560.0,0.24408731665065106,0.24390191602834688,0.24334593522022566,0.24242053789415777,0.2411275934829025,0.2394696668444553,0.2374499693413348,0.23507228818433146,0.2323408904313438,0.22926039468963544,0.22583560018665264,0.22207125812927844,0.21797176325237466,0.2135407328669964,0.20878042445093034,0.2036909171847013,0.1982689406967967,0.19250616034166668,0.18638658646596235,0.17988247508305438,0.05725463528345024
85620.0,0.24391204809261652,0.24372697558464476,0.24317197764110368,0.24224821200235314,0.2409575382898805,0.23930250748561888,0.23728631284147828,0.23491271899692653,0.23218596567799943,0.2291106390067767,0.22569150006209307,0.22193325558296825,0.21784024868719717,0.21341603689215582,0.20866280845716856,0.20358056237237093,0.1981659349039232,0.19241048071258685,0.1862980720788779,0.17980077444978554,0.05724276235796473
85680.0,0.2437371055610556,0.24355236008942374,0.242998341779049,0.2420762024550072,0.2407877919478554,0.23913564739269136,0.2371229439697,0.2347534237965125,0.23203129932860392,0.2289611242777296,0.22554762166536968,0.22179545387521846,0.2177089125497403,0.21329149559412663,0.2085453222778705,0.20347031165970608,0.19806300683723424,0.19231485162836062,0.18620957923472722,0.17971906246688998,0.05723094395920188
85740.0,0.24356248814350995,0.24337806863387662,0.24282502673622233,0.24190450837260102,0.24061835360303344,0.23896908574506714,0.23695986194609775,0.23459440185145183,0.23187689070740414,0.2288118498903634,0.22540396445596936,0.22165785254556516,0.21757775446845345,0.2131671086987154,0.20842796574098946,0.20336016496961615,0.19796015647997003,0.19221927305883318,0.18612110783355448,0.17963733923569156,0.057219177377889244
85800.0,0.24338819500429287,0.2432041003857726,0.24265203169077634,0.24173312895063653,0.24044922247528797,0.23880282179407702,0.23679706606061024,0.23443565249750437,0.2317227392032754,0.22866281529411364,0.22526052795161589,0.22152045118818703,0.21744677412249644,0.21304287597794583,0.20831073871520112,0.2032501222588028,0.19785738384188595,0.1921237450001212,0.18603265782995787,0.17955560500077616,0.05720745966237036
85860.0,0.2432142253835695,0.2430304545885413,0.2424793558959504,0.24156206345874737,0.2402803978572928,0.23863685486215266,0.23663455567221872,0.23427717513707266,0.23156884426901825,0.2285140199993338,0.2251173117276798,0.22138324945136795,0.21731597124124366,0.21291879724958893,0.20819364110947802,0.20314018351756774,0.1977546889599221,0.19202826747729282,0.1859442292380723,0.17947386015282737,0.05719578763971081
85920.0,0.24304057859644435,0.24285713056036373,0.24230699867917008,0.2413913112398158,0.24011187911366288,0.23847118434199657,0.2364723302081542,0.2341189692384528,0.2314152054206599,0.22836546357665216,0.22497431541659016,0.22124624703696089,0.21718534560378822,0.21279487237669603,0.20807667287268627,0.20303034876968548,0.19765207189897566,0.19193284054704107,0.18585582213612145,0.17939210523063928,0.05718415793555269
85980.0,0.24286725403205467,0.24268412769326805,0.2421349594411538,0.2412208717090953,0.23994366568010014,0.23830580969575796,0.2363103891631091,0.2339610343350903,0.2312618222367591,0.22821714565633042,0.2248315387072489,0.22110944369985286,0.21705489703844583,0.2126711012671378,0.20795983399320678,0.20292061807233966,0.19754953275275786,0.19183746430032161,0.18576743667054482,0.17931034092240122,0.057172566992786264
86040.0,0.24269425115266885,0.24251144545223227,0.24196323765502556,0.2410507443533386,0.23977575706254398,0.23814073045421313,0.23614873209845522,0.23380337002484017,0.231108694357714,0.22806906592762563,0.22468898134444676,0.220972839247429,0.21692462542226032,0.21254748387314995,0.20784312449858372,0.20281099151612011,0.19744707164472367,0.1917421388649322,0.18567907305971568,0.17922856806633708,0.057161011089104645
86100.0,0.24252156949278997,0.24233908337429044,0.24179183286542955,0.2408809287299302,0.23960815283632633,0.23797594621594967,0.23598735864146328,0.23364597596922929,0.2309558214850753,0.22792122413815352,0.22454664312827813,0.22083643353903729,0.21679453068050916,0.21242402019088708,0.20772654445519914,0.20270146922507648,0.19734468872905694,0.191646864408015,0.18559073159725972,0.17914678765077446,0.0571494863535036
86160.0,0.24234920865826265,0.24216704106764253,0.24162074468765068,0.24071142446602165,0.2394408526453302,0.23781145664655398,0.23582626848452654,0.2334888518927224,0.23080320338085736,0.22777362009325275,0.2244045239135579,0.22070022648545187,0.21666461278620974,0.21230071025998346,0.20761009396797442,0.20259205135682506,0.19724238419169873,0.1915516411384645,0.18550241265499523,0.17906500081370702,0.05713798878178776
86220.0,0.24217716832538227,0.24199531821076728,0.2414499728067366,0.24054223125767032,0.23927385620115052,0.23764726147780155,0.235665461384386,0.23333199758198894,0.23065083986685364,0.22762625365534997,0.22426262360923702,0.22056421804833587,0.21653487175962643,0.21217755416312412,0.20749377318010018,0.2024827381027034,0.1971401582514062,0.1914564693092308,0.18541411668550717,0.17898320884191096,0.05712651425114025
86280.0,0.2420054482400073,0.24182391455153737,0.24127951697662287,0.2403733488689801,0.23910716328225684,0.2374833605068485,0.23550493716135773,0.23317541288517127,0.23049873082395136,0.2274791247433242,0.22412094217781675,0.2204284082397036,0.21640530766778038,0.2120545520256259,0.2073775822727926,0.2023735296879683,0.19703801116082878,0.19136134921950582,0.1853258442243759,0.17890141316966426,0.05711505853381093
86340.0,0.24183404821667182,0.2416528299063359,0.241109377019258,0.2402047771312424,0.23894077373315814,0.23731975359542423,0.23534469569856037,0.23301909771115414,0.23034687619144636,0.22733223333187105,0.22397947963476228,0.22029279712138108,0.21627592062395917,0.2119317040150274,0.20726152146507534,0.2022644263720328,0.19693594320759145,0.1912662812167857,0.18523759589207775,0.17881961537711522,0.057103617309975964
86400.0,0.2416629681377009,0.24148206415917386,0.24093955282373097,0.2400365159420794,0.2387746874635661,0.23715644066902472,0.23518473694114342,0.2328630520288327,0.23019527596635686,0.22718557945086507,0.2238382360479139,0.22015738480446476,0.21614671078722913,0.21180901034069038,0.2071455910135864,0.20215542844873435,0.1968339547153765,0.19117126569880435,0.1851493723955737,0.17873781718834397,0.05709218617981837
86460.0,0.24149220777015645,0.24131161707909607,0.24077004416505474,0.23986856508651264,0.23860890427264034,0.23699342154519906,0.23502506072945317,0.2327072757059551,0.23004393004869209,0.22703916303774596,0.22369721139761392,0.22002217131773477,0.21601767823959875,0.21168647114010472,0.20702979110837164,0.20204653615194312,0.19673204595955363,0.1910763030388256,0.18506117446122172,0.17865602039597228,0.05708076171359786
86520.0,0.24132176619832854,0.241141487754092,0.24060085014232735,0.23970092368217413,0.23844342330399826,0.2368306954010335,0.2348656662815682,0.23255176800916957,0.2298928377613224,0.22689298347934686,0.22355640514242286,0.21988715619894653,0.21588882260430123,0.21156408612528568,0.20691412154821387,0.2019377493602952,0.1966302169012552,0.19098139334776745,0.18497300261668706,0.1785742265354813,0.057069344560061935
86580.0,0.24115164233441994,0.2409716751004938,0.24043196968427258,0.23953359067844915,0.23827824353596533,0.23666826125208215,0.23470655265856805,0.23239652805339475,0.22974199828134642,0.2267470400233095,0.22341581660881454,0.21975233886125956,0.21576014338767516,0.21144185489915526,0.20679858203098503,0.2018290678614885,0.19652846742602648,0.19088653668684175,0.18488485736326055,0.1784924369325454,0.057057936306526766
86640.0,0.24098183509560522,0.2408021780395878,0.24026340172451977,0.23936656502954576,0.2381133639515729,0.23650611811845182,0.23454771892589807,0.23224155495769203,0.22959141078974382,0.22660133192084309,0.22327544512643097,0.21961771872045247,0.21563164009790714,0.21131977706551933,0.20668317225475946,0.201720491444646,0.19642679742751368,0.19079173314054163,0.18479673922487677,0.1784106527707497,0.05704653844073552
86700.0,0.2408123434040045,0.24063299549759035,0.24009514520157868,0.23919984569447,0.23794878353853352,0.236344265024779,0.23438916415334626,0.23208684784524403,0.22944107447135317,0.22645585842669877,0.22313529002805021,0.2194832951948857,0.21550331224500457,0.2111978522291047,0.206567891918032,0.201612019900869,0.19632520680812526,0.1906969828145942,0.18470864873543125,0.17832887511008821,0.05703515235564271
86760.0,0.24064316618665915,0.24046412640562237,0.23992719905881474,0.23903343163700116,0.23778450128921574,0.2361827010002057,0.23423088741502074,0.23193240584333133,0.22929098851484833,0.22631061879914313,0.222995350649555,0.21934906770546725,0.2153751593407752,0.21107607999560765,0.2064527407199481,0.2015036530237531,0.19622369547940646,0.19060228583339422,0.18462058642944534,0.1782471049026552,0.05702377935409361
86820.0,0.2404743023755062,0.2402955696996842,0.23975956224442377,0.23886732182566645,0.23762051620062094,0.2360214250783565,0.23407288778932697,0.23177822808331044,0.22914115211271543,0.22616561229993276,0.2228556263299024,0.21921503567562015,0.21524718089881392,0.210954459971755,0.20633771836054166,0.20139539060984937,0.19612226336214766,0.19050764233723363,0.18453255283526704,0.17816534300603845,0.0570124206533786
86880.0,0.24030575090735337,0.2401273243206309,0.23959223371140756,0.2387015152337176,0.23745682727435916,0.23586043629731454,0.2339151643589446,0.23162431370059092,0.22899156446122917,0.22602083819428753,0.22271611641109298,0.21908119853125343,0.2151193764344952,0.2108329917653751,0.2062228245409731,0.2012872324590566,0.196020910386262,0.19041305247953477,0.1844445484701984,0.1780835901948149,0.0570010773896467
86940.0,0.24013751072385425,0.2399593892141471,0.23942521241754902,0.23853601083910567,0.23729343351662466,0.23569973369959854,0.23375771621080543,0.23147066183461362,0.22884222476042915,0.22587629575086396,0.2225768202381423,0.21894755570073463,0.21499174546497266,0.21071167498547827,0.2061080589637626,0.201179178374941,0.1959196364904742,0.1903185164242064,0.1843565738370854,0.17800184717046846,0.056989750622169745
87000.0,0.23996958077148398,0.23979176333072277,0.23925849732538781,0.23837080762445734,0.23713033393817257,0.23553931633213968,0.23360054243606984,0.23131727162882668,0.22869313221409637,0.22573198424172963,0.22243773715905105,0.21881410661486703,0.21486428750918474,0.21059050924234418,0.20599342133301166,0.20107122816497716,0.19581844162186474,0.19022403434319826,0.18426862942201683,0.17792011456998827,0.05697844133744891
87060.0,0.23980196000151405,0.2396244456256286,0.23909208740219573,0.23820590457705043,0.23696752755429565,0.2353791832462584,0.233443642130105,0.23116414223066456,0.22854428602972943,0.2255879029423368,0.22229886652477884,0.2186808507068684,0.21473700208786697,0.2104694941476135,0.20587891135460884,0.20096338164071648,0.19571732573530976,0.1901296064142881,0.18418071569286473,0.17783839297335413,0.056967150453160705
87120.0,0.23963464736998832,0.239457435058891,0.23892598161995252,0.23804130068879015,0.2368050133847998,0.23521933349764135,0.23328701439246166,0.2310112727915231,0.2283956854185202,0.2254440511314966,0.22216020768921732,0.21854778741235403,0.21460988872356798,0.21034862931438136,0.2057645287364182,0.20085563861788502,0.19561628879284734,0.19003523281911597,0.18409283309845878,0.17775668291008007,0.05695587882194067
87180.0,0.2394676418376985,0.239290730595269,0.23876017895532228,0.23787699495618503,0.23664279045398148,0.23505976614631843,0.23313065832685198,0.23085866246673908,0.22824732959533084,0.22530042809135384,0.22202176000916524,0.21841491616932202,0.21448294694067188,0.21022791435729302,0.2056502731884436,0.20074799891641734,0.19551533076300595,0.1899409137414602,0.18400498206823848,0.17767498486495306,0.05694462723500443
87240.0,0.23930094237016014,0.2391243312042286,0.23859467838962856,0.23771298638032368,0.2364808577906036,0.23490048025663998,0.23297457304112634,0.23070631041556525,0.22809921777866857,0.22515703310736115,0.22188352284430513,0.2182822364181431,0.21435617626542394,0.21010734889263616,0.2055361444229705,0.2006404623604351,0.19541445162011134,0.189846649365748,0.18391716301226171,0.17759329928308484,0.056933396425608344
87300.0,0.239134547937588,0.23895823585992024,0.23842947890883143,0.23754927396685102,0.23631921442787354,0.2347414748972542,0.2328187576472515,0.23055421580114915,0.22795134919066337,0.22501386546825486,0.22174549555718084,0.21814974760155184,0.21422957622595842,0.2099869325384313,0.2054221421546845,0.2005330287781763,0.19531365134359646,0.18975243987578275,0.18382937632147667,0.17751162657436687,0.05692218707235114
87360.0,0.23896845751487303,0.2387924435411538,0.23826457950350308,0.2373858567259448,0.23615785940341877,0.2345827491410842,0.23266321126128758,0.23040237779050948,0.22780372305704338,0.22487092446603166,0.22160767751317795,0.21801744916464105,0.21410314635233135,0.20986666491451636,0.20530826610076613,0.2004256980018857,0.1952129299173254,0.18965828545366806,0.1837416223681842,0.17742996711741282,0.056910999802320755
87420.0,0.23880267008155728,0.23862695323137578,0.2380999791688044,0.23722273367229219,0.23599679175926502,0.2344243020653058,0.2325079330033661,0.2302507955545134,0.2276563386071122,0.22472820939592378,0.22147006808050396,0.2178853405548593,0.21397688617655128,0.2097465456426262,0.2051945159809609,0.20031846986767035,0.19511228732894323,0.18956418627891136,0.18365390150663788,0.17734832126305383,0.05689983519408959
87480.0,0.23863718462181185,0.2384617639186441,0.23793567690446168,0.23705990382506648,0.23583601054181244,0.23426613275132427,0.2323529219976675,0.23009946826785416,0.2275091950737247,0.22458571955637743,0.22133266663017076,0.21775342122201025,0.21385079523261408,0.20962657434646484,0.20508089151762893,0.20021134421533093,0.19501172356925886,0.18947014252768501,0.18356621407373583,0.17726668933744175,0.05688869378056299
87540.0,0.23847200012441164,0.2382968745956067,0.2377716717147429,0.23689736620790436,0.23567551480181378,0.23410824028475266,0.2321981773723974,0.22994839510902781,0.22736229169326516,0.22444345424903034,0.22119547253597965,0.2176216906182543,0.21372487305653703,0.20950675065176957,0.2049673924357734,0.20010432088817182,0.19491123863166687,0.18937615437222838,0.18347856038977622,0.17718507164481093,0.056877576051684885
87600.0,0.23830711558271284,0.23813228425947638,0.23760796260843478,0.23673511984888249,0.23551530359435083,0.23395062375538858,0.2320436982597659,0.22979757526031144,0.22721562770562329,0.22430141277869026,0.22105848517450602,0.21749014819811077,0.21359911918639038,0.20938707418636887,0.20485401846305035,0.19999739973279876,0.19481083251160955,0.1892822219803715,0.1833909407592464,0.17710346846993694,0.05686648245700623
87660.0,0.23814252999462932,0.2379679919120082,0.23744454859881955,0.2365731637804949,0.2353553759788123,0.23379328225719265,0.23188948379596494,0.22964700790773987,0.22706920235417288,0.22415959445331518,0.22092170392508628,0.21735879341846392,0.21347353316233073,0.20926754458022967,0.2047407693297606,0.1998905805989062,0.19471050520608238,0.18918834551516692,0.1833033554716299,0.1770218800803311,0.05685541340812076
87720.0,0.23797824236260945,0.23780399655947634,0.23728142870365207,0.23641149703963033,0.2351957310188714,0.23363621488826544,0.2317355331211455,0.2294966922410842,0.2269230148857492,0.22401799858399327,0.22078512816980736,0.2172276257385673,0.2133481145266312,0.20914816146549886,0.20462764476882853,0.1997838633390608,0.19461025671318322,0.1890945251346129,0.18321580480221616,0.1769403067281976,0.05684436928097329
87780.0,0.23781425169361342,0.237640297212651,0.2371186019451365,0.23625011866754922,0.2350363677824631,0.23347942075082592,0.23158184537939616,0.2293466274538289,0.2267770645506276,0.22387662448492388,0.22064875729349423,0.21709664462005035,0.21322286282370934,0.20902892447653335,0.20451464451576548,0.19967724780848317,0.19451008703170256,0.1890007609914557,0.18312828901290076,0.17685874865218257,0.05683335041804561
87840.0,0.2376505569990893,0.23747689288677545,0.23695606734990443,0.23608902770986157,0.23487728534176225,0.2333228989511892,0.2314284197187202,0.22919681274314987,0.22663135060250203,0.22373547147339976,0.22051259068370174,0.216965849526926,0.21309777760015364,0.2089098332499264,0.20440176830862303,0.19957073386483104,0.19440999616075655,0.18890705323306137,0.18304080835297004,0.17677720607893743,0.05682235713042522
87900.0,0.23748715729495098,0.2373137826015432,0.23679382394899112,0.23592822321650422,0.23471848277316093,0.23316664859974423,0.23127525529101445,0.22904724730989315,0.22648587229846415,0.22359453886978967,0.22037662773070632,0.21683523992559692,0.21297285840474695,0.208790887424522,0.20428901588793688,0.19946432136798775,0.19430998409945782,0.18881340200134325,0.1829533630598623,0.17669567922451596,0.05681138969976152
87960.0,0.2373240516015552,0.23715096538107538,0.2366318707778136,0.23576770424171828,0.23455995915724695,0.233010668810932,0.23112235125204694,0.22889793035855305,0.22634062889898376,0.2234538259975218,0.22024086782749747,0.21670481528486318,0.21284810478848637,0.20867208664142492,0.2041763869966622,0.19935801017985574,0.1942100508466251,0.18871980743273967,0.18286595335990213,0.17661416829562343,0.0568004483801152
88020.0,0.23716123894367902,0.23698844025389795,0.23647020687614803,0.23560746984402736,0.23440171357878054,0.23285495870322348,0.23096970676143513,0.22874886109725054,0.2261956196678872,0.22331333218306837,0.22010531036977118,0.2165745750759286,0.2127235163046013,0.2085534305440028,0.20406388138010365,0.19925180016415844,0.1941101964005271,0.18862626965823168,0.1827785794690062,0.1765326734907339,0.056789533399704856
88080.0,0.23699871835049724,0.2368262062529199,0.23630883128810776,0.23544751908621503,0.2342437451266738,0.23269951739909853,0.23081732098262492,0.22860003873771242,0.22605084387233954,0.2231730567559296,0.2199699547559243,0.2164445187724078,0.21259909250856815,0.2084349187778825,0.2039514987858391,0.1991456911862498,0.19401042075865851,0.18853278880339552,0.182691241593356,0.17645119500108863,0.05677864496255615
88140.0,0.2368364888555597,0.23666426241540994,0.23614774306212016,0.23528785103530309,0.23408605289396858,0.23254434402502286,0.23066519308286834,0.22845146249525025,0.22590630078282467,0.22303299904861978,0.21983480038704772,0.21631464585033175,0.21247483295812078,0.20831655099094054,0.20383923896364067,0.19903968311293502,0.19391072391754746,0.188439364988482,0.18260393993003937,0.1763697330115882,0.05676778325005773
88200.0,0.2366745494967697,0.23650260778297463,0.23598694125090544,0.2351284647625294,0.23392863597781355,0.23238943771142778,0.23051332223320262,0.22830313158873977,0.22576198967312672,0.2228931583966538,0.21969984666692155,0.21618495578815217,0.2123507372132594,0.208198326833288,0.20372710166539326,0.19893377581229996,0.19381110587258957,0.18834599832852053,0.18251667466765817,0.1762882877015892,0.056756948422428864
88260.0,0.2365128991532036,0.23634124123877404,0.23582642474987325,0.23496935918370448,0.23377149332254435,0.23223479743925254,0.23036170745917006,0.2281550450961973,0.2256179096814004,0.2227535340056989,0.2195650928757795,0.21605544794757567,0.21222680472451927,0.2080802458532274,0.20361508654886648,0.19882796906532044,0.19371156653746577,0.18825268886047794,0.18242944592071692,0.17620685917472995,0.05674614157653035
88320.0,0.23635153608086362,0.2361801610443918,0.2356661918373434,0.23481053260498758,0.2336146232731774,0.23208042160325645,0.23021034721597278,0.2280072015436991,0.22547405941465848,0.22261412457329036,0.21943053781074395,0.2159261212340089,0.21210303451447313,0.20796230720057324,0.2035031929032814,0.19872226231375817,0.19361210551410868,0.18815943633449714,0.1823422535364136,0.17612544717434853,0.05673536734093635
88380.0,0.23619045844579387,0.23601936537165702,0.23550624070248719,0.2346519832443939,0.23345802408797625,0.23192630851321236,0.23005923987594556,0.22785959937690428,0.22533043740225497,0.2224749287223516,0.21929618019765143,0.21579697448518373,0.21197942554190966,0.20784450996543485,0.20339141996211252,0.19861665494686112,0.19351272235374506,0.18806624044963072,0.18225509729505632,0.17604405119490524,0.05672463055215848
88440.0,0.2360296644926476,0.23585885247080213,0.23534656961226513,0.23449370939670774,0.23330169410055424,0.23177245655243012,0.22990838388276436,0.2277122371102494,0.22518704223940908,0.22233594513844432,0.21916201882148825,0.215668006594307,0.21185597681730223,0.20772685328569185,0.20327976700237305,0.1985111463924209,0.19341341663980027,0.18797310092747815,0.18216797696664666,0.17596267058386375,0.05671393528340468
88500.0,0.23586915254376284,0.23569862066954292,0.23518717691051771,0.2343357094325898,0.23314563171900374,0.23161886417691527,0.22975777775064274,0.22756511332618848,0.22504387258649503,0.22219717256911545,0.2190280525258037,0.21553921650954175,0.21173268740235093,0.20760933634658255,0.20316823334422882,0.19840573611640006,0.19331418798735822,0.18788001750988365,0.18208089230464816,0.17588130458611798,0.05670328489832228
88560.0,0.23570892099825932,0.2355386683721784,0.235028061017073,0.23417798179770252,0.2329898354250449,0.23146552991454772,0.22960742006354515,0.22741822667444647,0.22490092716834578,0.222058609823259,0.21889428021213442,0.21541060323349803,0.2116095564095346,0.20749195838030046,0.20305681835061876,0.19830042362254263,0.19321503604248436,0.18778698995664606,0.18199384304385202,0.17579995238183455,0.05669268210161687
88620.0,0.23554896833115155,0.23537899405870727,0.23486922042687522,0.2340205250118525,0.23283430377319003,0.23131245236427414,0.229457309474414,0.22727157587128996,0.2247582047735719,0.22192025577049007,0.21876070083944052,0.21528216582273357,0.2114865830016699,0.20737471866559565,0.2029455214268763,0.1981952084519595,0.19311596048144822,0.18769401804352698,0.18190682890118645,0.17571861311872286,0.056682128986683074
88680.0,0.23538929309248,0.23521959628396225,0.23471065370912658,0.23386333766814932,0.23267903538992524,0.23115963019531777,0.22930744470441472,0.2271251596988116,0.22461570425389366,0.22178210934053288,0.21862731342355426,0.21515390338726356,0.21136376639147628,0.20725761652738073,0.20283434202035136,0.19809009018268567,0.1930169610098963,0.18760110156069904,0.18181984957860087,0.17563728593957068,0.056671627080384465
88740.0,0.2352298939064571,0.23506047367675895,0.23455235950644673,0.23370641843218057,0.23252402897290533,0.23100706214640152,0.22915782454219183,0.22697897700422773,0.2244734245234866,0.22164416952261812,0.21849411703663676,0.21502581509007881,0.2112411058411498,0.20714065133634157,0.20272327962002848,0.1979850684292133,0.1929180373620227,0.18750824031170107,0.18173290476737097,0.1755559700057297,0.05666117738511941
88800.0,0.23507076947062827,0.23490162493906044,0.23439433653404604,0.23354976604120012,0.23236928329016485,0.2308547470249856,0.22900844784314067,0.22683302669918926,0.22433136455833766,0.22150643536489392,0.21836111080664672,0.21489790014667154,0.21111860066193844,0.20702382250855106,0.20261233375614043,0.19788014284200495,0.19281918929978098,0.18741543411291045,0.1816459941533363,0.17547466451713162,0.056650780418308753
88860.0,0.23491191855504806,0.23474304884515562,0.2342365835789128,0.23339337930332982,0.23221479717934032,0.23070268370651714,0.22885931352868968,0.22668730775910334,0.2241895233956134,0.22136890597384526,0.2182282939168155,0.2147701578245684,0.2109962502137271,0.2069071295050838,0.20250150399977634,0.19777531310699648,0.19272041661217373,0.18732268279350747,0.18155911742270017,0.17539336872931108,0.05664043624943758
88920.0,0.23475334000146694,0.23458474424085016,0.2340790994990132,0.23323725709677523,0.2320605695469062,0.2305508711336924,0.2287104205855952,0.22654181922246683,0.224047900133038,0.2212315805137228,0.21809566560513233,0.21464258744286985,0.21087405390462333,0.2067905718316328,0.20239078996248527,0.1976705789450984,0.1926217191146444,0.18722998619588796,0.18147227426811877,0.17531208196784392,0.05663014453478109
88980.0,0.23459503272253335,0.2344267100426701,0.23392188322250376,0.23308139836905134,0.23190659936742175,0.23039930831572988,0.228561768065247,0.22639656019021004,0.22390649392828169,0.22109445820598128,0.2179632251638348,0.21451518837179467,0.21075201119054865,0.2066741490381252,0.2022801912958744,0.19756594011170545,0.19252309664859069,0.18713734417647107,0.18138546439487646,0.1752308036405433,0.05661990454994036
89040.0,0.2344369957010036,0.23426894523707548,0.23376493374695378,0.23292580213622105,0.23175288568278837,0.23024799432765394,0.22841335508298283,0.22625152982504884,0.22376530399835692,0.2209575383287252,0.2178309719389082,0.21438796003223046,0.21063012157483152,0.2065578607183391,0.20216970769120565,0.19746139639622462,0.19242454908101098,0.18704475660684416,0.18129868752700012,0.17514953324770646,0.056609715220309755
89100.0,0.23427922798896517,0.23411144887968655,0.23360825013857958,0.23277046748214192,0.23159942760151772,0.23009692830958758,0.22826518081741284,0.22610672735084697,0.22362432961902304,0.22082082021616098,0.21769890532958963,0.21426090189528804,0.21050838460780322,0.20644170650951849,0.20205933887899177,0.19735694762162972,0.19232607630428683,0.18695222337518796,0.18121194341320296,0.17506827039066353,0.05659957514959258
89160.0,0.2341217287070675,0.23395422009451688,0.2334518315314865,0.23261539355772354,0.23144622429800768,0.22994610946605415,0.2281172445097529,0.22596215205198505,0.22348357012419795,0.22068430325805724,0.21756702478787732,0.2141340134818596,0.21038679988639533,0.20632568609198915,0.2019490846285945,0.19725259364404862,0.192227678236103,0.1868597443879264,0.18112523183258253,0.1749870147788433,0.05658948264647806
89220.0,0.23396449704376301,0.2337972580732172,0.2332956771269206,0.23246057958019226,0.23129327501182684,0.22979553706528708,0.22796954546316417,0.2258178032727375,0.22334302490537797,0.22054798689920985,0.21743532981804473,0.2140072943621792,0.21026536705373824,0.2062097991887724,0.20183894474782768,0.19714833435239165,0.19212935481949814,0.18676731957155152,0.18103855260002313,0.17490576623554205,0.05657943574958736
89280.0,0.23380753225455475,0.23364056207432626,0.23313978619252865,0.23230602483236532,0.23114057904700702,0.22964521043854705,0.22782208304210075,0.2256736804166558,0.2232026934110602,0.2204118706389121,0.2173038199761597,0.21388074415538827,0.21014408579876048,0.20609404556520008,0.2017289190825682,0.19704416966802318,0.19203110602304177,0.18667494887457717,0.180951905571266,0.17482452470255752,0.056569432250791515
89340.0,0.23365083366125217,0.23348413142252938,0.23298415806162362,0.2321517286619296,0.23098813577134292,0.22949512897944482,0.22767485667166307,0.22552978294595696,0.22306257514617425,0.22027595403042952,0.21717249486960494,0.2137543625290995,0.21002295585578828,0.20597842502852945,0.20161900751637574,0.19694009954448163,0.19193293184112664,0.18658263226958038,0.18086529064762827,0.17474329024382707,0.056559469717
89400.0,0.23349440065123342,0.23332796550792265,0.23282879213245752,0.2319976904807281,0.23083594461569543,0.22934529214327104,0.22752786583695633,0.22538611038091805,0.22292266967151556,0.22014023668047822,0.2170413541566032,0.21362814919896508,0.20990197700414528,0.20586293742755934,0.20150920997012642,0.19683612396724678,0.19183483229436457,0.18649036975529548,0.18077870778036173,0.1746620630481927,0.056549545510512986
89460.0,0.233338232676712,0.23317206378528268,0.23267368786749992,0.2318439097640516,0.23068400507330314,0.2291956994463299,0.227381110082455,0.22524266229927398,0.2227829766031836,0.22000471824870704,0.21691039754574387,0.2135021039282445,0.20978114906775222,0.20574758265224824,0.20139952640166026,0.19673224295355954,0.1917368074300771,0.18639816135872903,0.18069215697464916,0.1745808434314004,0.05653965680802711
89520.0,0.23318232925401,0.23301642577334253,0.2325188447927202,0.23169038604993494,0.2305323166990964,0.2290463504652782,0.2272345890113696,0.22509943833562088,0.2226434956120243,0.21986939844718198,0.21677962479551066,0.21337622652737281,0.20966047191472625,0.20563236063333432,0.20128995680544465,0.19662845655228917,0.19163885732286523,0.1863060071372701,0.18060563829324053,0.17449963183742495,0.05652980061837902
89580.0,0.23302668996283435,0.23286105105407093,0.23236426249687614,0.2315371189384569,0.2303808791090164,0.22889724483646703,0.22708830228501833,0.2249564381808201,0.22250422642307205,0.21973427703987128,0.21664903571381072,0.21325051685352883,0.20953994545697954,0.20551727134195946,0.20118050121225614,0.19652476484385015,0.19154098207524967,0.18621390718077205,0.18051915185973993,0.17441842883920655,0.05651997379910666
89640.0,0.23287131444555698,0.2327059392719543,0.23220994063080264,0.23138410809104437,0.2302296919793366,0.22874838225528804,0.22694224962220133,0.22481366158140692,0.22236516881499796,0.21959935384213444,0.2165186301575043,0.21312497481020318,0.20941956964981867,0.20540231478929682,0.20107115968887995,0.19642116794016434,0.19144318181836686,0.18612186161358765,0.18043269786155022,0.1743372351388659,0.05651017307190477
89700.0,0.23271620240649799,0.23255109013328276,0.23205587890670662,0.23123135322977773,0.23007875504598715,0.22859976247551994,0.22679643079857653,0.22467110833899923,0.2222263226195562,0.2194646287202092,0.21638840803193402,0.21299960034676493,0.2092993444915429,0.20528749102618268,0.2009619323378298,0.1963176659846684,0.19134545671271128,0.18602987059654255,0.18034627655249183,0.17425605156746646,0.05650039503704604
89760.0,0.23256135361121003,0.2323965034054378,0.2319020770974611,0.23107885413669993,0.22992806810388153,0.2284513853086782,0.22665084564603719,0.22452877830970988,0.2220876877210321,0.21933010159070082,0.2162583692904539,0.2128743934580282,0.2091792700230411,0.20517280014275496,0.2008528192970874,0.19621425915235954,0.19124780694891244,0.18593793432883207,0.18025988825510805,0.17417487908437543,0.056490636186836224
89820.0,0.23240676788576614,0.23224217891618149,0.23174853503590326,0.23092661065312564,0.22977763100624302,0.22830325062336623,0.22650549405209072,0.22438667140355573,0.22194926405569082,0.2191957724200695,0.2161285139339566,0.2127493541838161,0.20905934632739173,0.2050582422680955,0.20074382073986077,0.1961109476498812,0.19115023274853613,0.18584605304983362,0.18017353336267153,0.1740937187762761,0.05648089291816705
89880.0,0.23225244511604554,0.23208811655294617,0.23159525261413055,0.23077462267895119,0.22962744366393392,0.22815535834462558,0.22636037595923725,0.22424478758387117,0.22181105161122555,0.2190616412241175,0.21599884201039976,0.21262448260852354,0.2089395735294591,0.20494381756987953,0.20063493687436318,0.19600773171563976,0.19105273436490067,0.1857542270408255,0.18008721234090902,0.17401257185587257,0.05647116154422742
89940.0,0.23209838524702267,0.23193431626212432,0.23144222978279913,0.23062289017196547,0.22947750604478284,0.22800770845328672,0.2262154913643483,0.22410312686671818,0.22167305042620375,0.21892770806747555,0.21586935361433066,0.21249977886067725,0.20881995179549148,0.2048295262540322,0.20052616794361086,0.19590461161995223,0.19095531208389946,0.18566245662660458,0.1800009257294568,0.17393143966032693,0.056461438305429885
90000.0,0.23194458828205353,0.2317807780483584,0.23128946655042126,0.2304714131471594,0.22932781817291253,0.22786030098531965,0.2260708403180442,0.22396168932029573,0.22153526058951387,0.21879397306308504,0.21574004888640766,0.21237524311249595,0.20870048133271962,0.2047153685643906,0.20041751422523793,0.19580158766521893,0.1908579662248223,0.18557074217700115,0.17991467414306558,0.1738503236494612,0.056451719379606295
90060.0,0.2317910541251474,0.23162750181718128,0.23113696282710777,0.2303201915222965,0.22917837997684815,0.2277131358831706,0.22592642277992245,0.22382047492468773,0.2213976821052176,0.21866043624269443,0.21561092789001413,0.21225087546302895,0.20858116227935772,0.20460134467983482,0.20030897593598285,0.19569866009796652,0.19076069706006216,0.18547908403388738,0.17982845820412546,0.17376922533022565,0.056442001837818556
90120.0,0.2316377820916369,0.23147448688682234,0.23098471793977668,0.23016922463876235,0.22902919081820147,0.22756621253440876,0.2257822381692103,0.22367948313646094,0.22126031447290317,0.218527097154623,0.21548199022790762,0.2121266755749564,0.2084619943625798,0.20448745439420807,0.20020055293404743,0.19559582883384388,0.19066350456249512,0.18538748227965593,0.17974227832519288,0.1736881459448127,0.05643228646416751
90180.0,0.23148477134797318,0.23132173242697135,0.23083273106783114,0.23001851169212723,0.22888024991512812,0.22741953018614589,0.22563828576829353,0.22353871327953898,0.22112315706425956,0.21839395522452276,0.21535323538581974,0.21200264299986651,0.20834297720454256,0.20437369740243788,0.20009224498503012,0.19549309370351395,0.19056638863186648,0.18529593694406685,0.1796561348848337,0.17360708654337026,0.056422574876407415
90240.0,0.23133202106428305,0.23116923761098057,0.23068100139429543,0.22986805188151285,0.22873155648923846,0.22727308808882532,0.22549456486273972,0.22339816468085516,0.2209862092537869,0.2182610098806252,0.21522466285177252,0.21187877729123858,0.20822411042872044,0.20426007340002716,0.19998405185453774,0.1953904545385368,0.19046934917409591,0.185204448075462,0.17957002827984342,0.17352604805313568,0.05641286857970287
90300.0,0.2311795304143513,0.2310170016158459,0.23052952810579627,0.22971784440957463,0.2285831097655798,0.22712688549620502,0.22535107474128363,0.22325783667033722,0.22084947041878158,0.21812826055372458,0.215096272116055,0.21175507800441545,0.20810539365988373,0.2041465820830759,0.19987597330834458,0.19528791117179706,0.1903723861018132,0.18511301573916716,0.1794839589148266,0.17344503129467012,0.05640316897326808
90360.0,0.23102729857560095,0.23086502362218797,0.23037831039254397,0.22956788848248297,0.22843490897261953,0.22698092166534106,0.2252078146958105,0.22311772858089168,0.22071293993932015,0.21799570667715987,0.21496806267120258,0.2116315446965781,0.2079868265240813,0.20403322314831346,0.19976800911256284,0.19518546343790472,0.1902754993346759,0.1850216400154701,0.1793979271945007,0.1733640369956868,0.0563934773567076
90420.0,0.23087532472907524,0.23071330281423394,0.23022734744831438,0.22941818330990557,0.22828695334222765,0.22683519585657036,0.22506478402134011,0.22297783974838847,0.22057661719824384,0.21786334768679624,0.2148400340119743,0.2115081769267213,0.20786840864862702,0.20391999629313945,0.19966015903382037,0.19508311117355637,0.1901786887994805,0.18493032099742357,0.17931193351808217,0.1732830658028838,0.056383794936056796
90480.0,0.230723608059419,0.23056183837979874,0.2300766384704304,0.22926872810498997,0.22813924210965858,0.22668970733349422,0.22492198201601168,0.22283816951164587,0.22044050158114256,0.2177311830210083,0.21471218563533184,0.2113849742556313,0.20775013966209316,0.20380690121567316,0.19955242283943886,0.1949808542178472,0.1900819544300913,0.18483905878863569,0.1792259782752628,0.1732021182921218,0.05637412282952404
90540.0,0.23057214775485999,0.2304106295102671,0.2299261826597442,0.2291195220843451,0.22799177451353467,0.22654445536296222,0.22477940798106688,0.22269871721241483,0.22030459247633902,0.21759921212066113,0.21458451704041834,0.21126193624586556,0.2076320191943063,0.20369393761480992,0.19944480029760983,0.19487869241252792,0.1899852961672217,0.1847478535011516,0.17914006184340123,0.17312119497720785,0.05636446207293943
90600.0,0.23042094300719027,0.2302596754005751,0.2297759792206187,0.22897056446802352,0.22784454979582866,0.22639943921505523,0.224637061220835,0.22255948219536298,0.22016888927487216,0.2174674344290925,0.21445702772853825,0.21113906246173428,0.20751404687634908,0.20358110519028302,0.1993372911775646,0.1947766256022038,0.18988871395809656,0.18465670525348343,0.17905418458564057,0.17304029631751297,0.05635481362491677
90660.0,0.23026999301174897,0.23010897524919127,0.22962602736090967,0.22882185447950468,0.22769756720184708,0.2262546581630692,0.22449494104271614,0.22242046380805963,0.2200333913704811,0.21733584939209427,0.21432971720313693,0.2110163524692843,0.2073962223405667,0.20346840364272972,0.19922989524973264,0.19467465363447817,0.18979220775602984,0.18456561416882428,0.17896834684973065,0.17295942272459447,0.05634517837173718
90720.0,0.23011929696740377,0.22995852825809984,0.22947632629194822,0.2286733913456768,0.22755082598021306,0.22611011148349883,0.22435304675716677,0.22228166140095992,0.21989809815958866,0.21720445645789524,0.21420258496978178,0.2108938058362851,0.20727854522057618,0.20335583267375942,0.19912261228588682,0.19457277636004128,0.18969577751994207,0.18447458037345452,0.17888254896738318,0.17287857456797587,0.056335557131963844
90780.0,0.22996885407653175,0.2298083336327821,0.22932687522852335,0.22852517429681923,0.2274043253828494,0.22596579845602158,0.22421137767768282,0.22214307432738892,0.21976300904128496,0.21707325507714237,0.214075630536145,0.21077142213221697,0.2071610151512809,0.20324339198602392,0.19901544205927388,0.194470993632711,0.18959942321384024,0.1843836039953446,0.17879679125402861,0.17279775218020327,0.05632595066079732
90840.0,0.22981866354500355,0.22965839058219834,0.2291776733888636,0.22837720256658647,0.227258064664962,0.2258217183634806,0.22406993312078408,0.22200470194352598,0.21962812341731144,0.21694224470288434,0.21394885341198452,0.21064920092826214,0.2070436317688868,0.20313108128328602,0.19890838434472793,0.19436930530942784,0.18950314480628225,0.1842926851629445,0.17871107400887215,0.17271695586128072,0.056316359654182586
90900.0,0.22966872458216395,0.22950869831877121,0.2290287199946198,0.22822947539198954,0.22711204308502286,0.22567787049186996,0.22392871240599893,0.22186654360838942,0.21949344069204393,0.21681142479055293,0.21382225310912908,0.21052714179729698,0.20692639471092222,0.2030189002704867,0.19880143891876595,0.19426771125021508,0.18940694226983631,0.18420182400414925,0.17862539751517023,0.17263618588256935,0.05630678475267843
90960.0,0.2295190364008151,0.2293592560583665,0.22888001427084798,0.22808199201337964,0.22696625990475405,0.22553425413031733,0.22378771485584856,0.22172859868382008,0.21935896027247617,0.21668079479794694,0.2136958291414623,0.21040524431388657,0.20680930361625896,0.20290684865381023,0.1986946055596661,0.19416621131810277,0.1893108155805512,0.18411102064542484,0.17853976204066668,0.17255544249022012,0.05629722654509924
91020.0,0.22936959821719807,0.22921006302027674,0.22873155544599139,0.22793475167443142,0.22682071438911064,0.22539086857106866,0.22364693979583092,0.2215908665344661,0.21922468156820435,0.21655035418521526,0.21356958102490886,0.21028350805428167,0.2066923581251355,0.20279492614074404,0.1985878840475288,0.19406480537902698,0.1892147647174446,0.1840202752110812,0.17845416783814133,0.17247472590820462,0.05628768557194132
91080.0,0.22922040925097625,0.2290611184272039,0.22858334275186426,0.2277877536221258,0.22667540580626477,0.22524771310947206,0.22350638655440516,0.2214533465277668,0.21909060399141003,0.21642010241484047,0.2134435082774215,0.21016193259641705,0.2065755578791814,0.2026831324401353,0.19848127416432096,0.19396349330170723,0.1891187896620153,0.1839295878226727,0.1783686151460352,0.1723940363409903,0.05627816232860265
91140.0,0.22907146872521775,0.22891242150524135,0.22843537542363407,0.22764099710673294,0.22653033342758905,0.22510478704396164,0.22336605446297592,0.22131603803393718,0.21895672695684446,0.21629003895162327,0.2133176104189679,0.21004051751991137,0.20645890252144036,0.20257146726224165,0.19837477569390433,0.193862274957508,0.18902289039778433,0.18383895859851682,0.1782831041891236,0.17231337397590707,0.05626865726840825
91200.0,0.2289227758663773,0.22876397148385713,0.22828765269980425,0.22749448138179632,0.22638549652764028,0.22496208967604156,0.22322594285587796,0.22117894042595226,0.21882304988181242,0.21616016326266743,0.21319188697152092,0.20991926240606812,0.2063423916963956,0.2024599303187766,0.1982683884220498,0.19376115022028745,0.18892706690986932,0.18374838765331072,0.17819763517921514,0.17223273898524322,0.05625917080544977
91260.0,0.2287743299042806,0.22861576759587662,0.22814017382219828,0.22734820570411504,0.22624089438414297,0.22481962031027108,0.22308605107036003,0.22104205307953106,0.2186895721861571,0.21603047481736454,0.2130663374590478,0.20979816683787908,0.20622602504999385,0.2023485213229483,0.1981621121364384,0.1936601189662379,0.1888313191845905,0.18365787509783854,0.17811220831586333,0.17215213152810074,0.056249703317250016
91320.0,0.22862613007210583,0.22846780907746575,0.22799293803594178,0.22720216933372878,0.22609652627797397,0.22467737825424766,0.22294637844657017,0.22090537537312124,0.21855629329224366,0.21590097308738013,0.21294096140750152,0.2096772304000269,0.2061098022296671,0.20223723998949375,0.19805594662664988,0.19355918107372266,0.18873564720911115,0.18356742103875298,0.17802682378707377,0.17207155175204192,0.05624025514726165
91380.0,0.22847817560636743,0.22832009516811377,0.22784594458944674,0.2270563715339,0.22595239149314575,0.22453536281859182,0.2228069243275391,0.22076890668788368,0.21842321262494466,0.2157716575466399,0.2128157583448119,0.20955645267888892,0.20599372288435525,0.20212608603470555,0.19794989168414162,0.1934583364231089,0.1886400509711126,0.18347702557842252,0.17794148177000313,0.1719909997945468,0.05623082660720914
91440.0,0.22833046574689922,0.2281726251106172,0.22769919273439393,0.22691081157109796,0.22580848931679076,0.2243935733169314,0.22266768805916562,0.22063264640767705,0.21829032961162467,0.21564252767131636,0.212690727800879,0.2094358332625429,0.2058777866645262,0.20201505917645363,0.19784394710221834,0.19335758489660335,0.18854453045850017,0.1833866888148351,0.1778561824316377,0.17191047578430807,0.0562214179792827
91500.0,0.2281829997368372,0.22802539815106188,0.22755268172571724,0.22676548871498364,0.22566481903914498,0.22425200906588572,0.22252866899020057,0.22049659391904225,0.21815764368212573,0.2155135829398164,0.21256586930756619,0.2093153717407708,0.2057619932221939,0.20190415913420134,0.19773811267599312,0.19325692637808906,0.18844908565914184,0.1832964108415481,0.17777092592945087,0.17182997984237766,0.056212029518192715
91560.0,0.22803577682260304,0.2278784135388076,0.22740641082158702,0.22662040223839172,0.22552137995353308,0.22411066938505048,0.22238986647223172,0.22036074861118757,0.2180251542687523,0.21538482283276927,0.2124411823986942,0.2091950677050651,0.20564634221093503,0.20179338562901555,0.19763238820234372,0.1931563607529666,0.1883537165606361,0.18320619174767983,0.17768571241203387,0.17174951208318381,0.05620266145309253
91620.0,0.22788879625388803,0.2277316705264708,0.2272603792833933,0.22647555141731607,0.22537817135635155,0.22396955359698154,0.22225127985966833,0.2202251098759732,0.21789286080625772,0.21525624683301478,0.21231666661003556,0.2090749207486324,0.205530833285904,0.20168273838357179,0.19752677347986217,0.19305588790800093,0.18825842315010813,0.18311603161793202,0.1776005420196991,0.17166907261543243,0.0561933139893776
91680.0,0.22774205728363567,0.22758516836990825,0.22711458637573,0.2263309355308925,0.22523519254705357,0.2238286610271803,0.2221129085097262,0.2200896771078965,0.2177607627318294,0.21512785442559232,0.21219232147931025,0.2089549304664,0.20541546610384473,0.20157221712215548,0.1974212683088002,0.1929555077311752,0.18816320541403175,0.18302593053264288,0.17751541488505282,0.17158866154290536,0.056183987310367736
91740.0,0.22759555916802596,0.22743890632820077,0.22696903136637833,0.22618655386138353,0.22509244282813345,0.22368799100407782,0.22197475178241227,0.21995444970407743,0.21762885948507618,0.21499964509773015,0.21206814654618067,0.20883509645501938,0.20530024032310068,0.201461821570657,0.19731587249101273,0.19285522011154962,0.1880680633380765,0.18293588856785908,0.1774303311335381,0.17150827896516707,0.05617468157887977
91800.0,0.22744930116645867,0.22729288366363767,0.2268237135262915,0.22604240569416248,0.22494992150511042,0.22354754285901915,0.22183680904050918,0.2198194270642437,0.21749715050801405,0.2148716183388352,0.21194414135224807,0.2087154183128706,0.20518515560362352,0.20135155145656503,0.19721058582989806,0.19275502493913108,0.18797299690697597,0.18284590579542934,0.17734529088394752,0.17142792497818893,0.05616539693869715
91860.0,0.22730328254153773,0.2271470996416989,0.22667863212957762,0.22589849031769768,0.2248076278865137,0.22340731592624866,0.22169907964956098,0.2196846085907164,0.21736563524505395,0.21474377364048283,0.21182030544104832,0.2085958956400657,0.2050702116069784,0.20124140650895408,0.19710540813033633,0.19265492210474808,0.18787800610441743,0.18275598228311007,0.1772602942489063,0.17134759967490024,0.05615613351594244
91920.0,0.2271575025590544,0.22700155353104093,0.22653378645348435,0.2257548070235368,0.224665561283867,0.22326730954289506,0.22156156297785798,0.21954999368839562,0.21723431314298802,0.21461611049640858,0.21169663835804872,0.20847652803845265,0.20495540799634773,0.20113138645847048,0.19700033919862844,0.19255491149993542,0.18778309091295017,0.18266611809468447,0.1771753413353252,0.17126730314567568,0.056146891420359106
91980.0,0.22701196048797143,0.22685624460347936,0.22638917577838336,0.22561135510629063,0.22452372101167262,0.22312752304895508,0.22142425839642196,0.21941558176474651,0.21710318365097803,0.21448862840249774,0.21157313965064387,0.20835731511161618,0.20484074443653255,0.20102149103731431,0.19689537884243355,0.19245499301682598,0.18768825131390957,0.18257631329008803,0.17709043224482576,0.17118703547876188,0.056137670746507724
92040.0,0.22686665560040714,0.22671117213397346,0.2262447993877537,0.22546813386361808,0.2243821063873967,0.22298795578727967,0.22128716527899134,0.21928137222978547,0.21697224622054276,0.2143613268567773,0.21144980886815223,0.20823825646488048,0.20472622059395285,0.2009117199792198,0.19679052687070744,0.19235516654805201,0.18759348728735764,0.18248656792554158,0.17700556707413773,0.1711067967606545,0.05612847157488203
92100.0,0.22672158717162022,0.22656633540061066,0.22610065656816725,0.22532514259621114,0.22424071673145374,0.22284860710355847,0.2211502830020069,0.21914736449606617,0.21684150030554591,0.2142342053594074,0.21132664556181327,0.2081193517053093,0.204611836136644,0.20080207301943295,0.19668578309364254,0.19225543198665332,0.18749879881203668,0.1823968820536876,0.17692074591547002,0.1710265870764273,0.05611929397295005
92160.0,0.22657675447999265,0.22642173368459032,0.22595674660927176,0.22518238060777793,0.22409955136719156,0.2227094763463049,0.2210136109445971,0.21901355797866567,0.2167109453621847,0.2141072634126724,0.21120364928478308,0.20800060044170604,0.20449759073425405,0.20069254989468802,0.19658114732260745,0.1921557892259928,0.1874041858653354,0.18230725572373024,0.1768359688568566,0.17094640651002022,0.05611013799612462
92220.0,0.22643215680701512,0.22627736627020845,0.22581306880377655,0.22503984720502937,0.22395860962087594,0.2225705628668417,0.220877148488564,0.21887995209517208,0.2165805808489783,0.2139805005209736,0.21108081959213096,0.20788200228461282,0.20438348405803725,0.20058315034318197,0.19647661937009014,0.1920562381596812,0.1873096484232654,0.1822176889815749,0.1767512359824783,0.1708662551444906,0.05610100368866806
92280.0,0.22628779343727048,0.22613323244484165,0.22566962244743677,0.22489754169766235,0.22381789082167564,0.22243186601928583,0.2207408950183686,0.21874654626567044,0.2164504062267568,0.21385391619082117,0.21095815604083543,0.20776355684630832,0.20426951578084637,0.2004738741045483,0.1963721990496406,0.19195677868150737,0.18721518646044794,0.18212818186996826,0.1766665473729624,0.17078613306223128,0.05609189108453493
92340.0,0.22614366365841904,0.22598933149893238,0.225526406839037,0.22475546339834507,0.22367739430164787,0.22229338516053415,0.2206048499211176,0.2186133399127304,0.21632042095864987,0.2137275099308255,0.2108356581897803,0.20764526374080608,0.2041556855771246,0.2003647209198291,0.19626788617581784,0.19185741068537593,0.1871207999501094,0.18203873442863794,0.17658190310565958,0.17070604034515857,0.0560828002081571
92400.0,0.22599976676118275,0.22584566272597278,0.22538342128037717,0.22461361162270238,0.22353711939572285,0.22215511965024864,0.22046901258654872,0.2184803324613928,0.21619062451007623,0.21360128125169037,0.21071332559974995,0.20752712258384956,0.20404199312289573,0.2002556905314477,0.1961636805641374,0.191758134065252,0.1870264888640828,0.18194934669442853,0.17649730325490212,0.17062597707487512,0.05607373107517465
92460.0,0.22585610203932988,0.22570222542248963,0.2252406650762572,0.2244719856892993,0.22339706544168947,0.22201706885084238,0.22033338240701733,0.21834752333915758,0.2160610163487331,0.21347522966620486,0.21059115783342527,0.20740913299290928,0.203928438095752,0.20014678268318004,0.19605958203102208,0.19165894871511088,0.18693225317281675,0.1818600187014366,0.17641274789224218,0.1705459433328085,0.05606468369311625
92520.0,0.2257126687896596,0.22555901888802918,0.2250981375344612,0.22433058491962832,0.22325723178018025,0.22187923212746458,0.22019795877748263,0.21821491197597107,0.21593159594458566,0.21334935468923624,0.2104691544553781,0.20729129458717668,0.2038150201748426,0.20003799712012593,0.19595559039375438,0.19155985452889454,0.1868380928453906,0.1817707504811409,0.1763282370866721,0.17046593920032893,0.05605565806203193
92580.0,0.22556946631198643,0.22541604242514185,0.22495583796574298,0.22418940863809256,0.22311761775465677,0.22174160884798713,0.22006274109549417,0.2180824978042133,0.2158023627698565,0.2132236558377218,0.21034731503206675,0.20717360698755902,0.20370173904086042,0.19992933358868015,0.19585170547043262,0.1914608514004728,0.18674400784953332,0.1816815420625316,0.1762437709048277,0.1703859647588492,0.05604665417508192
92640.0,0.22542649390912622,0.22527329533936738,0.22481376568381056,0.22404845617199143,0.22297822271139564,0.22160419838298995,0.21992772876117836,0.21795028025868649,0.215673316299016,0.21309813263066155,0.2102256391318293,0.20705606981667232,0.20358859437602814,0.1998207918365046,0.19574792707992728,0.19136193922360978,0.18664999815164657,0.18159239347223174,0.17615934941117747,0.1703060200899071,0.056037672019084
92700.0,0.22528375088687996,0.2251307769392192,0.2246719200053118,0.22390772685150642,0.22283904599947302,0.22146700010574705,0.21979292117722526,0.21781825877660302,0.21554445600877184,0.21297278458911076,0.21010412632487901,0.20693868269883467,0.20347558586408326,0.19971237161249916,0.1956442550418419,0.1912631178919351,0.1865560637168322,0.181503304734618,0.1760749726681948,0.1702261052752346,0.0560287115750224
92760.0,0.2251412365540191,0.22498848653617004,0.22453030024981918,0.22376722000968616,0.22270008697075128,0.22133001339221273,0.21965831774887526,0.2176864327975732,0.2154157813780587,0.2128476112361717,0.20998277618329747,0.2068214452600574,0.2033627131902632,0.19960407266677407,0.19554068917647616,0.1911643872989189,0.18646220450892143,0.18141427587193512,0.17599064073651788,0.17014622039681263,0.056019772818520316
92820.0,0.22499895022227065,0.22484642344463673,0.224388905739815,0.22362693498243147,0.22256134497986388,0.22119323762100773,0.21952391788390674,0.21755480176359357,0.21528729188802995,0.21272261209698642,0.209861588281028,0.2067043571280377,0.20324997604128942,0.19949589475062304,0.19543722930478985,0.1910657473378516,0.1863684204905068,0.1813253069044074,0.17590635367509702,0.1700663655369153,0.05601085572027911
92880.0,0.22485689120630298,0.224704586981966,0.22424773580067695,0.2234868711084815,0.22242281938420205,0.22105667217340555,0.2193897209926228,0.21742336511903568,0.2151589870220462,0.21259778669872917,0.2097405621938688,0.20658741793214888,0.20313737410535124,0.19938783761649553,0.1953338752483705,0.19096719790182634,0.1862747116229767,0.18123639785034346,0.17582211154132907,0.16998654077814393,0.05600196024648606
92940.0,0.2247150588237096,0.22456297646841863,0.22410678976066348,0.22334702772939893,0.2222845095438997,0.22092031643331891,0.21925572648783767,0.2172921223106344,0.21503086626566636,0.21247313457059797,0.20961969749946643,0.20647062730343135,0.20302490707208928,0.19927990101797102,0.19523062682940334,0.19086873888372574,0.18618107786655022,0.18114754872623914,0.17573791439118128,0.16990674620345247,0.05599308635919254
93000.0,0.224573452394996,0.2244215912271557,0.22396606695089893,0.22320740418955554,0.2221464148218202,0.22078416978728602,0.21912193378486536,0.21716107278747665,0.21490292910663816,0.21234865524380692,0.20949899377730727,0.20635398487458195,0.20291257463257947,0.1991720847097333,0.19512748387064247,0.19077037017621026,0.1860875191803141,0.18105875954687364,0.17565376227930563,0.16982698189616427,0.05598423401666546
93060.0,0.22443207124356412,0.2242804305842238,0.22382556670535933,0.2230679998361182,0.2220085345835422,0.22064823162445762,0.21898834230150657,0.21703021600098982,0.21477517503488802,0.21222434825157815,0.20937845060871027,0.20623749027994426,0.2028003764793155,0.1990643884475459,0.1950244461953853,0.19067209167171167,0.18599403552225968,0.18097003032540235,0.17556965525914278,0.16974724793998336,0.055975403173712523
93120.0,0.2242909146956982,0.22413949386854035,0.22368528836085785,0.22292881401903458,0.2218708681973456,0.2205125013365833,0.21885495145803602,0.2168995514049311,0.2146476035425119,0.21210021312913335,0.209258067576819,0.20612114315549743,0.20268831230619225,0.1989568119882279,0.19492151362744783,0.19057390326242607,0.185900626849321,0.18088136107344585,0.1754855933830163,0.1696675444189977,0.05596659378198449
93180.0,0.22414998208054995,0.2239987804118793,0.2235452312570308,0.22278984609101907,0.22173341503419805,0.22037697831799827,0.21872176067719068,0.21676907845537632,0.21452021412376587,0.21197624941368623,0.20913784426659268,0.20600494313884513,0.20257638180848855,0.19884935508963095,0.1948186859911432,0.19047580484031218,0.18580729311741254,0.18079275180117188,0.17540157670222098,0.16958787141768009,0.05595780579025476
93240.0,0.22400927273012441,0.22385828954885675,0.22340539473632287,0.22265109540753894,0.221596174467741,0.22024166196561082,0.21858876938415725,0.21663879661070892,0.2143930062750558,0.21185245664443272,0.20901778026479836,0.20588888986920395,0.20246458468285117,0.1987420175106172,0.19471596311126102,0.19037779629708873,0.18571403428146774,0.18070420251737715,0.17531760526710183,0.16950822902088233,0.055949039144678664
93300.0,0.2238687859792657,0.223718020616917,0.22326577814397372,0.22251256132679967,0.2214591458742767,0.22010655167888865,0.2184559770065604,0.21650870533160896,0.21426597949492923,0.21172883436254383,0.20889787516000116,0.20577298298739208,0.20235292062727678,0.19863479901103748,0.1946133448130488,0.19027987752423617,0.18562085029547726,0.18061571322956127,0.17523367912712648,0.16942861731382614,0.05594029378903357
93360.0,0.2237285211656426,0.22357797295631748,0.2231263808280029,0.22237424320973198,0.22132232863275414,0.21997164685984671,0.21832338297445011,0.21637880408104251,0.21413913328406434,0.21160538211115615,0.20877812854255565,0.20565722213581736,0.20224138934109634,0.19852769935171063,0.19451083092219526,0.19018204841299835,0.1855277411125254,0.18052728394399978,0.17514979833095146,0.16934903638209187,0.05593156966494124
93420.0,0.22358847762973436,0.22343814591011546,0.22298720213919662,0.22223614041997808,0.221185722124756,0.21983694691303404,0.21819098672029053,0.21624909232425113,0.21401246714526095,0.21148209943536359,0.2086585400045965,0.20554160695846493,0.2021299905249581,0.19842071829440455,0.19440842126481486,0.19008430885438674,0.18543470668482884,0.18043891466581105,0.17506596292648186,0.16926948631160238,0.05592286671207311
93480.0,0.22344865471481684,0.22329853882415346,0.222848241431094,0.2220982523238771,0.22104932573448527,0.21970245124552074,0.21805878767894768,0.21611956952873995,0.21388598058343167,0.2113589858822081,0.2085391091400286,0.20542613710088567,0.20201872388081124,0.19831385560181716,0.1943061156674344,0.189986658739185,0.18534174696377234,0.18035060539901987,0.17498217296092597,0.16918996718860674,0.05591418486834097
93540.0,0.22330905176694807,0.22315915104704587,0.2227094980599722,0.22196057829045232,0.2209131388487522,0.21956815926688641,0.2179267852876782,0.21599023516426877,0.2137596731055916,0.21123604100067062,0.2084198355445173,0.20531081221018316,0.2019075891118903,0.19820711103755775,0.19420391395697986,0.18988909795795544,0.18524886189994458,0.18026235614661965,0.1748984284808449,0.1691104790996602,0.05590552407007246
93600.0,0.22316966813495465,0.22301998193016423,0.22257097138483364,0.22182311769139726,0.2207771608569606,0.21943407038920665,0.21779497898611674,0.21586108870284035,0.21363354422084874,0.21111326434166233,0.2083007188154792,0.20519563193500137,0.2017965859226991,0.1981004843661304,0.19410181596076595,0.18979162640104544,0.1851560514431741,0.1801741669106279,0.17481472953219715,0.16903102213160429,0.055896884252173776
93660.0,0.22303050317041798,0.22288103082762434,0.222432660767392,0.22168586990106237,0.2206413911510958,0.21930018402704088,0.21766336821626597,0.21573212961869023,0.21350759344039488,0.21099065545801518,0.2081817585520712,0.20508059592551295,0.20168571401899496,0.19799397535291763,0.19399982150648626,0.18969424395859594,0.18506331554256336,0.18008603769214193,0.17473107616037903,0.1689515963715436,0.05588826534827985
93720.0,0.22289155622766002,0.22274229709627127,0.2222945655720581,0.22154883429644165,0.22050582912571065,0.21916649959742046,0.21753195242248388,0.2156033573882766,0.2133818202774954,0.2108682139044723,0.20806295435518077,0.20496570383340626,0.2015749731077737,0.19788758376416501,0.19389793042220405,0.18959695052055012,0.18497065414652222,0.17999796849138786,0.17464746841026113,0.16887220190682353,0.0558796672908928
93780.0,0.22275282666372997,0.2226037800956669,0.22215668516592724,0.2214120102571596,0.22037047417791394,0.21903301651983625,0.21740073105147262,0.21547477149026859,0.21325622424747998,0.21074593923767945,0.20794430582741544,0.2048509553118731,0.20146436289725525,0.19778130936696653,0.19379614253634456,0.18949974597666178,0.18487806720280012,0.17990995930776943,0.17456390632622099,0.16879283882500587,0.05587109001150985
93840.0,0.22261431383839006,0.22246547918807588,0.2220190189187651,0.22127539716545738,0.22023532570735638,0.21889973421622624,0.21726970355226718,0.21534637140553742,0.2131308048677331,0.21062383101617443,0.20782581257309238,0.20473635001559531,0.20135388309686872,0.19767515192924984,0.19369445767768867,0.18940263021650605,0.1847855546585185,0.17982201013991325,0.17448038995217316,0.16871350721384445,0.05586253344074154
93900.0,0.22247601711410261,0.22232739373845187,0.2218815662029947,0.22113899440618046,0.22010038311621835,0.2187666521109638,0.21713886937622479,0.21521815661714522,0.2130055616576837,0.21050188880037823,0.20770747419822844,0.20462188760073416,0.2012435334172379,0.1975691112197643,0.19359287567536693,0.1893056031294892,0.1846931164602009,0.17973412098571032,0.17439691933159493,0.1686342071612605,0.055853997508420246
93960.0,0.2223379358560163,0.22218952311442425,0.221744326393683,0.22100280136676523,0.21996564580919808,0.2186337696308453,0.2170082279770125,0.21509012661033436,0.21288049413879645,0.21038011215258481,0.20758929031052878,0.2045075677249164,0.20113331357016775,0.19746318700806753,0.1934913963588545,0.18920866460485863,0.1846007525538026,0.1796462918423565,0.17431349450755038,0.1685549387553176,0.05584548214370044
94020.0,0.22220006943195272,0.2220518666862849,0.22160729886852767,0.22086681743722608,0.2198311131934979,0.21850108620507874,0.21687777881059714,0.21496228087251765,0.21275560183456055,0.21025850063695156,0.20747126051937667,0.20439339004722334,0.2010232232686314,0.19735737906451375,0.19339001955796703,0.1891118145317145,0.18450846288473968,0.17955852270638994,0.17423011552271117,0.1684757020841961,0.05583698727515107
94080.0,0.22206241721239295,0.22191442382697446,0.22147048300784383,0.22073104201014274,0.21969678467881282,0.21836860126527183,0.21674752133523387,0.21483461889326821,0.2126308842704813,0.21013705381949002,0.20735338443582255,0.2042793542281771,0.2009132622267558,0.1972516871602426,0.19328874510285715,0.18901505279901995,0.18441624739791615,0.17947081357372535,0.17414678241937592,0.16839649723616892,0.05582851283084042
94140.0,0.22192497857046428,0.2217771939120695,0.22133387819455064,0.22059547448064742,0.21956265967731758,0.2182363142454198,0.21661745501145452,0.21470714016430825,0.2125063409740701,0.21001577126805507,0.20723566167257373,0.20416545992973015,0.20080343015981028,0.1971461110671691,0.19318757282401164,0.18891837929561195,0.18432410603775096,0.17938316443968755,0.17406349523948614,0.16831732429957627,0.05582005873841431
94200.0,0.22178775288192726,0.2216401763197695,0.22119748381415982,0.2204601142464118,0.2194287376036546,0.21810422458189432,0.21648757930205778,0.21457984417949952,0.21238197147483331,0.20989465255233597,0.2071180918439836,0.2040517068152522,0.20069372678419328,0.1970406505579727,0.19308650255224916,0.18882179391021317,0.18423203874820304,0.17929557529904225,0.1739802540246407,0.1682381833628009,0.05581162492516773
94260.0,0.2216507395251624,0.22150337043088308,0.22106129925476098,0.22032496070763458,0.2192950178749218,0.21797233171343128,0.21635789367209746,0.21445273043483293,0.21225777530426418,0.20977369724384526,0.20700067456604038,0.2039380945495191,0.20058415181742045,0.19693530540608917,0.19298553411871858,0.1887252965314422,0.18414004547279667,0.1792080461460245,0.17389705881610973,0.1681590745142448,0.05580321131811094
94320.0,0.22151393788115675,0.2213667756288161,0.22092532390700956,0.22019001326702944,0.2191614999106604,0.21784063508111956,0.21622839758887208,0.21432579842841798,0.2121337519958317,0.20965290491590977,0.20688340945635716,0.20382462279870084,0.20047470497811362,0.19683007538570058,0.19288466735489762,0.18862888704782554,0.18404812615464475,0.17912057697436642,0.17381390965484447,0.16807999784230393,0.05579481784402987
94380.0,0.22137734733349143,0.2212303912995575,0.22078955716411394,0.22005527132981179,0.21902818313284325,0.21770913412838983,0.21609909052191312,0.21419904766047335,0.21200990108497164,0.20953227514366035,0.2067662961341605,0.20371129123035037,0.20036538598598835,0.19672496027172762,0.19278390209259186,0.18853256534780785,0.18395628073647144,0.17903316777732178,0.17373080658148846,0.16800095343534635,0.05578644442954172
94440.0,0.22124096726832898,0.2210942168316675,0.22065399842182318,0.2199207343036866,0.2188950669658624,0.21757782830100292,0.2159699719429756,0.2140724776333155,0.21188622210907604,0.20941180750402125,0.20664933422028017,0.20359809951339164,0.2002561945618437,0.19661995983982133,0.1926832381639352,0.18843633131976326,0.183864509160634,0.1789458185476901,0.1736477496363849,0.16792194138168898,0.05577809100114583
94500.0,0.2211047970743996,0.22095825161626423,0.22051864707841404,0.21978640159883678,0.21876215083651757,0.21744671704703808,0.21584104132602655,0.21394608785134925,0.21176271460748294,0.20929150157570114,0.20653252333713856,0.2034850473181089,0.20014713042755133,0.19651507386635628,0.19258267540138932,0.1883401848520064,0.18377281136914347,0.17885852927783882,0.1735647388595845,0.167842961769575,0.05576975748527021
94560.0,0.22096883614298918,0.22082249504701104,0.2203835025346779,0.21965227262790996,0.21862943417400388,0.21731579981688223,0.21571229814723392,0.2138198778210574,0.21163937812146713,0.20917135693918187,0.20641586310873947,0.20337213431613532,0.200038193306045,0.19641030212842334,0.19248221363774354,0.18824412583280226,0.18368118730368493,0.17877129995972355,0.17348177429085176,0.16776401468715263,0.05576144380831411
94620.0,0.22083308386792647,0.22068694652010432,0.22024856419390956,0.21951834680600715,0.21849691640990074,0.21718507606321868,0.2155837418849566,0.21369384705099068,0.21151621219423017,0.20905137317670894,0.20629935316065864,0.2032593601804424,0.19992938292131124,0.19630564440382295,0.19238185270611619,0.18814815415037764,0.18358963690563596,0.17868413058490784,0.17339885596966925,0.16768510022245414,0.05575314989668709
94680.0,0.22069753964557046,0.22055160543426042,0.22011383146189378,0.21938462355066998,0.2183645969781593,0.2170545452410157,0.21545537201973386,0.21356799505175733,0.21139321637089037,0.2089315498722815,0.2061829931200321,0.20314672458532887,0.199820698998379,0.1962011004710596,0.19228159243995488,0.18805226969293085,0.18349816011608575,0.17859702114458093,0.1733159839352435,0.16760621846337512,0.05574487567684436
94740.0,0.22056220287479736,0.22041647119070365,0.2199793037468939,0.21925110228186892,0.21823247531509232,0.2169242068075155,0.21532718803427453,0.21344232133601293,0.21127039019847238,0.20881188661164243,0.20606678261554673,0.20303422720641104,0.19971214126331058,0.1960966701093353,0.1921814326730378,0.1879564723486419,0.18340675687585153,0.17850997162957477,0.1732331582265064,0.1675273694976555,0.05573662107531926
94800.0,0.22042707295698893,0.2202815431931534,0.21984498045963866,0.21911778242199184,0.21810055085936078,0.21679406022222336,0.21519918941344607,0.21331682541845093,0.21114773322589822,0.20869238298226747,0.20595072127742892,0.2029218677206114,0.1996037094431918,0.19599235309854457,0.19208137323947505,0.18786076200568225,0.1833154271254959,0.17842298203037943,0.17315037888212007,0.16744855341285989,0.05572838601875295
94860.0,0.22029214929601937,0.2201468208478124,0.2197108610133106,0.21898466339583134,0.21796882305196366,0.2166641049468964,0.21507137564426443,0.21319150681579147,0.21102524500397588,0.2085730385733562,0.20583480873743534,0.20280964580614932,0.19949540326612478,0.19588814921926934,0.1919814139737101,0.18776513855222446,0.18322417080534195,0.1783360523371579,0.17306764594047763,0.16736977029635935,0.055720170433921
94920.0,0.22015743129824417,0.2200123035633541,0.21957694482353382,0.2188517446305735,0.21783729133622615,0.2165343404455326,0.21494374621588386,0.21306636504677215,0.2109029250853911,0.20845385297582125,0.20571904462884186,0.2026975611425301,0.19938722246121743,0.19578405825277362,0.19188155471052093,0.18766960187645176,0.18313298785548934,0.17824918253975985,0.17298495943970563,0.1672910202353138,0.05571197424775788
94980.0,0.22002291837248655,0.21987799075091022,0.2194432313083624,0.2187190255557859,0.2177059551577882,0.2164047661843602,0.21481630061958593,0.2129413996321373,0.21078077302469608,0.20833482578227866,0.20560342858643402,0.20258561341053594,0.19927916675857704,0.19568007998100032,0.19178179528502182,0.1875741518665668,0.18304187821582757,0.1781623726277342,0.1729023194176643,0.16721230331665488,0.055703797387379114
95040.0,0.2198886099300258,0.21974388182405938,0.21930971988826767,0.21858650560340567,0.21757481396459388,0.21627538163182675,0.21468903834876937,0.2128166100946288,0.21065878837830038,0.20821595658703818,0.20548796024649665,0.2024738022922164,0.19917123588930113,0.19557621418656557,0.19168213553266572,0.18747878841080098,0.18295084182604995,0.17807562259034115,0.17281972591194916,0.16713361962706988,0.05569563978010119
95100.0,0.21975450538458524,0.21960997619881437,0.219176409986127,0.2184541842077289,0.21744386720687864,0.21614618625858786,0.21456195889893948,0.21269199595897473,0.21053697070446079,0.2080972449860927,0.20537263924680382,0.2023621274708778,0.19906342958546994,0.19547246065275514,0.1915825752892456,0.18738351139742276,0.18285987862566755,0.17798893241656258,0.17273717895989013,0.16705496925298563,0.055687501353459755
95160.0,0.21962060415232054,0.21947627329361052,0.2190433010272114,0.2183220608053982,0.21731311433716025,0.21601717953749738,0.21443506176769847,0.2125675567518805,0.21041531956327092,0.20797869057710883,0.20525746522660962,0.2022505886310754,0.1989557475801392,0.19536881916352114,0.19148311439089638,0.18728832071474566,0.18276898855402024,0.17790230209511296,0.17265467859855252,0.16697635228055369,0.0556793820352258
95220.0,0.219486905651807,0.21934277252929377,0.2189103924391745,0.21819013483539135,0.21718255481022578,0.21588836094359556,0.21430834645473404,0.21244329200201864,0.21029383451665237,0.2078602929594172,0.2051424378266377,0.2021391854586033,0.1988481896073326,0.19526528950347766,0.1913837526740969,0.1871932162511366,0.18267817155028937,0.1778157316144485,0.17257222486473628,0.1668977687956359,0.055671281753420496
95280.0,0.21935340930402825,0.2192094733291089,0.21877768365204064,0.21805840573901014,0.2170521880831216,0.2157597299540992,0.21418181246181023,0.21231920124001824,0.21017251512834417,0.2077420517340019,0.20502755668907227,0.20202791764048578,0.1987407554020349,0.19516187145789796,0.19128448997567227,0.18709819789502402,0.1825874275535082,0.17772922096277632,0.1724898177949749,0.16681921888379037,0.05566320043632819
95340.0,0.21922011453236445,0.21907637511868777,0.21864517409819298,0.2179268729598688,0.21692201361514218,0.215631286048391,0.21405545929275627,0.21219528399845564,0.21005136096389324,0.20762396650349166,0.20491282145754774,0.2019167848649686,0.19863344470018485,0.19505856481271136,0.19118532613279524,0.18700326553490487,0.18249675650257363,0.17764277012806215,0.172407457425535,0.16674070263025892,0.055655138012508314
95400.0,0.2190870207625802,0.21894347732603736,0.21851286321236216,0.21779553594388326,0.21679203086781906,0.21550302870800855,0.2139292864534571,0.21207153981184426,0.20993037159064443,0.20750603687214975,0.2047982317771404,0.2018057868215105,0.19852625723866904,0.19495536935449972,0.19108626098298867,0.1869084190593524,0.1824061583362547,0.17755637909803879,0.17232514379241504,0.16666222011995357,0.055647094410805883
95460.0,0.2189541272994322,0.21881077925840234,0.21838075030924978,0.2176643940181557,0.21666223918555663,0.21537495729950307,0.21380329333738515,0.21194796810526476,0.20980954646986177,0.2073882623418397,0.2046837871944866,0.2016949231053134,0.19841919266446023,0.1948522847843712,0.1909872942827774,0.18681365828038923,0.1823156329211156,0.17747004779234932,0.1722428768670835,0.16658377136826813,0.05563907036057256
95520.0,0.2188214329752869,0.21867827975160306,0.21824883423502744,0.21753344604605238,0.21653263745567358,0.2152470707407848,0.21367747889952843,0.21182456787707854,0.20968888464933824,0.20727064201553433,0.20456948687306883,0.2015841929451094,0.19831225027545993,0.19474931047221056,0.19088842547546206,0.18671898271462323,0.18222517984550654,0.177383775868394,0.17216065636982072,0.16650535606363132,0.055631069544829416
95580.0,0.2186889365527572,0.2185459775718391,0.2181171137666407,0.2174026908223674,0.21640322449782276,0.21511936788324734,0.213551842029738,0.21170133806210573,0.209568385115114,0.2071531749364109,0.20445532991866677,0.20147359551412566,0.19820542931632956,0.1946464457369625,0.19078965395571088,0.1866243918323197,0.18213479865364596,0.1772975629409189,0.1720784819684667,0.16642697370620765,0.05562309579421114
95640.0,0.2185566368521907,0.21841387154291358,0.2179855877382463,0.21727212719845646,0.21627399918731735,0.21499184763279888,0.21342638167099912,0.21157827764669432,0.2094480469029406,0.2070358601953435,0.20434131548256157,0.20136313002873243,0.19809872907238268,0.19454368993564053,0.19069097915364244,0.186529885136609,0.18204448892004546,0.17721140865097745,0.17199635333658692,0.16634862370037848,0.055615152279978576
95700.0,0.21842453275107027,0.21828196054563614,0.21785425504062267,0.21714175408165834,0.21614496045456602,0.21486450894931555,0.21330109681890547,0.2114553856682219,0.20932786909781112,0.20691869693046533,0.20422744276113286,0.20125279574808036,0.19799214886926483,0.19444104246305202,0.19059240053459778,0.18643546216329154,0.18195425024918832,0.17712531266435272,0.171914270148866,0.1662703053870789,0.05560724156800718
95760.0,0.21829262318342885,0.21815024351723952,0.21772311462059163,0.21701157043472652,0.21601610728452036,0.21473735084610596,0.2131759865211459,0.211332661214607,0.20920785083350069,0.20680168432674123,0.20411371099546624,0.20114259197374623,0.19788568807264095,0.1943385027515312,0.19049391759891668,0.1863411224806325,0.18186408227511927,0.17703927466996655,0.17183223207925,0.16619201807126896,0.055599365668816424
95820.0,0.21816090713927472,0.21801871945080775,0.2175921654804529,0.21688157527527308,0.21588743871613095,0.2146103723893867,0.2130510498770016,0.21121010342383081,0.20908799129211605,0.20668482161554924,0.20400011947096985,0.2010325180493866,0.19777934608789013,0.1942360702706756,0.19039552988171604,0.18624686568913573,0.18177398466096525,0.17695329437845383,0.1717502388010938,0.1661137610452666,0.05559152608390456
95880.0,0.21802938366402874,0.21788738739471378,0.2174614066774282,0.21675176767522347,0.2157589538418169,0.21448357269776822,0.21292628603685249,0.2110877114834684,0.20896828970365464,0.20656810807426929,0.20388666751699697,0.2009225733603978,0.1976731223598059,0.19413374452709092,0.19029723695266795,0.1861526914213008,0.18168395709841606,0.1768673715209985,0.17166828998874442,0.16603553360854637,0.055583723848638314
95940.0,0.21789805185797123,0.21775624645206965,0.2173308373231165,0.21662214676028171,0.21563065180694382,0.21435695094174995,0.21280169420169295,0.21096548463022805,0.20884874534557074,0.20645154302588165,0.20377335450647746,0.20081275733358422,0.1975670163723037,0.1940315250641364,0.19019903841577668,0.18605859934136154,0.18159399930719186,0.1767815058484801,0.17158638532012405,0.16595733508451593,0.055575959571934744
96000.0,0.2177669108756988,0.2176252957801852,0.21720045658295858,0.21649271170940348,0.21550253180931053,0.21423050634322394,0.21267727362265643,0.21084342214949944,0.20872935754235147,0.20633512583857036,0.20366017985555465,0.20070306943683133,0.19746102764813223,0.19392941146167647,0.19010093390915228,0.18596458914500802,0.18150411103452366,0.17669569713094319,0.17150452447998105,0.1658791648346967,0.05556823347295769
96060.0,0.2176359599255905,0.21749453459003523,0.2170702636757101,0.2163634617542795,0.21537459309864562,0.21410423817498797,0.21255302360054731,0.2107215233749097,0.20861012566509773,0.20621885592533512,0.20354714302322946,0.20059350917878452,0.19735515574859122,0.1938274033358339,0.19000292310478084,0.1858706605590975,0.18141429205467083,0.17660994515738138,0.17142270716355593,0.16580102227067225,0.05556054541503895
96120.0,0.21750519826928183,0.21736396214573592,0.21694025787292429,0.2162343961788264,0.21524683497611027,0.21397814576026472,0.21242894348538147,0.21059978768788548,0.20849104913111305,0.20610273274360916,0.20343424351101014,0.20048407610853397,0.19724940027325163,0.19372550033874378,0.18990500570829105,0.18577681334135906,0.18132454216848995,0.17652424973580935,0.17134093308047454,0.16572290686411403,0.05555289493702165
96180.0,0.21737462522114645,0.21723357776402866,0.21681043849843928,0.21610551431868436,0.21511925679380997,0.2138522284722299,0.2123050326759315,0.2104782145172215,0.20837212740349811,0.2059867557948815,0.20332148086256593,0.20037476981530303,0.1971437608596805,0.19362370215831026,0.18980718145871686,0.18568304728009807,0.18123486120307067,0.17643861069359712,0.1712592019587226,0.16564481815514395,0.05554528128221039
96240.0,0.21724424014778507,0.21710338081377015,0.21668080492787586,0.21597681556072276,0.21499185795431122,0.21372648573354397,0.2121812906192798,0.2103568033386562,0.20825335999075084,0.20587092462432602,0.20320885466338776,0.20026558992814134,0.19703823718316846,0.19352200851796258,0.18970945012825724,0.1855893621939049,0.1811452490114444,0.17635302787802734,0.1711775135485979,0.16556675575926283,0.055537703425101614
96300.0,0.21711404246752086,0.21697337071543002,0.21655135658813893,0.21584829934255118,0.2148646379101659,0.21360091701589273,0.21205771681037686,0.21023555367445096,0.20813474644637145,0.20575523882043367,0.2030963645404505,0.2001565361156216,0.19693282895645947,0.1934204191764118,0.18961181152203338,0.18549575793137246,0.18105570547237249,0.17626750115704334,0.1710958676265621,0.16548871937303286,0.05553016009605651
96360.0,0.21698403164990052,0.2168435469405933,0.216422092956926,0.2157199651520368,0.2147375961634395,0.2134755218395316,0.21193431079160402,0.2101144650929756,0.2080162863684715,0.2056396980146502,0.20298401016188067,0.20004760808553854,0.19682753592948313,0.19331893392740634,0.1895142654778454,0.18540223437082987,0.18096623049021354,0.17618203042015396,0.1710142639989388,0.16541070877868658,0.05552264980406785
96420.0,0.21685420721520052,0.21671390901146892,0.21629301356224026,0.21559181252682502,0.21461073226524566,0.21335029977283376,0.21181107215234105,0.20999353720829658,0.20789797939938762,0.2055243018810157,0.20287179123662713,0.1999388055846113,0.19672235788908682,0.19321755259948883,0.18941681186592826,0.1853087914200925,0.18087682399487062,0.17609661557945996,0.1709327025054168,0.16533272384779776,0.055515170857762204
96480.0,0.21672456873393836,0.21658445650040192,0.21616411798190846,0.21546384105386732,0.2144840458152843,0.21322525043184468,0.21168800052853778,0.20987276967977037,0.20777982522529825,0.20540905013580887,0.20275970751413316,0.19983012839818737,0.19661729465877098,0.19311627505575055,0.18931945058870997,0.18521542901623408,0.18078748594181282,0.17601125657077496,0.1708511830223366,0.1652547645441445,0.05550772138476982
96540.0,0.21659511582638669,0.21645518902938998,0.21603540584310268,0.21533605036895043,0.2143575364613832,0.21310037347983848,0.21156509560228864,0.20975216221163903,0.20766182357584326,0.2052939425371928,0.20264775878401248,0.19972157634994883,0.1965123460984225,0.19301510119358598,0.18922218158057302,0.18512214712538339,0.1806982163121691,0.17592595335481365,0.17076970546574233,0.16517683092586968,0.05550029934958499
96600.0,0.21646584816209224,0.2163261062696039,0.2159068768218658,0.21520844015623017,0.2142312038990432,0.21297566862687772,0.2114423571014109,0.2096317145526287,0.20754397422374546,0.20517897888486358,0.2025359448757254,0.1996131493016182,0.19640751210404978,0.1929140309444474,0.18912500480761774,0.1850289457425442,0.18060901511288688,0.17584070591842238,0.17068826979419316,0.1650989231470308,0.05549290257003155
96660.0,0.21633676545939767,0.2161972079409108,0.2157785306426386,0.21508101014776798,0.21410504787098605,0.21285113562937563,0.21131978479902422,0.20951142649554957,0.20742627698443541,0.20506415901970035,0.20242426565825766,0.19950484715266653,0.19630279260751748,0.19281306427359876,0.18902792026743445,0.18493582489144225,0.1805198823769493,0.1757555142758332,0.1706068760113309,0.16502104145862165,0.055485528732440316
96720.0,0.21620786748496418,0.2160684938113988,0.2156503670777908,0.21495376012306874,0.21397906816670442,0.21272677428966077,0.2111973785131324,0.20939129787689947,0.20730873171567613,0.204949482823416,0.20231272103979944,0.1993966698400209,0.1961981875762794,0.19271220117986923,0.1889309279888773,0.1848427846244,0.18043081816364498,0.17567037846992153,0.17052552416820788,0.16494318620913548,0.05547817540563738
96780.0,0.2160791540532979,0.21593996369690452,0.21552238594715295,0.21482668990862155,0.21385326462201298,0.212602584455543,0.21107513810620734,0.20927132857646594,0.20719133831718986,0.20483495021820908,0.2022013109674239,0.19928861733777117,0.19609369701311272,0.19261144169540745,0.18883402803185034,0.18474982502223528,0.18034182255888206,0.17558529857345337,0.17044421436537702,0.1648653578447309,0.055470840053835874
96840.0,0.21595062502627624,0.21581161746054156,0.21539458711754939,0.21469979937744088,0.21372763711860152,0.21247856601987983,0.21095306348477225,0.20915151851693092,0.20707409673028443,0.20472056116641596,0.20209003542676668,0.19918068965687727,0.19598932095584898,0.1925107858854358,0.18873722048709696,0.18465694619418754,0.18025289567554076,0.17550027469030813,0.1703629467547568,0.16478755690905567,0.05546352004851648
96900.0,0.21582228031267525,0.21568345501222952,0.21526697050233304,0.2145730884486084,0.2136021855835875,0.21235471892014413,0.21083115459898658,0.2090318676634754,0.20695700693748084,0.20460631567016271,0.20197889444170522,0.19907288684487479,0.1958850594771056,0.1924102338480053,0.1886405054760007,0.18456414827786716,0.18016403765385614,0.1754153069566673,0.17028172154127413,0.16470978404277087,0.05545621267937628
96960.0,0.21569411986769807,0.21555547630822328,0.2151395360609187,0.21444655708681545,0.21347690998906976,0.2122310431379914,0.2107094114422298,0.20891237602338214,0.20684006896213875,0.20449221377101615,0.20186788807403486,0.19896520898557915,0.1957809126840149,0.19230978571375146,0.18854388315039347,0.18447143143922765,0.18007524866182562,0.17533039554215785,0.17020053898429835,0.1646320399828217,0.05544891516441996
97020.0,0.21556614369250154,0.2154276813506422,0.21501228379831724,0.21432020530190465,0.21335181035168102,0.2121075386988263,0.2105878340506855,0.2087930436456404,0.20672328286808303,0.20437825554963412,0.20175701642314645,0.1988576561987883,0.1956768807179532,0.19220944164565135,0.1884473536923721,0.18437879587255995,0.17998652889563357,0.1752455406509471,0.17011939939887843,0.16455432556148483,0.05544162465926114
97080.0,0.21543835183372434,0.215300070186999,0.21488521376466893,0.2141940331484115,0.21322688673214021,0.21198420567136897,0.21046642250292413,0.20867387062054768,0.20660664875922716,0.20426444112541378,0.20164627962570048,0.1987502286399835,0.19557296375426553,0.19210920183878127,0.18835091731412484,0.18428624180050496,0.17989787858008854,0.17516074252277733,0.1700383031567893,0.16447664170522722,0.05543433826569794
97140.0,0.2153107443830116,0.21517264290972676,0.21475832605477557,0.21406804072510272,0.21310213923480256,0.21186104416721865,0.21034517691948332,0.20855485707931015,0.20649016677919613,0.20415077065613874,0.20153567785529877,0.19864292650002757,0.19546916200199219,0.19200906652007635,0.18825457425776612,0.18419376947408334,0.17980929796906706,0.17507600143394184,0.16995725068740225,0.16439898943340123,0.05542705303962095
97200.0,0.21518332147653904,0.2150453996557041,0.2146316208076305,0.21394222817451633,0.21297756800720918,0.21173805434041745,0.21022409746244822,0.20843600319364067,0.20637383711094684,0.20403724433762277,0.201425211322155,0.19853575000486037,0.19536547570359045,0.19190903594809114,0.18815832479517863,0.18410137917273997,0.1797207873459564,0.17499131769819382,0.16987624247838914,0.1643213698567992,0.055419765998307946
97260.0,0.21505608317466826,0.21491834048614872,0.21450509808702478,0.21381659556474808,0.21285317312351307,0.2116152362729562,0.21010318422345775,0.20831730906666246,0.20625765987093023,0.2039238623014582,0.20131488017471028,0.1984286993212154,0.19526190504492566,0.19180911032738052,0.18806216914685467,0.18400907112768802,0.17963234695148345,0.17490669159872055,0.16979527901046945,0.1642437841050821,0.055412474922900135
97320.0,0.21492902908814457,0.21479146501355162,0.21437875751068589,0.2136911425222388,0.21272895422232613,0.2114925896190441,0.2099824368756964,0.20819877439384,0.20614163478008496,0.20381062429708025,0.20120468419364146,0.1983217742632842,0.1951584498751265,0.1917092895418772,0.18796610722891047,0.1839168452824299,0.17954397675727393,0.17482212317352558,0.16971436054934422,0.16416623304504957,0.05540518071199182
97380.0,0.21480215871334893,0.21466477273626272,0.21425259858286508,0.21356586856105722,0.212604910831418,0.21137011392398705,0.20986185498577314,0.20808039876675388,0.20602576145848875,0.20369752997637677,0.2010946230656326,0.19821497455499845,0.19505510995688918,0.19160957339293655,0.18787013887884785,0.18382470150654737,0.17945567666831305,0.17473761240695573,0.16963348731900743,0.16408871738247108,0.05539788493310802
97440.0,0.21467547154869632,0.21453826315465724,0.21412662080981573,0.21344077319723315,0.2124810424804622,0.2112478087349216,0.20974143812203688,0.20796218177861447,0.20591003952771736,0.20358457899257662,0.20098469647851921,0.19810829992120066,0.19495188505351144,0.1915099616821494,0.1877742639341768,0.18373263967030246,0.17936744659374534,0.17465315929591124,0.16955265955597665,0.16401123772999834,0.05539058902693279
97500.0,0.21454896709462482,0.21441193577112563,0.21400082369978243,0.21331585594874838,0.21235734870102813,0.21112567360080625,0.20962118585456727,0.20784412302425284,0.205794468610836,0.20347177100024158,0.200874904121278,0.1980017500876341,0.19484877492888622,0.19141045421135833,0.1876784822325055,0.1836406596448861,0.17927928644721405,0.17456876384886133,0.16947187750216627,0.16393379461966404,0.05538329431676988
97560.0,0.21442264485358623,0.21428579009006435,0.21387520676299188,0.21319111633552626,0.2122338290265705,0.21100370807241253,0.20950109775516618,0.20772622210011255,0.20567904833239092,0.2033591056552571,0.20076524568401707,0.19789532478093297,0.19474577934749623,0.19131105078267782,0.18758279361163654,0.1835487613026552,0.17919119614707468,0.17448442608457515,0.16939114139957287,0.16385638851359505,0.0553760020173528
97620.0,0.21429650433003652,0.21415982561786617,0.21374976951164326,0.21306655387942333,0.21211048299242075,0.21088191170231563,0.209381173397349,0.20760847860424086,0.2055637783184006,0.20324658261482262,0.20065572085796649,0.19778902372861218,0.194642898074411,0.19121175119851935,0.18748719790966714,0.18345694451734954,0.17910317561648378,0.1744001460307216,0.16931045148636334,0.163779019813224,0.05536871324304108
97680.0,0.214170545030426,0.21403404186291028,0.21362451145989858,0.21294216810421915,0.21198731013577807,0.21076028404488592,0.2092614123563355,0.20749089213627978,0.2054486581963472,0.20313420153744408,0.20054632933546843,0.19768284665905933,0.19454013087528643,0.1911125552616209,0.18739169496509372,0.18336520916428312,0.17901522478337872,0.17431592372244128,0.16922980799405407,0.163701688867233,0.055361429015439036
97740.0,0.21404476646318993,0.213908438335553,0.21349943212387337,0.21281795853560706,0.21186430999569975,0.21063882465627892,0.2091418142090411,0.20737346229745754,0.20533368759516785,0.20302196208292328,0.2004370708099689,0.1975767933015267,0.1944374775163658,0.19101346277508052,0.18729628461691308,0.1832735551205053,0.17892734358036264,0.17423175920096193,0.1691492111455294,0.16362439597842043,0.055354150270472524
97800.0,0.21391916813873904,0.21378301454811818,0.2133745310216269,0.21269392470118542,0.21174148211309196,0.21051753309442756,0.20902237853406735,0.20725618869058013,0.20521886614524565,0.20290986391235036,0.20032794497600753,0.1974708633861243,0.19433493776448488,0.19091447354239346,0.18720096670472322,0.18318198226492993,0.17883953194451485,0.1741476525122962,0.169068661153711,0.1635471414096525,0.05534687786495737
97860.0,0.21379374956945027,0.2136577700148875,0.21324980767315332,0.2125700661304475,0.21161882603070087,0.21039640891903194,0.2089031049116949,0.20713907092002237,0.20510419347840164,0.20279790668809422,0.20021895152920968,0.1973650566438141,0.19423251138707695,0.19081558736748996,0.18710574106881933,0.18309049047843368,0.1787517898171416,0.17406360370604904,0.16898815822072627,0.16346992538903207,0.055339612582692314
97920.0,0.21366851026965614,0.21353270425209162,0.2131252616003722,0.2124463823547733,0.21149634129310407,0.21027545169155187,0.20878399292387337,0.20702210859171954,0.2049896692278859,0.20268609007379382,0.2001100901662773,0.19725937280640501,0.19413019815218177,0.1907168040547777,0.18701060755028148,0.182999079643921,0.17866411714348657,0.17397961283434338,0.16890770253745785,0.16339274811439555,0.055332355140107384
97980.0,0.21354344975563666,0.2134078167779007,0.2130008923271189,0.21232287290741955,0.2113740274467005,0.2101546609751971,0.2086650421542131,0.20690530131315873,0.2048752930283685,0.2025744137343498,0.20000136058498216,0.1971538116065485,0.19402799782845495,0.19061812340918272,0.18691556599105733,0.18290774964636194,0.17857651387241338,0.17389567995086957,0.16882729428337967,0.163315609757233,0.0553251061914977
98040.0,0.21341856754560992,0.21328310711241438,0.21287669937913586,0.2121995373235107,0.21125188403970227,0.2100340363349189,0.20854625218797665,0.20678864869337035,0.20476106451593148,0.20246287733591553,0.19989276248415686,0.19704837277773704,0.19392591018517966,0.19051954523619216,0.1868206162340341,0.18281650037280167,0.17848897995607,0.17381180511005537,0.16874693362661183,0.16323851046610796,0.055317866333870605
98100.0,0.21329386315972182,0.21315857477765296,0.21275268228406263,0.21207637514003022,0.21112991062212572,0.20991357733740065,0.20842762261206946,0.20667215034291933,0.20464698332806017,0.20235148054588914,0.19978429556368899,0.19694305605430074,0.1938239349922807,0.19042106934189545,0.18672575812310194,0.18272533171234726,0.1784015153495497,0.1737279883663505,0.1686666207241335,0.1631614503696479,0.05531063611143202
98160.0,0.21316933612003772,0.21303421929754882,0.21262884057142734,0.21195338589581145,0.21100810674578194,0.2097932835510498,0.20830915301503267,0.2065558058738969,0.20453304910363468,0.2022402230329048,0.1996759595245135,0.19683786117140825,0.19372207202033764,0.19032269553302425,0.18663099150320778,0.18263424355613292,0.17831412001055255,0.17364422977361746,0.1685863557221125,0.163084429579159,0.05530341601973824
98220.0,0.2130449859505329,0.2129100401979363,0.2125051737726374,0.2118305691315278,0.2108864719642683,0.2096731545459892,0.2081908429870329,0.2064396148999117,0.20441926148292155,0.20212910446682567,0.1995677540686069,0.1967327878650653,0.1936203210406012,0.1902244236169929,0.18653631622039862,0.1825432357972671,0.17822679389905446,0.17356052938462052,0.16850613875631562,0.16300744819091556,0.05529620650953538
98280.0,0.21292081217708353,0.21278603700654283,0.21238168142097066,0.21170792438968514,0.21076500583295976,0.20955318989404756,0.2080726921198549,0.20632357703608198,0.20430562010756498,0.20201812451873463,0.19945967889898206,0.19662783587211732,0.19351868182500867,0.1901262534019333,0.1864417321218564,0.18245230833076684,0.1781395369769899,0.17347688725060165,0.16842596995257486,0.16293050628816652,0.0552890079903093
98340.0,0.2127968143274573,0.21266220925298013,0.21225836305156598,0.2115854512146117,0.2106437079089997,0.20943338916875212,0.2079547000068927,0.20620769189902655,0.2041921246205795,0.20190728286092793,0.19935173371968265,0.19652300493025018,0.19341715414620092,0.1900281846967298,0.18634723905592288,0.18236146105347922,0.1780523492079495,0.17339330342093565,0.16834584942728525,0.1628536039428926,0.05528182083356643
98400.0,0.21267299193130462,0.21253855646873482,0.21213521820141457,0.2114631491524501,0.21052257775129146,0.20931375194531868,0.2078368662431405,0.20609195910685665,0.20407877466634092,0.20179657916690724,0.19924391823577872,0.1964182947779939,0.19331573777753833,0.1899302173110504,0.18625283687211608,0.1822706938639934,0.17796523055689747,0.17330977794285515,0.16826577728792327,0.16277674121734817,0.05527464537586474
98460.0,0.21254934452014926,0.21241507818715955,0.2120122464093505,0.21134101775114797,0.2104016149204897,0.20919427780064384,0.20771919042518508,0.2059763782791676,0.2039655698905784,0.2016860131113728,0.1991362321533628,0.19631370515472474,0.1932144324931173,0.18983235105537474,0.18615852542113792,0.18218000666254747,0.17787818098990735,0.17322631086123416,0.16818575363356955,0.1626999181654127,0.05526748192161293
98520.0,0.2124258716273795,0.2122917739434637,0.21188944721604272,0.211219056560449,0.21028081897899104,0.20907496631329628,0.207601672151197,0.20586094903703092,0.20385250994036722,0.2015755843702163,0.19902867517954556,0.19620923580067054,0.1931132380677869,0.18973458574101898,0.18606430455487644,0.1820893993509292,0.17779120047391878,0.17314290221842735,0.16810577855542913,0.16262313483377552,0.05526033074565511
98580.0,0.21230257278823972,0.21216864327470517,0.21176682016398546,0.21109726513188445,0.21016018949092644,0.20895581706350824,0.20748431102092213,0.20574567100298508,0.20373959446411957,0.2014652926205145,0.19892124702245373,0.19610488645691349,0.19301215427716417,0.18963692118015718,0.18597017412639869,0.18199887183237567,0.17770428897651558,0.17305955205415327,0.1680258521373412,0.16254639126297385,0.05525319209565599
98640.0,0.21217944753982076,0.2120456857197809,0.21164436479748946,0.21097564301876487,0.21003972602215182,0.20883682963316727,0.20736710663567362,0.20563054380102846,0.20362682311157893,0.20135513754052314,0.198813947391227,0.1960006568653963,0.19291118089764916,0.18953935718583984,0.18587613398993957,0.1819084240114704,0.17761744646572378,0.17297626040541658,0.16794597445627443,0.1624696874883035,0.055246066194301925
98700.0,0.21205649542105112,0.21192290081941842,0.2115220806626734,0.21085418977617026,0.20991942814023962,0.20871800360580683,0.20725005859832324,0.20551556705661064,0.20351419553381,0.2012451188096705,0.1987067759960152,0.19589654676892637,0.1928103177064392,0.18944189357200872,0.18578218400088503,0.18181805579404273,0.17753067290982985,0.17289302730646477,0.16786614558280355,0.1623930235406152,0.055238953241330914
98760.0,0.2119337159726886,0.21180028811616652,0.21139996730745533,0.2107329049609425,0.20979929541447087,0.20859933856659926,0.20713316651329333,0.20540074039662445,0.20340171138319385,0.201135236108552,0.19859973254797716,0.195792555911181,0.19270956448154222,0.18934453015350883,0.18568832401575006,0.18172776708706653,0.17744396827721798,0.17280985278877256,0.16778636558156446,0.16231639944701093,0.055231853415405055
98820.0,0.21181110873731096,0.21167784715438692,0.21127802428154352,0.21061178813167653,0.2096793274158256,0.20848083410234644,0.20701642998654868,0.2052860634493983,0.20328937031341848,0.2010254891189247,0.198492816759279,0.1956886840367126,0.1926089210017889,0.18924726674609652,0.1855945538921539,0.18163755779856305,0.17735733253622596,0.17272673688104942,0.16770663451168835,0.16223981523145334,0.05522476687583594
98880.0,0.2116886732593078,0.21155557748024562,0.21115625113642816,0.21049083884871106,0.20955952371697542,0.20836248980147162,0.20689984862558797,0.2051715358446881,0.20317717197947338,0.20091587752370155,0.19838602834309274,0.19558493089095402,0.19250838704684317,0.18915010316644568,0.18550087348879155,0.1815474278375065,0.1772707656550177,0.17264367960926733,0.16762695242721043,0.16216327091529725,0.05521769376417577
98940.0,0.21156640908487137,0.21143347864170392,0.21103464742537237,0.21037005667412084,0.20943988389227458,0.2082443052540116,0.20678342203943617,0.20505715721366957,0.2030651160376415,0.20080640100694744,0.1982793670135956,0.1954812962202235,0.19240796239721242,0.1890530392321511,0.18540728266540188,0.18145737711373233,0.1771842676014721,0.17256068099670366,0.16754731937745657,0.16208676651775294,0.05521063420568257
99000.0,0.21144431576198805,0.2113115501885096,0.21091321270340396,0.2102494411717078,0.2093204075177513,0.20812628005160794,0.20666714983863582,0.2049429271889304,0.20295320214549314,0.20069705925387396,0.19817283248596862,0.1953777797717293,0.1923076468342571,0.1889560747617285,0.18531378128273618,0.18136740553785155,0.17709783834308682,0.1724777410639979,0.16746773540740706,0.16201030205628916,0.055203588310670335
99060.0,0.21132239284042964,0.21118979167218888,0.21079194652730693,0.21012899190699272,0.20920109417110017,0.208008413787499,0.2065510316352399,0.20482884540446297,0.20284142996187912,0.20058785195083473,0.1980664244763967,0.19527438129357477,0.19220744014019667,0.18885920957461233,0.1852203692025226,0.1812775130211682,0.17701147784689533,0.17239485982921937,0.1673882005580356,0.16193387754698296,0.05519655617575215
99120.0,0.21120063987174495,0.2110682026460378,0.21067084845561257,0.2100087084472069,0.2090819434316733,0.2078907060565115,0.20643506704280307,0.2047149114956565,0.20272979914692443,0.2004787787853211,0.19796014270206838,0.19517110053476303,0.19210734209811647,0.18876244349115265,0.18512704628743085,0.1811876994756018,0.17692518607939722,0.17231203730794029,0.16730871486662718,0.16185749300482194,0.05518953788498494
99180.0,0.21107905640925173,0.21094678266511324,0.21054991804859113,0.20988859036128324,0.20896295488047215,0.20777315645505304,0.20631925567637419,0.20460112509929032,0.20261830936202185,0.2003698394459588,0.1978539868811744,0.19506793724519983,0.1920073524919726,0.1886657763326084,0.18503381240103595,0.1810979648136153,0.17683896300649912,0.1722292735133181,0.16722927836707324,0.16178114844396685,0.055182533510922595
99240.0,0.21095764200802697,0.2108255312862246,0.21042915486824387,0.20976863721984845,0.2088441281001393,0.20765576458110305,0.20620359715248834,0.2044874858535256,0.2025069602698252,0.2002610336225036,0.1977479567329086,0.19496489117569862,0.19190747110659617,0.1885692079211401,0.18494066740778223,0.18100830894814626,0.17675280859346668,0.17214656845617993,0.1671498910901477,0.16170484387797593,0.055175543115585736
99300.0,0.21083639622489916,0.21070444806792543,0.21030855847829374,0.20964884859521457,0.20872546267495012,0.20753853003420544,0.20608809108915951,0.20437399339789908,0.20239575153424524,0.20015236100583703,0.19764205197746726,0.1948619620779829,0.1918076977276948,0.18847273807979995,0.18484761117294737,0.18091873179254514,0.17666672280488555,0.17206392214511157,0.16707055306376117,0.1616285793199984,0.05516856675135328
99360.0,0.21071531861843987,0.21058353257050536,0.21018812844417786,0.20952922406137053,0.2086069581908053,0.20742145241546056,0.20597273710587202,0.20426064737331537,0.2022846828204415,0.20004382128796394,0.19753627233604845,0.19475914970468944,0.19170803214185564,0.18837636663252227,0.18475464356260504,0.18082923326051645,0.17658070560463068,0.17198133458654713,0.16699126431319827,0.1615523547829387,0.05516160446178262
99420.0,0.21059440874895569,0.21046278435598093,0.21006786433303876,0.20940976319397428,0.20848861423522114,0.20730453132751706,0.20585753482357386,0.20414744742204063,0.2021737537948185,0.19993541416200838,0.19743061753085256,0.19465645380937027,0.19160847413654425,0.18828009340411112,0.18466176444359053,0.18073981326606559,0.17649475695584374,0.17189880578485997,0.166912024861336,0.16147617027959663,0.05515465628236394
99480.0,0.21047366617847907,0.2103422029880883,0.20994776571371626,0.2092904655703441,0.20837043039732364,0.20718776637456388,0.20574248386466884,0.20403439318769503,0.20206296412501895,0.19982713932221047,0.19732508728508125,0.19455387414649494,0.1915090235001053,0.18818391822022748,0.18456897368346598,0.1806504717234492,0.17640887682091608,0.1718163357424535,0.1668328347288466,0.16140002582278537,0.05514772224121356
99540.0,0.21035309047076045,0.21022178803227357,0.2098278321567392,0.20917133076945083,0.2082524062678387,0.20707115716232297,0.2056275838530087,0.20392148431524637,0.20195231347991874,0.19971899646392324,0.1972196813229379,0.19445141047145176,0.1914096800217602,0.1880878409073758,0.18447627115048673,0.18056120854713115,0.17632306516147883,0.17173392445985128,0.1667536939343829,0.16132392142542998,0.05514080235971065
99600.0,0.21023268119126,0.21010153905568602,0.209708063234317,0.20905235837190955,0.20813454143908486,0.20695470329804094,0.20551283441388596,0.20380872045100343,0.20184180152962217,0.19961098528360938,0.19711439936962635,0.1943490625405488,0.19131044349160542,0.1879918612928898,0.18438365671356813,0.18047202365174186,0.17623732193839778,0.1716515719357857,0.16667460249475083,0.16124785710064923,0.05513389665308303
99660.0,0.21011243790713938,0.20998145562716913,0.2095884585203319,0.20893354795997168,0.208016835504965,0.20683840439048154,0.20539823517402692,0.2036961012426093,0.20173142794545612,0.19950310547883807,0.19700924115135054,0.194246830111014,0.1912113137006083,0.1878959792049182,0.1842911302422545,0.18038291695204128,0.1761516471117721,0.17156927816728434,0.16659556042506735,0.16117183286182313,0.05512700513094489
99720.0,0.2099923601872536,0.2098615373172521,0.20946901759033065,0.2088148991175165,0.20789928806095884,0.206722260049918,0.20528378576158396,0.203583626339035,0.2016211923999651,0.19939535674828252,0.1969042063953133,0.19414471294099545,0.19111229044060504,0.18780019447240856,0.18419869160668864,0.18029388836288582,0.17606604064093864,0.17148704314975582,0.16651656773890613,0.16109584872264693,0.05512012779779028
99780.0,0.20987244760214258,0.20974178369814217,0.20934974002151632,0.20869641143004367,0.20778189870411534,0.2066062698881255,0.20516948580612898,0.20347129539057335,0.20151109456690644,0.19928773879171655,0.1967992948297165,0.1940427107895607,0.19101337350429323,0.1877045069250928,0.18410634067758333,0.1802049377991996,0.17598050248447744,0.17140486687707038,0.16643762444842988,0.1610199046971736,0.0551132646534468
99840.0,0.20975269972402344,0.20962219434371668,0.2092306253927402,0.2085780844846652,0.2076646670330438,0.20649043351837326,0.20505533493864533,0.20335910804883225,0.20140113412124552,0.19918025131001135,0.19669450618375925,0.19394082341669594,0.19091456268522897,0.1876089163934715,0.1840140773261929,0.1801160651759474,0.17589503260022266,0.17132274934164135,0.16635873056451367,0.16094400079984783,0.05510641569349141
99900.0,0.20963311612678176,0.2095027688295145,0.2091116732844941,0.20845991787009693,0.20754759264790693,0.20637475055541743,0.20494133279152163,0.20324706396672834,0.20129131073915082,0.19907289400513356,0.19658984018763623,0.19383905058330467,0.19081585777782015,0.18751342270879756,0.1839219014242875,0.18002727040811203,0.1758096309452746,0.1712406905345001,0.16627988609685704,0.16086813704553024,0.055099580909632594
99960.0,0.20951369638596437,0.20938350673272813,0.20899288327890161,0.2083419111766513,0.20743067515041302,0.2062592206154935,0.20482747899854467,0.20313516279848237,0.20118162409798918,0.1989656665801412,0.1964852965725372,0.19373739205120558,0.19071725857731991,0.18741802570306176,0.18382981284412842,0.179938553410674,0.17572429747601295,0.17115869044537127,0.1662010910540854,0.16079231344951464,0.0550927602900604
100020.0,0.2093944400787706,0.20926440763219606,0.2088742549597114,0.20822406399622917,0.20731391414380818,0.20614384331630886,0.20471377319489242,0.2030234041996114,0.20107207387632103,0.19885856873918126,0.19638087507064447,0.1936358475831301,0.19061876487982046,0.1873227252089759,0.18373781145844384,0.1798499140985935,0.17563903214811424,0.17107674906274306,0.16612234544384522,0.1607165300275386,0.05508595381976778
100080.0,0.20927534678404477,0.20914547110839415,0.20875578791228813,0.20810637592231215,0.20719730923286844,0.2060286182770357,0.20460021501712727,0.20291178782692412,0.200962659753896,0.19875160018748664,0.19627657541513185,0.1935344169427203,0.19052037648224565,0.18722752105995868,0.18364589714040774,0.17976135238679566,0.1755538349165692,0.17099486637393435,0.16604364927288878,0.16064078679578958,0.05507916148084509
100140.0,0.20915641608226818,0.20902669674342855,0.20863748172360527,0.207988846549955,0.20708086002389245,0.20591354511830323,0.20448680410318892,0.2028003133385144,0.200853381411649,0.1986447606313735,0.19617239734016179,0.19343309989452578,0.19042209318234338,0.18713241309011988,0.18355406976361827,0.17967286819015685,0.17546870573570095,0.17091304236516033,0.16596500254715238,0.1605650837709051,0.05507238325275017
100200.0,0.2090376475555509,0.20890808412102704,0.20851933598223693,0.2078714754757773,0.20696456612469424,0.20579862346219133,0.2043735400923887,0.2026889803937556,0.20074423853169443,0.1985380497782375,0.19606834058088404,0.19333189620400054,0.19032391477867852,0.1870374011342455,0.1834623292020786,0.1795844614234946,0.17538364455918515,0.17083127702159395,0.16588640527182835,0.1604894209699699,0.05506561911255573
100260.0,0.20891904078762408,0.20878963282653132,0.20840135027835033,0.20775426229795652,0.20684842714459517,0.20568385293222236,0.20426042262540187,0.20257778865329515,0.2006352307973228,0.19843146733655095,0.19596440487343242,0.1932308056374984,0.19022584107062399,0.18694248502778377,0.1833706753301784,0.17949613200155776,0.1752986513400702,0.17074957032742416,0.1658078574514285,0.1604137984105089,0.05505886903517596
100320.0,0.20880059536383228,0.20867134244688987,0.20828352420369775,0.2076372066162197,0.2067324426944166,0.2055692331533548,0.20414745134426196,0.202466737779049,0.2005263578929957,0.1983250130158603,0.1958605899549228,0.19312982796227032,0.19012787185835353,0.18684766460683006,0.18327910802267774,0.17940787983901968,0.17521372603079766,0.17066792226591235,0.1657293590898446,0.16033821611047744,0.05505213299357411
100380.0,0.20868231087112532,0.20855321257064927,0.20816585735160895,0.20752030803183658,0.2066166123864732,0.20545476375197597,0.20403462589235402,0.2023558274341956,0.20041761950434225,0.19821868652678193,0.19575689556345016,0.1930289629464591,0.19003000694283262,0.18675293970811394,0.1831876271546898,0.1793197048504726,0.1751288685832245,0.17058633281944469,0.16565091019040054,0.16026267408825035,0.055045410958952545
100440.0,0.20856418689805103,0.2084352427879469,0.20804834931698357,0.20740356614761124,0.20650093583456414,0.20534044435589544,0.20392194591440818,0.20224505728317105,0.20030901531815357,0.19811248758099945,0.19565332143808525,0.19292821035909558,0.18993224612581092,0.18665831016898524,0.1830962326016678,0.17923160695042276,0.17504407894864346,0.17050480196958323,0.1655725107559023,0.16018717236260763,0.05503870290092668
100500.0,0.20844622303474739,0.2083174326905034,0.20793099969628356,0.20728698056787528,0.2063854126539676,0.20522627459433732,0.20380941105649333,0.2021344269916631,0.20020054502237952,0.19800641589126047,0.19554986731887222,0.19282756997009412,0.18983458920981308,0.18656377582740089,0.18300492423939052,0.17914358605328778,0.17495935707780522,0.17042332969711205,0.16549416078868082,0.16011171095271873,0.055032008787684224
100560.0,0.20832841887293357,0.20819978187161456,0.20781380808752534,0.20717055089848002,0.20627004246143213,0.20511225409793407,0.20369702096601122,0.20202393622660608,0.20009220830612348,0.19790047117137233,0.19544653294682462,0.1927270415502472,0.189737035998131,0.18646933652191303,0.18291370194395,0.1790556420733947,0.17487470292093873,0.1703419159820834,0.16541586029063307,0.16003628987812654,0.055025328586130615
100620.0,0.20821077400590476,0.20808228992614436,0.2076967740902723,0.20705427674678917,0.20615482487517037,0.20499838249871982,0.20358477529168975,0.20191358465617515,0.199984004859639,0.19779465313620012,0.19534331806392236,0.19262662487122034,0.1896395862948145,0.18637499209165662,0.18282256559173993,0.17896777492497876,0.17479011642777342,0.17026056080385932,0.1653376092632569,0.15996090915872918,0.05501866226202218
100680.0,0.20809328802852264,0.20796495645051621,0.20757989730562734,0.20693815772167148,0.20603975951485115,0.2048846594301231,0.20347267368357724,0.20180337194978182,0.1998759343743246,0.19768896150166143,0.19524022241310743,0.19252631970554715,0.1895422399046637,0.18628074237633696,0.1827315150594453,0.17887998452218448,0.17470559754755974,0.17017926414115217,0.16525940770768446,0.15988556881476157,0.05501200978008781
100740.0,0.2079759605372082,0.20784778104270676,0.20746317733622555,0.20682219343349328,0.205924846001593,0.20477108452696025,0.20336071579303608,0.20169329777806805,0.19976799654271996,0.1975833959847243,0.19513724573828117,0.19242612582662422,0.18944499663321987,0.18618658721621995,0.18264055022403275,0.17879227077906532,0.1746211462290896,0.1700980259720617,0.1651812556247115,0.15981026886677732,0.05500537110414027
100800.0,0.2078587911299345,0.20773076330223736,0.20734661378622665,0.2067063834941109,0.20581008395795694,0.20465765742542927,0.2032489012727368,0.2015833618129012,0.19966019105850139,0.1974779563034024,0.19503438778429957,0.19232604300870484,0.18934785628675757,0.18609252645211985,0.18254967096274083,0.1787046336095864,0.1745367624207169,0.1700168462741114,0.16510315301482367,0.15973500933562845,0.05499874619717742
100860.0,0.20774177940621902,0.20761390283016729,0.20723020626130706,0.20659072751686455,0.20569547300793942,0.20454437776310264,0.20313722977665255,0.20147356372736877,0.19955251761647755,0.19737264217675146,0.19493164829696955,0.19222607102689412,0.18925081867227567,0.18599855992539013,0.18245887715307352,0.17861707292762577,0.17445244607037688,0.16993572502428145,0.1650250998782203,0.15965979024244661,0.05499213502147526
100920.0,0.20762492496711618,0.20749719922908602,0.20711395436865387,0.2064752251165699,0.20558101277696544,0.2044312451789214,0.20302570096005237,0.20136390319577369,0.19944497591258506,0.1972674533248659,0.19482902702304464,0.192126209657143,0.18915388359749027,0.18590468747791336,0.18236816867279204,0.17852958864697835,0.17436819712560594,0.1698546621990405,0.16494709621483586,0.1595846116086232,0.05498553753867234
100980.0,0.20750822741521033,0.20738065210310563,0.20699785771695614,0.20635987590951133,0.2054667028918819,0.20431825931318812,0.20291431447949618,0.20125437989362863,0.19933756564388416,0.1971623894688743,0.19472652371022076,0.19202645867624232,0.18905705087082564,0.1858109089520905,0.1822775453999078,0.17844218068135864,0.17428401553356035,0.16977365777437473,0.164869142024359,0.15950947345579006,0.05497895370984705
101040.0,0.20739168635460717,0.20726426105785387,0.20688191591639865,0.20624467951343523,0.2053525429809504,0.20420541980756096,0.20280306999282804,0.20114499349765114,0.1992302865085545,0.1970574503309359,0.19462413810713214,0.1919268178618175,0.18896032030140672,0.1857172241908339,0.1821870072126775,0.17835484894440412,0.17419990124103435,0.16969271172581646,0.16479123730624953,0.15943437580580003,0.054972383495587925
101100.0,0.20727530139092812,0.20714802570046642,0.2067661285786536,0.2061296355475424,0.20523853267384048,0.204092726305047,0.20269196715917162,0.20103574368575855,0.19912313820589064,0.19695263563423673,0.1945218699633465,0.1918272869923221,0.18886369169905123,0.1856236330375573,0.1820965539895965,0.1782675933496804,0.17411585419447795,0.16961182402846914,0.1647133820597542,0.1593593186807078,0.05496582685605786
101160.0,0.20715907213130139,0.20703194563957975,0.20665049531687452,0.20601474363248135,0.2051246716016231,0.20398017844999627,0.2025810056389227,0.2009266301370633,0.1990161204362977,0.19684794510298448,0.19441971902936064,0.19172786584703216,0.18876716487426168,0.18553013533616788,0.18200618560939547,0.17818041381068475,0.17403187434001455,0.16953099465703314,0.16463557628391973,0.15928430210275116,0.05495928375105258
101220.0,0.20704299818435595,0.2069160204853243,0.20653501574568867,0.2059000033903413,0.2050109593967638,0.2038677758880948,0.20247018509374518,0.20081765253186737,0.19890923290128668,0.19674337846240603,0.19431768505659602,0.19162855420604066,0.18867073963821873,0.18543673093105922,0.18191590195103485,0.17809331024085126,0.17394796162345716,0.16945022358582804,0.16455781997760516,0.15920932609433358,0.05495275414005374
101280.0,0.20692707916021358,0.20680024984931655,0.20641968948118983,0.20578541444464482,0.2048973956931164,0.20375551826635918,0.20235950518656462,0.20070881055165757,0.1988024753034703,0.19663893543874114,0.19421576779739347,0.19152935185025077,0.18857441580277248,0.18534341966710274,0.18182570289370198,0.17800628255355538,0.17386411599032472,0.1693695107888141,0.1644801131394925,0.15913439067800397,0.05494623798227757
101340.0,0.20681131467048175,0.20668463334465267,0.20630451614093107,0.2056709764203417,0.20478398012591598,0.20364340523312988,0.20224896558156288,0.20060010387910032,0.1986958473465586,0.19653461575924003,0.1941139670050092,0.19143025856137086,0.18847819318043668,0.18525020138964124,0.18173558831680747,0.17791933066211954,0.17378033738585769,0.1692888562396126,0.16440245576809617,0.15905949587644155,0.054939735236718676
101400.0,0.20669570432824716,0.2065691705859005,0.20618949534391842,0.20555668894380175,0.20467071233177248,0.20353143643806576,0.202138565944172,0.2004915321980371,0.19858934873535436,0.1964304191521578,0.19401228243360957,0.19133127412190767,0.18838207158438083,0.1851570759444827,0.18164555809998204,0.17783245447981766,0.1736966257550321,0.1692082599115246,0.16432484786177118,0.15898464171243706,0.054933245862190234
101460.0,0.2065802477480672,0.20645386118909326,0.20607462671060336,0.2054425516428076,0.20455759194866427,0.20341961153213708,0.2020283059410694,0.20038309519347908,0.19848297917574848,0.19632634534675072,0.19391071383826614,0.19123239831516112,0.18828605082842328,0.18506404317789307,0.18155561212307442,0.1777456539198814,0.17361298104257553,0.1691277217775493,0.16424728941872055,0.15890982820887734,0.05492676981736036
101520.0,0.20646494454596445,0.20633870477172186,0.20595990986287585,0.20532856414654832,0.2044446186159312,0.20330793016761994,0.20191818524017183,0.20027479255160238,0.19837673837471542,0.19622239407327163,0.19380926097495102,0.19113363092521823,0.1881901307270252,0.1849711029365909,0.18146575026614883,0.1776589288955041,0.17352940319297938,0.16904724181039957,0.16416978043700217,0.15883505538872844,0.05492030706078493
101580.0,0.2063497943394188,0.2062237009527287,0.2058453444240577,0.20521472608561345,0.20433179197426954,0.2031963919980906,0.2018082035106303,0.2001666239597428,0.1982706260403091,0.1961185650629655,0.19370792360053196,0.19103497173694736,0.18809431109528368,0.18487825506774114,0.18137597240948367,0.17757227931984737,0.17344589215051345,0.16896681998251825,0.16409232091453324,0.15876032327502101,0.05491385755093794
101640.0,0.20623479674736064,0.20610884935250015,0.2057309300188956,0.20510103709198493,0.2042191116657241,0.2030849966784189,0.20169836042282427,0.20005858910639138,0.19816464188165808,0.19601485804806482,0.1936067014727672,0.190936420535992,0.1879985917489249,0.18478549941895026,0.18128627843356937,0.177485705106046,0.17336244785923774,0.16888645626609242,0.16401491084909586,0.15868563189083404,0.05490742124623818
101700.0,0.2061199513901637,0.20599414959285914,0.205616666273554,0.20498749679903153,0.20410657733368234,0.2029737438647628,0.20158865564835649,0.19995068768118926,0.19805878560896087,0.19591127276178508,0.193505594350301,0.19083797710876563,0.18790297250429866,0.18469283583826057,0.18119666821910727,0.17739920616721339,0.17327907026301476,0.16880615063306736,0.16393755023834117,0.15861098125928186,0.05490099810507417
101760.0,0.20600525788963842,0.2058796012970597,0.20550255281560897,0.2048741048415015,0.2039941886228688,0.2028626332145622,0.20147908886004706,0.19984291937492285,0.19795305693348142,0.19580780893832042,0.19340460199265758,0.19073964124244572,0.18780745317837208,0.18460026417414577,0.18110714164700892,0.1773127824164472,0.17319575930552178,0.16872590305515864,0.16386023907979244,0.15853637140349916,0.0548945880858263
101820.0,0.20589071586902497,0.20576520408977866,0.20538858927404138,0.20476086085551742,0.20388194517933803,0.20275166438653303,0.20136965973192889,0.19973528387951792,0.1978474555675449,0.1957044663128386,0.1933037241602374,0.19064141272496823,0.1877120335887241,0.18450778427550665,0.18101769859839506,0.17722643376683436,0.1731125149302618,0.16864571350386393,0.16378297737084796,0.15846180234662832,0.05488819114688686
101880.0,0.2057763249529866,0.20565095759710986,0.2052747752792295,0.20464776447856733,0.20376984665046874,0.20264083704066208,0.2012603679392414,0.19962778088803673,0.1977419812245323,0.19560124462147702,0.19320296061431116,0.19054329134502193,0.18761671355353912,0.1844153959916659,0.18092833895459504,0.17714016013145614,0.17302933708057427,0.16856558195047505,0.16370576510878387,0.15838727411180628,0.05488180724667836
101940.0,0.20566208476760225,0.20553686144655683,0.20516111046294314,0.20453481534950088,0.2036578926849574,0.20253015083820075,0.20115121315842638,0.1995204100946714,0.19763663361887635,0.19549814360133697,0.19310231111701537,0.1904452768920429,0.18752149289160183,0.18432309917236483,0.1808390625971461,0.17705396142339408,0.172946225699645,0.16848550836608747,0.16362860229075676,0.15831278672215257,0.0548754363436698
102000.0,0.2055479949403608,0.20542291526702644,0.20504759445833645,0.20442201310852112,0.20354608293281273,0.20241960544165893,0.20104219506712154,0.19941317119473947,0.19753141246605732,0.19539516299048085,0.19300177543134733,0.19034736915620892,0.1874263714222921,0.18423089366775922,0.18074986940779394,0.17696783755573406,0.1728631807305161,0.16840549272160993,0.16355148891380397,0.15823834020075703,0.05486907839639137
102060.0,0.2054340551001532,0.20530911868882193,0.20493422689994206,0.20430935739717915,0.20343441704534895,0.20230920051480025,0.20093331334415582,0.1993060638846794,0.197426317482597,0.19529230252792523,0.1929013533211597,0.19024956792843506,0.18733134896557926,0.1841387793284155,0.18066075926849176,0.17688178844157224,0.17278020211609585,0.1683255349877744,0.1634744249748456,0.158163934570669,0.054862733363448005
102120.0,0.20532026487726696,0.20519547134363644,0.20482100742366377,0.20419684785836714,0.20332289467517986,0.20219893572263525,0.20082456766954404,0.19919908786204504,0.19732134838605542,0.19518956195363793,0.19280104455115588,0.19015187300036693,0.18723642534201793,0.1840467560053074,0.18057173206140054,0.17679581399401972,0.17269728979916724,0.16824563513514323,0.16339741047068598,0.15808956985488637,0.05485640120353091
102180.0,0.20520662390337865,0.20508197286454605,0.20470793566677084,0.20408448413631247,0.20321151547621355,0.20208881073141685,0.2007159577244814,0.1990922428255014,0.19721650489502537,0.1950869410085324,0.19270084888688513,0.19005428416437695,0.18714160037274152,0.18395482354981268,0.18048278766888945,0.17670991412620699,0.1726144437223963,0.16816579313411859,0.1633204453980136,0.15801524607634546,0.0548500818754286
102240.0,0.20509313181154745,0.20496862288600418,0.20459501126789073,0.2039722658765712,0.20310027910364523,0.20197882520863406,0.2006074831913387,0.1989855284748193,0.19711178672912857,0.19498443943446336,0.19260076609473756,0.18995680121355774,0.18704687387945973,0.18386298181370997,0.18039392597353612,0.17662408875128935,0.17253166382834018,0.16808600895494838,0.16324352975340223,0.1579409632579111,0.05484377533803638
102300.0,0.2049797882362087,0.204855421043834,0.20448223386700348,0.2038601927260219,0.2029891852139524,0.20186897882300645,0.20049914375365713,0.1988789445108709,0.1970071936090096,0.19488205697422228,0.1925007959419389,0.18985942394171806,0.1869522456844516,0.18377123064917616,0.18030514685812637,0.17653833778245046,0.17244895005945618,0.16800628256773412,0.16316666353331086,0.1578667214223673,0.054837481550364796
102360.0,0.20486659281316769,0.2047423669752224,0.2043696031054347,0.20374826433285986,0.20287823346488804,0.20175927124447918,0.20039093909614217,0.198772490635624,0.19690272525633254,0.19477979337153187,0.19240093819654586,0.1897621521433776,0.18685771561056272,0.18367956990878326,0.1802164502056555,0.17645266113290808,0.1723663023581072,0.16792661394243696,0.1630898467340838,0.15779252059240878,0.05483120047154742
102420.0,0.20475354517959318,0.2046294603187139,0.2042571186258498,0.20363648034659065,0.2027674235154754,0.20164970214421662,0.20028286890465968,0.1986661665521383,0.19679838139377542,0.19467764837104237,0.19230119262744128,0.189664985613762,0.18676328348120005,0.18358799944549556,0.18012783589932763,0.17636705871591715,0.17228372066657002,0.1678470030488837,0.16301307935195128,0.15771836079063156,0.05482493206084749
102480.0,0.20464064497400988,0.20451670071420336,0.2041447800722475,0.20352484041802385,0.20265675502600228,0.2015402711945973,0.2001749328662297,0.19855997196456007,0.1966941617450261,0.19457562171832601,0.1922015590043294,0.18956792414879817,0.18666894912032758,0.18349651911266787,0.18003930382255734,0.176281530444775,0.17220120492704166,0.16776744985677253,0.162936361383028,0.15764424203952557,0.05481867627766415
102540.0,0.2045278918362936,0.20440408780293057,0.20403258708995312,0.20341334419926713,0.20254622765801458,0.20143097806920837,0.20006713066902249,0.19845390657811693,0.1965900660347775,0.19447371315987297,0.19210203709773072,0.1894709675451091,0.1865747123524634,0.18340512876404244,0.17995085385897014,0.17619607623282485,0.17211875508164576,0.16768795433567824,0.1628596928233145,0.1575701643614673,0.05481243308153752
102600.0,0.20441528540766374,0.2042916212274734,0.20392053932561313,0.2033019913437208,0.20243584107431103,0.20132182244284075,0.19995946200235218,0.1983479700991136,0.19648609398872263,0.1943719224430862,0.1920026266789777,0.1893741156000098,0.18648057300267412,0.18331382825374704,0.17986248589240225,0.17611069599345988,0.17203637107243894,0.16760851645505734,0.16278307366869538,0.15749612777871191,0.054806202432153485
102660.0,0.20430282533067773,0.20417930063174133,0.20380863642718855,0.20319078150607056,0.20232559493893745,0.20121280399148214,0.1998519265566722,0.1982421622349264,0.19638224533354964,0.194270249316277,0.19190332752020922,0.1892773681115024,0.18638653089657217,0.1832226174362928,0.1797741998069022,0.17602538964012748,0.171954052841416,0.16752913618425172,0.16270650391493946,0.15742213231338661,0.0547999842893479
102720.0,0.20419051124922413,0.20406712566096974,0.20369687804394868,0.20307971434228306,0.2022154889171807,0.20110392239231353,0.19974452402357049,0.19813648269399903,0.19627851979693797,0.1941686935286601,0.19180413939436697,0.18918072487827128,0.18629258586031122,0.18313149616657245,0.17968599548673134,0.17594015708633262,0.1718718003305163,0.16744981349249421,0.16262998355769945,0.15734817798748402,0.05479377861311007
102780.0,0.20407834280851692,0.20395509596171382,0.2035852638264658,0.20296878950959873,0.2021055226755634,0.20099517732370248,0.1996372540957639,0.19803093118583756,0.19617491710755317,0.19406725483034964,0.19170506207518995,0.1890841856996793,0.18619873772058324,0.18304046429985732,0.17959787281636347,0.1758549982456413,0.1717896134816282,0.16737054834891177,0.16255351259251077,0.1572742648228562,0.05478758536358588
102840.0,0.2039663196550887,0.20384321118184137,0.20347379342660785,0.2028580066665265,0.20199569588183822,0.20088656846519828,0.19953011646709307,0.19792550742100554,0.19607143699504173,0.19396593297235365,0.1916060953372099,0.1889877503757629,0.18610498630461433,0.18294952169179682,0.1795098316804874,0.1757699130316843,0.17170749223659418,0.16729134072252938,0.16247709101479108,0.1572003928412087,0.054781404501080475
102900.0,0.203854441436785,0.2037314709705279,0.20336246649753348,0.20274736547283811,0.20188600820498218,0.2007780954975266,0.19942311083251857,0.197820211111119,0.19596807919002782,0.19386472770656987,0.1915072389557473,0.18889141870722792,0.1860113314401621,0.18285866819841615,0.1794218719640062,0.1756849013581602,0.17162543653721601,0.16721219058227374,0.16240071881984025,0.15712656206409514,0.05477523598606067
102960.0,0.20374270780275808,0.20361987497824988,0.20325128269368553,0.20263686558956215,0.2017764593151909,0.20066975810258425,0.19931623688811423,0.1977150419688421,0.19586484342410715,0.19376363878578132,0.19140849270690644,0.18879519049544582,0.185917772955511,0.18276790367611442,0.17933399355203883,0.1755999631388393,0.1715434463252589,0.1671330978969763,0.16232439600283888,0.15705277251291144,0.05476907977915679
103020.0,0.203631118403461,0.20350842285677848,0.20314024167078557,0.20252650667897784,0.201667048883874,0.20056155596343397,0.19920949433106314,0.1976099997078824,0.19576172942984302,0.1936626659636513,0.19130985636757092,0.18869906554244856,0.18582431067947075,0.18267722798166305,0.1792461963299202,0.17551509828756565,0.17146152154245584,0.16705406263537637,0.16224812255884805,0.15697902420889154,0.05476293584116433
103080.0,0.20351967289064088,0.20339711425917423,0.20302934308582715,0.20241628840460996,0.20155777658364807,0.2004534887642988,0.19910288285965255,0.19750508404298509,0.19565873694076166,0.19356180899471898,0.19121132971539917,0.18860304365092534,0.1857309444413713,0.18258664097220467,0.17915848018320224,0.17543030671826113,0.1713796621305116,0.1669750847661241,0.16217189848280836,0.1569053171731029,0.054756804133045275
103140.0,0.20340837091733385,0.20328594883978024,0.20291858659707068,0.20230621043122274,0.2014486420883324,0.20034555619055713,0.19899640217326864,0.1974002946899297,0.1955558656913474,0.1934610676343949,0.1911129125288196,0.18850712462421865,0.18563767407106127,0.1824961425052513,0.17907084499765472,0.17534558834492783,0.17129786803110697,0.16689616425778275,0.1620957237695394,0.1568316514264411,0.054750684615929246
103200.0,0.20329721213785806,0.20317492625421732,0.2028079718640375,0.202196272424814,0.20133964507294302,0.20023775792873763,0.19889005197239165,0.1972956313655239,0.19545311541703816,0.1933604416389568,0.19101460458702751,0.18841130826631936,0.18554449939890402,0.1824057324386828,0.17898329065926608,0.17526094308165044,0.17121613918590192,0.16681730107883186,0.1620195984137388,0.1567580269896265,0.05474457725111428
103260.0,0.2031861962078086,0.2030640461593768,0.20269749854750327,0.20208647405261,0.20123078521368729,0.20013009366651363,0.19878383195859106,0.19719109378759966,0.19535048585422113,0.19325993076554426,0.19091640566997975,0.1883155943818637,0.18545142025577516,0.182315410630746,0.1788958170542435,0.1751763708425996,0.17113447553653938,0.16673849519766898,0.16194352240998175,0.15668444388320016,0.05473848200006755
103320.0,0.20307532278405074,0.2029533082134154,0.20258716630949355,0.2019768149830601,0.20112206218795844,0.2000225630926986,0.19867774183452058,0.19708668167500865,0.19524797674022787,0.19315953477215506,0.19081831555839024,0.1882199827761293,0.18535843647305933,0.1822251769400525,0.17880842406901412,0.17509187154203407,0.171052877024649,0.16665974658261215,0.16186749575272047,0.15661090212752024,0.054732398824425786
103380.0,0.20296459152471502,0.20284271207574953,0.20247697481327687,0.20186729488582994,0.20101347567433092,0.19991516589724026,0.1985717813039134,0.19698239474761695,0.19514558781332925,0.19305925341764005,0.19072033403372673,0.18812447325503154,0.18526554788264749,0.18213503122557845,0.1787211115902255,0.17500744509430322,0.17097134359184898,0.1665810552019022,0.16179151843628287,0.15653740174275846,0.054726327685995446
103440.0,0.20285400208919077,0.20273225740704898,0.2023669237233595,0.2017579134317971,0.20090502535255397,0.19980790177121596,0.1984659500715767,0.1968782327263003,0.19504331881273168,0.19295908646169913,0.19062246087820542,0.1880290656251191,0.1851727543169345,0.18204497334666295,0.17863387950474668,0.17492309141384932,0.17088987517975068,0.16650242102370424,0.16171559045487258,0.1564639427488971,0.054720268546753076
103500.0,0.20274355413812037,0.20262194386923132,0.20225701270547988,0.20164867029304484,0.20079671090354687,0.19970077040682788,0.19836024784338765,0.19677419533293977,0.19494116947857273,0.19285903366487686,0.19052469587478774,0.18793375969357118,0.18508005560881605,0.18195500316300625,0.1785467276996682,0.17483881041520968,0.1708084717299605,0.1664238440161098,0.16163971180256778,0.1563905251657256,0.05471422136884508
103560.0,0.20263324733339327,0.2025117711254562,0.20214724142660268,0.20153956514285704,0.20068853200939368,0.19959377149739713,0.19825467432628793,0.19667028229041744,0.19483913955191573,0.1927590947885583,0.1904270388071758,0.18783855526819335,0.184987451591686,0.18186512053466927,0.17845965606230274,0.17475460201301932,0.17072713318408247,0.16634532414713823,0.16156388247332104,0.1563171490128383,0.05470818611458775
103620.0,0.20252308133814095,0.2024017388401199,0.20203760955491365,0.20143059765571275,0.20058048835333805,0.199486904737359,0.19814922922827913,0.1965664933226108,0.19473722877474547,0.19265926959496346,0.1903294894598086,0.18774345215741442,0.1848949420994344,0.18177532532207238,0.17837266448018638,0.1746704661220125,0.17064585948372166,0.16626686138473853,0.16148810246095838,0.156243814309631,0.054702162746466935
103680.0,0.20241305581673041,0.2022918466788491,0.20192811675981345,0.20132176750728034,0.20047257961977727,0.19938016982225834,0.19804391225841791,0.19646282815438854,0.1946354368899647,0.1925595578471451,0.19023204761785764,0.18764845017028262,0.18480252696644414,0.18168561738599398,0.17828575284107834,0.17458640265702477,0.17056465057048592,0.16618845569679092,0.16141237175917902,0.15617052107529997,0.05469615122713765
103740.0,0.20230317043475926,0.2021820943084958,0.20181876271191243,0.2012130743744125,0.2003648054942579,0.19927356644874414,0.19793872312681082,0.19635928651160645,0.19453376364138814,0.19245995930898235,0.19013471306722282,0.18755354911646277,0.18471020602758917,0.18159599658756972,0.178198921032962,0.17450241153299503,0.17048350638598828,0.16611010705110835,0.16133669036155437,0.1560972693288377,0.05469015151942385
103800.0,0.20219342485904968,0.2020724813971315,0.20170954708302494,0.20110451793514053,0.20025716566347007,0.19916709431456472,0.19783366154461043,0.19625586812110205,0.19443220877373893,0.19236047374517753,0.19003748559452915,0.18745874880623217,0.18461797911823186,0.18150646278829138,0.1781121689440454,0.17441849266496715,0.1704024268718496,0.16603181541543716,0.16126105826152798,0.15602405908903222,0.05468416358631775
103860.0,0.20208381875764236,0.20196300761404115,0.20160046954616406,0.20099609786866934,0.20014965981524283,0.1990607531185625,0.19772872722400917,0.1961525727106903,0.19433077203264432,0.1922611009212518,0.18994036498712263,0.18736404905047738,0.1845258460742205,0.18141701585000572,0.17802549646276156,0.17433464596809173,0.17032141196969994,0.1659535807574592,0.16118547545241463,0.1559508903744645,0.05467818739097924
103920.0,0.2019743517997919,0.20185367262971846,0.2014915297755364,0.2008878138553716,0.2000422876385384,0.1989545425606694,0.19762391987823608,0.19604940000915871,0.19422945316463097,0.1921618406035407,0.18984335103306604,0.18726944966069162,0.18443380673188725,0.18132765563491382,0.17793890347776883,0.1742508713576276,0.17024046162118103,0.16587540304479267,0.16110994192740022,0.15587776320350702,0.05467222289673546
103980.0,0.2018650236559603,0.20174447611585952,0.20138272744653554,0.20077966557678345,0.19993504882344726,0.1988484623419018,0.197519239221551,0.19594634974626327,0.1941282519171203,0.19206269255919053,0.18974644352113504,0.18717495044897092,0.18434186092804514,0.18123838200556946,0.17785238987795138,0.17416716874894367,0.17015957576794852,0.16579728224499327,0.16103445767954142,0.15580467759432162,0.05466627006707993
104040.0,0.20175583399781238,0.20163541774535826,0.20127406223573835,0.20067165271559811,0.1998279430611832,0.19874251216435518,0.19741468496924028,0.19584342165272398,0.19402716803842474,0.19196365655615338,0.18964964224081488,0.18708055122801126,0.18425000849998718,0.18114919482487882,0.17776595555241978,0.17408353805752041,0.17007875435167286,0.16571921832555495,0.16095902270176474,0.15573163356485856,0.054660328865671785
104100.0,0.20164678249820944,0.20152649719230017,0.2011655338208981,0.2005637749556614,0.1997209700440783,0.19863669173119985,0.1973102568376118,0.19574061546021973,0.1939262012777429,0.1918647323631837,0.18955294698229688,0.18698625181110512,0.18415824928548327,0.18106009395609887,0.17767960039051114,0.17399997919895052,0.16999799731404155,0.1656412112539117,0.16088363698686697,0.1556586311328544,0.054654399256335216
104160.0,0.20153786883120442,0.2014177141319574,0.20105714188093957,0.2004560319819663,0.1996141294655774,0.19853100074667612,0.1972059545439908,0.19563793090138398,0.1938253513851553,0.19176591974983415,0.18945635753647372,0.18689205201213888,0.18406658312277763,0.18097107926283734,0.17759332428178962,0.1739164920889415,0.16991730459676108,0.16556326099743776,0.1608083005275139,0.15558567031583154,0.05464848120305843
104220.0,0.20142909267203624,0.20130906824078285,0.20094888609595402,0.20034842348064708,0.19950742102023372,0.19842543891608883,0.19710177780671462,0.19553536770980043,0.1937246181116206,0.19166721848645127,0.18935987369493673,0.18679795164558943,0.1839750098505876,0.18088215060905063,0.1775071271160467,0.1738330766433158,0.16983667614155737,0.16548536752344906,0.16073301331624082,0.15551275113109614,0.05464257466999306
104280.0,0.20132045369712404,0.2012005591964052,0.20084076614719387,0.20024094913897547,0.19940084440370345,0.19832000594580312,0.19699772634512827,0.1954329256199989,0.19362400120897014,0.19156862834417143,0.18926349524997146,0.18670395052652078,0.18388352930810148,0.1807933078590437,0.17742100878330133,0.17374973277801264,0.1697561118901787,0.1654075307992036,0.16065777534545198,0.15543987359573763,0.05463667962145303
104340.0,0.20121195158406247,0.20109218667762366,0.20073278171706757,0.2001336086453547,0.1992943993127408,0.19821470154323917,0.19689379987958014,0.1953306043674499,0.193523500429905,0.19147014909491702,0.1891672219945549,0.18661004847058207,0.18379214133497573,0.1807045508774685,0.17733496917380032,0.1736664604090891,0.16967561178439602,0.1653297507919026,0.16058258660742028,0.1553670377266273,0.05463079602191382
104400.0,0.20110358601161624,0.20098395036440236,0.20062493248913346,0.20002640168931443,0.1991880854451929,0.19810952541686763,0.19678999813141684,0.19522840368856123,0.19342311552799107,0.19137178051139267,0.1890710537223516,0.1865162452940042,0.1837008457713334,0.18061587952932406,0.1772490081780185,0.173583259452721,0.16959517576600458,0.16525202746869116,0.1605074470942869,0.15529424354041832,0.05462492383601165
104460.0,0.2009953565684778,0.20087584984677917,0.20051721805746012,0.19991932787161593,0.1990819024111388,0.19800447718865646,0.19668632073699926,0.19512632323650395,0.19332284617551557,0.19127352228716252,0.18897499015017163,0.18642254073855946,0.18360964238530264,0.18052729361009612,0.17716312561936026,0.1735001297603466,0.16951480371419245,0.1651743607359071,0.16043235673860137,0.15522149098922494,0.05461906368437787
104520.0,0.20088726249320582,0.2007678843652318,0.2004096376682715,0.19981238644801433,0.19897584947958094,0.19789955614447585,0.19658276700255903,0.19502436234120565,0.19322269172923737,0.1911753738087008,0.1888790306967719,0.1863289342574568,0.18351853066621898,0.18043879264632828,0.1770773210619803,0.17341707093339304,0.1694344952665493,0.16509675026533885,0.16035731524155922,0.15514877973561278,0.05461321859413179
104580.0,0.20077930297160143,0.20066005310755955,0.2003021905153498,0.19970557662221566,0.19886992586801622,0.19779476151937742,0.19647933618433153,0.19492252028354384,0.19312265149792063,0.19107733441563618,0.18878317473528716,0.1862354252595575,0.18342751006037314,0.18035037612282323,0.17699159402956285,0.1733340825340152,0.16935425002244853,0.16501919569107057,0.1602823222600083,0.15507610930238414,0.054607391679288755
104640.0,0.20067147723099168,0.2005523553030116,0.20019487583369908,0.19959889763876942,0.19876413083426106,0.1976900925880679,0.19637602757740863,0.19482079638232772,0.19302272482722113,0.19097940348334405,0.18868742167336344,0.18614201318692605,0.1833365800458996,0.18026204355484451,0.17690594407488042,0.17325116415213018,0.16927406760774016,0.16494169667162195,0.16020737746277128,0.15500347915388604,0.054601585485504305
104700.0,0.2005637845398573,0.2004447902219151,0.20008769289917694,0.19949234878270677,0.19865846367609774,0.1975855486645653,0.19627284051540694,0.1947191899939817,0.1929229110993855,0.19088158042266323,0.18859177095289456,0.18604869751458777,0.18324574013255795,0.18017379448792184,0.17682037077962362,0.17316831540526595,0.16919394767453647,0.16486425288901757,0.160132480527666,0.15493088871860564,0.05459580204304847
104760.0,0.20045622420746795,0.20033735717531242,0.19998064102813448,0.1993859293791859,0.19855292373092737,0.19748112910186227,0.19616977437014393,0.19461770051223484,0.19282320973295639,0.19078386467961936,0.18849622204976474,0.18595547775029336,0.18315498986151887,0.1800856284976617,0.176734873754235,0.17308553593840514,0.1691138899009522,0.16478686404783444,0.16005763114020918,0.1548583374083409,0.05459004291515954
104820.0,0.2003487955835246,0.20023005551460488,0.19987371957706365,0.19927963879314492,0.19844751037543146,0.19737683329159694,0.1960668285513204,0.19451632736781702,0.19272362018248465,0.19068625573515502,0.18840077447359832,0.18586235343428822,0.1830643288051559,0.17999754518956124,0.1766494526377444,0.173002825423823,0.16903389399081034,0.1647095298743279,0.15998282899357147,0.15478582463443838,0.05458430924216623
104880.0,0.20024149805781088,0.20012288463120403,0.19976692794225204,0.19917347642896202,0.19834222302523818,0.1972726606637299,0.19596400250620855,0.19441507002816125,0.19262414193824734,0.19058875310486384,0.18830542776751277,0.18576932413908576,0.18297375656684145,0.17990954419882751,0.17656410709760742,0.1729201835609172,0.16895395967332208,0.16463225011569285,0.15990807378944172,0.15471334982151977,0.0545786017817356
104940.0,0.2001343310598483,0.20001584395618868,0.19966026555944333,0.19906744173012175,0.19823706113459721,0.197168610686228,0.1958612957193479,0.19431392799711245,0.192524774525971,0.19049135633873174,0.18821018150787816,0.18567638946924775,0.18288327278074756,0.17982162519019845,0.17647883682954488,0.1728376100760296,0.16887408670275833,0.16455502453949372,0.15983336523953792,0.1546409124190503,0.05457292094557623
105000.0,0.20002729405855926,0.19990893295996948,0.19955373190350464,0.19896153417888696,0.19813202419605896,0.1970646828647526,0.19575870771224507,0.1942129008146404,0.19242551750655978,0.1903940650208809,0.18811503530407947,0.18558354906116623,0.1827928771116485,0.17973378785776895,0.17639364155738047,0.17275510472226116,0.16879427485812437,0.16447785293327483,0.15975870306755963,0.15456851191105755,0.05456726683289973
105060.0,0.19992038656193586,0.1998021511519573,0.19944732648809807,0.1988557532959765,0.1980271117401595,0.19696087674235424,0.19565623804307855,0.1941119880565581,0.19232637047582896,0.1902968787693204,0.18801998879828455,0.18549080258285097,0.1827025692547299,0.1796460319248174,0.17630852103287942,0.17267266727928166,0.1687145239428493,0.16440073510434783,0.1596840870114224,0.15449614782425564,0.054561639260918275
105120.0,0.19981360811671203,0.19969549808023826,0.19934104886535936,0.1987500986402479,0.19792232333510998,0.19685719189917086,0.1955538863064094,0.19401118933424424,0.19222733306424178,0.1901997972356978,0.18792504166521581,0.18539814973371932,0.18261234893539766,0.17955835714363497,0.17622347503558686,0.17259029755313476,0.16863483378450056,0.1643236708797489,0.15960951682565386,0.15442381973479988,0.054556037792634106
105180.0,0.1997069583080423,0.19958897333125267,0.19923489862557886,0.19864456980838463,0.19781765858649109,0.1967536279521319,0.1954516521328945,0.19391050429437018,0.19212840493664995,0.19010282010505816,0.1878301936119235,0.1853055902443896,0.18252221590909148,0.17947076329535638,0.17613850337266349,0.17250799537604217,0.16855520423453063,0.1642466601063507,0.15953499228385837,0.1543515272738612,0.05455046176215528
105240.0,0.1996004367591842,0.19948257652947698,0.19912887539688826,0.19853916643458697,0.19771311713695164,0.19665018455466468,0.19534953518900475,0.1938099326186297,0.1920295857920391,0.19000594709560262,0.18773544437756365,0.18521312387647748,0.1824321699610996,0.1793832501897915,0.17605360587872093,0.17242576060620982,0.1684756351680612,0.1641697026511088,0.15946051318118026,0.15427927013218587,0.05454491029775322
105300.0,0.19949404313118302,0.1993763073371128,0.19902297884495077,0.19843388819026705,0.19760869866590955,0.19654686139640506,0.19524753517674587,0.1937094740234729,0.19193087536327502,0.18990917795845164,0.1876407937331782,0.18512075042239354,0.182342210906376,0.17929581766525762,0.17596878241565658,0.17234359312763683,0.16839612648370803,0.16409279840142585,0.15938607933671525,0.15420704806377944,0.054539382342858884
105360.0,0.19938777712256256,0.19927016545377518,0.1989172086726533,0.19832873478374724,0.1975044028892571,0.196443658202911,0.19514565183338278,0.19360912825984164,0.19183227341685397,0.18981251247741082,0.1875462414814766,0.1850284697051434,0.18225233858935794,0.17920846558841183,0.17588403287248652,0.17226149284993103,0.16831667810344839,0.1640159472656148,0.15931169059583142,0.15413486088883835,0.05453387667517867
105420.0,0.19928163846901564,0.19916415061618709,0.1988115646198032,0.19822370595996028,0.1974002295590688,0.19634057473537805,0.19504388493116556,0.19350889511290878,0.19173377975265524,0.1897159504687375,0.1874517874566205,0.18493628157812972,0.18216255288378602,0.17912119385408426,0.17579935716517978,0.1721794597081322,0.16823728997253218,0.16393914917344088,0.15923734683237317,0.15406270849603165,0.05452839192409561
105480.0,0.19917562694310006,0.19905826259787346,0.19870604646282697,0.19811880150015315,0.19729617846331035,0.19623761079035898,0.19494223427705804,0.19340877440181783,0.19163539420369438,0.18961949178090978,0.18735743152400794,0.18484418592495455,0.18207285369252307,0.17903400238510964,0.17571475523649113,0.1720974936625447,0.16815796205943281,0.16386240407672695,0.15916304795073194,0.15399059084422698,0.054522926586507696
105540.0,0.19906974235393454,0.19895250120886052,0.19860065401446977,0.1980140212215919,0.1971922494255513,0.1961347661994827,0.19484069971246842,0.19330876597942553,0.19153711663587908,0.18952313629439788,0.1872631735800612,0.18475218265922383,0.18198324094737428,0.17894689113216003,0.17563022705579656,0.1720155946985811,0.1680786943558402,0.1637857119500039,0.15908879388777084,0.15391850796373485,0.05451747904124203
105600.0,0.19896398454689684,0.19884686629537376,0.1984953871234984,0.19790936497726852,0.19708844230467812,0.19603204082917672,0.1947392811129807,0.19320886973204493,0.19143894694776542,0.1894268839214338,0.187169013552013,0.18466027172435026,0.18189371460890805,0.17885986007357543,0.1755457726189277,0.17193376282661874,0.1679994868766904,0.16370907279119534,0.15901458461459747,0.15384645995714272,0.05451204756217217
105660.0,0.19885835340332347,0.1987413577395386,0.19839024567440372,0.19780483265560855,0.196984756994608,0.1959294345803889,0.19463797838808664,0.19310908557918957,0.1913408850703152,0.18933073460578456,0.18707495139769517,0.1845684530933582,0.18180427466627486,0.17877290921519576,0.17546139194800933,0.17185199808186674,0.16792033966022868,0.16363248662232124,0.1589404201381825,0.15377444699979417,0.054506630330154585
105720.0,0.19875284884020988,0.19863597545908182,0.198285229587105,0.19770042418017983,0.19688119342400437,0.195826947388311,0.19453679148091937,0.19300941347331782,0.19124293096665348,0.18923468832252352,0.18698098710532574,0.18447672676868768,0.18171492113702614,0.1786860385901902,0.17537708509129846,0.17177030052424846,0.1678412527681052,0.16355595349020965,0.15886630050282594,0.15370246933996576,0.05450122544389077
105780.0,0.19864747080991144,0.1985307194070328,0.1981803388166542,0.19759613950940166,0.19677775155599211,0.19572457922210246,0.19443572036798656,0.19290985339957734,0.19114508463182617,0.1891387450778021,0.18688712069329624,0.18438509278199697,0.1816256540669333,0.1785992482588866,0.17529285212302637,0.17168867023829534,0.16776222628549567,0.16347947346720734,0.1587922257914727,0.15363052729878546,0.05449583092981212
105840.0,0.19854221929984328,0.1984255895714253,0.19807557335294085,0.1974919786362536,0.19667443138787258,0.1956223300846129,0.19433476505890346,0.19281040537554991,0.1910473460925574,0.18904290490862155,0.18679335220995885,0.18429355119396612,0.18153647352980418,0.17851253830860078,0.17520869314324122,0.17160710733305398,0.16768326032124786,0.16340304665188057,0.15871819612688126,0.15355862126992856,0.054490444751076304
105900.0,0.19843709433218198,0.19832058597499932,0.197970933220395,0.19738794158798426,0.19657123295083942,0.19552020001210565,0.19423392559612512,0.19271106945099478,0.1909497154070055,0.1889471678826036,0.18669968173341198,0.18420210209409732,0.181447379627298,0.17842590885346377,0.17512460827765758,0.17152561194200655,0.16760435500804585,0.16332667316969943,0.15864421167265397,0.15348675171912582,0.054485064815756525
105960.0,0.19833209596356424,0.1982157086749005,0.19786641847769137,0.19728402842581816,0.19646815630969078,0.19541818907397993,0.19413320205467816,0.19261184570759182,0.1908521926645188,0.18885153409775998,0.1866061093712848,0.1841107456005151,0.18135837248874048,0.17833936003424958,0.17504059767750446,0.17144418422300142,0.16752551050259035,0.16325035317369924,0.15857027263412998,0.1534149191835111,0.054479688984297066
106020.0,0.1982272242847855,0.19811095776238052,0.1977620292174517,0.19718023924466324,0.19636520156254378,0.1953162973724907,0.19403259454189134,0.1925127342586825,0.19075477798539023,0.18875600368226028,0.18651263526052028,0.18401948185976452,0.1812694522709351,0.178252892018201,0.17495666151938025,0.1713628243581963,0.1674467269857925,0.16317408684511456,0.15849637925915425,0.15334312427083385,0.05447431507630366
106080.0,0.19812247942049743,0.1980063333624951,0.1976577655659443,0.19707657417281604,0.1962623688405456,0.19521452504246864,0.19393210319712387,0.19241373524901062,0.19065747152060844,0.18866057679419806,0.1864192595671559,0.183928311046606,0.18118061915797354,0.17816650499885509,0.1748728000051083,0.1712815325540102,0.16736800466297563,0.16309787439398052,0.15842253183872276,0.1532713676585551,0.0544689408767296
106140.0,0.19801786152890344,0.19790183563379946,0.1975536276827839,0.19697303337166472,0.19615965830758217,0.1951128722510369,0.19383172819149258,0.19231484885445854,0.19056027345160942,0.18856525362135518,0.18632598248610235,0.1838372333638103,0.18109187336104315,0.17808019919586754,0.17478901336159727,0.17120030904108538,0.16728934376408197,0.1630217160597002,0.1583487307075163,0.15319965009284836,0.05446356414151416
106200.0,0.19791337080145052,0.19779746476804275,0.19744961576062844,0.19686961703538983,0.196057070159986,0.19501133919732716,0.1937314697275962,0.19221607528178472,0.19046318399002374,0.1884700343809632,0.18623280424091992,0.18374624904194814,0.18100321511823317,0.17799397485483665,0.1747053018407027,0.17111915407425596,0.1672107445438832,0.16294561211157424,0.1582749762443247,0.15312797238751866,0.054458182602724725
106260.0,0.19780900737307694,0.19769322090055624,0.19734572993599042,0.19676632530247964,0.19595460453902291,0.19490992602619547,0.19363132795470717,0.19211741468551413,0.19036620329647272,0.1883749192405797,0.1861397250069194,0.18365535826482352,0.1809146446223617,0.17790783217753975,0.17462166565184287,0.17103806786747675,0.16713220721910824,0.16286956278780257,0.15820126881184254,0.15305633535724344,0.05445279462822188
106320.0,0.19770477104311096,0.19758910383159137,0.1972419700118877,0.1966631579805488,0.19585226125871436,0.19480863255984918,0.19353130270495414,0.1920188669093742,0.19026933122788303,0.18827990807182887,0.18604674467177382,0.18356456093728601,0.1808261617961804,0.1778217711045625,0.17453810475190373,0.17095705039065281,0.16705373177156524,0.16279356810369966,0.15812760856601138,0.1529847395709934,0.05444740114427302
106380.0,0.19760066152508407,0.19748511327573548,0.1971383357060723,0.19656011479260502,0.19575004004938584,0.19470745853795213,0.19343139372930185,0.19192043171751863,0.19017256756338602,0.18818500067047692,0.18595386304936418,0.1834738568925422,0.180737766492972,0.17773579150915597,0.17445461903252546,0.17087610155078187,0.16697531812387262,0.1627176280227488,0.15805399561841868,0.15291318546828697,0.05444200359780118
106440.0,0.19749667853353736,0.19738124894858217,0.19703482673728911,0.19645719546262766,0.19564794064230498,0.1946064037010718,0.1933316007795732,0.19182210887490375,0.1900759120828504,0.18809019683295333,0.18586107995414655,0.18338324596426436,0.18064945856633968,0.17764989326470143,0.1743712083853231,0.17079522125512037,0.16689696620084157,0.16264174251594818,0.15798043008902538,0.15284167342248817,0.054436603302197885
106500.0,0.19739282178401713,0.19727751056672507,0.19693144282527117,0.1963543997155634,0.1955459627696778,0.19450546779067704,0.19323192360844507,0.1917238981472849,0.18997936456688003,0.18799549635634738,0.18576839520114807,0.1832927279865856,0.18056123787020162,0.17756407624471554,0.17428787270192592,0.1707144094113148,0.16681867592969152,0.16256591156131234,0.15790691210167074,0.15277020374985026,0.05443120144913039
106560.0,0.1972890909930701,0.19717389784775463,0.19682818369073593,0.19625172727732215,0.19544410616464403,0.1944046505491322,0.19313236196944428,0.1916257993012123,0.18988292479680954,0.18790089903840437,0.18567580860596267,0.18320230279409433,0.18047310425878804,0.1774783403228555,0.17420461187402084,0.17063366592752893,0.16674044724019998,0.16249013514319455,0.15783344178066736,0.1526987767173082,0.05442579911933658
106620.0,0.19718548587823917,0.19707041051025329,0.1967250490553799,0.19614917787477273,0.19534237056127324,0.19430395171969445,0.19303291561694394,0.19152781210402758,0.18978659255470018,0.18780640467752194,0.18558331998474725,0.1831119702218307,0.18038505758663703,0.17739268537292785,0.17412142579340037,0.1705529907125637,0.16666228006478828,0.16241441325151823,0.15776001924826136,0.15262739254920357,0.054420397292489826
106680.0,0.1970820061580591,0.1969670482737912,0.1966220386418749,0.19604675123573834,0.19524075569456043,0.19420337104650845,0.19293358430615956,0.1914299363238599,0.18969036762333727,0.18771201307274582,0.18549092915421772,0.1830217301052816,0.1802970977085939,0.17730711126889898,0.17403831435201064,0.17047238367596682,0.1665841743385476,0.1623387458809735,0.15768664462277235,0.1525560514330943,0.054414996856211026
106740.0,0.19697865155205185,0.19686381085892143,0.19651915217386406,0.19594444708899258,0.195139261300422,0.19410290827460364,0.19283436779314467,0.19133217172962275,0.18959424978622605,0.1876177240237671,0.1853986359316443,0.18293158228037687,0.18020922447980883,0.17722161788490814,0.1739552774420022,0.17039184472812818,0.16650612999921097,0.16226313303022288,0.15761331801726855,0.1524847535247819,0.054409598614298414
106800.0,0.19687542178072256,0.19676069798717602,0.19641638937595632,0.19584226516425474,0.19503788711569145,0.19400256314988912,0.19273526583478764,0.19123451809100908,0.18949823882758787,0.18752353733091795,0.18530644013484823,0.18284152658348524,0.1801214377557375,0.17713620509528244,0.1738723149557789,0.17031137378036182,0.16642814698708353,0.16218757470114234,0.15754003953866053,0.1524134989526648,0.05440420329424038
106860.0,0.19677231656555447,0.1966577093810613,0.19631374997372347,0.19574020519218654,0.19493663287811602,0.19390233541915036,0.19263627818880755,0.19113697517848868,0.18940233453235683,0.18742945279516762,0.18521434158219713,0.18275156285141123,0.18003373739214182,0.17705087277455245,0.17378942678604872,0.17023097074497176,0.16635022524493331,0.16211207089811433,0.15746680928712142,0.15234228782151193,0.05439881155407218
106920.0,0.19666933562900543,0.19655484476405435,0.19621123369369492,0.19563826690438652,0.19483549832635114,0.19380222483004497,0.19253740461375002,0.19103954276330395,0.1893065366861753,0.18733547021811878,0.1851223400926022,0.1826616909213923,0.17994612324509168,0.1769656207974705,0.17370661282586897,0.17015063553530294,0.16627236471785842,0.16203662162738094,0.15739362735575935,0.15227112021573613,0.05439342398863113
106980.0,0.1965664786945032,0.19645210386059767,0.196108840263354,0.19553645003338757,0.19473448319995776,0.19370223113109875,0.19243864486898396,0.1909422206174665,0.18921084507539193,0.18724158940200436,0.18503043548551337,0.18257191063109543,0.17985859517096847,0.17688044903902836,0.17362387296869136,0.17007036806577583,0.16619456535313062,0.16196122689646572,0.1573204938304832,0.15219999620223512,0.05438804113526234
107040.0,0.19646374548644108,0.1963494863960955,0.19600656941113342,0.19543475431265095,0.19463358723939744,0.19360235407170176,0.19233999871469765,0.19084500851375305,0.1891152594870567,0.1871478101496836,0.18493862758091636,0.1824822218186154,0.17977115302646796,0.1767953573744773,0.17354120710840282,0.1699901682519083,0.16611682710002865,0.1618858867136588,0.1572474087900152,0.15212891583285898,0.05438266347902102
107100.0,0.19636113573017355,0.1962469920969091,0.19590442086641122,0.19533317947656328,0.1945328101860286,0.1935025934021042,0.1922414659118941,0.1907479062257021,0.18901977970891745,0.18705413226463782,0.1848469161993291,0.18239262432247397,0.17968379666860504,0.17671034567934668,0.17345861513936217,0.1699100360103243,0.1660391499096608,0.16181060108757014,0.15717437230601364,0.15205787914655244,0.054377291457415135
107160.0,0.19625864915201252,0.19614462069035338,0.19580239435950625,0.19523172526043206,0.1944321517821024,0.19340294887341272,0.1921430462223885,0.1906509135276096,0.1889244055294162,0.1869605555509674,0.184755301161798,0.1823031179816166,0.17959652595471942,0.17662541382946406,0.17337609695643394,0.16982997125875018,0.1659615337347861,0.16173537002674207,0.15710138444327612,0.15198688617121747,0.0543719254647279
107220.0,0.19615628547922276,0.19604237190469156,0.19570048962167452,0.19513039140048208,0.194331611770759,0.19330342023758693,0.19204473940880368,0.1905540301945265,0.18882913673768584,0.18686707981338826,0.18466378228989597,0.18221370263541298,0.17950934074248096,0.17654056170097446,0.17329365245501563,0.16974997391600039,0.16588397852963596,0.16166019353932048,0.15702844525999876,0.15191593692532937,0.05436656585595571
107280.0,0.19605404444001742,0.19594024546913216,0.19559870638510451,0.19502917763385078,0.1942311898960231,0.1932040072474344,0.19194654523456656,0.1904572560022538,0.18873397312354695,0.18677370485722766,0.18457235940571812,0.18212437812365645,0.17942224088989622,0.1764557891703583,0.17321128153106236,0.1696700439019555,0.16580648424973893,0.16158507163277808,0.15695555480807624,0.15184503141934247,0.054361212950395935
107340.0,0.1959519257635543,0.19583824111382353,0.1954970443829139,0.19492808369858391,0.1941308859028,0.19310470965660773,0.19184846346390466,0.1903605907273398,0.18863891447750286,0.18668043048842162,0.18448103233188007,0.1820351442865632,0.1793352262553154,0.17637109611444984,0.17312898408110683,0.16959018113753174,0.16572905085175185,0.1615100043136852,0.15688271313342472,0.1517741696569088,0.054355867034914206
107400.0,0.19584992917993144,0.19573635856985064,0.19539550334914374,0.19482710933363206,0.19403069953687269,0.19300552721960093,0.1917504938618418,0.19026403414707588,0.18854396059073714,0.18658725651351105,0.1843898008915146,0.1819460009647734,0.17924829669743966,0.17628648241045392,0.17304676000227404,0.1695103855446447,0.16565167829329944,0.16143499158752342,0.1568099202763206,0.1517033516359377,0.05435052836691939
107460.0,0.19574805442018273,0.19563459756923068,0.19529408301875645,0.19472625427884685,0.1939306305448962,0.19290645969174455,0.19165263619419481,0.19016758603949324,0.1884491112551099,0.18649418273963841,0.18429866490827035,0.1818569479993516,0.17916145207532763,0.17620194793596133,0.17296460919229287,0.16943065704616767,0.1655743665328209,0.16136003345853722,0.15673717627174213,0.15163257734951285,0.05434519717707202
107520.0,0.1956463012162745,0.19553295784490918,0.1951927831276302,0.19462551827497596,0.19383067867439505,0.19280750682920236,0.19155489022756947,0.19007124618335888,0.18835436626315383,0.18640120897454476,0.18420762420630848,0.18176798523178722,0.17907469224840367,0.1761174925689643,0.17288253154950328,0.16935099556588706,0.16549711552942958,0.1612851299296186,0.1566644811497115,0.1515618467866885,0.05433987367174903
107580.0,0.19554466930110076,0.1954314391307551,0.19509160341255558,0.1945249010636601,0.19373084367375878,0.1927086683889681,0.19145725572935735,0.18997501435817274,0.18825972540807157,0.1863083350265664,0.18411667861030168,0.18167911250399701,0.17898801707646475,0.17603311618786874,0.17280052697286014,0.16927140102845392,0.1654199252427808,0.16121028100222065,0.15659183493562986,0.15149115993317785,0.05433455803528697
107640.0,0.19544315840847923,0.19533004116155733,0.19499054361123114,0.1944244023874283,0.193631125292238,0.1926099441288608,0.19135973246773166,0.18987889034416333,0.18816518848373154,0.18621556070463208,0.18402582794543215,0.1815903296583252,0.17890142641968793,0.1759488186715066,0.17271859536193282,0.16919187335933455,0.1653427956329505,0.1611354866762966,0.15651923765060344,0.1514205167719485,0.05432925043202261
107700.0,0.1953417682731473,0.19522876367302072,0.19488960346225975,0.1943240219896945,0.1935315232799406,0.19251133380752136,0.19126232021164374,0.18978287392228416,0.1880707552846642,0.18612288581826,0.18393507203738993,0.18150163653754625,0.17881492013863765,0.17586459989914602,0.17263673661690349,0.16911241248475953,0.1652657266603251,0.1610607469502602,0.15644668931175593,0.15134991728373665,0.05432395100814911
107760.0,0.19524049863075818,0.19512760640176208,0.19478878270514463,0.19422375961475327,0.19343203738782824,0.1924128371844093,0.1911650187308194,0.18968696487421133,0.18797642560606034,0.1860303101775545,0.18384441071237148,0.18141303298486638,0.17872849809427171,0.1757804597505001,0.17255495063856105,0.1690330183316738,0.16518871828550138,0.16098606182096517,0.15637418993252805,0.15127936144749,0.05431865989340405
107820.0,0.19513934921787643,0.19502656908530575,0.19468808108028482,0.19412361500777622,0.19333266736771196,0.19231445401979838,0.1910678277957551,0.18959116298233833,0.18788219924376598,0.18593783359320457,0.18375384379707904,0.1813245188439253,0.1786421601479494,0.17569639810573467,0.1724732373282937,0.16895369082768413,0.16511177046919698,0.16091143128369934,0.15630173952296228,0.15120884924074862,0.0543133772026044
107880.0,0.1950383197719742,0.19492565146207946,0.19458749832897176,0.19402358791480775,0.19323341297224883,0.1922161840747724,0.19097074717771464,0.18949546802977404,0.1877880759942798,0.1858454558764796,0.18366337111871933,0.18123609395879942,0.17855590616143627,0.1756124148454739,0.1723915965880786,0.16887442990101081,0.165034883172169,0.16083685533219222,0.15622933808997028,0.1511383806399716,0.05430810303704164
107940.0,0.1949374100314273,0.1948248532714113,0.19448703419338506,0.19392367808276098,0.1931342739549377,0.19211802711122314,0.19087377664872557,0.18939987980033823,0.1876940556547506,0.1857531768392284,0.18357299250500264,0.18114775817400308,0.17846973599691054,0.17552850985080565,0.17231002832047032,0.16879523548043784,0.16495805635514368,0.1607623339586341,0.1561569856375861,0.15106795562081718,0.05430283748575013
108000.0,0.1948366197355113,0.19472417425352498,0.19438668841658857,0.19382388525941469,0.19303525007011577,0.19201998289184502,0.1907769159815754,0.1893043980785586,0.18760013802297287,0.1856609962938761,0.18348270778414175,0.1810595113344905,0.17838364951696842,0.17544468300328428,0.17222853242858813,0.16871610749526675,0.16488128997875257,0.1606878671537029,0.15608468216720173,0.15099757415838086,0.05429758062665948
108060.0,0.194735948624397,0.19462361414953586,0.1942864607425266,0.19372420919340858,0.1929363410729546,0.19192205118013259,0.19068016494980758,0.18920902264966727,0.1875063228973845,0.18556891405342163,0.18339251678485205,0.1809713532856598,0.17829764658462893,0.1753609341849334,0.17214710881610074,0.16863704587527095,0.16480458400347872,0.16061345490659892,0.1560124276777887,0.15092723622739795,0.05429233252764142
108120.0,0.19463539643914712,0.19452317270144728,0.19418635091601982,0.19362464963424003,0.19283754671945633,0.19182423174037577,0.19058352332771916,0.18911375329959748,0.18741261007706414,0.185476929931436,0.18330241933635075,0.18088328387335306,0.17821172706333818,0.17527726327824583,0.17206575738721153,0.16855805055065226,0.16472793838960856,0.16053909720508489,0.15594022216610248,0.15085694180241502,0.05428709324746117
108180.0,0.1945349629217125,0.19442284965214618,0.19408635868276192,0.1935252063322601,0.1927388667664505,0.1917265243376568,0.19048699089035598,0.1890185898149801,0.18731899936172738,0.18538504374206016,0.18321241526835658,0.18079530294385976,0.17812589081697303,0.17519367016618476,0.17198447804664244,0.1684791214519999,0.1646513530971916,0.16046479403553082,0.15586806562687458,0.15078669085793373,0.0542818628366411
108240.0,0.194434647814927,0.19432264474540029,0.193986483789315,0.19342587903866948,0.19264030097158963,0.19162892873784718,0.19039056741350982,0.18892353198314057,0.18722549055172422,0.18529325530000262,0.18312250441108877,0.18070741034391852,0.17804013770984486,0.1751101547321819,0.17190327069961595,0.16840025851025142,0.1645748280860061,0.16039054538296194,0.15579595805298865,0.15071648336853208,0.05427664133824513
108300.0,0.1943344508625048,0.194222557725853,0.1938867259831061,0.1933266675055153,0.19254184909334537,0.1915314447076027,0.19029425267371528,0.18882857959209515,0.18713208344803628,0.1852015644205378,0.18303268659526814,0.18061960592071896,0.17795446760670236,0.1750267168601358,0.17182213525184017,0.16832146165665654,0.16449836331553022,0.16031635123110863,0.15572389943564385,0.15064631930896363,0.054271428788590925
108360.0,0.19423437180903624,0.19412258833901996,0.19378708501242362,0.19322757148568656,0.1924435108910057,0.19143407201436122,0.19019804644824537,0.18873373243054853,0.18703877785227382,0.18510997091950424,0.1829429616521155,0.18053188952190344,0.17786888037273305,0.17494335643440853,0.1717410716094894,0.16824273082274296,0.16442195874491874,0.16024221156245855,0.15565188976450633,0.15057619865424005,0.05426622521789618
108420.0,0.1941344103999839,0.19402273633128586,0.1936875606264128,0.19312859073291114,0.19234528612467056,0.1913368104263382,0.19010194851510837,0.18863899028788927,0.1869455735666735,0.18501847461330265,0.18285332941335256,0.18044426099556907,0.17778337587356627,0.17486007333982276,0.17166007967918837,0.1681640659402841,0.16434561433298397,0.16016812635830885,0.15557992902784767,0.15050612137969785,0.05426103065086517
108480.0,0.19403456638167868,0.1939230014498997,0.19358815257507306,0.19302972500175153,0.19224717455524823,0.1912396597125232,0.1900059586530451,0.1885443529541881,0.18685247039409525,0.1849270753188944,0.18276378971120102,0.18035672019026847,0.1776979539752737,0.17477686746165697,0.17157915936799437,0.16808546694126972,0.16426933003818128,0.16009409559881976,0.15550801721267263,0.15043608746105194,0.05425584510722113
108540.0,0.19393483950131604,0.1938233834429713,0.1934888606092526,0.1929309740476012,0.19214917594445213,0.19114261964267698,0.18991007664152484,0.18844982022019396,0.1867594681380198,0.18483577285379968,0.182674342378383,0.18026926695501216,0.1776126145443701,0.17469373868564092,0.1714983105833798,0.16800693375787884,0.16419310581859867,0.16002011926306675,0.15543615430483712,0.15036609687443758,0.05425066860218915
108600.0,0.19383522950695198,0.19372388205946744,0.1933896844806462,0.19283233762668142,0.19205129005479657,0.19104568998732702,0.18981430226074186,0.18835539187733089,0.18666656660254596,0.18474456703609604,0.18258498724812042,0.18018190113926824,0.17752735744781434,0.17461068689795048,0.17141753323321562,0.1679284663224541,0.16411694163194762,0.15994619732909296,0.15536434028915536,0.15029614959644266,0.054245501146933925
108660.0,0.19373573614749992,0.19362449704920853,0.19329062394179095,0.19273381549603688,0.1919535166495937,0.19094887051776532,0.189718635291613,0.18826106771769513,0.18657376559238853,0.1846534576844171,0.18249572415413504,0.18009462259296502,0.17744218255300873,0.17452771198520112,0.17133682722575544,0.16785006456747956,0.16404083743556033,0.1598723297739603,0.15529257514949837,0.1502262456041306,0.05424034274895705
108720.0,0.19363635917272598,0.193525228162864,0.19319167874606216,0.19263540741353227,0.19185585549294967,0.19085216100604335,0.18962307551577307,0.1881668475340527,0.1864810649128757,0.18456244461795057,0.1824065529306484,0.1800074311664905,0.177357089727799,0.17444481383444277,0.17125619246961912,0.16777172842555862,0.16396479318638651,0.15979851657379976,0.15522085886888456,0.1501563848750582,0.054235193412457035
108780.0,0.19353709833324598,0.1934260751519494,0.19309284864766954,0.19253711313784833,0.19175830634976085,0.19075556122496984,0.18952762271557252,0.18807273111983566,0.1863884643699464,0.18447152765643707,0.18231747341238153,0.17992032671069338,0.17727207884047289,0.17436199233315233,0.17117562887377705,0.16769345782939596,0.16388880884099405,0.15972475770385994,0.15514919142956168,0.15008656738728507,0.05423005313865568
108840.0,0.19343795338052147,0.19332703776882257,0.1929941334016548,0.19243893242847948,0.19166086898571083,0.19065907094810675,0.18943227667407384,0.1879787182691392,0.18629596377014862,0.18438070662016917,0.18222848543455442,0.17983330907688358,0.1771871497597598,0.17427924736922806,0.17109513634753565,0.1676152527117798,0.16381288435557134,0.15965105313855485,0.1550775728130829,0.15001679311937857,0.05422492192609378
108900.0,0.19333892406685593,0.19322811576667925,0.19289553276388646,0.1923408650457285,0.1915635431672662,0.19056268994976586,0.1893370371750483,0.18788480877671945,0.18620356292063597,0.1842899813299892,0.18213958883288642,0.17974637811683186,0.17710230235482854,0.17419657883098172,0.17101471480052247,0.16753711300556645,0.1637370196859307,0.15957740285150887,0.1550060030003738,0.14994706205041491,0.05421979977089924
108960.0,0.19324001014539094,0.19312930889955,0.19279704649105708,0.19224291075070385,0.19146632866167332,0.19046641800500563,0.18924190400297286,0.18779100243798963,0.18611126162916655,0.18419935160728831,0.18205078344359507,0.17965953368277018,0.17701753649528582,0.17411398660713256,0.1709343641426732,0.16745903864366646,0.1636612147875144,0.15950380681560103,0.15493448197179663,0.14987737415997582,0.05421468666702979
109020.0,0.19314121137010318,0.19303061692229637,0.19269867434067897,0.19214506930531602,0.19136922523695543,0.1903702548896275,0.18914687694302718,0.1876972990490181,0.18601905970410026,0.18410881727400502,0.1819620691033958,0.17957277562739166,0.1769328520511739,0.17403147058679935,0.17085408428421783,0.16738102955903195,0.16358546961540135,0.15943026500300742,0.1548630097072055,0.14980772942814252,0.054209582606492786
109080.0,0.1930425274957996,0.19293203959060745,0.1926004160710813,0.19204734047227362,0.19127223266190804,0.1902742003801733,0.18905195578109016,0.1876036984065252,0.1859269569543966,0.18401837815262456,0.1818734456495019,0.17948610380384972,0.1768482488929687,0.17394903065949358,0.17077387513566814,0.1673030856846463,0.16350978412431397,0.15935677738524082,0.15479158618599898,0.14973812783548646,0.05420448757954451
109140.0,0.192943958278115,0.19283357666099588,0.19250227144140586,0.1919497240150804,0.19117535070609637,0.1901782542539206,0.18895714030373684,0.18751020030788068,0.1858349531896129,0.18392803406617592,0.18178491291962373,0.17939951806575768,0.1767637268915766,0.17386666671511247,0.1706937366078059,0.1672252069535141,0.16343415826862784,0.15928334393319035,0.1547202113871662,0.1496685693630597,0.05419940157487021
109200.0,0.19284550347350754,0.1927352278907938,0.19240424021160407,0.19185221969803126,0.19107857913985113,0.19008241628888065,0.18886243029823563,0.18741680455110074,0.1857430482199016,0.1838377848382325,0.181696470751968,0.1793130182671882,0.17667928591833193,0.17378437864393154,0.17061366861167207,0.16714739329865252,0.16335859200238043,0.15920996461715697,0.15464888528932985,0.14959905399238133,0.05419432457974721
109260.0,0.19274716283925533,0.19263699303815074,0.19230632214243265,0.19175482728620893,0.19098191773426634,0.1899866862637944,0.18876782555254468,0.1873235109348454,0.18565124185600854,0.18374763029290914,0.18160811898523715,0.1792266042626716,0.17659492584499417,0.17370216633659774,0.17053367105855505,0.16706964465308505,0.16328308527928065,0.15913663940689002,0.15457760787078453,0.14952958170542424,0.054189256580192656
109320.0,0.1926489361334534,0.1925388718620287,0.19220851699545083,0.19165754654548026,0.19088536626119412,0.18989106395812924,0.18867332585530946,0.18723031925841643,0.18555953390927094,0.18365757025486223,0.18151985745862853,0.17914027590719575,0.17651064654374451,0.17362002968412255,0.1704537438599814,0.1669919609498342,0.1632076380527202,0.15906336827161854,0.15450637910953124,0.14946015248460068,0.05418419756109685
109380.0,0.19255082311500898,0.1924408641221986,0.19211082453301614,0.19156037724249275,0.1907889244932431,0.18979554915207641,0.18857893099585943,0.18713722932175417,0.18546792419161515,0.18356760454928706,0.1814316860118338,0.17905403305620438,0.1764264478871823,0.17353796857787473,0.1703738869277064,0.16691434212191666,0.16313225027578335,0.15899015118008514,0.15443519898330899,0.1493907663127457,0.05417914750634423
109440.0,0.19245282354363902,0.1923429695792378,0.19201324451828167,0.19146331914467182,0.1906925922037737,0.18970014162654675,0.18848464076420554,0.1870442409254345,0.1853764125155549,0.18347773300191716,0.18134360448503717,0.17896787556559535,0.17634232974832253,0.17345598290957392,0.1702941001737048,0.1668367881023389,0.16305692190125776,0.15891698810057397,0.15436406746962322,0.14932142317310185,0.05417410639892227
109500.0,0.19235493717986582,0.19224518799452534,0.19191577671519167,0.19136637202021597,0.19059636916689587,0.1896048411631685,0.18839045495103626,0.18695135387066755,0.18528499869418913,0.1833879554390228,0.1812556127189156,0.1788818032917198,0.17625829200059157,0.17337407257128376,0.17021438351016271,0.16675929882409388,0.1629816528816467,0.15884387900094002,0.15429298454577112,0.14925212304930194,0.054169074221020304
109560.0,0.19225716378501423,0.19214751913023898,0.19181842088847872,0.19126953563809482,0.19050025515746458,0.18950964754428373,0.18829637334771618,0.18685856795929418,0.1851936825412,0.18329827168740953,0.18116771055463668,0.17879581609137976,0.17617433451782366,0.17329223745540548,0.17013473684947,0.16668187422015826,0.16290644316917852,0.1587708238486355,0.1542219501888651,0.14918286592535349,0.054164050954118706
109620.0,0.19215950312120772,0.19204996274935163,0.19172117680366,0.19117280976804457,0.19040424995107735,0.18941456055294467,0.1882023957462816,0.18676588299378377,0.1851024638708512,0.18320868157441705,0.1810798978338582,0.1787099138218273,0.176090457174258,0.17321047745467166,0.1700551601042124,0.1666045142234897,0.1628312927158193,0.15869782261073553,0.15415096437585288,0.14911365178562047,0.054159036579069314
109680.0,0.19206195495136447,0.19195251861562823,0.19162404422703375,0.19107619418056507,0.1903083533240712,0.18931957997291166,0.1881085219394383,0.18667329877723207,0.18501134249798534,0.1831191849279174,0.18099217439872628,0.1786240963407617,0.17600665984453376,0.1731287924621403,0.1699756531871655,0.16652721876702606,0.16275620147328285,0.1586248752539614,0.15408002708353685,0.14904448061480835,0.05415403107616837
109740.0,0.1919645190391947,0.19185518649362157,0.19152702292567586,0.19097968864691692,0.19021256505351852,0.18922470558864932,0.18801475172055926,0.18658081511335836,0.1849203182380231,0.18302978157631358,0.18090454009187437,0.1785383635063283,0.17592294240368722,0.17304718237118816,0.16989621601128832,0.16644998778368322,0.16268116939304256,0.15855198174470342,0.1540091382885896,0.14897535239794552,0.05414903442522203
109800.0,0.19186719514919684,0.1917579661486692,0.19143011266743684,0.1908832929391171,0.19011688491722423,0.18912993718532356,0.18792108488368095,0.1864884318065034,0.1848293909069601,0.18294047134853836,0.18081699475642218,0.17845271517711592,0.17583930472714837,0.17296564707550552,0.1698168484897172,0.1663728212063565,0.16260619642634133,0.15847914204904184,0.1539382979675705,0.14890626712036853,0.054144046605605504
109860.0,0.19176998304665385,0.1916608573468897,0.19133331322093772,0.19078700682993635,0.19002131269372277,0.1890352745487985,0.1878275212235012,0.1863961486616262,0.18473856032136596,0.18285125407405267,0.18072953823597362,0.1783671512121547,0.175755746690736,0.1728841864690908,0.1697375505357608,0.16629571896791867,0.16253128252420315,0.15840635613276702,0.1538675060969374,0.1488372247677056,0.05413906759631691
109920.0,0.1916728824976303,0.19156385985518,0.19123662435556746,0.19069083009289545,0.18992584816227454,0.1889407174656338,0.18773406053537603,0.18630396548430253,0.18464782629838156,0.18276212958284352,0.18064217037461586,0.17828167147091448,0.1756722681706549,0.17280280044624466,0.16965832206289536,0.1662186810012214,0.16245642763744306,0.15833362396139786,0.1537967626530595,0.14876822532586093,0.05413409737602499
109980.0,0.19157589326896818,0.19146697344121105,0.19114004584147876,0.19059476250226273,0.1898304911028629,0.18884626572308127,0.18764070261531693,0.18621188208072217,0.1845571886557177,0.18267309770542342,0.1805548910169172,0.17819627581330158,0.17558886904349183,0.17272148890156527,0.16957916298475947,0.16614170723909572,0.16238163171667794,0.1582609455001998,0.15372606761222754,0.14869926878099896,0.05412913592311295
110040.0,0.19147901512828439,0.19137019787342519,0.19104357744958536,0.19049880383304926,0.18973524129619082,0.18875191910908215,0.18754744725998856,0.18611989825768696,0.18446664721165276,0.1825841582728277,0.18046770000792606,0.17811096409965724,0.17550554918621133,0.17264025172994277,0.1695000732151504,0.1660647976143525,0.1623068947123354,0.158188320714201,0.15365542095066337,0.14863035511952968,0.0541241832157176
110100.0,0.19138224784396676,0.1912735329210323,0.1909472189515582,0.19040295386100722,0.18964009852367797,0.1886576774122638,0.1874542942667058,0.18602801382260786,0.18437620178503147,0.1824953111166136,0.18038059719316904,0.17802573619075535,0.1754223084761525,0.1725590888265552,0.16942105266802032,0.16598795205978484,0.16223221657466522,0.15811574956820776,0.15358482264452783,0.14856148432809446,0.05411923923176426
110160.0,0.19128559118517052,0.19117697835400632,0.19085097011982216,0.1903072123626258,0.1895450625674578,0.18856354042193713,0.18736124343343072,0.18593622858350284,0.18428585219526195,0.18240655606885883,0.18029358241864857,0.1779405919477989,0.17533914679102572,0.1724780000868632,0.16934210125747298,0.16591117050816828,0.16215759725374757,0.15804323202681944,0.1535142726699292,0.1484926563935516,0.05411430394899883
110220.0,0.19118904492181568,0.19108053394308241,0.19075483072755367,0.1902115791151278,0.18945013321037374,0.18846950792809344,0.18726829455877056,0.18584454234899517,0.1841955982623147,0.18231789296215936,0.18020665553084209,0.1778555312324186,0.17525606400890784,0.172396985406606,0.16926321889776003,0.1658344528922634,0.1620830366995028,0.15797076805444213,0.1534437710029286,0.14842387130296297,0.054109377345016425
110280.0,0.1910926088245828,0.19098419945975295,0.19065880054867593,0.19011605389646694,0.18935531023597663,0.18837557972140143,0.18717544744197495,0.18575295492831018,0.18410543980672034,0.18222932162962743,0.18011981637669988,0.17777055390667013,0.17517306000824,0.1723160446817968,0.16918440550327832,0.16575779914481734,0.16200853486169983,0.15789835761530105,0.15337331761954623,0.14835512904358114,0.054104459397286676
110340.0,0.19099628266491067,0.19088797467626553,0.19056287935785676,0.19002063648532444,0.1892605934285214,0.18828175559320487,0.18708270188293252,0.18566146613127354,0.1840153766495675,0.18214084190489077,0.18003306480364303,0.17768565983303125,0.17509013466782258,0.17223517780871955,0.16910566098856772,0.16568120919856558,0.16193409168996573,0.15782600067345304,0.15330291249576627,0.14828642960283633,0.0540995500831772
110400.0,0.1909000662149918,0.19079185936561763,0.19046706693050477,0.1899253266611059,0.18916598257296446,0.18818803533551923,0.1869900576821698,0.18557007576830883,0.1839254086125009,0.1820524536220903,0.17994640065956136,0.17760084887439995,0.17500728786681302,0.1721543846839241,0.16902698526830837,0.16560468298623462,0.16185970713379338,0.15775369719279755,0.15323255560754145,0.14821777296832475,0.05409464937997413
110460.0,0.19080395924777022,0.19069585330155553,0.19037136304276653,0.18983012420393752,0.1890714774549601,0.18809441874102875,0.1868975146408472,0.1854787836504357,0.18383553551771967,0.18196415661587823,0.17985982379281196,0.17751612089409058,0.17492451948472207,0.17207366520422324,0.1689483782573189,0.16552822044054435,0.16178538114254948,0.1576814471370872,0.15316224693079625,0.1481491591277967,0.05408975726490083
110520.0,0.19070796153693756,0.1905999562585689,0.19027576747152283,0.18973502889466462,0.18897707786085766,0.1880009056030844,0.18680507256075743,0.18538758958926713,0.18374575718797545,0.18187595072141613,0.179773334052217,0.17743147575583287,0.17484182940140963,0.17199301926668828,0.16886983987055385,0.1654518214942096,0.16171111366548277,0.15760925046993748,0.15309198644143063,0.14808058806914534,0.05408487371513459
110580.0,0.19061207285692994,0.19050416801188966,0.1901802799943863,0.18964004051484676,0.18888278357769883,0.18790749571569992,0.1867127312443221,0.1852964933970072,0.18365607344657023,0.1817878357743743,0.17968693128706137,0.1773469133237682,0.17475921749708265,0.17191244676864698,0.16879137002310307,0.16537548607994315,0.16163690465173108,0.15753710715483643,0.1530217741153233,0.1480120597803962,0.05407999870782141
110640.0,0.19051629298292494,0.19040848833748716,0.19008490038969714,0.18954515884675519,0.18878859439321435,0.18781418887355025,0.1866204904945903,0.18520549488644883,0.183566484117354,0.1816998116109283,0.1796006153470913,0.17726243346244758,0.17467668365229128,0.1718319476076795,0.1687129686301892,0.1652992141304584,0.16156275405032894,0.1574650171551531,0.15295160992833284,0.14794357424969717,0.054075132220089625
110700.0,0.19042062169083793,0.19031291701206532,0.18998962843652092,0.1894503836733701,0.18869451009582144,0.18772098487196764,0.18652835011523494,0.1851145938709723,0.1834769890247235,0.18161187806775778,0.17951438608251175,0.1771780360368287,0.1745942277479256,0.17175152168161484,0.16863463560716713,0.16522300557847097,0.16148866181021412,0.1573929804341455,0.15288149385630115,0.14787513146530834,0.054070274229061875
110760.0,0.19032505875731937,0.19021745381306002,0.18989446391464507,0.18935571477837748,0.18860053047462014,0.18762788350693974,0.1864363099105509,0.18502379016454193,0.18338758799362026,0.18152403498204478,0.1794282433439844,0.17709372091227374,0.17451184966521274,0.17167116888852904,0.1685563708695227,0.1651468603567023,0.16141462788023453,0.15732099695496826,0.152811425875054,0.14780673141559217,0.054065424711865685
110820.0,0.1902296039597512,0.1901220985186357,0.18979940660457537,0.1892611519461658,0.18850665531939137,0.1875348845751067,0.18634436968545287,0.18493308358170485,0.1832982808495276,0.18143628219147154,0.17934218698262597,0.17700948795454657,0.1744295492857141,0.17159088912674203,0.168478174332871,0.16507077839788162,0.161340652209155,0.15724906668067962,0.15274140596040295,0.14773837408900586,0.05406058364564316
110880.0,0.19013425707624396,0.19002685090768148,0.1897044562875337,0.18916669496182295,0.18841288442059329,0.18744198787375807,0.186252529245472,0.18484247393758801,0.18320906741846968,0.18134861953421888,0.17925621685000556,0.17692533702980995,0.17434732649132162,0.1715106822948146,0.1684000459129568,0.16499475963474816,0.16126673474566233,0.15717718957424853,0.1526714340881467,0.14767005947409167,0.054055751007559424
110940.0,0.19003901788563318,0.18993171075980905,0.1896096127454534,0.1890723436111337,0.18831921756935843,0.18734919320083046,0.1861607883967538,0.18475196104789648,0.18311994752700927,0.18126104684896385,0.17917033279814246,0.17684126800462338,0.17426518116425574,0.1714305482915465,0.16832198552565267,0.16491880400005457,0.16119287543837188,0.15710536559855987,0.15260151023407154,0.1476017875594691,0.05405092677481041
111000.0,0.18994388616747673,0.189836677855349,0.18951487576097828,0.18897809768057663,0.18822565455749177,0.18725650035490518,0.18606914694605614,0.18466154472891105,0.1830309210022457,0.18117356397487824,0.17908453467950483,0.1767572807459404,0.17418311318706273,0.17135048701597358,0.16824399308695875,0.16484291142656884,0.1611190742358333,0.15703359471642186,0.15253163437395226,0.14753355833382706,0.054046110924629416
111060.0,0.18984886170205167,0.18974175197534737,0.18942024511745847,0.18888395695732021,0.18813219517746646,0.18716390913520461,0.18597760470074653,0.1845712247974861,0.1829419876718124,0.18108617075162578,0.17899882234700654,0.17667337512110626,0.17410112244261064,0.1712704983673656,0.16816606851300253,0.16476708184707706,0.16104533108653568,0.15696187689056937,0.15246180648355265,0.1474653717859172,0.05404130343429319
111120.0,0.1897539442703508,0.18964693290156334,0.18932572059894673,0.18878992122922073,0.1880388392224221,0.1870714193415909,0.1858861614687994,0.18448100107104734,0.1828531473638753,0.18099886701936108,0.17891319565400546,0.17658955099785476,0.1740192088140879,0.17119058224522427,0.16808821172003835,0.16469131519438573,0.16097164593891228,0.15689021208367138,0.15239202653862588,0.1473972279045454,0.05403650428112723
111180.0,0.18965913365407966,0.1895522204164655,0.18923130199019636,0.18869599028481965,0.18794558648616147,0.18697903077456188,0.18579481705879386,0.18439087336758983,0.18276439990713095,0.18091165261872716,0.1788276544543012,0.17650580824430684,0.1739373721850004,0.17111073854928127,0.16801042262444613,0.1646156114013239,0.16089801874134677,0.15681860025833352,0.15232229451491483,0.1473291266785667,0.05403171344251061
111240.0,0.1895644296356535,0.1894576143032293,0.18913698907665805,0.1886021639133402,0.18785243676314778,0.18688674323524918,0.18570357127991158,0.18430084150567544,0.1826757451308045,0.18082452739085325,0.17874219860213317,0.17642214672896725,0.1738556124391689,0.1710309671794959,0.1679327011427326,0.16453997040074644,0.16082444944217641,0.15674704137710396,0.15225261038815152,0.14726106809687803,0.05402693089588001
111300.0,0.18946983199819473,0.18936311434573372,0.1890427816444765,0.1885084419046839,0.187759389848502,0.18679455652541627,0.1856124239419343,0.18421090530443104,0.1825871828646473,0.1807374911773537,0.17865682795217822,0.1763385663207226,0.1737739294607261,0.1709512680360535,0.1678550471915305,0.16446439212553557,0.1607509379896975,0.15667553540247706,0.15218297413405824,0.14719305214841197,0.05402215661873349
111360.0,0.18937534052552865,0.18926872032855813,0.1889486794804881,0.18841482404942894,0.18766644553800033,0.1867024704474546,0.18552137485524123,0.18412106458354618,0.18249871293893477,0.18065054382032478,0.17857154235954803,0.17625506688883888,0.17369232313411506,0.17087164101936383,0.1677774606875982,0.1643888765086037,0.16067748433216938,0.15660408229689712,0.1521133857283465,0.1471250788221314,0.05401739058863354
111420.0,0.18928095500218153,0.1891744320369793,0.18885468237221686,0.18832131013882616,0.1875736036280709,0.18661048480438214,0.18543042383080663,0.18403131916327103,0.18241033518446512,0.18056368516234297,0.17848634167978794,0.17617164830295876,0.17361079334408674,0.17079208603005927,0.16769994154781975,0.16431342348289527,0.1606040884178185,0.15653268202276255,0.15204384514671695,0.14705714810702403,0.0540126327832101
111480.0,0.1891866752133775,0.18908024925696884,0.1887607901078729,0.1882278999647968,0.18748086391579122,0.18651859939984017,0.18533957068019802,0.18394166886441365,0.1823220494325564,0.18047691504646343,0.17840122576887396,0.17608831043309958,0.17352933997569692,0.17071260296899302,0.1676224896892059,0.16423803298138964,0.16053075019484261,0.15646133454242844,0.15197435236485982,0.14698925999209717,0.05400788318016288
111540.0,0.18909250094503427,0.1889861717751897,0.1886670024763482,0.18813459331992957,0.18738822619888584,0.1864268140380909,0.1852488152155733,0.18385211350833863,0.18223385551504503,0.18039023331621767,0.17831619448321062,0.1760050531496509,0.17344796291430462,0.1706331917372381,0.16754510502889183,0.1641627049371026,0.16045746961141416,0.15639003981821062,0.15190490735845366,0.14692141446637255,0.05400314175726357
111600.0,0.1889984319837626,0.1888921993789933,0.18857331926721455,0.18804138999747774,0.18729569027572351,0.18633512852401485,0.18515815724967855,0.18376265291696442,0.1821457532642838,0.18030363981561104,0.17823124767962908,0.1759218763233728,0.17336666204557033,0.17055385223608527,0.16746778748413954,0.16408743928308844,0.16038424661568404,0.1563187978123881,0.15183551010316557,0.146853611518882,0.053998408492357604
111660.0,0.18890446811686054,0.18879833185641673,0.18847974027072015,0.18794828979135667,0.18720325594531406,0.1862435426631087,0.1850675965958457,0.18367328691276133,0.18205774251313922,0.18021713438912143,0.17814638521538495,0.1758387798253925,0.17328543725545284,0.17047458436704227,0.1673905369723371,0.16401223595244277,0.16031108115578516,0.15624760848720606,0.15176616057465067,0.14678585113866235,0.053993683363365894
111720.0,0.18881060913231257,0.1887045689961799,0.18838626527778743,0.18785529249614025,0.18711092300730636,0.18615205626148243,0.18497713306799013,0.1835840153187495,0.1819698230949899,0.18013071688169674,0.1780616069481561,0.1757557635272031,0.17320428843020808,0.17039538803183216,0.16731335341099865,0.16393709487830382,0.16023797317983537,0.1561764718048782,0.15169685874855143,0.1467181333147521,0.05398896634828611
111780.0,0.18871685481878558,0.1886109105876824,0.18829289408000935,0.18776239790705912,0.18701869126198514,0.18606066912585711,0.18488676648060856,0.1834948379584961,0.18188199484372453,0.18004438713875304,0.17797691273604055,0.17567282730066064,0.17312321545638698,0.17031626313239223,0.16723623671776494,0.16386201599385422,0.16016492263594087,0.15610538772758975,0.15162760460049773,0.14665045803618684,0.05398425742519374
111840.0,0.1886232049656267,0.18851735642100076,0.1881996264696467,0.18766960581999684,0.18692656051026882,0.185969381063562,0.18479649664877684,0.1834057546561142,0.18179425759373977,0.17995814500617224,0.17789230243755452,0.175589971017983,0.17304221822083304,0.17023720957087274,0.16715918681040307,0.1637869992323241,0.1600919294721991,0.15603435621749887,0.15155839810610572,0.14658282529199526,0.05397955657224311
111900.0,0.1885296593628596,0.18842390628688546,0.18810646223962568,0.187576916031488,0.18683453055370675,0.18587819188253263,0.18470632338814708,0.18331676523625998,0.18170661117993797,0.17987199033030013,0.17780777591162947,0.1755071945517463,0.17296129661068138,0.17015822724963575,0.16708220360680737,0.1637120445269917,0.16001899363670155,0.15596337723674011,0.15148923924097774,0.1465152350711962,0.05397486376766822
111960.0,0.18843621780118186,0.18833055997675785,0.18801340118353513,0.18748432833871523,0.18674260119447617,0.1857871013913076,0.18461624651494615,0.1832278695241303,0.1816190554377255,0.17978592295794454,0.17772333301761084,0.17542449777488398,0.17288045051335596,0.1700793160712545,0.16700528702499892,0.1636371518111854,0.15994611507753623,0.15589245074742478,0.1514201279807018,0.1464476873627949,0.053970178989783534
112020.0,0.18834288007196248,0.18823731728270782,0.18792044309562297,0.18739184253950625,0.18665077223538043,0.18569610939902723,0.1845262658459724,0.1831390673454614,0.1815315902030101,0.17969994273637305,0.17763897361525613,0.17534188056068456,0.17279967981656813,0.17000047593851145,0.1669284369831265,0.16356232101828602,0.15987329374279038,0.1558215767116442,0.15135106430085074,0.14638018215577941,0.05396550221698402
112080.0,0.18824964596723912,0.18814417799749109,0.18782758777079442,0.18729945843233176,0.18655904347984573,0.1856052157154304,0.1844363811985946,0.18305035852652596,0.1814442153121995,0.179614049513311,0.177554697564732,0.1752593427827893,0.17271898440831523,0.1699217067543988,0.16685165339946656,0.16348755208172755,0.15980052958055335,0.15575075509147096,0.15128204817698196,0.14631271943911836,0.05396083342774611
112140.0,0.18815651527971436,0.18805114191452507,0.18773483500460836,0.18720717581630197,0.18646741473191852,0.18551442015085182,0.18434659239074846,0.1829617428941314,0.1813569306021987,0.1795282431369395,0.17747050472661263,0.17517688431518996,0.1726383641768784,0.16984300842211575,0.16677493619242295,0.16341284493499977,0.15972782253891857,0.15567998584896042,0.1512130795846369,0.14624529920175716,0.053956172600627635
112200.0,0.1880634878027538,0.1879582088278875,0.187642184593275,0.18711499449116462,0.18637588579626388,0.18542372251622025,0.18425689924093522,0.18287322027561748,0.1812697359104086,0.1794425234558935,0.1773863949618779,0.1750945050322273,0.1725578190108214,0.1697643808450687,0.16669828528052816,0.16333819951164916,0.15965517256598546,0.15560926894615246,0.15114415849934068,0.14617792143261588,0.05395151971426809
112260.0,0.18797056333038262,0.18786537853231317,0.18754963633365346,0.18702291425730194,0.18628445647816205,0.18533312262305596,0.18416730156821923,0.1827847904988549,0.1811826310747233,0.17935689031925925,0.17730236813191086,0.1750122048085891,0.1724773487989888,0.16968582392687054,0.16662170058244324,0.16326361574528048,0.15958257960986205,0.1555386043450727,0.1510752848966008,0.1461105861205864,0.05394687474738891
112320.0,0.18787774165728338,0.187772650823191,0.18745719002324854,0.1869309349157282,0.186193126583506,0.18524262028346827,0.1840777991922252,0.18269645339224191,0.18109561593352838,0.17927134357657304,0.17721842409849609,0.1749299835193081,0.1723969534305037,0.16960733757133917,0.16654518201695798,0.16318909356955852,0.15951004361866683,0.1554679920077346,0.15100645875190769,0.14604329325453022,0.05394223767879329
112380.0,0.18778502257879248,0.18768002549656165,0.18736484546020774,0.1868390562680868,0.18610189591879908,0.18515221531015325,0.1839883919331367,0.18260820878470324,0.18100869032569883,0.1791858830778179,0.1771345627238174,0.1748478410397601,0.17231663279476775,0.16952892168249725,0.166468729502991,0.16311463291820927,0.15943756454053065,0.1553974318961394,0.15093768004073305,0.1459760428232754,0.05393760848736625
112440.0,0.18769240589089822,0.18758750234911403,0.18727260244331934,0.18674727811664812,0.18601076429115282,0.18506190751639104,0.18389907961169358,0.1825200565056874,0.1809218540905968,0.17910050867342353,0.1770507838704561,0.17476577724566178,0.17223638678145833,0.16945057616457102,0.16639234295959057,0.1630402337250212,0.15936514232359866,0.15532692397227857,0.15086894873853066,0.14590883481561512,0.05393298715207469
112500.0,0.18759989139023764,0.18749508117818314,0.1871804607720094,0.1866556002643065,0.1859197315082842,0.18497169671604402,0.1838098620491894,0.1824319963851649,0.18083510706806996,0.17901522021426242,0.1769670874013891,0.17468379201306966,0.17215621528052752,0.16937230092198982,0.1663160223059347,0.16296589592384675,0.15929277691603164,0.15525646819813468,0.15080026482073497,0.1458416692203056,0.053928373651967045
112560.0,0.18750747887409377,0.1874027617817479,0.18708842024633898,0.18656402251457785,0.18582879737851304,0.18488158272355398,0.1837207390674698,0.18234402825362608,0.1807484490984492,0.17893001755164853,0.17688347317998604,0.17460188521837766,0.172076118182201,0.16929409585938565,0.16623976746133132,0.16289161944860361,0.15922046826600858,0.1551860645356823,0.15073162826276082,0.1457745460260638,0.05392376796617326
112620.0,0.1874151681403931,0.18731054395842725,0.18699648066700145,0.18647254467159732,0.1857379617107595,0.1847915653539401,0.18363171048892987,0.18225615194207848,0.1806618800225463,0.1788449005373362,0.1767999410700089,0.17452005673831558,0.1719960953769762,0.16921596088159133,0.16616357834521878,0.16281740423327556,0.15914821632172743,0.1551157129468884,0.1506630390400032,0.14570746522156516,0.05391917007390445
112680.0,0.1873229589877026,0.18721842750747839,0.18690464183532027,0.18638116654011594,0.18564722431454206,0.18470164442279627,0.18354277613651201,0.1821683672820459,0.18057539968165232,0.17875986902351637,0.17671649093560898,0.17443830644994707,0.17191614675562086,0.1691378958936416,0.16608745487716542,0.1627432502119141,0.15907602103140672,0.15504541339371433,0.15059449712783646,0.14564042679544306,0.05391457995445277
112740.0,0.18723085121522723,0.1871264122287936,0.1868129035532457,0.18628988792549922,0.18555658499997466,0.18461181974628918,0.1834539358337045,0.1820806741055648,0.18048900791753572,0.178674922862816,0.17663312264132497,0.17435663423066802,0.1718362722091724,0.1690599008007711,0.16601139697687065,0.16266915731863948,0.15900388234328733,0.1549751658381163,0.1505260025016141,0.14557343073628617,0.05390999758719107
112800.0,0.18713884462280755,0.18703449792289742,0.18672126562335326,0.18619870863372373,0.1854660435777642,0.184522091141156,0.18336518940453747,0.18199307224518352,0.1804027045724397,0.17859006190829557,0.1765498360520815,0.1742750399582052,0.17175647162893562,0.16898197550841437,0.16593540456416528,0.16259512548764143,0.15893180020563383,0.1549049702420461,0.15045755513666817,0.14550647703263722,0.053905422951572614
112860.0,0.18704693901091604,0.1869426843909449,0.1866297278488395,0.18610762847137477,0.18537559985920887,0.1844324584247013,0.18327653667358282,0.18190556153395923,0.18031648948908036,0.1785052860134472,0.1764666310331872,0.17419352351061387,0.17167674490648271,0.16890411992220508,0.16585947755901137,0.16252115465318034,0.1588597745667356,0.15483482656745187,0.1503891550083095,0.1454395656729916,0.05390085602713085
112920.0,0.18695513418065615,0.18685097143471843,0.186538290033521,0.1860166472456443,0.18528525365619467,0.1843429214147963,0.18318797746595078,0.18181814180545708,0.18023036251064553,0.17842059503219257,0.17638350745033254,0.17411208476627713,0.17159709193365077,0.16882633394797528,0.16578361588150217,0.16244724474958888,0.15878780537490775,0.15476473477627906,0.15032080209182613,0.14537269664579552,0.053896296793478855
112980.0,0.18686342993375782,0.1867593588566247,0.18644695198183114,0.18592576476432784,0.185195004781194,0.18425347992987492,0.18309951160728774,0.18173081289374612,0.18014432348079165,0.17833598881888127,0.17630046516958836,0.17403072360390334,0.17151751260254133,0.16874861749175527,0.16570781945186297,0.16237339571127174,0.1587158925784934,0.15469469483047113,0.150252496362484,0.1453058699394456,0.053891745230309145
113040.0,0.18677182607257622,0.18666784645969292,0.18635571349881747,0.18583498083582253,0.1851048530472625,0.18416413378893226,0.1830111389237749,0.18164357463339942,0.18005837224364224,0.1782514672282886,0.1762175040574038,0.17394943990252484,0.17143800680551885,0.16867097045977275,0.16563208819045142,0.16229960747270755,0.15864403612586403,0.15462470669196995,0.1501842377955264,0.1452390855422869,0.05388720131739323
113100.0,0.18668032240008853,0.18657643404757163,0.1862645743901393,0.18574429526912412,0.18501479826803705,0.18407488281152296,0.1829228592421255,0.18155642685949047,0.17997250864378597,0.17816703011561374,0.17613462398060442,0.17386823354149678,0.1713585744352093,0.16859339275845228,0.1655564220177569,0.1622258799684492,0.15857223596542006,0.1545547703227166,0.15011602636617333,0.145172343442612,0.053882665034581306
113160.0,0.18658891871989178,0.1864851214245265,0.1861735344620654,0.18565370787382512,0.18492484025773395,0.18398572681775754,0.1828346723895825,0.18146936940759176,0.17988673252627443,0.17808267733647784,0.17605182480639084,0.17378710440049477,0.17127921538449986,0.1685158842944148,0.16548082085440158,0.16215221313312497,0.1585004920455929,0.15448488568465196,0.150047862049621,0.1451056436286599,0.05387813636180169
113220.0,0.18649761483619956,0.1863939083954375,0.18608259352147083,0.1855632184601122,0.1848349788311453,0.18389666562830115,0.1827465781939166,0.18138240211377274,0.17980104373662048,0.1779984087469222,0.17596910640233648,0.17370605235951406,0.17119992954653693,0.16843844497447708,0.16540528462114024,0.16207860690143916,0.1584288043148458,0.15441505273971728,0.14997974482104215,0.1450389860886151,0.053873615279060615
113280.0,0.18640641055384036,0.18630279476579664,0.18599175137583512,0.185472826838763,0.18474521380363787,0.1838076990643716,0.18265857648342448,0.1812955248145974,0.17971544212079607,0.17791422420340602,0.1758864686363859,0.17362507729886756,0.17112071681472574,0.16836107470565123,0.16532981323886062,0.1620050612081732,0.15835717272167382,0.15434527144985466,0.14991167465558555,0.14497237081060674,0.05386910176644164
113340.0,0.18631530567825416,0.1862117803417051,0.18590100783323962,0.1853825328211447,0.1846555449911497,0.18371882694773584,0.1825706670869265,0.1812087373471229,0.17962992752523058,0.17783012356280525,0.17580391137685317,0.17354417909918454,0.17104157708272852,0.16828377339514425,0.1652544066285834,0.16193157598818564,0.1582855972146059,0.15427554177700756,0.14984365152837514,0.14490579778270743,0.053864595804105464
113400.0,0.18622430001549056,0.18612086492987112,0.18581036270236495,0.18529233621921132,0.18456597221018892,0.18363004910070924,0.1824828498337642,0.18112203954889652,0.1795444997968078,0.1777461066824097,0.17572143449242045,0.17346335764140897,0.17096251024446396,0.1682065409503578,0.1651790647114624,0.1618581511764137,0.1582140777422051,0.1542058636831214,0.1497756754145106,0.14483926699293256,0.053860097372289195
113460.0,0.1861333933722062,0.1860300483376071,0.18571981579248842,0.1852022368455011,0.1844764952778306,0.1835413653461518,0.18239512455379847,0.18103543125795435,0.17945915878286572,0.17766217341992216,0.1756390378521355,0.17338261280679862,0.17088351619410597,0.16812937727888697,0.16510378740878504,0.16178478670787322,0.15814261425306952,0.15413623713014377,0.14970774628906677,0.14477277842923944,0.05385560645130621
113520.0,0.1860425855556618,0.18593933037282775,0.1856293669134815,0.18511223451313472,0.18438711401171476,0.18345277550746789,0.1823074910774075,0.1809489123128197,0.1793739043311931,0.17757832363345621,0.17555672132541056,0.17330194447692274,0.17080459482608298,0.1680522822885208,0.16502857464197218,0.16171148251765996,0.15807120669583324,0.15406666208002512,0.14963986412709315,0.14470633207952702,0.05385112302154555
113580.0,0.18595187637372015,0.18584871084404622,0.18553901587580818,0.18502232903581173,0.184297828230044,0.183364279408602,0.18221994923548473,0.1808624825524999,0.17928873629002806,0.17749455718153442,0.17547448478202068,0.1732213525336615,0.1707257460350762,0.16797525588724097,0.16495342633257834,0.16163823854095,0.15799985501916658,0.15399713849471913,0.14957202890361454,0.14463992793163455,0.05384664706347161
113640.0,0.18586126563484326,0.18575818956037354,0.1854487624905215,0.18493252022780943,0.18420863775158142,0.1832758768740382,0.1821324988594362,0.18077614181648485,0.1792036545080564,0.17741087392308563,0.17539232809210176,0.17314083685920356,0.17064696971601903,0.16789829798322126,0.16487834240229163,0.16156505471299956,0.1579285591717772,0.15392766633618307,0.14950424059362954,0.14457356597334142,0.053842178557623695
113700.0,0.18577075314809027,0.1856677663315146,0.1853586065692618,0.18484280790398036,0.18411954239564812,0.18318756772879674,0.18204513978117917,0.18068988994474564,0.17911865883440942,0.17732727371744483,0.17531025112614898,0.17306039733604606,0.17056826576409645,0.16782140848482824,0.1648033227729344,0.16149193096914657,0.157857319102411,0.15385824556637778,0.14943649917211146,0.14450724619236635,0.053837717484615466
113760.0,0.18568033872311454,0.18557744096776688,0.18526854792425368,0.18475319187974878,0.18403054198212107,0.18309935179843287,0.18195787183314,0.18060372677773157,0.17903374911866216,0.17724375642435028,0.17522825375501566,0.17298003384699226,0.17048963407474377,0.1677445873006196,0.16472836736646274,0.16141886724481083,0.15778613475985195,0.1537888761472689,0.14936880461400745,0.14444096857636712,0.05383326382513464
113820.0,0.18559002217016193,0.18548721328001683,0.18517858636830506,0.18466367197110986,0.18394163633143082,0.18301122890903415,0.18187069484825122,0.18051765215636842,0.1789489252108311,0.1771603219039416,0.17514633584991074,0.17289974627515015,0.1704110745436449,0.16766783433934418,0.16465347610496675,0.16134586347549432,0.15771500609292352,0.15371955804082646,0.14930115689423895,0.14437473311293972,0.05382881755994263
113880.0,0.18549980330006752,0.18539708307973884,0.1850887217148027,0.18457424799462643,0.18385282526455898,0.18292319888721845,0.18178360865995047,0.18043166592205725,0.17886418696137288,0.17707697001675868,0.17506449728239779,0.17281953450393192,0.17033258706673285,0.1675911495099418,0.1645786489106712,0.16127291959678217,0.15764393305048896,0.15365029120902526,0.14923355598770133,0.14430853978961827,0.05382437866987389
113940.0,0.18540968192425394,0.18530705017899132,0.18499895377771167,0.18448491976742742,0.1837641086030368,0.1828352615601314,0.18169661310217816,0.1803457679166714,0.17877953422118187,0.17699370062373923,0.17498273792439326,0.17273939841705138,0.17025417154018765,0.16751453272154213,0.1645038857059346,0.1612000355443425,0.1575729155814518,0.15358107561384576,0.14916600186926343,0.14424238859387445,0.0538199471358357
114000.0,0.18531965785472845,0.18521711439041547,0.1849092823715718,0.18439568710720436,0.183675486168942,0.1827474167554449,0.18160970800937518,0.1802599579825549,0.17869496684158864,0.17691051358621765,0.17490105764816513,0.1726593378985241,0.17017582786043606,0.16743798388346517,0.16442918641324966,0.1611272112539273,0.15750195363475628,0.15351191121727362,0.14909849451376775,0.1441762795131165,0.05381552293880769
114060.0,0.18522973090408057,0.185127275527233,0.1848197073114965,0.18430654983221048,0.18358695778489723,0.18265966430135452,0.1815228932164808,0.18017423596252088,0.17861048467435817,0.1768274087659229,0.17481945632633117,0.17257935283266476,0.1700975559241501,0.16736150290521998,0.16435455095524376,0.16105444666137234,0.1574310471593882,0.15344279798130026,0.14903103389603015,0.14411021253469022,0.05381110605984146
114120.0,0.18513990088548024,0.18503753340324278,0.18473022841316866,0.1842175077612575,0.1834985232740675,0.18257200402657772,0.18143616855893083,0.1800886016998491,0.17852608757168764,0.17674438602497675,0.17473793383185693,0.17249944310408738,0.17001935562824674,0.16728508969650452,0.16427997925467874,0.16098174170259846,0.15736019610437493,0.15337373586792385,0.1489636199908401,0.14404418764587731,0.053806696480060014
114180.0,0.18505016761267518,0.1849478878328187,0.18464084549284043,0.18412856071371406,0.18341018246015814,0.18248443576035162,0.18134953387265598,0.1800030550382839,0.1784417753862049,0.1766614452258925,0.17465649003805514,0.1724196085977024,0.16994122686988672,0.16720874416720527,0.16420547123445034,0.1609090963136107,0.15728940041878622,0.1533047248391484,0.14889625277296054,0.14397820483389634,0.05380229418065756
114240.0,0.18496053089998768,0.18485833863090836,0.1845515583673296,0.1840397085095026,0.18332193516741255,0.18239695933243052,0.181262988994079,0.1799175958220329,0.17835754797096645,0.17657858623157258,0.1745751248185835,0.1723398491987164,0.16986316954647385,0.16713246622739705,0.1641310268175895,0.1608365104305001,0.15721866005173443,0.15323576485698476,0.14882893221712695,0.14391226408590116,0.05379789914289894
114300.0,0.18487099056231393,0.1847688856130296,0.18446236685401735,0.18395095096909797,0.18323378122061032,0.18230957457308433,0.1811765337601134,0.1798322238957649,0.1782734051794556,0.1764958089053075,0.17449383804744362,0.17226016479263093,0.16978518355565353,0.16705625578734226,0.1640566459272609,0.1607639839894426,0.15714797495237534,0.15316685588345053,0.14876165829804874,0.1438463653889815,0.05379351134811934
114360.0,0.18478154641512046,0.18467952859526868,0.18437327077084623,0.18386228791352446,0.18314572044506447,0.1822222813130965,0.18109016800816097,0.17974693910460762,0.17818934686558105,0.1764131131107738,0.17441262959897869,0.17218055526524106,0.16970726879531284,0.16698011275749033,0.16398232848676417,0.16069151692670008,0.15707734506990784,0.1530979978805704,0.14869443099040786,0.1437805087301626,0.053789130777723855
114420.0,0.18469219827444222,0.184590267394278,0.1842842699363185,0.18377371916435434,0.18305775266662003,0.1821350793837613,0.18100389157611002,0.17966174129414594,0.17810537288367442,0.17633049871203227,0.17433149934787306,0.17210102050263396,0.1696294251635794,0.16690403704847748,0.163908074419533,0.16061910917862082,0.15700677035357488,0.1530291908103768,0.14862725026886012,0.1437146940964054,0.05378475741318701
114480.0,0.18460294595688012,0.18450110182727364,0.1841953641694927,0.183685244543705,0.18296987771165102,0.18204796861688255,0.18091770430233337,0.17957663031042015,0.17802148308848914,0.17624796557352695,0.17425044716915014,0.17202156039118788,0.16955165255881957,0.16682802857112672,0.16383388364913556,0.1605467606816395,0.15693625075266374,0.15296043463490902,0.14856011610803363,0.14364892147460548,0.053780391236052515
114540.0,0.18451378927959883,0.18441203171203321,0.18410655328998227,0.1835968638742374,0.18288209540705933,0.18196094884477115,0.18083160602568651,0.17949160599992411,0.17793767733519802,0.17616551356008275,0.17416947293817145,0.17194217481757137,0.16947395087963912,0.16675208723644652,0.16375975609927457,0.1604744713722772,0.1568657862165062,0.15289172931621484,0.1484930284825297,0.143583190851594,0.05377603222793273
114600.0,0.18442472806032473,0.18432305686689354,0.18401783711795258,0.18350857697915324,0.18279440558027177,0.18187401990024277,0.18074559658550526,0.17940666820960297,0.17785395547939198,0.17608314253690427,0.17408857653063445,0.17186286366874143,0.16939632002488128,0.16667621295563134,0.1636856916937868,0.160402241187142,0.1567953766944791,0.1528230748163495,0.1484259873669229,0.14351750221413687,0.053771680370508425
114660.0,0.18433576211734284,0.184234177110748,0.1839292154741197,0.18342038368219335,0.18270680805923803,0.18178718161661647,0.18065967582160414,0.17932181678685147,0.17777031737707813,0.17600085236957386,0.17400775782257158,0.17178362683194273,0.16931875989362635,0.16660040564006048,0.16361169035664377,0.16033007006292915,0.15672502213600448,0.15275447109737697,0.14835899273576064,0.1434518555489344,0.053767335645528255
114720.0,0.18424689126949595,0.18414539226304533,0.18384068817974716,0.18333228380763425,0.18261930267242943,0.18170043382771212,0.18057384357427436,0.17923705157951272,0.17768676288467797,0.17591864292404996,0.17392701669034866,0.1717044641947062,0.1692412703851912,0.16652466520129824,0.16353775201195064,0.16025795793642142,0.15665472249054976,0.15268591812136903,0.14829204456356332,0.14338625084262238,0.05376299803480852
114780.0,0.18415811533618118,0.18405670214378647,0.18375225505664441,0.18324427718028788,0.18253188924883604,0.18161377636784853,0.18048809968428145,0.17915237243587534,0.17760329185902557,0.17583651406666623,0.17384635301066406,0.17162537564484834,0.16916385139912776,0.1664489915510928,0.1634638765839474,0.16018590474448863,0.1565844777076282,0.1526174158504061,0.1482251428248246,0.143320688081771,0.05375866752023263
114840.0,0.18406943413734791,0.183968106573522,0.18366391592716405,0.18315636362549845,0.18244456761796463,0.18152720907184167,0.1804024439928643,0.17906777920467196,0.17751990415736582,0.1757544656641289,0.17376576666054597,0.17154636107046967,0.16908650283522275,0.16637338460137627,0.16339006399700745,0.1601139104240888,0.15651428773679907,0.15254896424657766,0.14815828749401092,0.14325516725288553,0.05375434408375088
114900.0,0.1839808474934961,0.18387960537335132,0.18357567061420046,0.18306854296914035,0.18235733760983633,0.18144073177500242,0.180316876341732,0.1789832717350778,0.17743659963735312,0.17567249758351572,0.17368525751735264,0.17146742035995372,0.16900922459349688,0.1662978442642643,0.1633163141756389,0.16004197491226776,0.15644415252766816,0.1524805632719818,0.14809147854556212,0.14318968834240578,0.053750027707380056
114960.0,0.18389235522567332,0.18379119836491936,0.18348751894118706,0.18298081503761562,0.18227019905498545,0.1813543443131344,0.1802313965730629,0.17889884987670823,0.17735337815704927,0.17559060969227466,0.17360482545877004,0.17138855340196618,0.1689320165742034,0.16622237045205573,0.16324262704448364,0.15997009814615953,0.15637407202988768,0.15241221288872586,0.14802471595389072,0.1431242513367059,0.05374571837320292
115020.0,0.18380395715547349,0.18370288537041446,0.183399460732094,0.18289317965785273,0.1821831517844567,0.1812680465225322,0.18014600452950205,0.17881451347961744,0.17727023957492163,0.17550880185822207,0.17352447036281052,0.17130976008545315,0.16885487867782845,0.1661469630772313,0.16316900252831743,0.15989828006298568,0.15630404619315663,0.1523439130589264,0.1479579996933829,0.14305885622209555,0.05374141606336818
115080.0,0.18371565310503402,0.18361466621256659,0.18331149581142647,0.1828056366573037,0.18209619562980353,0.1811818382399795,0.18006070005415997,0.17873026239429646,0.17718718374984163,0.17542707394954093,0.17344419210781184,0.1712310402996411,0.16877781080508908,0.16607162205245468,0.16309544055204928,0.15982652060005673,0.15623407496722136,0.15227566374470933,0.14789132973839791,0.1429935029848185,0.05373712076008969
115140.0,0.18362744289703334,0.18352654071464486,0.18322362400422207,0.1827181858639425,0.18200933042308545,0.18109571930274715,0.17997548299060995,0.1786460964716711,0.1771042105410833,0.17534542583477974,0.17336399057243554,0.17115239393403467,0.16870081285693375,0.16599634729057097,0.16302194104072223,0.15975481969477154,0.15616415830187505,0.15220746490821027,0.14782470606326814,0.14292819161105408,0.05373283244564651
115200.0,0.1835393263546896,0.1834385087004557,0.18313584513604947,0.1826308271062624,0.18192255599686682,0.1810096895485906,0.17989035318288688,0.1785620155631005,0.1770213198083214,0.17526385738285022,0.17328386563566564,0.17107382087841608,0.16862388473454065,0.16592113870460637,0.16294850391951315,0.15968317728461726,0.15609429614695833,0.1521393165115745,0.14775812864229923,0.14286292208691603,0.053728551102382324
115260.0,0.1834513033017579,0.18335056999434007,0.18304815903300511,0.1825435602132749,0.18183587218421443,0.18092374881574855,0.17980531047548493,0.17847801952037531,0.1769385114116293,0.17518236846302696,0.17320381717680736,0.1709953210228442,0.16854702633931676,0.16584599620776821,0.16287512911373203,0.1596115933071701,0.15602448845235972,0.1520712185169573,0.14769159744977065,0.14279769439845313,0.053724276712705146
115320.0,0.18336337356252827,0.1832627244211721,0.18296056552171203,0.18245638501450623,0.1817492788186954,0.180837896942941,0.17972035471335562,0.17839410819571572,0.17685578521147843,0.175100958944945,0.1731238450754861,0.17091689425765358,0.16847023757289817,0.1657709197134442,0.16280181654882206,0.1595400677000948,0.15595473516801536,0.15200317088652357,0.14762511245993495,0.1427325085316496,0.05372000925908692
115380.0,0.1832755369618237,0.18317497180635625,0.18287306442931728,0.18236930133999643,0.18166277573437525,0.18075213376936675,0.17963548574190652,0.17831028144176972,0.17677314106873523,0.17501962869859844,0.17304394921164537,0.170838540473453,0.16839351833714816,0.16569590913520216,0.1627285661503599,0.15946860040114455,0.1558850362439093,0.151935173582449,0.14755867364701872,0.14266736447242467,0.05371574872406334
115440.0,0.18318779332499763,0.18308731197582537,0.1827856555834902,0.18228230902029674,0.18157636276581557,0.18066645913470208,0.1795507034069986,0.1782265391116119,0.17669057884466055,0.17493837759433944,0.17296412946554637,0.1707602595611245,0.16831686853415742,0.1656209643867892,0.16265537784405484,0.15939719134816255,0.15581539163007374,0.1518672265669191,0.14749228098522185,0.14260226220663283,0.05371149509023331
115500.0,0.1831001424779323,0.18299974475603936,0.18269833881241984,0.18219540788646799,0.18149003974807332,0.1805808728790986,0.17946600755494538,0.17814288105874052,0.17660809840090771,0.174857205502876,0.17288438571776613,0.17068205141182274,0.16824028806624247,0.16554608538213206,0.16258225155574968,0.15932584047907963,0.15574580127658905,0.15179932980213015,0.14742593444871796,0.14253720172006387,0.05370724834025885
115560.0,0.1830125842470359,0.18291226997398197,0.18261111394481355,0.18210859777007793,0.18140380651669694,0.18049537484318118,0.17938139803251005,0.17805930713707674,0.17652569959952105,0.17477611229527132,0.17280471784919674,0.17060391591697338,0.16816377683594566,0.165471272035336,0.1625091872114188,0.15925454773191638,0.15567626513358443,0.15173148325028932,0.14735963401165506,0.14247218299844408,0.05370300845686446
115620.0,0.18292511845924164,0.1828248874571593,0.18252398080989418,0.18202187850319992,0.1813176629077256,0.1804099648680465,0.17929687468690428,0.17797581720096262,0.17644338230293366,0.1746950978429417,0.17272512574104326,0.17052585296827266,0.16808733474603377,0.16539652426068435,0.16243618473717047,0.1591833130447823,0.15560678315123747,0.1516636868736136,0.14729337964815448,0.1424072060274346,0.053698775422837096
115680.0,0.1828377449420044,0.18273759703359735,0.1824369392373984,0.1819352499184101,0.18123160875768746,0.18032464279526034,0.17921243736578604,0.1778924111051599,0.17636114637396644,0.17461416201765537,0.17264560927482364,0.17044786245768595,0.16801096169949825,0.16532184197263855,0.1623632440592445,0.15911213635587604,0.155537355279774,0.15159594063433166,0.14722717133231164,0.1423422707926326,0.05369454922102568
115740.0,0.1827504635232995,0.1826503985318403,0.18234998905757488,0.1818487118487861,0.1811456439035965,0.18023940846685665,0.1791280859172581,0.17780908870484688,0.1762789916758264,0.17453330469153103,0.17256616833236627,0.170369944277447,0.16793465759955328,0.1652472250858375,0.16229036510401335,0.15904101760348552,0.15546798146946977,0.15152824449468294,0.14716100903819676,0.14227737727957185,0.0536903298343408
115800.0,0.1826632740316204,0.1825632917809486,0.1822631301011818,0.1817622641279049,0.18105976818295164,0.1801542617253346,0.17904382018986614,0.17772584985561796,0.17619691807210466,0.1744525257370364,0.17248680279580955,0.17029209832005712,0.1678584223496358,0.16517267351509718,0.16221754779798156,0.15896995672598696,0.15539866167064792,0.15146059841691795,0.1470948927398539,0.1422125254737218,0.05368611724575437
115860.0,0.18257617629597625,0.18247627661049604,0.18217636219948477,0.18167590658984045,0.18097398143373455,0.18006920241365795,0.17895964003259718,0.17764269441348185,0.1761149254267754,0.1743718250269862,0.17240751254760048,0.17021432447828305,0.16778225585340462,0.16509818717541008,0.1621447920677852,0.1588989536618471,0.1553293958336819,0.1513930023632985,0.1470288224113016,0.14214771536048876,0.05368191143829941
115920.0,0.18248917014589058,0.1823893528505688,0.18208968518425522,0.18158963906916223,0.18088828349440725,0.17998423037525205,0.17887554529487687,0.1775596222348593,0.17603301360419443,0.1742912024345424,0.17232829747049302,0.17013662264515803,0.16770615801473984,0.1650237659819449,0.16207209784019247,0.1588280083496208,0.15526018390899382,0.15132545629609814,0.14696279802653325,0.14208294692521548,0.05367771239506967
115980.0,0.18240225541139843,0.18230252033176236,0.18200309888776833,0.18150346140093246,0.18080267420391094,0.17989934545400277,0.17879153582656893,0.17747663317658186,0.17595118246909666,0.17421065783321077,0.17224915744754765,0.17005899271397887,0.16763012873774194,0.16494940985004586,0.1619994650421028,0.1587571207279525,0.15519102584705505,0.15125796017760137,0.14689681955951653,0.1420182201531819,0.05367352009921923
116040.0,0.18231543192304484,0.18221577888518076,0.18191660314280053,0.18141737342070519,0.1807171534016633,0.17981454749425393,0.1787076114779725,0.17739372709589,0.17586943188659554,0.17413019109684072,0.1721700923621295,0.16998143457830606,0.16755416792673117,0.16487511869523258,0.16192689360054746,0.15868629073557533,0.15512192159838656,0.1511905139701046,0.1468308869841942,0.1419535350296046,0.053669334533962366
116100.0,0.1822286995118828,0.18212912834243306,0.18183019778262816,0.18133137496452348,0.18063172092755736,0.17972983634080647,0.17862377209982103,0.17731090385043147,0.17578776172218086,0.1740498020996241,0.1720911020979074,0.16990394813196222,0.16747827548624689,0.1648008924331996,0.1618543834426881,0.15861551831131268,0.15505287111355834,0.15112311763591618,0.14676500027448397,0.14188889153963755,0.05366515568257319
116160.0,0.18214205800947103,0.1820425685356326,0.18174388264102503,0.18124546586891796,0.18054637662195896,0.17964521183891557,0.17854001754327975,0.17722816329825988,0.17570617184171772,0.17396949071609263,0.17201218653885306,0.1698265332690319,0.16740245132104664,0.1647267309798158,0.1617819344958181,0.15854480339407598,0.15498387434319033,0.15105577113735594,0.14669915940427847,0.14182428966837235,0.05366098352838525
116220.0,0.1820555072478722,0.1819560992973941,0.18165765755226085,0.18115964597090434,0.18046112032570524,0.17956067383428928,0.17845634765994464,0.17714550529783288,0.17562466211144453,0.1738892568211177,0.1719333455692389,0.16974918988385998,0.16732669533610606,0.16465263425112397,0.1617095466873611,0.15847414592286588,0.15491493123795183,0.15098847443675634,0.14663336434744587,0.14175972940083847,0.05365681805479134
116280.0,0.18196904705965034,0.18186972046083255,0.18157152235109864,0.1810739151079824,0.1803759518801026,0.17947622217308695,0.17837276230184052,0.1770629297080103,0.17554323239797237,0.1738091002899084,0.17185457907363788,0.1696719178710507,0.1672510074366172,0.16457860216334064,0.16163721994487143,0.15840354583677277,0.15484604174856179,0.1509212274964614,0.1465676150778295,0.14169521072200303,0.05365265924524321
116340.0,0.18188267727786997,0.18178343185956017,0.1814854768727932,0.18098827311813315,0.18029087112692488,0.17939185670191682,0.17828926132141884,0.1769804363880528,0.175461882568282,0.17372902099801038,0.17177588693692208,0.1695947171254669,0.16717538752798872,0.16450463463285547,0.1615649541960342,0.15833300307497547,0.154777205825789,0.1508540302788275,0.14650191156924838,0.14163073361677148,0.05364850708325118
116400.0,0.18179639773609296,0.1816972333276854,0.1813995209530894,0.1809027198398171,0.18020587790841142,0.17930757726783472,0.1782058445715567,0.17689802519762032,0.17538061248972392,0.17364901882130443,0.17169726904426147,0.16951758754222962,0.16709983551584495,0.16443073157623048,0.16149274936866384,0.15826251757674195,0.15470842342045185,0.15078688274622332,0.1464362537954971,0.14156629806998783,0.053644361552383855
116460.0,0.18171020826837747,0.1816111246998103,0.1813136544282195,0.18081725511197289,0.18012097206726524,0.17922338371834204,0.17812251190555442,0.17681569599676988,0.17529942203001575,0.1735690936360052,0.17161872528112224,0.16944052901671583,0.16702435130602486,0.1643568929102004,0.16142060539070505,0.15819208928142917,0.15463969448341905,0.15071978486103013,0.14637064173034606,0.14150190406643498,0.05364022263626796
116520.0,0.18162410870927498,0.18152510581102935,0.18122787713490204,0.18073187877401478,0.18003615344665125,0.1791392759013843,0.1780392631771345,0.17673344864595514,0.17521831105724125,0.17348924531865967,0.17154025553326638,0.16936354144455937,0.16694893480458173,0.1642831185516712,0.16134852219023255,0.1581217181284832,0.15457101896560882,0.150652736585642,0.1463050753475422,0.1414375515908342,0.05363609031858794
116580.0,0.18153809889382924,0.1814391764969259,0.1811421889103391,0.1806465906658311,0.17995142189019442,0.1790552536653487,0.1779560982404395,0.1766512830060234,0.17513727943984894,0.17340947374614632,0.17146185968675046,0.1692866247216482,0.16687358591778284,0.16420940841772055,0.1612764996954499,0.15805140405743853,0.1545023968179896,0.15058573788246538,0.14623955462080812,0.14137324062784665,0.053631964583085785
116640.0,0.181452178657574,0.18135333659357245,0.18105658959221504,0.18056139062778234,0.1798667772419777,0.1789713168590632,0.17787301695003044,0.17656919893821518,0.17505632704665028,0.17332977879567318,0.17138353762792397,0.16920977874412482,0.16679830455210745,0.16413576242559694,0.16120453783469052,0.15798114700791877,0.15443382799157968,0.1505187887139196,0.14617407952384281,0.14130897116207283,0.05362784541356055
116700.0,0.1813663478365311,0.18126758593752676,0.18097107901869425,0.1804762785006991,0.1797822193465406,0.1788874653317936,0.1777900191608852,0.17648719630416188,0.1749754537468187,0.17325016034477717,0.1713052892434292,0.1691330034083843,0.16672309061424778,0.16406218049271934,0.1611326365364164,0.15791094691963614,0.15436531243744742,0.15045188904243703,0.14610865003032214,0.14124474317805252,0.05362373279386821
116760.0,0.18128060626720824,0.18118192436583114,0.1808856570284194,0.18039125412588003,0.1796977480488771,0.17880369893324313,0.17770710472839654,0.17640527496588418,0.17489465940988763,0.17317061827132194,0.1712271144201989,0.16905629861107446,0.16664794401110736,0.16398866253667688,0.16106079572921866,0.1578408037323914,0.15429685010671154,0.1503850388304628,0.14604326611389815,0.14118055666026616,0.05361962670792144
116820.0,0.18119495378659792,0.1810963517160101,0.18080032346050953,0.18030631734509078,0.17961336319443402,0.17872001751354985,0.17762427350837112,0.17632343478579166,0.17481394390574903,0.1730911524534975,0.1711490130454561,0.1689796642490941,0.1665728646498003,0.16391520847522803,0.16098901534181687,0.15777071738607434,0.15422844095054078,0.1503182380404554,0.14597792774820004,0.14111641159313448,0.05361552713968934
116880.0,0.1811093902321743,0.18101086782606854,0.18071507815455798,0.18022146800056146,0.17952906462910892,0.17863642092328533,0.177541525357027,0.17624167562667947,0.17473330710465274,0.17301176276981867,0.17107098500671256,0.16890310021959237,0.16649785243765167,0.16384181822630076,0.16091729530305893,0.1577006878206627,0.15416008492015404,0.1502514866348867,0.1459126349068341,0.14105230796101856,0.05361143407319692
116940.0,0.181023915441892,0.18092547253448943,0.1806299209506307,0.18013670593498493,0.17944485219924833,0.17855290901345233,0.17745886013099263,0.17615999735172802,0.17465274887720414,0.17293244909912334,0.17099303019176762,0.16882660641996844,0.16642290728219516,0.16376849170799163,0.16084563554192055,0.1576307149762231,0.15409178196682027,0.15018478457624154,0.14584738756338367,0.14098824574822033,0.0536073474925251
117000.0,0.18093852925418463,0.18084016568023265,0.18054485168926454,0.18005203099151496,0.17936072575164666,0.17846948163548365,0.17737627768730496,0.1760783998245012,0.17457226909436296,0.17285321132057177,0.17091514848870779,0.16875018274786968,0.16634802909117377,0.16369522883856522,0.16077403598750553,0.15756079879291054,0.15402353204185906,0.15011813182701836,0.1457821856914096,0.14092422493898324,0.05360326738181034
117060.0,0.18085323150796187,0.18075494710273252,0.18045987021146478,0.17996744301376458,0.17927668513354345,0.1783861386412403,0.1772937778834077,0.17599688290894452,0.17449186762744245,0.1727740493136448,0.17083733978590462,0.16867382910119133,0.16627321777253873,0.16362202953645427,0.1607024965690454,0.15749093921096766,0.15395533509664008,0.1500515283497289,0.14571702926445054,0.14086024551749188,0.053599193725244305
117120.0,0.18076802204260833,0.18066981664189638,0.18037497635870417,0.1798829418458041,0.17919273019262227,0.1783028798830098,0.17721136057714976,0.17591544646938373,0.17441154434810746,0.17269496295814318,0.17075960397201448,0.1685975453780756,0.1661984732344488,0.16354889372025894,0.16063101721589876,0.1574211361707258,0.15388719108258334,0.14998497410689954,0.14565191825602214,0.14079630746787294,0.05359512650707376
117180.0,0.18068290069798137,0.1805847741381023,0.18029016997292016,0.17979852733215915,0.1791088607770083,0.17821970521350416,0.17712902562678415,0.17583409037052355,0.1743312991283731,0.17261595213418626,0.17068194093597708,0.16852133147691042,0.16612379538526953,0.1634758213087459,0.16055959785755142,0.15735138961260445,0.15381909995115897,0.14991846906106926,0.14558685263961837,0.1407324107741949,0.05359106571160017
117240.0,0.1805978673144096,0.18049981943219742,0.18020545089651369,0.17971419931780944,0.17902507673526777,0.17813661448585863,0.1770467728909653,0.17575281447744606,0.17425113184060323,0.17253701672220995,0.1706043505670147,0.1684451872963294,0.1660491841335729,0.1634028122208489,0.16048823842361618,0.1572816994771113,0.15375106165388794,0.14985201317479144,0.14552183238871172,0.14066855542046874,0.05358701132317952
117300.0,0.18051292173269048,0.1804149523654961,0.18012081897234733,0.1796299576481864,0.17894137791640477,0.1780536075536297,0.17696460222874846,0.17567161865560904,0.1741710423575093,0.17245815660296668,0.1705268327546307,0.1683691127352102,0.16597463938813628,0.16332986637566743,0.16041693884383212,0.1572120657048411,0.15368307614234114,0.14978560641063346,0.1454568574767525,0.1406047413906483,0.05358296332622203
117360.0,0.18042806379408877,0.18033017277977814,0.18003627404374295,0.1795458021691713,0.17885776416986066,0.17797068427079374,0.17688251349958758,0.17559050277084431,0.17409103055214892,0.172379371657523,0.17044938738860896,0.16829310769267383,0.1659001610579422,0.16325698369246663,0.16034569904806512,0.15714248823647722,0.15361514336813994,0.1497192487311768,0.14539192787716967,0.1405409686686298,0.05357892170519188
117420.0,0.1803432933403348,0.18024548051728712,0.1799518159544808,0.17946173272709434,0.1787742353455116,0.17788784449174508,0.1768005065633342,0.17550946668935657,0.17401109629792458,0.1723006617672593,0.17037201435901225,0.16821717206808418,0.16582574905217742,0.1631841640906772,0.16027451896630684,0.15707296701279042,0.1535472632829562,0.14965294009901692,0.14532704356337098,0.14047723723825326,0.05357488644460699
117480.0,0.1802586102136226,0.18016087542072776,0.1798674445487966,0.17937774916873223,0.17869079129366724,0.17780508807129458,0.17671858128023485,0.1754285102777221,0.1739312394685821,0.17222202681386842,0.17029471355618184,0.16814130576104655,0.1657514032802323,0.16311140748989394,0.16020339852867468,0.157003501974639,0.15347943583851226,0.1495866804767636,0.14526220450874266,0.1404135470833026,0.053570857529038625
117540.0,0.18017401425660767,0.1800763573332652,0.17978315967138087,0.17929385134130593,0.17860743186506903,0.17772241486466767,0.1766367375109306,0.17534763340288698,0.17385145993820952,0.17214346667935387,0.17021748487073587,0.16806550867140746,0.16567712365170026,0.1630387138098766,0.1601323376654118,0.15693409306296865,0.15341166098658054,0.14952046982704098,0.14519741068665043,0.1403498981875048,0.05356683494311142
117600.0,0.18008950531240586,0.17999192609852255,0.17969896116737608,0.1792100390924802,0.17852415691088797,0.17763982472750256,0.1765549751164552,0.1752668359321655,0.17377175758123573,0.17206498124602926,0.17014032819356886,0.16798978069925322,0.16560291007637734,0.16296608297054793,0.1600613363068867,0.1568647402188126,0.1533439386789843,0.14945430811248803,0.14513266207043884,0.14028629053453165,0.053562818671502845
117660.0,0.18000508322459122,0.17990758156057904,0.1796148488823757,0.1791263122703606,0.17844096628272357,0.17755731751584955,0.17647329395823322,0.17518611773323894,0.17369213227242852,0.17198657039651666,0.17006324341585052,0.16791412174490974,0.16552876246426107,0.16289351489199558,0.1599903943835929,0.15679544338329188,0.1532762688675971,0.149388195295758,0.14506795863343205,0.14022272410799935,0.05355880869894321
117720.0,0.1799207478371936,0.17982332356396868,0.17953082266242204,0.1790426707234926,0.17835785983260186,0.1774748930861684,0.17639169389807857,0.17510547867415402,0.17361258388689427,0.17190823401374591,0.16998623042902417,0.1678385317089409,0.1654546807255497,0.1628210094944688,0.15991951182614875,0.1567262024976134,0.1532086515043429,0.14932213133951866,0.14500330034893388,0.14015919889146913,0.05355480501021523
117780.0,0.17983649899469795,0.17973915195367815,0.17944688235400463,0.17895911430085942,0.17827483741297365,0.17739255129532708,0.17631017479819336,0.1750249186233215,0.17353311230007584,0.17182997198095298,0.16990928912480696,0.16776301049214845,0.16538066477064298,0.16274856669838003,0.1598486885652973,0.15665701750307243,0.1531410865411959,0.1492561162064527,0.1449386871902282,0.1400957148684469,0.053550807590153855
117840.0,0.17975233654204212,0.179655066575145,0.1793630278040582,0.1788756428518803,0.1781918988767133,0.17731029200060033,0.17622873652116555,0.17494443744951477,0.17345371738775187,0.171751784181679,0.1698324193951873,0.16768755799557078,0.16530671451013973,0.16267618642430356,0.15977792453190545,0.15658788834105042,0.15307357393018126,0.14919014985925777,0.14487411913057846,0.14003227202238433,0.05354681642364599
117900.0,0.1796682603246146,0.17957106727425595,0.17927925885996118,0.17879225622640912,0.17810904407711625,0.17722811505966773,0.17614737892996843,0.1748640350218686,0.17337439902603474,0.1716736704997691,0.16975562113242532,0.1676121741204822,0.16523282985483811,0.16260386859297568,0.1597072196569643,0.15651881495301564,0.1530061136233739,0.14912423226064647,0.14480959614322855,0.1399688703366791,0.0535428314956303
117960.0,0.17958427018825346,0.17948715389734532,0.17919557536953448,0.17870895427473268,0.17802627286789827,0.1771460203306125,0.17606610188795874,0.17478371120987712,0.1732951570913699,0.17159563081937126,0.1696788942290508,0.1675368587683923,0.16515901071573516,0.16253161312529354,0.15963657387158858,0.15644979728052338,0.15293870557289974,0.1490583633733463,0.14474511820140265,0.13990550979467495,0.05353885279109706
118020.0,0.17950036597924396,0.17940332629119285,0.17911197718103836,0.17862573684756822,0.17794358510319297,0.17706400767191924,0.17598490525887442,0.1747034658833932,0.17321599146053412,0.17151766502493512,0.16960223857786294,0.1674616118410451,0.16508525700402554,0.16245941994231544,0.15956598710701664,0.15638083526521498,0.15287134973093494,0.1489925431601003,0.14468068527830574,0.1398421903796617,0.05353488029508759
118080.0,0.17941654754431763,0.17931958430302233,0.17902846414317192,0.17854260379606265,0.17786098063755063,0.17698207694247292,0.17590378890683422,0.17462329891262637,0.173136902010635,0.17143977300121094,0.16952565407192882,0.16738643324041774,0.16501156863110156,0.1623872889652598,0.15949545929461,0.15631192884881873,0.1528040460497057,0.14892677158366607,0.14461629734712347,0.13977891207487614,0.05353091399269447
118140.0,0.17933281473064927,0.17923592778049974,0.17894503610507098,0.17845955497179042,0.17777845932593644,0.17690022800155747,0.1758227526963355,0.174543210168142,0.17305788861910845,0.17136195463324816,0.16944914060458266,0.1673113228687201,0.16493794550855215,0.16231522011550498,0.15942499036585303,0.15624307797314912,0.15273679448148927,0.14886104860681734,0.14455195438102234,0.1397156748635025,0.0535269538690609
118200.0,0.17924916738585672,0.1791523565717315,0.17886169291630621,0.17837659022675223,0.17769602102372936,0.17681846070885363,0.17574179649225316,0.17446319952085926,0.1729789511637186,0.17128420980639483,0.16937269806942468,0.16723628062839432,0.16486438754816246,0.16224321331458882,0.1593545802523529,0.1561742825801065,0.15266959497861274,0.14879537419234287,0.14448765635315017,0.13965247872867212,0.053522999909380774
118260.0,0.17916560535799778,0.17906887052526305,0.17877843442688213,0.17829370941337286,0.17761366558671943,0.17673677492443757,0.1756609201598377,0.17438326684205036,0.17290008952255556,0.1712065384062957,0.169296326360321,0.16716130642211335,0.16479089466191288,0.16217126848420843,0.15928422888583893,0.15610554261167767,0.15260244749345428,0.14872974830304686,0.14442340323663647,0.13958932365346408,0.05351905209889821
118320.0,0.1790821284955694,0.17898546949007638,0.17869526048723416,0.17821091238449976,0.17753139287110714,0.17665517050878,0.17558012356471425,0.174303412003339,0.172821303574035,0.17112894031889167,0.16922002537140113,0.16708640015278042,0.1647174667619789,0.16209938554621894,0.15921393619816265,0.15603685800993486,0.15253535197844154,0.14866417090174938,0.14435919500459216,0.1395262096209055,0.05351511042290752
118380.0,0.1789987366475058,0.17890215331558915,0.1786121709482281,0.17812819899340135,0.1774492027335013,0.17657364732274317,0.17549940657288066,0.17422363487669837,0.1727425931968964,0.17105141543041866,0.16914379499705812,0.16701156172352846,0.16464410376073027,0.16202756442263433,0.15914370212129733,0.15596822871703653,0.1524683083860533,0.14859864195128625,0.14429503163010968,0.13946313661397214,0.053511174866752796
118440.0,0.17891542966317606,0.1788189218516526,0.17852916566115823,0.17804556909376548,0.17736709503091758,0.17649220522758113,0.17541876905070627,0.17414393533445097,0.1726639582702019,0.17097396362740616,0.16906763513194753,0.1669367910377193,0.16457080557073042,0.16195580503562595,0.1590735265873379,0.15589965467522665,0.15240131666881848,0.14853316141450884,0.14423091308626365,0.13940010461558838,0.053507245415827846
118500.0,0.17883220739238354,0.17873577494854964,0.17844624447774468,0.1779630225396977,0.17728506962077692,0.1764108440849368,0.17533821086493068,0.17406431324926633,0.17258539867333522,0.1708965847966766,0.1689915456709858,0.1668620879989421,0.1644975721047357,0.1618841073075225,0.15900340952850067,0.15583113582683455,0.1523343767793161,0.1484677292542849,0.14416683934611085,0.13933711360862738,0.05350332205557587
118560.0,0.17874906968536314,0.17865271245699393,0.17836340725013317,0.17788055918571938,0.1772031263609043,0.17632956375684086,0.17525773188266172,0.1739847684941601,0.17250691428600018,0.17081927882534376,0.16891552650935013,0.16678745251101376,0.16442440327569505,0.16181247116080966,0.15893335087712265,0.1557626721142752,0.15226748867017598,0.14840234543349742,0.14410281038269054,0.13927416357591202,0.053499404771489366
118620.0,0.17866601639278068,0.17856973422812727,0.17828065383089273,0.1777981788867666,0.17712126510952642,0.1762483641057107,0.17517733197137472,0.17390530094249226,0.17242850498821977,0.17074204560081194,0.16883957754247728,0.1667128844779774,0.16435129899674922,0.16174089651812912,0.15886335056566175,0.15569426348004847,0.15220065229407778,0.14833700991504606,0.14403882616902436,0.1392112545002148,0.05349549354910967
118680.0,0.17858304736573,0.17848684011351823,0.1781979840730136,0.1777158814981882,0.1770394857252706,0.1761672449943483,0.1750970109989101,0.17382591046796625,0.17235017066033434,0.17066488501077504,0.16876369866606222,0.1666383838041017,0.16427825918123007,0.16166938330227928,0.1587934085266966,0.15562590986673988,0.15213386760375186,0.1482717226618466,0.14397488667811711,0.13914838636425836,0.05349158837402693
118740.0,0.17850016245573222,0.1784040299651615,0.1781153978299063,0.17763366687574442,0.17695778806716364,0.17608620628593882,0.17501676883347284,0.17374659694462732,0.17227191118300114,0.17058779694321524,0.16868788977605773,0.16656395039388058,0.16420528374266027,0.16159793143621323,0.15872352469292555,0.1555576112170192,0.1520671345519783,0.148206483636831,0.14391099188295617,0.13908555915071527,0.05348768923187984
118800.0,0.1784173615147341,0.17832130363547444,0.17803289495539948,0.17755153487560477,0.1768761719946289,0.17600524784404945,0.17493660534363129,0.17366736024686183,0.1721937264371929,0.17051078128640174,0.16861215076867325,0.16648958415203122,0.16413237259475266,0.16152654084303986,0.15865369899716678,0.15548936747364178,0.15200045309158786,0.1481412928029476,0.14384714175651253,0.1390227728422094,0.05348379610835544
118860.0,0.17833464439510577,0.17823866097729657,0.17795047530373845,0.17746948535434734,0.17679463736748638,0.17592436953262794,0.17485652039831462,0.1735882002493949,0.17211561630419603,0.17043383792888978,0.168536481540374,0.16641528498349492,0.1640595256514093,0.16145521144602243,0.15858393137235863,0.1554211785794468,0.1519338231754616,0.14807615012316122,0.14378333627174036,0.13896002742131533,0.05347990898918876
118920.0,0.1782520109496394,0.17815610184388803,0.17786813872958412,0.17738751816895598,0.17671318404595004,0.17584357121600055,0.1747765138668123,0.17350911682728984,0.17203758066561017,0.17035696675952022,0.16846088198787978,0.16634105279343522,0.16398674282672093,0.16138394316857888,0.15851422175155816,0.1553530444773587,0.1518672447565305,0.14801105556045316,0.1437195754015773,0.1388973228705588,0.05347602786016289
118980.0,0.1781694610315477,0.17807362608892735,0.17778588508801038,0.17730563317682008,0.17663181189062677,0.1757628527588707,0.1746965856187723,0.17343010985594698,0.17195961940334684,0.17028016766741755,0.1683853520081645,0.16626688748723756,0.16391402403496708,0.16131273593428017,0.15844457006794213,0.15528496511038603,0.15180071778777582,0.14794600907782132,0.14365585911894488,0.13883465917241763,0.05347215270710845
119040.0,0.17808699449446186,0.17799123356651014,0.17770371423450332,0.17722383023573174,0.17655052076251468,0.1756822140263183,0.17461673552419998,0.17335117921110157,0.171881732399628,0.1702034405419894,0.16830989149845502,0.16619278897050843,0.16384136919061476,0.1612415896668516,0.1583749762548055,0.1552169404216217,0.15173424222222914,0.14788101063828038,0.14359218739674867,0.13877203630932147,0.0534682835159036
119100.0,0.17800461119243052,0.17790892413114756,0.17762162602495915,0.1771421092038851,0.17646931052300183,0.17560165488379742,0.17453696345345626,0.17327232476882332,0.17180391953698507,0.17012678527292566,0.16823450035623064,0.16611875714907465,0.16376877820831792,0.16117050429017082,0.15830544024556203,0.15514897035424235,0.1516678180129722,0.147816060204862,0.14352856020787852,0.13870945426365225,0.05346442027247373
119160.0,0.17792231097991773,0.17782669763776474,0.17753962031568296,0.1770604699398742,0.17638818103386422,0.17552117519713514,0.17445726927725738,0.17319354640551485,0.1717261806982574,0.17005020175019642,0.16815917847922135,0.1660447919289826,0.16369625100291693,0.16109947972826827,0.1582359619737435,0.15508105485150925,0.15160144511313675,0.1477511577406143,0.1434649775252082,0.1386469130177447,0.053460562962791204
119220.0,0.17784009371180162,0.1777445539416985,0.17745769696338645,0.17697891230269214,0.17630713215726523,0.17544077483253023,0.17437765286667167,0.1731148439979101,0.1716485157665919,0.16997368986405212,0.16808392576540768,0.1659708932164974,0.16362378748943857,0.16102851590532655,0.15816654137299968,0.15501319385676693,0.15153512347590434,0.14768630320860265,0.14340143932159674,0.13858441255388632,0.053456711572875334
119280.0,0.17775795924337248,0.17766249289869676,0.17737585582518753,0.1768974361517287,0.17622616375575254,0.17536045365655142,0.17429811409311985,0.17303621742307343,0.17157092462544105,0.1698972495050219,0.16800874211301947,0.16589706091810238,0.16355138758309415,0.16095761274567957,0.15809717837709814,0.15494538731344373,0.15146885305450708,0.1476214965719096,0.14333794556988755,0.13852195285431793,0.05345286608879197
119340.0,0.17767590743033132,0.1775805143649162,0.17729409675860755,0.1768160413467695,0.17614527569225835,0.1752802115361362,0.17421865282837312,0.1729576665583985,0.17149340715856215,0.16982088056391295,0.16793362742053525,0.16582329494049822,0.1634790511992808,0.16088677017381278,0.15802787291992362,0.15487763516505168,0.15140263380222702,0.1475567377936345,0.14327449624290928,0.1384595339012342,0.05344902649665343
119400.0,0.17759393812878815,0.17749861819692128,0.17721241962157042,0.1767347277479936,0.17606446783009683,0.1752000483385894,0.17413926894455145,0.17287919128160617,0.17141596325001618,0.16974458293180877,0.1678585815866813,0.16574959519060245,0.163406778253579,0.16081598811436268,0.1579586249354783,0.15480993735518603,0.15133646567239575,0.14749202683689427,0.14321109131347554,0.1383971556767839,0.05344519278261826
119460.0,0.17751205119526095,0.17741680425168188,0.17713082427240118,0.17665349521597318,0.17598374003296305,0.1751199639315815,0.17405996231412252,0.17280079147074412,0.17133859278416652,0.16966835650006892,0.16778360451043015,0.16567596157554748,0.16333456866175286,0.16074526649211593,0.15788943435788091,0.15474229382752533,0.1512703486183956,0.14742736366482312,0.1431477307543853,0.1383348181630697,0.053441364932890874
119520.0,0.17743024648667327,0.17733507238657256,0.17704931056982365,0.17657234361167098,0.17590309216493125,0.17503995818314774,0.17398073280990065,0.1727224670041856,0.17126129564567769,0.16959220116032786,0.1677086960910007,0.16560239400268192,0.16326242233974989,0.1606746052320091,0.15782030112136652,0.15467470452583096,0.15120428259365834,0.1473627482405722,0.1430844145384233,0.13827252134214904,0.05343754293372166
119580.0,0.17734852386035332,0.17725342245937042,0.17696787837295994,0.17649127279643947,0.17582252409045382,0.17496003096168614,0.17390158030504504,0.17264421776062758,0.171184071719515,0.1695161168044934,0.16763385622785676,0.16552889237956858,0.16319033920369974,0.16060400425912852,0.15775122516028675,0.1546071693939477,0.1511382675516657,0.14729818052731064,0.1430211426383601,0.1382102651960344,0.053433726771406675
119640.0,0.1772668831740322,0.17717185432825389,0.1768865275413279,0.17641028263201886,0.1757420356743591,0.17488018213595646,0.1738225046730587,0.17256604361909003,0.17110692089094215,0.16944010332474618,0.16755908482070622,0.16545545661398375,0.1631183191699144,0.16053346349870928,0.1576822064091094,0.15453968837580273,0.15107230344594944,0.147233660488225,0.1429579150269522,0.13814804970669323,0.05342991643228715
119700.0,0.17718532428584186,0.17709036785180093,0.1768052579348405,0.17632937298053605,0.17566162678185068,0.1748004115750788,0.17374350578778694,0.17248794445891438,0.1710298430455209,0.16936416061353887,0.16748438176950015,0.16538208661391687,0.16304636215488644,0.1604629828761358,0.1576132448024173,0.15447226141540593,0.1510063902300913,0.14716918808651935,0.1428947316769421,0.13808587485604892,0.053426111902749665
119760.0,0.17710384705431453,0.17700896288898793,0.17672406941380348,0.17624854370450216,0.17558129727850572,0.17472071914853168,0.17366458352341643,0.17240992015976248,0.17095283806911027,0.16928828856359468,0.16740974697443242,0.16530878228756996,0.16297446807529004,0.1603925623169403,0.1575443402749092,0.15440488845684977,0.15094052785772266,0.14710476328541594,0.14283159256105885,0.13802374062598086,0.05342231316922576
119820.0,0.1770224513383804,0.17692763929918723,0.17664296183891473,0.17616779466681273,0.17550104703027325,0.17464110472615174,0.17358573775447325,0.1723319706016152,0.17087590584786477,0.16921248706790634,0.16733518033593822,0.16523554354335598,0.16290263684797887,0.16032220174680314,0.15747549276139883,0.15433756944430907,0.15087471628252455,0.14704038604815403,0.14276849765201802,0.1379616469983241,0.05341852021819185
119880.0,0.17694113699736663,0.1768463969421667,0.1765619350712618,0.17608712573074484,0.17542087590347288,0.17456156817813104,0.17350696835582238,0.17225409566477162,0.17079904626823347,0.16913675601973607,0.1672606817546934,0.16516237028989936,0.16283086838998628,0.1602519010915523,0.15740670219681455,0.15427030432204078,0.15080895545822814,0.1469760563379918,0.14270544692252204,0.13789959395487073,0.05341473303616897
119940.0,0.17685990389099496,0.1767652356780876,0.17648098897232076,0.1760065367599562,0.17534078376479384,0.174482109375017,0.1734282752026657,0.17217629522984743,0.17072225921695897,0.16906109531261299,0.16718625113161395,0.165089262436034,0.16275916261852513,0.16018166027716216,0.1573379685161998,0.1542030930343836,0.15074324533861416,0.14691177411820447,0.1426424403452602,0.1378375814773697,0.0534109516097225
120000.0,0.1767787518793812,0.17668415536750331,0.1764001234039556,0.17592602761848353,0.17526077048129274,0.17440272818771024,0.17334965817054127,0.17209856917777377,0.1706455445810762,0.16898550484033362,0.16711188836785462,0.16501621989080367,0.1626875194509863,0.16011147922975422,0.15726929165471204,0.15413593552575852,0.15067758587751312,0.14684753935208592,0.14257947789290923,0.13777560954752704,0.053407175925462125
120060.0,0.17669768082303353,0.17660315587135775,0.17631933822841517,0.17584559817074122,0.17518083592039285,0.1743234244874633,0.17327111713532167,0.17202091738979652,0.1705689022479116,0.1689099844969601,0.16703759336480828,0.16494324256346118,0.1626159388049389,0.1600413578755963,0.1572006715476225,0.154068831740668,0.15061197702880502,0.14678335200294804,0.1425165595381327,0.13771367814700625,0.05340340597004154
120120.0,0.1766166905828499,0.17652223705098333,0.176238633308333,0.17576524828151996,0.17510097994988222,0.17424419814587933,0.17319265197321274,0.17194333974747392,0.1704923321050819,0.16883453417681968,0.16696336602410547,0.16487033036346666,0.16254442059812915,0.1599712961411017,0.1571321081303165,0.1540017816236963,0.1505464187464197,0.1467192120341207,0.14245368525358199,0.13765178725742866,0.05339964173015841
120180.0,0.17653578102011822,0.17644139876810064,0.17615800850672544,0.1756849778159845,0.17502120243791258,0.17416504903491098,0.17311426256075263,0.17186583613267725,0.17041583404049307,0.16875915377450332,0.16688920624761314,0.16479748320048818,0.16247296474848047,0.15990129395282912,0.15706360133829275,0.15393478511950862,0.1504809109843366,0.14665511940895234,0.1423908550118964,0.1375899368603739,0.05339588319255382
120240.0,0.17645495199651345,0.1763606408848161,0.17607746368698973,0.17560478663967374,0.17494150325299762,0.17408597702685896,0.17303594877481027,0.17178840642758772,0.1703394079423389,0.16868384318486526,0.16681511393743378,0.1647247009844006,0.1624015711740924,0.15983135123748254,0.15699515110716292,0.15386784217285196,0.15041545369658457,0.14659107409080943,0.14232806878570323,0.13752812693737984,0.05339213034401256
120300.0,0.17637420337409718,0.1762799632636203,0.17599699871290284,0.1755246746184982,0.17486188226401228,0.17400698199437054,0.17295771049258415,0.1717110505146967,0.17026305369910058,0.1686086023030211,0.16674108899590512,0.16465198362528385,0.1623302397932398,0.1597614679219102,0.1569267573726518,0.15380095272855424,0.15035004683724226,0.14652707604307752,0.14226532654761742,0.13746635746994348,0.053388383171362574
120360.0,0.17629353501531533,0.17619936576738746,0.17591661344862008,0.1754446416187383,0.1747823393401905,0.17392806381043824,0.17287954759160115,0.17163376827680393,0.17018677119954495,0.16853343102434815,0.16666713132559846,0.1645793310334239,0.16225897052437338,0.1596916439331047,0.1568584200705967,0.15373411673152432,0.15028469036043748,0.14646312522916022,0.14220262827024277,0.13740462843952073,0.053384641661474906
120420.0,0.17621294678299732,0.17611884825937318,0.17583630775867398,0.17536468750704406,0.17470287435112458,0.17384922234839906,0.17280145994971519,0.17155655959701654,0.17011056033272412,0.16845832924448365,0.16659324082931876,0.16450674311931124,0.16218776328611786,0.15962187919820214,0.15679013913694714,0.15366733412675176,0.150219384220348,0.14639922161247967,0.14213997392617125,0.13734293982752646,0.053380905801263624
120480.0,0.1761324385403538,0.17603841060321332,0.17575608150797228,0.17528481215043276,0.17462348716676335,0.1737704574819322,0.17272344744510598,0.1714794243587478,0.17003442098797342,0.16838329685932404,0.1665194174101032,0.1644342197936403,0.1621166179972728,0.15955217364448207,0.15672191450776488,0.15360060485930702,0.15015412837120037,0.14633536515647716,0.14207736348798378,0.13728129161533603,0.05337717557768543
120540.0,0.17605201015097596,0.17595805266292228,0.1756759345617967,0.17520501541628852,0.1745441776574108,0.17369176908505898,0.17264550995627823,0.17140236244571574,0.16995835305491203,0.168308333765024,0.1664456609712205,0.16436176096730826,0.16204553457681023,0.1594825271993669,0.15665374611922345,0.1535339288743408,0.15008892276727095,0.14627155582461215,0.14201479692825,0.1372196837842846,0.05337345097773959
120600.0,0.17597166147883425,0.17587777430289175,0.17559586678580158,0.1751252971723591,0.17446494569372514,0.17361315703214006,0.1725676473620596,0.17132537374194276,0.16988235642344027,0.1682334398579952,0.16637197141617044,0.16428936655141557,0.16197451294387624,0.1594129397904216,0.156585633907608,0.15346730611708445,0.15002376736288542,0.1462077935803633,0.14195227421952897,0.13715811631566752,0.0533697319884678
120660.0,0.17589139238827572,0.17579757538788912,0.17551587804601254,0.17504565728675678,0.17438579114671712,0.17353462119787544,0.17248985954160034,0.17124845813175363,0.16980643098373913,0.16815861503490653,0.16629834864868243,0.16421703645726404,0.1619035530177889,0.1593434113453534,0.15651757780931452,0.15340073653284897,0.1499586621124188,0.14614407838722834,0.14188979533436843,0.13709658919074091,0.05336601859695389
120720.0,0.17581120274402365,0.17571745578305634,0.17543596820882484,0.17496609562795523,0.1743067138877489,0.17345616145730255,0.17241214637437138,0.17117161549977503,0.16973057662626972,0.16808385919268162,0.16622479257271547,0.16414477059635701,0.16183265471803795,0.1592739417920109,0.1564495777608503,0.15333422006702588,0.149893606970295,0.14608041020872356,0.1418273602453062,0.13703510239072186,0.053362310790323664
120780.0,0.17573109241117585,0.1756374153539082,0.17535613714100204,0.1748866120647891,0.17422771378853236,0.17337777768579538,0.1723345077401634,0.17109484573093395,0.1696547932417714,0.16800917222849907,0.1661513030924569,0.16407256888039828,0.16176181796428468,0.15920453105838422,0.15638163369883293,0.1532677566650865,0.14982860189098796,0.14601678900838466,0.14176496892486948,0.1369736558967886,0.05335860855574472
120840.0,0.1756510612552033,0.1755574539663314,0.1752763847096746,0.17480720646645215,0.1741487907211282,0.17329946975906235,0.1722569435190858,0.17101814871045684,0.16957908072126165,0.16793455403979107,0.16607788011232114,0.16400043122129163,0.1616910426763618,0.15913517907260455,0.15631374555999097,0.15320134627258178,0.14976364682902008,0.14595321474976666,0.14170262134557515,0.13691224969008098,0.05335491188042654
120900.0,0.17557110914194854,0.17547757148658205,0.17519671078233856,0.1747278787024959,0.17406994455794436,0.1732212375531461,0.17217945359156508,0.17094152432386867,0.16950343895603445,0.1678600045242424,0.1660045235369502,0.16392835753113966,0.1616203287742715,0.15906588576294292,0.15624591328116277,0.15313498883514196,0.1496987417389633,0.145889687396443,0.1416403174799307,0.13685088375170107,0.053351220751619854
120960.0,0.17549123593762414,0.1753977677812856,0.17511711522685394,0.17464862864282868,0.17399117517173454,0.17314308094442182,0.1721020378383444,0.17086497245699123,0.16942786783765934,0.16778552357978965,0.16593123327121176,0.16385634772224397,0.1615496761781864,0.15899665105781133,0.15617813679929643,0.15306868429847734,0.14963388657543872,0.14582620691200737,0.14157805730043319,0.13678955806271278,0.05334753515661674
121020.0,0.17541144150881208,0.1753180427174346,0.17503759791144372,0.17456945615771408,0.1739124824355973,0.17306499980959555,0.1720246961404815,0.17078849299594223,0.16935236725798058,0.16771111110462056,0.16585800922019864,0.16378440170710387,0.16147908480844814,0.15892747488576084,0.15611041605144976,0.15300243260837718,0.14956908129311625,0.1457627732600721,0.1415158407795705,0.13672827260414244,0.053343855082750344
121080.0,0.17533172572246092,0.17523839616238737,0.17495815870469245,0.17449036111776914,0.1738338662229747,0.1729869940257036,0.17194742837934793,0.17071208582713499,0.16927693710911615,0.16763676699717292,0.1657848512892284,0.1637125193984162,0.16140855458556694,0.15885835717548197,0.15604275097478995,0.1529362337107097,0.14950432584671464,0.14569938640426924,0.14145366788982086,0.1366670273569796,0.05334018051739491
121140.0,0.1752520884458861,0.17515882798386676,0.1748787974755442,0.17441134339396394,0.1737553264076506,0.17290906347011087,0.1718702344366282,0.17063575083727595,0.1692015772834564,0.1675624911561334,0.16571175938384244,0.1636407007090741,0.16133808543022135,0.15878929785580406,0.1559751415065929,0.15287008755142237,0.14943962019100251,0.14563604630825056,0.1413915386036537,0.13660582230217685,0.05333651144796535
121200.0,0.17517252954676713,0.1750793380499591,0.174799514093302,0.17433240285761958,0.1736768628637498,0.17283120802050977,0.17179311419431803,0.17055948791336487,0.1691262876736635,0.1674882834804376,0.1656387334098047,0.16356894555216706,0.16126767726325775,0.15872029685569522,0.15590758758424367,0.15280399407654122,0.14937496428079708,0.14557275293568667,0.1413294528935288,0.13654465742064995,0.0533328478619172
121260.0,0.1750930488931468,0.17499992622911228,0.17472030842762618,0.1742535393804064,0.1735984754657365,0.17275342755491915,0.17171606753472354,0.1704832969426931,0.16905106817267035,0.1674141438692677,0.16556577327310146,0.16349725384097907,0.16119733000568934,0.15865135410426137,0.15584008914523553,0.15273795323217101,0.1493103580709641,0.1455095062502686,0.14126741073189783,0.13648353269327826,0.053329189746746386
121320.0,0.17501364635343009,0.17492059239013433,0.1746411803485326,0.17417475283434405,0.17352016408841323,0.1726757219516827,0.1716390943404599,0.17040717781284248,0.16897591867367948,0.16734007222205288,0.1654928788799403,0.16342562548898967,0.1611270435786964,0.15858246953074642,0.15577264612717015,0.15267196496449487,0.14924580151641842,0.14544630621570703,0.1412054120912029,0.13642244810090562,0.05332553708998922
121380.0,0.17493432179638221,0.17484133640219265,0.1745621297263922,0.17409604309179902,0.17344192860691937,0.17259809108946822,0.17156219449445018,0.17033113041168463,0.16890083907016196,0.16726606843846797,0.1654200501367497,0.16335406040987202,0.16105681790362508,0.15851364306453122,0.15570525846775693,0.15260602921977462,0.14918129457212398,0.145383152795732,0.14114345694387856,0.1363614036243397,0.05332188987922198
121440.0,0.17485507509112777,0.17476215813481183,0.1744831564319291,0.17401741002548377,0.17336376889672978,0.17252053484726582,0.17148536787992455,0.17025515462737953,0.1688258292558569,0.16719213241843228,0.16534728695017775,0.16328255851749263,0.16098665290198735,0.15844487463513382,0.15563792610481308,0.15254014594434967,0.14911683719309315,0.14532004595409376,0.1410815452623502,0.13630039924435344,0.053318248102060914
121500.0,0.17477590610714902,0.17468305745787374,0.17440426033621922,0.17393885350845545,0.17328568483365397,0.17244305310438712,0.1714086143804188,0.1701792503483746,0.16875088912476996,0.16711826406210917,0.165274589227092,0.16321111972591076,0.16091654849545994,0.1583761641722088,0.15557064897626333,0.15247431508463824,0.14905242933438745,0.1452569856545622,0.14101967701903545,0.13623943494168367,0.05331461174616204
121560.0,0.1746968147142846,0.1746040342416142,0.1743254413106891,0.17386037341411434,0.17320767629383443,0.17236564574046376,0.1713319338797732,0.17010341746340357,0.1686760185711724,0.16704446326990516,0.16520195687457787,0.16313974394937816,0.16084650460588437,0.15830751160554676,0.15550342702013914,0.1524085365871357,0.14898807095111694,0.1451939718609275,0.14095785218634424,0.1361785106970333,0.05331098079922101
121620.0,0.17461780078272832,0.17452508835662336,0.17424669922711436,0.1737819696162025,0.1731297431537458,0.1722883126354468,0.17125532626213155,0.17002765586148552,0.16860121748960086,0.16697072994246887,0.16512938979993885,0.16306843110233785,0.16077652115526647,0.15823891686507424,0.15543626017457912,0.1523428103984158,0.14892376199844035,0.14513100453699995,0.14089607073667873,0.1361176264910703,0.053307355248972774
121680.0,0.17453886418302783,0.17444621967384313,0.1741680339576185,0.1737036419888031,0.17305188529019291,0.172211053669605,0.17117879141193987,0.1699519654319239,0.16852648577485543,0.16689706398068987,0.1650568879106954,0.16299718109942343,0.16070659806577506,0.15817037988085286,0.15536914837782853,0.15227713646512925,0.14885950243156504,0.14506808364660964,0.14083433264243286,0.1360567823044285,0.05330373508319164
121740.0,0.17446000478608298,0.17436742806456687,0.17408944537467208,0.17362539040633856,0.17297410258031073,0.1721338687235234,0.17110232921394564,0.1698763460643052,0.16845182332199926,0.1668234652856988,0.16498445111458362,0.16292599385545886,0.1606367352597425,0.1581019005830794,0.15530209156823863,0.15221151473400443,0.1487952922057472,0.14500520915360704,0.14077263787599376,0.13599597811770797,0.05330012028969105
121800.0,0.17438122246314483,0.17428871340043703,0.17401093335109033,0.17354721474356963,0.17289639490156136,0.17205675767810275,0.17102593955319623,0.16980079764849848,0.16837723002635718,0.16674993375886557,0.16491207931955545,0.16285486928545806,0.1605669326596638,0.15803347890208533,0.15523508968426708,0.15214594515184734,0.14873113127629117,0.14494238102186285,0.14071098640974103,0.1359352139114749,0.0532965108563233
121860.0,0.17430251708581412,0.17421007555344478,0.1739324977600334,0.17346911487559358,0.1728187621317346,0.17197972041455817,0.17094962231503769,0.16972532007465346,0.16830270578351547,0.16667646930179886,0.16483977243377707,0.16278380730462375,0.16049719018819567,0.1579651147683362,0.1551681426644771,0.1520804276655405,0.1486670195985498,0.14487959921526844,0.14064937821604748,0.1358744896662623,0.05329290677097946
121920.0,0.17422388852604012,0.1741315143959284,0.17385413847500347,0.1733910906778437,0.17274120414894592,0.1719027568144176,0.17087337738511424,0.1696499132332007,0.1682282504893204,0.1666030718163458,0.16476753036562913,0.16271280782834655,0.16042750776815629,0.1578968081124315,0.15510125044753767,0.15201496222204375,0.14860295712792515,0.1448168636977348,0.14058781326727876,0.13581380536257004,0.05328930802158921
121980.0,0.17414533665611923,0.17405302980057158,0.17377585536984433,0.1733131420260872,0.17266372083163498,0.17182586675952113,0.1707972046493669,0.1695745770148489,0.16815386403987725,0.16652974120458974,0.16469535302370528,0.16264187077220538,0.16035788532252535,0.15782855886510397,0.15503441297222298,0.1519495487683936,0.14853894381986685,0.14475417443319408,0.14052629153579385,0.1357531609808652,0.05328571459612083
122040.0,0.1740668613486937,0.17397462164040256,0.17369764831874043,0.1732352687964249,0.17258631205856495,0.17174905013201955,0.17072110399403223,0.16949931131058568,0.1680795463315497,0.16645647736885108,0.16462324031681155,0.16257099605196632,0.160288322774443,0.15776036695721932,0.15496763017741175,0.1518841872517032,0.14847497962987327,0.14469153138559887,0.14046481299394536,0.13569255650158227,0.0532821264825807
122100.0,0.1739884624767506,0.173896289788793,0.17361951719621418,0.17315747086528913,0.17250897770882115,0.1716723068143732,0.17064507530564127,0.16942411601167523,0.16800529726095834,0.1663832802116853,0.1645511921539658,0.16250018358358187,0.16021882004720903,0.15769223231977647,0.15490090200208798,0.15181887761916232,0.14841106451349112,0.1446289345189223,0.14040337761407978,0.13563199190512396,0.05327854366901344
122160.0,0.17391013991361928,0.1738180341194558,0.1735414618771262,0.1730797481094427,0.1724317176618093,0.17159563668935113,0.17056911847101905,0.1693489910096581,0.16793111672498043,0.16631014963588248,0.16447920844439684,0.1624294332831902,0.1601493770642833,0.15762415488390638,0.1548342283853399,0.15175361981803717,0.14834719842631566,0.14456638379715778,0.14034198536853645,0.13557146717186055,0.05327496614350159
122220.0,0.17383189353297213,0.17373985450644494,0.1734634822366734,0.17300210040597833,0.17235453179725535,0.17151903964002949,0.17049323337728237,0.1692739361963499,0.16785700462074907,0.1662370855444665,0.16440728909754385,0.16235874506711515,0.16007999374928447,0.1575561345808714,0.15476760926635968,0.15168841379567002,0.14828338132399016,0.14450387918431987,0.14028063622964967,0.13551098228213082,0.05327139389416555
122280.0,0.1737537232088218,0.17366175082415333,0.1733855781503877,0.17292452763231667,0.17227741999520377,0.17144251554979048,0.17041741991183978,0.1691989514638404,0.16778296084565134,0.16616408784069436,0.16433543402305573,0.1622881188518647,0.16001067002598982,0.1574881713420663,0.15470104458444414,0.1516232594994788,0.14821961316220586,0.14444142064444385,0.14021933016974758,0.13545053721624242,0.05326782690916338
122340.0,0.1736756288155202,0.17358372294731197,0.17330774949413513,0.17284702966620483,0.17220038213601585,0.17136606430232182,0.17034167796238978,0.16912403670449191,0.1677089852973283,0.1660911564280555,0.1642636431307901,0.1622175545541318,0.15994140581833485,0.1574202650990166,0.1546345342789931,0.15155815687695795,0.1481558938967027,0.14437900814158586,0.14015806716115242,0.1353901319544717,0.05326426517669065
122400.0,0.17359761022775755,0.17350577075098875,0.17322999614411375,0.17276960638571623,0.1721234181003691,0.17128968578161477,0.17026600741692058,0.16904919181093941,0.16763507787367338,0.16601829121027,0.16419191633081306,0.16214705209079233,0.15987220105041255,0.15735241578337889,0.15456807828951005,0.1514931058756775,0.14809222348326806,0.14431664163982302,0.14009684717618123,0.13532976647706427,0.05326070868498027
122460.0,0.173519667320561,0.17342789411058687,0.17315231797685351,0.17269225766924845,0.17204652776925655,0.17121337987196347,0.17019040816370778,0.1689744166760888,0.16756123847283208,0.16594549209128903,0.16412025353339776,0.1620766113789051,0.1598030556464732,0.15728462332693932,0.15450167655560157,0.1514281064432829,0.14802860187773811,0.1442543211032532,0.14003567018714536,0.13526944076423494,0.053257157422302345
122520.0,0.17344179996929304,0.17335009290184378,0.1730747148692142,0.1726149833955228,0.17196971102398448,0.17113714645796393,0.17011488009131492,0.16889971119311595,0.16748746699320086,0.1658727589752934,0.1640486546490244,0.16200623233571143,0.1597339695309233,0.15721688766161554,0.1544353290169773,0.1513631585274951,0.14796502903599668,0.1441920464959953,0.13997453616635147,0.13520915479616868,0.05325361137696407
122580.0,0.1733640080496507,0.17327236700083032,0.17299718669838476,0.17253778344358206,0.17189296774617194,0.1710609854245125,0.1700394230885911,0.1688250752554662,0.1674137633334262,0.1658000917666926,0.16397711958837918,0.16193591487863424,0.1596649426283261,0.1571492087194535,0.15436903561344933,0.15129826207611047,0.14790150491397588,0.14412981778218967,0.13991344508610065,0.13514890855302034,0.053250070537309506
122640.0,0.17328629143766422,0.17319471628394853,0.17291973334188135,0.17246065769279034,0.1718162978177493,0.17098489665680527,0.16996403704467064,0.16875050875685252,0.16734012739240342,0.1657274903701246,0.16390564826235413,0.16186565892527782,0.15959597486340013,0.15708158643262923,0.15430279628493215,0.15123341703700027,0.14783802946765537,0.1440676349259975,0.13985239691868992,0.13508870201491485,0.05324653489171953
122700.0,0.17320865000969535,0.17311714062793082,0.17284235467754705,0.1723836060228311,0.17173970112095757,0.17090888004033633,0.16988872184897108,0.16867601159125567,0.16726655906927676,0.16565495469045474,0.16383424058204507,0.16179546439342676,0.15952706616101908,0.15701402073344767,0.15423661097144234,0.15116862335811096,0.14777460265306305,0.14400549789160114,0.1397913916364106,0.13502853516194815,0.053243004428611414
122760.0,0.1731310836424367,0.17303963990983964,0.1727650505835498,0.17230662831370674,0.17166317753834676,0.1708329354608975,0.1698134773911939,0.16860158365292222,0.16719305826343728,0.16558248463277445,0.1637628964587527,0.16172533120104535,0.15945821644621172,0.15694651155434225,0.15417047961309824,0.1511038809874638,0.14771122442627432,0.14394340664320476,0.1397304292115505,0.13496840797418672,0.053239479136439116
122820.0,0.17305359221291033,0.1729622140070649,0.17268782093838175,0.17222972444573661,0.1715867269527746,0.1707570628045764,0.16973830356132183,0.16852722483636437,0.16711962487452306,0.16551008010240156,0.1636916158039805,0.16165525926627758,0.1593894256441609,0.1568790588278746,0.1541044021501201,0.15103918987315457,0.14764789474341267,0.14388136114503314,0.13966950961639224,0.1349083204316681,0.05323595900369285
122880.0,0.17297617559846648,0.17288486279732357,0.1726106656208577,0.17215289429955635,0.17151034924740632,0.17068126195775593,0.1696632002496188,0.1684529350363582,0.16704625880241716,0.16543774100487868,0.16362039852943489,0.16158524850744668,0.15932069368020288,0.15681166248673425,0.1540383785228292,0.15097454996335394,0.1475846135606496,0.14381936136133278,0.1396086328232148,0.13484827251440124,0.053232444018898734
122940.0,0.17289883367678252,0.17280758615865813,0.17253358451011439,0.1720761377561166,0.17143404430571255,0.1706055328071128,0.16958816734662852,0.1683787141479436,0.166972959947248,0.16536546724597231,0.16354924454702413,0.1615152988430536,0.1592520204798281,0.1567443224637381,0.15397240867164808,0.15090996120630676,0.14752138083420385,0.1437574072563718,0.13954779880429302,0.134788264202367,0.05322893417061928
123000.0,0.17282156632586068,0.17273038396943546,0.1724565774856088,0.1719994546966817,0.17135781201146846,0.17052987523961674,0.16951320474317333,0.16830456206642258,0.16689972820938737,0.16529325873167286,0.16347815376885766,0.16144541019177697,0.15918340596867855,0.1566770386918301,0.1539064925370999,0.15084542355033193,0.14745819652034212,0.1436954987944398,0.13948700753189777,0.13472829547551782,0.053225429447452524
123060.0,0.17274437342402862,0.17265325610834592,0.17237964442711703,0.17192284500282895,0.17128165224875277,0.17045428914252964,0.16943831233035345,0.1682304786873588,0.1668265634894508,0.16522111536819334,0.16340712610724573,0.16137558247247222,0.15911485007254975,0.1566098111040812,0.15384063005980864,0.15078093694382277,0.14739506057537863,0.14363363593984782,0.13942625897829622,0.13466836631377826,0.05322192983803241
123120.0,0.17266725484993722,0.17257620245440153,0.1723027852147333,0.17184630855644684,0.1712055649019467,0.17037877440340377,0.16936348999954595,0.16815646390657674,0.16675346568829535,0.1651490370619684,0.16333616147469832,0.16130581560417195,0.15904635271738862,0.15654263963368895,0.15377482118049862,0.1507165013352463,0.14733197295567518,0.14357181865692834,0.1393655531157523,0.13460847669704556,0.053218435331028394
123180.0,0.1725902104825593,0.17249922288693523,0.17222599972886882,0.17176984523973418,0.17112954985573278,0.17030333091008126,0.16928873764240368,0.16808251762015963,0.16668043470701988,0.16507702371965385,0.1632652597839248,0.16123610950608405,0.15897791382929374,0.15647552421397654,0.15370906583999408,0.15065211667314374,0.14726893361764132,0.14351004691003588,0.1393048899165261,0.13454862660518943,0.05321494591514532
123240.0,0.17251324020118844,0.17242231728559967,0.17214928785025047,0.17169345493519936,0.17105360699509392,0.17022795855069314,0.1692140551508544,0.16800863972445032,0.16660747044696345,0.16500507524812638,0.16319442094783318,0.16116646409759242,0.15890953333451438,0.1564084647783929,0.15364336397921907,0.15058778290612906,0.147205942517734,0.14344832066354657,0.13924426935287454,0.13448881601805282,0.053211461579123334
123300.0,0.17243634388543855,0.1723454855303658,0.17207264945991968,0.17161713752565858,0.1709777362053116,0.17015265721365766,0.1691394424170994,0.16793483011604884,0.16653457280970474,0.16493319155448175,0.1631236448795291,0.16109687929825525,0.15884121115945035,0.15634146126051232,0.1535777155391972,0.15052349998289072,0.14714299961245755,0.1433866398818582,0.13918369139705175,0.13442904491545174,0.05320798231173771
123360.0,0.17235952141524125,0.17226872750152186,0.1719960844392313,0.1715408928942352,0.1709019373719653,0.17007742678768006,0.16906489933361327,0.16786108869181254,0.1664617416970613,0.1648613725460347,0.1630529314923157,0.16102735502780482,0.15877294723065183,0.15627451359403444,0.15351212046105145,0.15045926785219002,0.14708010485836379,0.14332500452939048,0.13912315602130898,0.13436931327717563,0.05320450810179874
123420.0,0.17228277267084646,0.17219204307967256,0.17191959266985224,0.17146472092435774,0.17082621038093188,0.17000226716175054,0.16899042579314194,0.1677874153488541,0.1663889770110886,0.1647896181303182,0.1629822806996927,0.16095789120614773,0.1587047414748183,0.15620762171278293,0.1534465786860038,0.15039508646286154,0.14701725821205167,0.14326341457058533,0.1390626631978941,0.13430962108298763,0.053201038938151604
123480.0,0.17220609753281962,0.1721154321457372,0.1718431740337606,0.17138862149976036,0.1707505551183837,0.16992717822514447,0.16891602168870254,0.16771380998454175,0.1663162786540795,0.16471792821508247,0.16291169241535566,0.16088848775336337,0.15863659381879824,0.15614078555070607,0.15338109015537527,0.1503309557638131,0.14695445963016782,0.14320186996990636,0.13900221289905312,0.13424996831262492,0.05319757480967611
123540.0,0.1721294958820416,0.17203889458094865,0.17176682841324437,0.17131259450447978,0.17067497147078772,0.16985215986742025,0.1688416869135816,0.16764027249649766,0.16624364652856274,0.16464630270829456,0.16284116655319564,0.16081914458970337,0.15856850418958926,0.15607400504187594,0.15331565481058498,0.15026687570402503,0.14689170906940588,0.14314037069183913,0.1389418050970295,0.1341903549457988,0.05319411570528667
123600.0,0.1720529675997072,0.171962430266853,0.17169055569090053,0.17123663982285595,0.17059945932490478,0.16977721197841883,0.16876742136133507,0.16756680278259706,0.16617108053730287,0.16457474151813706,0.16277070302729832,0.16074986163559202,0.15850047251433674,0.15600728012048853,0.15325027259315094,0.15020284623255079,0.14682900648650676,0.14307891670089143,0.13888143976406409,0.13413078096219558,0.053190661613932176
123660.0,0.17197651256732377,0.17188603908530717,0.17161435574963352,0.17116075733952985,0.17052401856778804,0.1697023344482624,0.16869322492578673,0.1674934007409675,0.16609858058329888,0.16450324455300802,0.1627003017519431,0.1606806388116247,0.15843249872033457,0.15594061072086263,0.15318494344468872,0.1501388672985163,0.1467663518382588,0.1430175079615934,0.13882111687239554,0.13407124634147566,0.053187212524595726
123720.0,0.17190013066671003,0.17180972091847863,0.1715382284726542,0.17108494693944273,0.17044864908678237,0.16962752716735388,0.16861909750102722,0.1674200662699879,0.16602614656978348,0.16443181172151985,0.16262996264160307,0.16061147603856757,0.158364582735023,0.15587399677744018,0.1531196673069119,0.15007493885111978,0.1467037450814973,0.14295614443849616,0.13876083639426068,0.1340117510632748,0.053183768426294666
123780.0,0.17182382177999592,0.17173347564884434,0.17146217374347897,0.17100920850783516,0.17037335076952317,0.16955279002637538,0.16854503898141332,0.16734679926828813,0.1659537784002227,0.16436044293249827,0.16255968561094408,0.16054237323735757,0.1582967244859896,0.15580743822478532,0.15305444412163172,0.15001106083963248,0.1466411861731046,0.14289482609617474,0.13870059830189466,0.13395229510720388,0.05318032930808032
123840.0,0.17174758578961988,0.17165730315918903,0.17138619144592893,0.1709335419302454,0.1702981235039349,0.16947812291628708,0.1684710492615667,0.1672735996347471,0.16588147597831454,0.16428913809498222,0.16248947057482355,0.16047333032910113,0.1582289239009686,0.15574093499758473,0.1529892738307567,0.14994723321339676,0.14657867507000982,0.14283355289922547,0.13864040256753074,0.1338928784528491,0.05317689515903796
123900.0,0.17167142257832868,0.1715812033326041,0.1713102814641273,0.17085794709250882,0.1702229671782305,0.1694035257283268,0.16839712823637315,0.16720046726849294,0.16580923920798846,0.16421789711822313,0.16241931744829075,0.1604043472350739,0.15816118090783993,0.15567448703064668,0.15292415637629217,0.14988345592182784,0.1465162117291896,0.14277232481226712,0.13858024916340062,0.13383350107977268,0.05317346596828648
123960.0,0.17159533202917646,0.17150517605248738,0.1712344436825004,0.1707824238807569,0.17014788168091008,0.16932899835400886,0.16832327580098153,0.1671274020689011,0.16573706799340443,0.1641467199116834,0.16234922614658565,0.1603354238767204,0.15809349543462906,0.15560809425890101,0.15285909170034104,0.14981972891441253,0.14645379610766732,0.14271114179994093,0.13852013806173466,0.1337741629675129,0.05317004172497851
124020.0,0.17151931402552303,0.1714292212025407,0.17115867798577503,0.1707069721814156,0.17007286690076015,0.1692545406851225,0.16824949185080335,0.16705440393559465,0.16566496223895247,0.16407560638503652,0.16227919658513856,0.1602665601756535,0.15802586740950678,0.1555417566173986,0.15279407974510203,0.1497560521407093,0.14639142816251305,0.1426500038269108,0.13846006923476212,0.1337148640955838,0.05316662241830005
124080.0,0.1714433684510331,0.17135333866676983,0.17108298425897803,0.17063159188120472,0.16999792272685246,0.16918015261373162,0.16817577628151126,0.1669814727684422,0.16559292184925092,0.16400455644816583,0.16220922867956894,0.16019775605365383,0.1579582967607884,0.15547547404131146,0.15272912045287046,0.1496924255503484,0.1463291078508442,0.14258891085786254,0.13840004265471081,0.13365560444347663,0.053163208037470606
124140.0,0.1713674951896748,0.1712775283294829,0.17100736238743483,0.17055628286713678,0.16992304904854286,0.1691058340321735,0.16810212898903798,0.16690860846755787,0.16552094672914697,0.16393357001116393,0.16213932234568526,0.16012901143266858,0.1578907834169335,0.15540924646593163,0.15266421376603795,0.14962884909303165,0.14626683512982452,0.14252786285750513,0.13834005829380772,0.13359638399065854,0.05315979857174274
124200.0,0.17129169412571899,0.1712017900752893,0.17093181225676854,0.17048104502651576,0.1698482457554702,0.16903158483305736,0.1680285498695758,0.1668358109333003,0.165449036783715,0.1638626469843325,0.1620694774994845,0.16006032623481192,0.15782332730654525,0.1553430738266716,0.15259935962709198,0.14956532271853173,0.1462046099566645,0.14246685979056964,0.1382801161242793,0.1335372027165741,0.05315639401040226
124260.0,0.17121596509069945,0.17112612373611136,0.1708563337000645,0.17040587819435377,0.1697735126853197,0.1689574048574638,0.16795503876829063,0.1667630800155718,0.16537719186819863,0.16379178722880686,0.1619996940084818,0.15999170033439597,0.1577559283110706,0.1552769560123606,0.15253455793238865,0.1495018463307564,0.14614243224269885,0.1424059015754924,0.13822021607100482,0.13347806054874722,0.05315299479007578
124320.0,0.17114030771205813,0.17105052893997472,0.1707809263470946,0.17033078200331062,0.16969884947474748,0.1688832937471044,0.16788159533294558,0.16669041536910442,0.1653054116451189,0.16372099041560156,0.16192997155275218,0.15992313342095868,0.15768858612971756,0.15521089273184666,0.152469808400093,0.14943841965648982,0.1460803017221349,0.1423449879519895,0.13816035787553393,0.13341895719482408,0.05314960297307713
124380.0,0.1710647215857381,0.17097500528343446,0.1707055897962423,0.1702557560547936,0.16962425572934273,0.1688092511128572,0.16780821918074612,0.16661781661838382,0.16523369574709088,0.16365025618618417,0.16186030978318905,0.1598546251552151,0.15762130043320374,0.15514488366577045,0.15240511072036636,0.14937504239459629,0.14601821810116267,0.14228411863130896,0.1381005412476139,0.13335989228299758,0.05314622064416084
124440.0,0.17098920633100076,0.17089955238633794,0.1706303236691083,0.17018079997330257,0.16954973107761565,0.168735276588305,0.1677349099513453,0.1665452834100504,0.1651620438285605,0.16357958420350607,0.16179070837180845,0.1597861752186364,0.15755407091264498,0.15507892851483782,0.15234046460314626,0.14931171426349898,0.14595618110541012,0.14222329334392425,0.13804076591223677,0.1333008654228602,0.05314284947125406
124500.0,0.17091376159026206,0.17082416989166258,0.17055512761034816,0.17010591340626927,0.16947527517083918,0.16866136982958013,0.16766166730669257,0.1664728154127521,0.16509045556566265,0.16350897415186655,0.16172116701161782,0.1597177833133257,0.1574868972794383,0.15501302699971012,0.15227586977804533,0.14924843500108512,0.14589419047983954,0.14216251183922066,0.13798103160843322,0.13324187621627198,0.05313949075174864
124560.0,0.1708383870289317,0.1707488574653545,0.17048000128751384,0.17003109602390026,0.16940088768289396,0.16858753051521294,0.16758849093088593,0.1664004123170011,0.1650189306560828,0.16343842573677916,0.16165168541649033,0.1596494491618981,0.15741977926514902,0.15494717886089762,0.15221132599425183,0.1491852043646135,0.14583224598863195,0.14210177388516526,0.13792133808865792,0.13318292426657785,0.05313614545381468
124620.0,0.1707630823352567,0.17067361479617363,0.1704049443908974,0.16995634751902386,0.16932656831011794,0.16851375834598364,0.16751538053002765,0.16632807383503387,0.16494746881892253,0.16336793868484342,0.16158226332104023,0.1595811725073638,0.15735271662139977,0.1548813838586565,0.1521468330204339,0.14912202213062203,0.14577034741506517,0.14204107926799067,0.13786168511862695,0.13312400918639464,0.05313281425326678
124680.0,0.17068784722016817,0.1705984415955397,0.17032995663338013,0.16988166760693932,0.16925231677115793,0.16844005304477802,0.1674423358320833,0.1662557997006742,0.1648760697945666,0.16329751274361706,0.16151290048050257,0.15951295311301283,0.15728570911976317,0.1548156417728883,0.15208239064464502,0.1490588880948343,0.14570849456138657,0.14198042779190956,0.13780207247750134,0.13306513060417122,0.05312949756645763
124740.0,0.17061268141713104,0.17052333759738245,0.1702550377502833,0.16980705602526977,0.169178132806825,0.16836641435644506,0.1673693565867433,0.16618358966919972,0.16480473334455442,0.16322714768149232,0.16144359667061509,0.15944479076230333,0.15721875655165557,0.15474995240304093,0.1520179986742322,0.14899580207206778,0.14564668724868052,0.14191981927887176,0.13774249995832383,0.13300628816968874,0.053126195579623926
124800.0,0.17053758468199648,0.17044830255799506,0.17018018749922176,0.16973251253381777,0.16910401617995224,0.16829284204765768,0.16729644256528742,0.1661114435172097,0.16473345925145272,0.16315684328757454,0.16137435168750164,0.15937668525875145,0.15715185872823412,0.15468431556801115,0.15195365693574436,0.1489327638961408,0.14558492531673825,0.14185925356837054,0.13768296736864036,0.13294748155865083,0.05312290827506409
124860.0,0.17046255679285685,0.17037333625588877,0.17010540565996046,0.16965803691442366,0.16902996667525505,0.16821933590677685,0.16722359356045124,0.16603936104249592,0.1646622473187315,0.16308659937156245,0.16130516534755837,0.15930863642582382,0.1570850154802958,0.15461873110605162,0.15188936527484403,0.1488697734197789,0.145523208623927,0.14179873051729944,0.13762347453124602,0.13288871047648887,0.053119635454487696
124920.0,0.17038759754990251,0.1702984384916506,0.1700306920342728,0.1695836289708251,0.16895598409919368,0.16814589574371544,0.16715080938629553,0.16596734206391592,0.16459109737064054,0.16301641576363068,0.1612360374873425,0.15924064410683145,0.1570182266581764,0.1545531988746762,0.15182512355621788,0.14880683051452165,0.14546153704706452,0.14173824999985943,0.13756402128501485,0.13282997466149488,0.05311637675983985
124980.0,0.17031270677528257,0.17022360908780373,0.16995604644580148,0.16950928852851974,0.1688820682798376,0.1680725213898066,0.16707808987807607,0.165895386421267,0.16452000925208923,0.1629462923143139,0.16116696796346117,0.1591727081648252,0.15695149213165385,0.15448771875056802,0.1517609316634889,0.14874393507062889,0.14539991048130066,0.14167781190751477,0.13750460748577203,0.1327712738873749,0.05311313169187183
125040.0,0.17023788431296405,0.17014884788866783,0.16988146873992105,0.16943501543462863,0.1688082190667312,0.16799921269767226,0.1670054348921164,0.16582349397516333,0.16444898282852752,0.16287622889439252,0.16109795665246246,0.15910482848249263,0.15688481178984998,0.1544222906294888,0.15169678949912882,0.1486810869969869,0.14533832884000591,0.14161741614899342,0.137445233007185,0.1327126079653063,0.05310989962670109
125100.0,0.17016313002859587,0.1700741547602224,0.1698069587836007,0.16936080955776234,0.16873443633076216,0.1679259695410931,0.16693284430568175,0.16575166460691246,0.1643780179858264,0.16280622539477946,0.16102900345072882,0.15903700496205528,0.15681818554113544,0.15435691442618865,0.15163269698437176,0.14861828622101553,0.1452767920546699,0.1415570626503277,0.13738589774164953,0.13265397674557008,0.05310667983057697
125160.0,0.17008844380937196,0.16999952958997083,0.16973251646527054,0.16928667078788676,0.1686607199640295,0.16785279181488086,0.16686031801685297,0.16567989821839488,0.16430711463016334,0.1627362817264082,0.16096010827436835,0.15896923752516953,0.15675161331303397,0.15429159007431612,0.15156865405912678,0.14855553268857632,0.14521530007480873,0.1414967513549297,0.13732660160115612,0.132595380118819,0.05310347147304589
125220.0,0.17001382556389616,0.16992497228680556,0.1696581416946871,0.16921259903619093,0.16858706987971328,0.1677796794347499,0.166787855944403,0.16560819473194283,0.16423627268790367,0.16266639782012113,0.16089127105911008,0.1589015261128241,0.15668509505212738,0.15422631752632882,0.15150466068189064,0.1484928263638811,0.14515385286788482,0.1414364822236985,0.13726734451812236,0.13253681801703474,0.05310027363868964
125280.0,0.16993927522204744,0.16985048278087347,0.1695838344027997,0.16913859423495572,0.16851348601194568,0.16770663233719105,0.16671545802767318,0.16553655409022092,0.16416549210548656,0.16259657362655922,0.16082249176019803,0.15883387068524094,0.15661863072396218,0.1541610967534049,0.1514407168296616,0.14843016722940264,0.14509245041923496,0.14137625523515146,0.13720812644618333,0.13247829041421905,0.05309708533759052
125340.0,0.16986479273484703,0.16977606102344317,0.16950959454161837,0.16906465633742218,0.16843996831568114,0.1676336504793446,0.1666431242264495,0.16546497625610646,0.1640947728493093,0.16252680911605089,0.16075377035228572,0.15876627122177495,0.15655222031295507,0.15409592774535316,0.15137682249785187,0.1483675552857861,0.14503109273201145,0.1413160703855774,0.13714894736093453,0.13241979732685943,0.05309390551466301
125400.0,0.1697903780743237,0.16970170698677128,0.16943542208408102,0.16899078531766076,0.1683665167665676,0.16756073383887438,0.16657085452084067,0.16539346121257037,0.1640241149056126,0.16245710427850252,0.16068510682933124,0.1586987277208148,0.15648586382229876,0.15403081051052406,0.15131297770020033,0.14830499055176335,0.14496977982713147,0.14125592768920556,0.13708980726062242,0.1323613388142031,0.05309073305797394
125460.0,0.16971603123338086,0.16962742066396846,0.16936131702392143,0.16891698117044052,0.16829313136081855,0.16748788241384194,0.1664986489111538,0.16532200896255791,0.16395351828036517,0.16238745912328728,0.16061650120449153,0.15863124019968272,0.15641956127386672,0.15396574507571925,0.151249182468685,0.14824247306406912,0.14490851174323813,0.1411958271783872,0.1370307061667802,0.1323029149783665,0.05308756680616229
125520.0,0.1696417522256623,0.16955320206886712,0.16928727937553673,0.1688432439110983,0.1682198121150836,0.16741509622257977,0.16642650741777218,0.165250619528869,0.1638829829991484,0.16231787367913508,0.16054795351001694,0.15856380869453407,0.15635331270811934,0.15390073148610176,0.15118543685343486,0.14818000287735827,0.14484728853666892,0.14113576890378418,0.13697164412480758,0.13224452596430736,0.053084405555057064
125580.0,0.16956754108541888,0.16947905123588736,0.16921330917385397,0.16876957357540706,0.16814655906631845,0.16734237530356438,0.16635443008103173,0.16517929295403838,0.16381250910704082,0.16224834799402035,0.16047946379714487,0.15849643326025611,0.1562871181840073,0.15383576980510386,0.15112174092264194,0.14811758006412581,0.14478611028143332,0.14107575293456392,0.13691262120449416,0.1321861719596819,0.053081248063581
125640.0,0.169493397867373,0.16940496821990153,0.16913940647419748,0.16869597021944294,0.16807337227165545,0.167269719715289,0.16628241696109564,0.16510802930021476,0.1637420966685009,0.1621788821350508,0.16041103213599275,0.15842911397036674,0.15622097777887517,0.15377086011433555,0.15105809476247134,0.14805520471462985,0.14472497706919832,0.14101577935859497,0.13685363750048968,0.1321278531946015,0.05307809305901876
125700.0,0.16941932264658346,0.16933095309610033,0.16906557135215347,0.16862243391945403,0.16800025180827258,0.16719712953613575,0.16621046813783008,0.16503682864903915,0.1636717457672501,0.16210947618835447,0.16034265861545,0.1583618509169112,0.15615489158836368,0.15370600251349023,0.15099449847697283,0.14799287693681545,0.14466388900928007,0.1409558482826416,0.13679469313271692,0.132069569941309,0.053074939241719535
125760.0,0.16934531551830892,0.16925700595985577,0.16899180390343477,0.1685489647717251,0.16792719777326173,0.16712460486424532,0.1661385837106774,0.1649656911015224,0.16360145650615399,0.16204013025896513,0.16027434334306837,0.158294644210358,0.15608885972631045,0.15364119712025082,0.15093095218799055,0.1479305968562404,0.14460284622864003,0.14089595983255437,0.13673578824673552,0.13201132251378553,0.053071785289296854
125820.0,0.16927137659786937,0.16918312692658338,0.16891810424374484,0.1684755628924429,0.16785421028349495,0.16705214581738684,0.1660667637985287,0.16489461677792078,0.16353122900710232,0.1619708444707066,0.1602060864449523,0.15822749397949318,0.15602288232464967,0.1535764440701929,0.150867456035072,0.14786836461600428,0.14454184887188828,0.14083611415345604,0.1366769230140527,0.1319531112673001,0.05306862986038151
125880.0,0.16919750602050737,0.16910931613160346,0.1688444725086384,0.16840222841755886,0.1677812894754896,0.16697975253282518,0.1659950085395948,0.1648236058176108,0.16346106341088715,0.16190161896607674,0.1601378880656454,0.15816040037131418,0.1559569595333099,0.15351174351668742,0.15080401017537667,0.1478061803766765,0.1444808971012875,0.14077631140991786,0.1366180976323874,0.13189493659791232,0.05306547159797711
125940.0,0.16912370394124646,0.16903557373000003,0.168770908853383,0.1683289615026509,0.16770843550527223,0.16690742516718743,0.16592331809127464,0.16475265837896153,0.1633909598770803,0.16183245390612766,0.16006974836801807,0.1580933635509192,0.15589109152010977,0.15344709563080142,0.15074061478358305,0.14774404431622787,0.1444199910967617,0.14071655178612785,0.13655931232588753,0.13183679894193465,0.05306230913246315
126000.0,0.16904997053474857,0.1689618998964782,0.16869741345281503,0.1682557623227827,0.16763564854823998,0.16683516389632697,0.16585169263002306,0.16468177463920583,0.1633209185839076,0.16176334947034562,0.16000166753314987,0.15802638370139818,0.1558252784706515,0.15338250060119607,0.15067727005179662,0.1476819566299627,0.14435913105590517,0.14065683548604893,0.1365005673453039,0.13177869877536413,0.05305914108428471
126060.0,0.16897630594255125,0.16888829477265013,0.1686239864487725,0.1681826310201736,0.16756292874715809,0.16676296886373224,0.16578013230024646,0.16461095474388623,0.1632509396782983,0.16169430580733782,0.15993364571167235,0.15795946097581784,0.15575952054091405,0.153317958587247,0.15061397614306937,0.14761991748426156,0.1442983171477074,0.14059716268674696,0.13644186292009697,0.1317206365605255,0.05305596651548652
126120.0,0.16890271010875046,0.168814758302868,0.16855062778637508,0.16810956754121706,0.16749027605019312,0.1666908400198315,0.16570863705511094,0.16454019864936673,0.16318102312025792,0.16162532288117662,0.1598656828721287,0.15789259534757005,0.15569381770946156,0.15325346957286662,0.1505507330464363,0.14755792687223016,0.1442375493679426,0.1405375333921968,0.13638319910782576,0.13166261256121592,0.053052786232001506
126180.0,0.16882918292668467,0.16874129038077249,0.1684773373601675,0.1680365717819578,0.16741769035547252,0.16661877726540228,0.16563720679859065,0.16446950626333964,0.163111168821689,0.16155640060843224,0.15979777893617436,0.15782578674376121,0.15562816990912975,0.15318903349670393,0.15048754070598777,0.1474959847422076,0.14417682766796341,0.14047794756351156,0.13632457592556968,0.13160462695770206,0.05304960136217002
126240.0,0.16875572428996138,0.16866789090027184,0.16840411506495903,0.16796364363869895,0.1673451715613753,0.16654678050146476,0.16556584143489125,0.16439887749371612,0.16304137669469723,0.16148753890586126,0.15972993382563305,0.15775903509164393,0.15556257707287016,0.153124650297477,0.150424399065821,0.14743409104254632,0.14411615199962538,0.14041840516428677,0.1362659933943159,0.13154667989784818,0.053046412910144815
126300.0,0.1686823340924553,0.16859455975554094,0.1683309607958229,0.16789078300800236,0.16727271956653167,0.1664748496292805,0.16549454086844903,0.1643283122486238,0.16297164665159083,0.16141873769040657,0.1596621474624955,0.15769234031861565,0.15549703913374832,0.1530603199139721,0.15036130807004497,0.14737224572164156,0.14405552231536287,0.14035890616051436,0.13620745153728417,0.13148877150161722,0.05304322176934176
126360.0,0.16860901222830932,0.16852129684102107,0.16825787444809462,0.1678179897866877,0.16720033426982195,0.1664029845503523,0.16542330500392938,0.16425781043640753,0.16290197860488023,0.16134999687919624,0.15959441976891914,0.15762570235221737,0.15543155602494313,0.15299604228504354,0.1502982676627871,0.14731044872796312,0.14399493856825182,0.14029945052043102,0.13614895037861233,0.13143090186497175,0.053040028734444716
126420.0,0.16853575859193093,0.1684481020514179,0.16818485591737187,0.16774526387183045,0.1671280155703758,0.16633118516642262,0.16535213374622698,0.16418737196562774,0.1628323724672763,0.16128131638954296,0.15952675066722746,0.15755912112013348,0.15536612767974498,0.15293181734961278,0.15023527778820028,0.14724870001008483,0.14393440071205657,0.14024003821433134,0.13609048994233774,0.13137307106325583,0.05303683451211887
126480.0,0.16846257307799334,0.1683749752817018,0.1681119050995131,0.1676726051607623,0.167055763367571,0.1662594513794734,0.1652810270004646,0.1641169967450602,0.1627628281516912,0.16121269613894398,0.15945914007990883,0.15749259655018993,0.1553007540315546,0.15286764504666944,0.15017233839047148,0.1471869995167144,0.1438739087012638,0.14018066921435587,0.13603207025161873,0.13131527915412125,0.05303363973057046
126540.0,0.1683894555814343,0.16830191642710535,0.16803902189063627,0.1676000135510694,0.16698357756103294,0.16618778309172436,0.16520998467199172,0.16404668468369485,0.1626933455712365,0.16114413604507904,0.159391587929616,0.15742612857035393,0.155235435013883,0.15280352531527117,0.15010944941382992,0.14712534719672168,0.14381346249110105,0.1401213434942721,0.13597369132815174,0.13125752618006536,0.05303044494807573
126600.0,0.16831640599745412,0.16822892538312398,0.16796620618711894,0.16752748894059213,0.16691145805063384,0.16611618020563335,0.16513900666638487,0.16397643569073556,0.16262392463922296,0.16107563602581074,0.15932409413916493,0.15735971710873287,0.15517017056034968,0.1527394580945452,0.15004661080255724,0.14706374299916394,0.14375306203754437,0.14006206102925267,0.1359153531917469,0.1311998121706244,0.05302725066059037
126660.0,0.16824342422151578,0.1681560020455142,0.16789345788559654,0.1674550312274233,0.1668394047364917,0.16604464262389468,0.16506809288944616,0.16390624967559897,0.16255456526915962,0.16100719599918384,0.15925665863153501,0.15729336209357297,0.15510496060468182,0.1526754433236904,0.14998382250099615,0.1470021868733096,0.143692707297313,0.14000282179566143,0.1358570558600301,0.1311421371442738,0.053024057308536876
126720.0,0.1681705101493432,0.1680831463102925,0.16782077688296163,0.1673826403099079,0.16676741751896904,0.16597317024943864,0.1649972432472024,0.1638361265479138,0.162485267374753,0.16093881588342426,0.15918928132986737,0.15722706345325885,0.15503980508071435,0.15261148094197816,0.14992108445356203,0.1469406787686592,0.14363239822785642,0.1399436257708496,0.13579879934824718,0.13108450111006972,0.053020865282858334
126780.0,0.16809766367692097,0.168010358073735,0.1677481630763633,0.1673103160866423,0.1666954962986729,0.16590176298543008,0.16492645764590472,0.1637660662175206,0.16241603086990697,0.16087049559693828,0.15912196215746438,0.15716082111631266,0.15497470392238938,0.15254757088875529,0.14985839660475125,0.14687921863496264,0.14357213478733213,0.13988447293296463,0.13574058366914865,0.13102690406906925,0.05301767493041765
126840.0,0.16802488470049326,0.16793763723237623,0.1676756163632058,0.1672380584564731,0.16662364097645344,0.16583042073526846,0.16485573599202738,0.16369606859446986,0.1623468556687217,0.16080223505831193,0.1590547010377889,0.15709463501139315,0.15490965706375526,0.15248371310344597,0.14979575889915295,0.1468178064222339,0.1435119169345779,0.13982536326077538,0.13568240883293853,0.13096934601555602,0.0530144865588121
126900.0,0.1679521731165625,0.16786498368300826,0.1676031366411479,0.16716586731849603,0.1665518514534029,0.16575914340258632,0.16478507819226773,0.16362613358902312,0.16227774168549255,0.16073403418631055,0.1589874978944634,0.15702850506729477,0.15484466443896738,0.15241990752555537,0.14973317128145694,0.14675644208076383,0.14345174462907856,0.139766296733513,0.1356242748472709,0.13091182693809758,0.053011300440666126
126960.0,0.16787952882188914,0.16779239732268,0.167530723808102,0.1670937425720559,0.1664801276308555,0.1656879308912493,0.1647144841535446,0.16355626111165042,0.16220868883471012,0.16066589289987773,0.15892035265126941,0.1569624312129473,0.15477972598228795,0.15235615409467243,0.1496706336964638,0.14669512556112838,0.14339161783092882,0.13970727333072797,0.13556618171728677,0.13085434682045782,0.05300811681745865
127020.0,0.16780695171349,0.16771987804869584,0.16745837776223294,0.16702168411674453,0.1664084694103856,0.1656167831053544,0.1646439537829975,0.16348645107303075,0.1621396970310589,0.1605978111181347,0.15885326523214693,0.15689641337741525,0.15471484162808538,0.15229245275047262,0.14960814608909356,0.14663385681419477,0.1433315365007951,0.13964829303216333,0.13550812944567753,0.13079690564238244,0.05300493590293502
127080.0,0.1677344416886379,0.16764742575861494,0.16738609840195795,0.1669496918524011,0.16633687669380784,0.16554569994922982,0.16457348698798707,0.16341670338405037,0.16207076618941713,0.16052978876037982,0.15878623556119317,0.1568304514898964,0.1546500113108358,0.15222880343272152,0.1495457084043934,0.14657263579112642,0.1432715005998735,0.13958935581764303,0.13545011803277107,0.13073950338027424,0.053001757886148186
127140.0,0.1676619986448608,0.16757504035025064,0.16731388562594476,0.16687776567911047,0.16626534938317553,0.16547468132743387,0.16450308367609293,0.1633470179558031,0.16200189622485564,0.16046182574608764,0.15871926356266203,0.15676454547972224,0.15458523496512278,0.15216520608127854,0.14948332058754596,0.14651146244338323,0.14321151008984845,0.1395304616669747,0.1353921474766313,0.13068214000777414,0.05299858293416913
127200.0,0.16758962247994053,0.16750272172166913,0.16724173933311112,0.1668059054972027,0.1661938873807803,0.16540372714475404,0.16443274375511346,0.16327739469958888,0.16193308705263743,0.16039392199490823,0.15865234916096357,0.1566986952763571,0.1545205125256382,0.1521016606360999,0.14942098258387518,0.14645033672272148,0.14315156493285083,0.13947161055986662,0.13533421777316873,0.1306248154962583,0.05299541119450267
127260.0,0.16751731309191198,0.16743046977118894,0.16716965942262432,0.16673411120725165,0.1661224905891513,0.16533283730620665,0.16436246713306535,0.1632078335269139,0.16186433858821672,0.1603260774266665,0.15858549228066354,0.15663290080939798,0.15445584392718315,0.15203816703724232,0.14935869433885327,0.14638925858119137,0.14309166509141774,0.13941280247585633,0.13527632891625682,0.13056752981526518,0.05299224279723975
127320.0,0.16744507037906253,0.16735828439737985,0.1670976457938994,0.16666238271007502,0.16605115891105401,0.16526201171703578,0.16429225371818232,0.16313833434948832,0.16179565074723862,0.16025829196136157,0.15851869284648207,0.15656716200857362,0.15439122910466793,0.15197472522486652,0.1492964557981053,0.14632822797113296,0.14303181052845104,0.13935403739425095,0.13521848089785135,0.1305102829328598,0.05298907785697541
127380.0,0.16737289423993099,0.16728616549906175,0.16702569834659925,0.166590719906733,0.1659798922494894,0.1651912502827125,0.16422210341891447,0.16306889707922723,0.16172702344553802,0.16019056551916575,0.15845195078329335,0.15650147880374496,0.15432666799311412,0.15191133513924032,0.1492342669074143,0.14626724484517012,0.14297200120717957,0.13929531529407785,0.13516067370810975,0.13045307481594448,0.05298591647451744
127440.0,0.16730078457330616,0.16721411297530472,0.16695381698063336,0.16651912269852712,0.16590869050769383,0.16512055290893396,0.16415201614392821,0.16299952162824868,0.16165845659913916,0.16012289802042484,0.15838526601612551,0.15643585112490427,0.15426216052765485,0.1518479967207421,0.14917212761272466,0.1462063091562041,0.14291223709112189,0.13923663615404488,0.13510290733551078,0.13039590543052332,0.05298275873840832
127500.0,0.1672287412782272,0.1671421267254266,0.1668820015961565,0.16644759098699982,0.16583755358913715,0.16504991950162315,0.16408199180210425,0.16293020790887391,0.16158995012425478,0.1600552893856558,0.15831863847015878,0.15637027890217534,0.15419770664353577,0.15178470990986362,0.14911003786014612,0.14614542085740542,0.14285251814405034,0.13917799995250804,0.13504518176697036,0.13033877474192687,0.052979604726280924
127560.0,0.16715676425398143,0.16707020664899336,0.16681025209356873,0.1663761246739336,0.16576648139752267,0.1649793499669274,0.16401203030253805,0.16286095583362592,0.16152150393728573,0.15998773953554773,0.15825206807072667,0.15630476206581312,0.1541333062761163,0.1517214746472134,0.14904799759595488,0.14608457990220547,0.1427928443299589,0.13911940666744674,0.13498749698795304,0.13028168271500112,0.05297645450606597
127620.0,0.16708485340010426,0.16699835264581858,0.16673856837351375,0.16630472366135077,0.1656954738367864,0.16490884421121765,0.1639421315545384,0.16279176531522904,0.16145311795481984,0.15992024839096058,0.15818555474331364,0.15623930054620394,0.1540689593608708,0.15165829087351868,0.14898600676659693,0.14602378624428677,0.1427332156130316,0.1390608562764461,0.13492985298258106,0.1302246293142684,0.05297330813706738
127680.0,0.16701300861637833,0.16692656461596045,0.16666695033687873,0.1662333878515109,0.16562453081109577,0.16483840214108847,0.16387229546762688,0.16272263626660846,0.1613847920936316,0.15985281587292396,0.15811909841355615,0.1561738942738657,0.15400466583338976,0.15159515852962915,0.14892406531868801,0.1459630398375741,0.14267363195761393,0.13900234875668413,0.1348722497337362,0.13016761450406095,0.052970165670919445
127740.0,0.16694122980283213,0.1668548424597237,0.1665953978847931,0.16616211714691176,0.16555365222484897,0.1647680236633569,0.16380252195153766,0.16265356860088928,0.16131652627068113,0.15978544190263713,0.15805269900724134,0.15610854317944675,0.15394042562938065,0.15153207755651804,0.148862173199015,0.14590234063622293,0.14261409332818545,0.13894388408492353,0.1348146872231585,0.13011063824863311,0.05296702715243935
127800.0,0.16686951685973953,0.16678318607765688,0.16652391091862756,0.1660909114502874,0.16548283798267438,0.16469770868506098,0.16373281091621508,0.16258456223139559,0.1612483204031137,0.1597181264014683,0.1579863564503063,0.15604324719372747,0.1538762386846696,0.15146904789528512,0.14880033035453477,0.14584168859461033,0.14255459968933606,0.13888546223750894,0.13475716543153773,0.1300537005122541,0.05296389262038609
127860.0,0.16679786968761878,0.16671159537055186,0.1664524893399933,0.16601977066460785,0.1654120879894296,0.16462745711345989,0.16366316227181507,0.16251561707165005,0.1611801744082593,0.15965086929095385,0.157920070668838,0.15597800624761946,0.15381210493520178,0.1514060694871587,0.14873853673237536,0.14578108366732337,0.14249515100574342,0.13882708319036652,0.1346996843385997,0.1299968012592847,0.05296076210813577
127920.0,0.16672628818723198,0.1666400702394433,0.16638113305074173,0.16594869469307824,0.1653414021502008,0.16455726885603297,0.16359357592870302,0.16244673303537333,0.1611120882036315,0.15958367049279787,0.1578538415890739,0.15591282027216563,0.1537480243170432,0.15134314227349677,0.14867679227983366,0.14572052580914976,0.14243574724215208,0.13876874691900629,0.13464224392318813,0.12993994045423976,0.05295763564428298
127980.0,0.16665477225958403,0.16656861058560773,0.1663098419529629,0.1658776834391381,0.1652707803703014,0.1644871438204785,0.16352405179745338,0.16237791003648305,0.1610440617069272,0.15951652992887128,0.15778766913739964,0.155847689198541,0.1536839967663813,0.15128026619578896,0.1486150969443754,0.14566001497506692,0.14237638836335498,0.13871045339852886,0.13458484416334024,0.1298831180618393,0.052954513253175683
128040.0,0.16658332180592103,0.16649721631056255,0.16623861594898515,0.16580673680646008,0.16520022255527206,0.16441708191471338,0.16345458978884908,0.16230914798909332,0.1609760948360254,0.15944944752121162,0.1577215532403499,0.15578261295805212,0.15362002221952645,0.1512174411956576,0.14855345067363235,0.14559955112023146,0.14231707433417756,0.1386522026036321,0.13452748503635661,0.12982633404704844,0.05295139495539128
128100.0,0.16651193672773099,0.16642588731606509,0.1661674549413739,0.16573585469894989,0.16512972861087938,0.1643470830468727,0.16338518981388064,0.16224044680751368,0.16090818750898736,0.15938242319202225,0.15765549382460817,0.15571759148213807,0.15355610061291255,0.15115466721485885,0.14849185341540067,0.1455391341999695,0.14225780511946218,0.13859399450862064,0.1344701665188676,0.1297695883751087,0.05294828076816033
128160.0,0.16644061692674167,0.16635462350411245,0.16609635883293125,0.16566503702074425,0.1650592984431155,0.164277147125308,0.16331585178374586,0.16217180640624917,0.16084033964405514,0.1593154568636723,0.15758949081700593,0.15565262470237046,0.15349223188309802,0.15109194419528357,0.14843030511763886,0.14547876416976704,0.14219858068405494,0.13853582908741716,0.1344128885868935,0.12971288101156264,0.052945170705743075
128220.0,0.1663693623049203,0.1662834247769399,0.16602532752669472,0.1655942836762115,0.16498893195819694,0.16420727405858715,0.16324657560984812,0.16210322669999874,0.16077255115965156,0.159248548458695,0.1575235441445225,0.15558771255045273,0.1534284159667666,0.15102927207895817,0.14836880572846528,0.1454184409852601,0.14213940099279457,0.13847770631357295,0.13435565121590032,0.12965621192227245,0.05294206477976489
128280.0,0.16629817276447284,0.16621229103702007,0.16595436092593682,0.16552359456995025,0.16491862906256388,0.16413746375549434,0.16317736120379692,0.1620347076036551,0.1607048219743792,0.15918169789978848,0.15745765373428486,0.15552285495822193,0.15336465280072878,0.1509666508080447,0.14830735519615518,0.14535816460222611,0.14208026601050155,0.13841962616028186,0.13429845438085244,0.12959958107343192,0.05293896299951418
128340.0,0.16622704820784281,0.16614122218706304,0.16588345893416434,0.16545296960678807,0.16484838966287957,0.1640677161250274,0.1631082084774064,0.1619662490323044,0.16063715200701992,0.1591149051098142,0.15739181951356748,0.15545805185764747,0.1533009423219213,0.15090408032484148,0.14824595346913821,0.14529793497657464,0.1420211757019695,0.13836158860039235,0.13424129805625945,0.1295429884315747,0.05293586537220761
128400.0,0.16615598853771066,0.16607021813001416,0.1658126214551168,0.16538240869178156,0.16477821366602952,0.16399803107639876,0.16303911734269458,0.16189785090122427,0.16056954117653427,0.15904817001179716,0.15732604140979184,0.15539330318083286,0.1532372844674094,0.1508415605717833,0.14818460049599477,0.1452377520643399,0.14196213003195743,0.13830359360642194,0.1341841822162204,0.12948643396357873,0.052932771903225685
128460.0,0.16608499365699297,0.16599927876905454,0.16574184839276648,0.16531191173021476,0.1647081009791208,0.16392840851903467,0.16297008771188293,0.16182951312588456,0.16050198940206098,0.15898149252892507,0.1572603193505266,0.1553286088600145,0.15317367917438612,0.15077909149144056,0.14812329622545314,0.14517761582167207,0.14190312896518356,0.13824564115057064,0.1341271068344641,0.1294299176366686,0.05292968259632249
128520.0,0.16601406346884168,0.16592840400759948,0.16567113965131725,0.16524147862759933,0.16463805150948096,0.16385884836257314,0.16290111949739577,0.16176123562194586,0.160434496602916,0.15891487258454812,0.15719465326348678,0.1552639688275632,0.15311012638017335,0.15071667302652025,0.14806204060638706,0.14511752620482982,0.14184417246631906,0.1381877312047348,0.13407007188438658,0.1293734394184137,0.0529265974538117
128580.0,0.16594319787664316,0.16585759374929762,0.16560049513520378,0.16517110928967277,0.1645680651646575,0.16378935051686452,0.16283221261185923,0.16169301830525898,0.160367062698592,0.1588483101021777,0.1571290430765346,0.15519938301598307,0.1530466260222224,0.15065430511986494,0.14800083358781146,0.145057483170174,0.14178526049998458,0.1381298637405216,0.1340130773390836,0.12931699927672552,0.05292351647673232
128640.0,0.1658723967840172,0.16578684789803066,0.16552991474909046,0.16510080362239812,0.16449814185241748,0.16371991489197002,0.16276336696810073,0.16162486109186464,0.16029968760875807,0.15878180500548747,0.1570634887176781,0.1551348513579128,0.15298317803811423,0.15059198771445215,0.14793967511887954,0.14499748667416,0.14172639303074552,0.13807203872926196,0.1339561231713834,0.12926059717985178,0.05292043966499566
128700.0,0.16580166009481678,0.1657161663579119,0.16545939839787127,0.16503056153196308,0.1644282814807461,0.16365054139816138,0.16269458247914803,0.16155676389799242,0.1602323712532589,0.15871535721831143,0.15699799011507162,0.15507037378612548,0.1529197823655599,0.15052972075339457,0.14787856514887962,0.1449375366733322,0.14166757002311012,0.13801425614202528,0.13389920935387295,0.1292042330963718,0.0529173670175163
128760.0,0.16573098771312694,0.16564554903328632,0.1653889459866685,0.16496038292477966,0.16435848395784625,0.16358122994591967,0.1626258590582294,0.1614887266400601,0.1601651135521144,0.15864896666464448,0.15693254719701563,0.15500595023352862,0.15285643894240056,0.15046750417993845,0.14781750362723173,0.14487763312431748,0.14160879144152583,0.137956515949632,0.13384233585892624,0.12914790699518813,0.052914298532327965
128820.0,0.1656603795432636,0.16557499582872845,0.16531855742083226,0.16489026770748277,0.16428874919213776,0.16351198044593532,0.1625571966187719,0.1614207492346732,0.1600979144255186,0.15858263326864117,0.15686715989195646,0.15494158063316466,0.1527931477066076,0.1504053379374635,0.14775649050348455,0.1448177759838206,0.14155005725037914,0.13789881812266722,0.13378550265872582,0.12909161884551806,0.05291123420668666
128880.0,0.16558983548977352,0.16550450664904326,0.16524823260593957,0.16482021578692987,0.16421907709225664,0.1634427928091068,0.16248859507440105,0.16135283159862437,0.16003077379383962,0.15851635695461647,0.15680182812848636,0.15487726491821077,0.15272990859628324,0.15034322196948147,0.14769552572731176,0.14475796520861797,0.14149136741399382,0.1378411626314929,0.1337287097252855,0.12903536861688653,0.05290817403716252
128940.0,0.1655193554574333,0.16543408139926416,0.16517797144779306,0.1647502270701999,0.1641494675670544,0.1633736669465402,0.16242005433894,0.16128497364889244,0.15996369157761936,0.15845013764704388,0.15673655183534277,0.15481300302197895,0.15266672154966052,0.15028115621963564,0.14763460924850938,0.14469820075555398,0.14143272189663095,0.13778354944626095,0.13367195703046944,0.12897915627911505,0.05290511801972088
129000.0,0.16544893935124766,0.16536371998465232,0.16510777385242084,0.16468030146459267,0.16407992052559744,0.16330460276954845,0.1623515743264095,0.16121717530264246,0.15989666769757196,0.1583839752705563,0.15667133094140867,0.15474879487791657,0.1526035865051025,0.1502191406316991,0.14757374101699258,0.1446384825815362,0.14137412066248783,0.1377259785369244,0.1336152445460103,0.1289229818023136,0.052902066149794515
129060.0,0.16537858707645012,0.1652934223106963,0.1650376397260761,0.16461043887762847,0.16401043587716596,0.1632356001896502,0.16228315495102666,0.16114943647722427,0.15982970207458452,0.158317869749945,0.15660616537571276,0.15468464041960567,0.15254050340110306,0.15015717514957483,0.147512920982792,0.14457881064353098,0.14131556367569922,0.13766844987324983,0.133558572243525,0.12886684515687014,0.052899018422348024
129120.0,0.1653082985385013,0.16522318828311122,0.16496756897523537,0.16454063921704667,0.16394101353125334,0.1631666591185699,0.1622147961272042,0.1610817570901722,0.1597627946297154,0.15825182101015964,0.15654105506742821,0.1546205395807638,0.1524774721762863,0.15009525971729354,0.14745214909605153,0.14451918489856044,0.14125705090033766,0.13761096342482723,0.13350194009453006,0.12881074631344136,0.05289597483193416
129180.0,0.1652380736430882,0.1651530178078375,0.16489756150659834,0.1644709023908054,0.16387165339756546,0.16309777946823642,0.16214649776955026,0.16101413705920484,0.15969594528419437,0.15818582897630729,0.15647599994587366,0.15455649229524332,0.1524144927694065,0.1500333942790128,0.14739142530702545,0.14445960530369878,0.14119858230041443,0.13755351916108158,0.13344534807045452,0.1287546852429425,0.05289293537274475
129240.0,0.16516791229612368,0.16508291079104082,0.1648276172270868,0.16440122830708043,0.16380235538602028,0.16302896115078278,0.16207825979286708,0.1609465763022236,0.159629153959422,0.1581198935736526,0.15641099994051216,0.15449249849703206,0.15235156511934803,0.14997157877901615,0.14733074956607534,0.14440007181606904,0.14114015783988126,0.13749611705128317,0.13338879614265173,0.12869866191653803,0.05288990003865518
129300.0,0.16509781440374582,0.16501286713911092,0.164757736043844,0.16433161687426528,0.16373311940674634,0.16296020407854503,0.1620100821121509,0.1608790747373132,0.15956242057696915,0.1580540147276174,0.1563460549809519,0.15442855812025263,0.15228868916512467,0.1499098131617111,0.14727012182366694,0.1443405843928405,0.14108177748263076,0.13743875706455644,0.1333322842824113,0.12864267630563236,0.052886868823264176
129360.0,0.16502777987231665,0.16494288675866053,0.16468791786423448,0.16426206800096899,0.1636639453700832,0.16289150816406237,0.16194196464259117,0.16081163228273987,0.15949574505857617,0.15798819236378003,0.15628116499694475,0.15436467109916288,0.15222586484588002,0.1498480973716288,0.14720954203036868,0.14428114299122555,0.14102344119249863,0.1373814391698901,0.13327581246096817,0.1285867283818592,0.052883841719929
129420.0,0.16495780860842144,0.16487296955652553,0.16461816259584208,0.16419258159601713,0.16359483318657939,0.1628228733200752,0.16187390729956955,0.16074424885695165,0.15942912732615244,0.15792242640787518,0.1562163299183876,0.15430083736815556,0.1521630921008858,0.14978643135342193,0.14714901013684809,0.14422174756847844,0.1409651489332656,0.13732416333614575,0.1332193806495117,0.1285308181170742,0.05288081872179656
129480.0,0.16488790051886884,0.1648031154397631,0.1645484701464702,0.16412315756844967,0.16352578276699267,0.16275429945952527,0.16180590999866,0.16067692437857758,0.1593625673017766,0.15785671678579363,0.15615154967532113,0.15423705686175831,0.15210037086954298,0.14972481505186386,0.14708852609387005,0.14416239808189218,0.14090690066865902,0.13726692953206657,0.13316298881919428,0.12847494548334462,0.05287779982183113
129540.0,0.16481805551068876,0.16473332431565166,0.1644788404241407,0.164053795827521,0.16345679402228902,0.16268578649555546,0.16173797265562737,0.16060965876642672,0.15929606490769518,0.15779106342358173,0.1560868241979303,0.15417332951463322,0.15203770109138,0.14966324841184714,0.14702808985229443,0.14410309448879716,0.14084869636235506,0.13720973772628453,0.13310663694113797,0.12841911045294138,0.05287478501283871
129600.0,0.1647482734911328,0.16466359609169043,0.16440927333709313,0.16398449628269857,0.1633878668636419,0.162617334341508,0.16167009518642722,0.1605424519394881,0.1592296200663228,0.15772546624744146,0.15602215341654338,0.15410965526157702,0.15197508270605345,0.1496017313783823,0.14696770136307327,0.14404383674655932,0.1407905359779808,0.13715258788732926,0.13305032498644181,0.1283633129983307,0.05287177428748882
129660.0,0.16467855436767265,0.16459393067559744,0.16433976879378412,0.16391525884366331,0.16331900120243145,0.1625489429109243,0.16160227750720463,0.16047530381693,0.15916323270024094,0.15765992518372932,0.15595753726163247,0.15404603403752073,0.15191251565334657,0.14954026389659675,0.14690736057724987,0.14398462481257882,0.1407324194791164,0.13709547998363436,0.13299405292618746,0.12830755309216543,0.052868767638333536
129720.0,0.16460889804799972,0.16452432797530986,0.16427032670288658,0.1638460834203076,0.16325019695024395,0.1624806121175443,0.1615345195342944,0.16040821431809918,0.15909690273219818,0.15759444015895674,0.15589297566381274,0.15398246577752955,0.15184999987316938,0.14947884591173277,0.1468470674459553,0.14392545864428855,0.14067434682929753,0.137038413983545,0.13293782073144447,0.12825183070727772,0.052865765057824615
129780.0,0.16453930444002435,0.1644547878989831,0.16420094697328871,0.16377696992273505,0.16318145401887119,0.1624123418753057,0.16146682118422026,0.16034118336252035,0.15903063008510926,0.1575290110997893,0.1558284685538427,0.1539189504168026,0.1517875353055578,0.14941747736914732,0.14678682192040757,0.14386633819915312,0.140616317992017,0.13698138985532363,0.13288162837327538,0.1281961458166716,0.05286276653832848
129840.0,0.16446977345187516,0.1643853103549896,0.164131629514094,0.16370791826126047,0.16311277232030952,0.1623441320983438,0.16139918237369325,0.1602742108698958,0.1589644146820549,0.15746363793304644,0.15576401586262362,0.15385548789067266,0.15172512189067297,0.14935615821430936,0.1467266239519094,0.14380726343466768,0.14055833293072761,0.13692440756715712,0.13282547582273938,0.1281404983935155,0.052859772072139356
129900.0,0.1644003049918981,0.16431589525191892,0.16406237423461964,0.16363892834640814,0.16304415176675946,0.16227598270098983,0.1613316030196121,0.16020729676010484,0.158898256446281,0.15739832058570183,0.15569961752119965,0.1537920781346055,0.15166275956880104,0.1492948883928,0.14666647349184656,0.14374823430835754,0.14050039160884467,0.13686746708716188,0.1327693630508971,0.1280848884111351,0.052856781651491186
129960.0,0.16433089896865602,0.16424654249857565,0.1639931810443961,0.16357000008891123,0.1629755922706246,0.162207893597771,0.16126408303906248,0.1601404409532031,0.1588321553011989,0.15733305898488195,0.15563527346075706,0.15372872108420052,0.151600448280352,0.1492336678503106,0.14660637049168623,0.14368925077777714,0.14044249398974767,0.13681056838338973,0.13271329002881366,0.1280293158430073,0.05285379526856787
130020.0,0.1642615552909273,0.16417725200398037,0.16392404985316675,0.16350113339971165,0.16290709374451126,0.1621398647034098,0.16119662234931625,0.1600736433694217,0.158766111170384,0.15726785305786603,0.15557098361262428,0.1536654166751893,0.15153818796585955,0.14917249653264125,0.14654631490297523,0.14363031280050884,0.1403846400367827,0.136753711423833,0.13265725672756157,0.12797378066275372,0.052850812915512524
130080.0,0.16419227386770624,0.16410802367736746,0.16385498057088657,0.16343232818995915,0.16283865610122783,0.16207189593282323,0.16112922086783085,0.16000690392916783,0.15870012397757577,0.157202702732086,0.15550674790827185,0.15360216484343625,0.15147597856598008,0.14911137438569982,0.14648630667733892,0.1435714203341635,0.14032682971326524,0.13669689617642997,0.13260126311822354,0.12791828284413392,0.052847834584435316
130140.0,0.16412305460820098,0.16403885742818516,0.16378597310772197,0.16336358437101026,0.1627702792537836,0.1620039872011223,0.16106187851224832,0.15994022255302268,0.15863419364667772,0.1571376079351262,0.1554425662793118,0.15353896552493768,0.1514138200214925,0.14905030135550126,0.14642634576647948,0.14351257333637968,0.14026906298248165,0.13664012260906847,0.13254530917189572,0.12786282236104063,0.052844860267421
130200.0,0.16405389742183388,0.16396975316609483,0.1637170273740496,0.16329490185442824,0.16270196311538893,0.16193613842361096,0.1609945952003957,0.15987359916174215,0.15856832010175598,0.15707256859472304,0.15537843865749745,0.15347581865582152,0.15135171227329647,0.14898927738816586,0.14636643212217496,0.14345377176482269,0.14021133980769201,0.13658339068959155,0.13248939485968914,0.1278073991874935,0.052841889956534806
130260.0,0.16398480221823994,0.16390071080096982,0.16364814328045607,0.16322628055198132,0.1626337075994536,0.1618683495157861,0.16092737085028333,0.15980703367625532,0.15850250326703952,0.1570075846387644,0.15531436497472273,0.15341272417234747,0.15128965526241286,0.148928302429918,0.14630656569627773,0.1433950155771853,0.1401536601521319,0.13652670038580103,0.13243352015273188,0.12775201329763392,0.052838923643828084
130320.0,0.16391576890726706,0.16383173024289505,0.16357932073773696,0.16315772037564344,0.16256551261958693,0.16180062039333598,0.16086020538010476,0.15974052601766486,0.1584367430669201,0.1569426559952892,0.1552503451630234,0.15334968201090557,0.151227648929983,0.14886737642708595,0.14624674644071334,0.14333630473118736,0.14009602397901466,0.13647005166546114,0.13237768502217062,0.12769666466572027,0.05283596132134319
130380.0,0.16384679739897418,0.16376281140216628,0.16351055965689618,0.1630892212375924,0.1624973780895966,0.16173295097214085,0.1607930987082365,0.15967407610724554,0.15837103942595052,0.15687778259248739,0.1551863791545746,0.15328669210801688,0.15116569321726683,0.1488064993260994,0.14618697430747937,0.1432776391845752,0.14003843125153378,0.1364134444963031,0.1323218894391725,0.1276413532661228,0.05283300298111784
130440.0,0.16377788760363143,0.16369395418928942,0.16344185994914515,0.16302078305020953,0.16242930392348853,0.16166534116827114,0.16072605075323654,0.15960768386644486,0.15830539226884544,0.15681296435869932,0.15512246688169187,0.1532237544003321,0.15110378806564367,0.14874567107348946,0.14612724924864468,0.14321901889512204,0.13998088193286465,0.13635687884602776,0.13226613337492632,0.12758607907331915,0.05283004861518866
130500.0,0.16370903943171936,0.16362515851497964,0.1633732215259027,0.1629524057260792,0.16236129003546537,0.16159779089798743,0.16065906143384454,0.15954134921688137,0.15823980152048048,0.15674820122241548,0.15505860827683096,0.1531608688246319,0.15104193341661043,0.1486848916158879,0.1460675712163481,0.14316044382062812,0.13992337598616622,0.13630035468230958,0.13221041680064366,0.12753084206189003,0.0528270982155946
130560.0,0.16364025279392738,0.16355642429016098,0.16330464429879346,0.16288408917798775,0.16229333633992687,0.16153030007773989,0.16059213066898118,0.15947507208034528,0.15817426710589172,0.1566834931122766,0.15499480327258663,0.15309803531782643,0.15098012921178133,0.14862416090002492,0.14600794016279775,0.14310191391892074,0.13986591337458346,0.13624387197279939,0.13215473968756025,0.12747564220651486,0.05282415177437987
130620.0,0.1635715276011542,0.16348775142596536,0.16323612817964747,0.16281583331892324,0.16222544275146836,0.16146286862416748,0.16052525837774703,0.1594088523787968,0.1581087889502753,0.15661883995707246,0.15493105180169278,0.153035253816954,0.1509183753928876,0.14856347887272892,0.14594835604027023,0.1430434291478541,0.13980849406124932,0.13618743068512706,0.13209910200693636,0.1274204794819681,0.0528212092835963
130680.0,0.16350286376450668,0.16341913983373169,0.16316767308049995,0.16274763806207457,0.1621576091848806,0.16139549645409695,0.16045844447942273,0.15934269003436652,0.15804336697898724,0.15655424168574214,0.15486735379702185,0.15297252425918204,0.15085667190177582,0.14850284548092582,0.14588881880110946,0.14298498946530958,0.13975111800928625,0.13613103078690494,0.13204350373005805,0.12736535386311515,0.05281827073530577
130740.0,0.16343426119529864,0.16335058942500566,0.16309927891359044,0.16267950332083073,0.1620898355551488,0.16132818348454314,0.1603916888934674,0.15927658496935446,0.15797800111754257,0.15648969822737305,0.1548037091915853,0.15290984658180545,0.1507950186804083,0.1484422606716379,0.14582932839772653,0.1429265948291961,0.1396937851818081,0.13607467224573025,0.1319879448282373,0.127310265324909,0.052815336121581825
130800.0,0.1633657198050507,0.16328210011153893,0.16303094559136155,0.16261142900878053,0.1620221217774522,0.16126092963270722,0.1603249915395194,0.15921053710622943,0.15791269129161514,0.15642520951120112,0.15474011791853193,0.15284722072224666,0.1507334156708613,0.14838172439198266,0.1457698847825984,0.14286824519745023,0.1396364955419217,0.13601835502918744,0.1319324252728134,0.1272552138423865,0.052812405434511635
130860.0,0.16329723950548966,0.16321367180528842,0.1629626730264589,0.16254341503971118,0.16195446776716335,0.16119373481597735,0.16025835233739494,0.15914454636762954,0.15784743742703736,0.15636077546661087,0.15467657991114914,0.15278464661805483,0.1506718628153253,0.14832123658917204,0.1457104879082673,0.14280994052803667,0.13957924905272914,0.13596207910485011,0.13187694503515285,0.12720019939066582,0.052809478666197264
130920.0,0.16322882020854737,0.16314530441841515,0.16289446113173023,0.16247546132760818,0.16188687343984787,0.16112659895192707,0.16019177120708739,0.15907861267636011,0.1577822394497995,0.1562963960231337,0.15461309510286064,0.1527221242069057,0.15061036005610393,0.14826079721051183,0.1456511377273407,0.14275168077894856,0.1395220456773287,0.13590584444028395,0.1318215040866497,0.12714522194494216,0.05280655580875703
130980.0,0.1631604618263605,0.1630769978632846,0.16282630982022475,0.16240756778665452,0.16181933871126286,0.16105952195831497,0.16012524806876724,0.15901273595539447,0.15771709728604905,0.15623207111044848,0.1545496634272274,0.15265965342660145,0.15054890733561313,0.1482004062034009,0.14559183419249044,0.14269346590820714,0.13946488537881663,0.13584965100304852,0.13176610239872608,0.127090281480486,0.052803636854326624
131040.0,0.1630921642712694,0.16300875205246454,0.16275821900519236,0.16233973433123036,0.16175186349735712,0.1609925037530845,0.16005878284278147,0.15894691612787265,0.15765201086209119,0.1561678006583809,0.15448628481794716,0.15259723421506888,0.15048750459638058,0.1481400635153299,0.1455325772564519,0.14263529587386295,0.139407768120289,0.13579349876069896,0.13171073994283286,0.1270353779726397,0.052800721795059784
131100.0,0.16302392745581812,0.16294056689872585,0.16269018860008302,0.16227196087591164,0.1616844477142701,0.1609255442543626,0.15999237544965228,0.15888115311710146,0.15758698010438743,0.1561035845969033,0.1544229592088533,0.15253486651036058,0.15042615178104518,0.1480797690938812,0.14547336687202378,0.14257717063399566,0.13935069386484272,0.13573738768078808,0.13165541669044908,0.12698051139681457,0.0527978106231295
131160.0,0.16295575129275253,0.1628724423150412,0.1626222185185464,0.1622042473354702,0.16161709127833165,0.16085864338045985,0.15992602581007717,0.15881544684655416,0.15752200493955545,0.15603942285613404,0.1543596865339153,0.15247255025065307,0.15036484883235654,0.14801952288672798,0.14541420299206775,0.14251909014671452,0.1392936625755771,0.13568131773086806,0.1316001326130829,0.12692568172848864,0.052794903330728386
131220.0,0.16288763569502124,0.16280437821458377,0.16255430867443058,0.16213659362487237,0.16154979410606082,0.16079180104986937,0.15985973384492883,0.15874979723986904,0.1574570852943689,0.15597531536633727,0.15429646672723793,0.15241028537424697,0.1503035956931738,0.14795932484163288,0.1453550855695077,0.14246105437015852,0.1392366742155957,0.13562528887849196,0.1315448876822712,0.12687088894320458,0.05279199991006941
131280.0,0.16281958057577325,0.16273637451072778,0.16248645898178174,0.16206899965927907,0.16148255611416584,0.16072501718126658,0.1597934994752537,0.15868420422084975,0.15739222109575665,0.15591126205792222,0.15423329972306074,0.1523480718195667,0.1502423923064652,0.1478991749064482,0.14529601455732966,0.14240306326249774,0.13917972874800688,0.13556930109121548,0.1314896818695797,0.12681613301656658,0.052789100353386256
131340.0,0.16275158584835864,0.16266843111704682,0.16241866935484395,0.16200146535404475,0.16141537721954302,0.16065829169350845,0.159727322622272,0.15861866771346447,0.1573274122708027,0.1558472628614431,0.1541701854557579,0.15228590952515944,0.15018123861530777,0.14783907302911473,0.14523698990858175,0.14234511678193243,0.13912282613592605,0.13551335433659803,0.13143451514660337,0.12676141392423917,0.05278620465293397
131400.0,0.16268365142632707,0.16260054794731385,0.16235093970805756,0.16193399062471692,0.16134825733927652,0.16059162450563286,0.159661203207377,0.15855318764184562,0.15726265874674566,0.1557833177075987,0.1541071238598375,0.15222379842969488,0.15012013456288656,0.14777901915766126,0.14517801157637247,0.14228721488669416,0.13906596634247548,0.1354574485822046,0.1313793874849664,0.12670673164194368,0.05278331280098902
131460.0,0.16261577722342746,0.16253272491549986,0.16228326995605927,0.1618665753870349,0.16128119639063743,0.1605250155368583,0.1595951411521344,0.15848776393028904,0.1571979604509781,0.15571942652723186,0.1540441148699416,0.1521617384719646,0.15005908009249397,0.14771901324020406,0.145119079513872,0.142229357535046,0.1390091493307869,0.1354015837956065,0.13132429885632152,0.12665208614545778,0.052780424789849796
131520.0,0.1625479631536074,0.16246496193577403,0.1622156600136814,0.16179921955693027,0.16121419429108336,0.16045846470658276,0.15952913637828176,0.1584223965032542,0.15713331731104604,0.1556555892513294,0.15398115842084542,0.15209972959088203,0.14999807514752855,0.14765905522494624,0.14506019367431153,0.1421715446852828,0.1389523750640017,0.13534575994438278,0.1312692492323511,0.12659747741061267,0.05277754061183668
131580.0,0.16248020913101227,0.1623972589225025,0.16214810979595076,0.16173192305052558,0.16114725095825755,0.16039197193438356,0.15946318880772828,0.15835708528536277,0.15706872925464946,0.15559180581102106,0.15391825444745666,0.15203777172548122,0.14993711967149562,0.14759914506017685,0.145001354010982,0.14211377629573202,0.13889564350527298,0.1352899769961218,0.13121423858476577,0.1265429054132912,0.052774660259292394
131640.0,0.16241251506998444,0.16232961579024777,0.16208061921808872,0.16166468578413357,0.16108036630998893,0.16032553714001715,0.15939729836255423,0.158291830201399,0.15700419620964026,0.15552807613758005,0.15385540288481603,0.15197586481491707,0.1498762136080061,0.1475392826942708,0.14494256047723508,0.14205605232475385,0.13883895461776544,0.1352342349184219,0.1311592668853054,0.12648837012942693,0.05277178372458199
131700.0,0.16234488088506305,0.16226203245376827,0.16201318819550983,0.1615975076742571,0.1610135402642906,0.1602591602434175,0.15933146496501,0.15822663117630859,0.15693971810402335,0.15546440016242125,0.1537926036680955,0.15191400879846395,0.14981535690077544,0.1474794680756884,0.14488381302648232,0.14199837273074156,0.13878230836465733,0.13517853367889215,0.13110433410573877,0.12643387153500155,0.052768911000093024
131760.0,0.16227730649098338,0.16219450882801767,0.16194581664382188,0.16153038863758798,0.16094677273935978,0.16019284116469626,0.15926568853751608,0.1581614881351989,0.15687529486595525,0.1554007778171026,0.15372985673259904,0.15185220361551618,0.14975454949362385,0.14741970115297387,0.14482511161219544,0.1419407374721215,0.13872570470914103,0.13512287324515362,0.13104944021786305,0.12637940960604377,0.05276604207823561
131820.0,0.1622097918026755,0.16212704482814413,0.16187850447882482,0.16146332859100654,0.16088006365357754,0.16012657982414258,0.15919996900266234,0.15809640100333797,0.15681092642374442,0.15533720903332315,0.1536671620137618,0.1517904492055866,0.14969379133047522,0.1473599818747564,0.14476645618790515,0.14188314650735429,0.1386691436144238,0.13506725358484045,0.13099458519350435,0.12632498431862768,0.05276317695144244
131880.0,0.16214233673526435,0.16205964036948936,0.16181125161651022,0.1613963274515813,0.16081341292550713,0.16006037614222163,0.15913430628320757,0.15803136970615406,0.15674661270585014,0.15527369374292352,0.15360451944714942,0.15172874550830678,0.14963308235535677,0.14730031018974818,0.14470784670720213,0.14182559979493495,0.13861262504372926,0.13501167466560074,0.13093976900451681,0.1262705956488715,0.05276031561216885
131940.0,0.1620749412040689,0.16199229536758844,0.1617440579730605,0.16132938513656778,0.16074682047389455,0.15999423003957425,0.15906870030207856,0.15796639416923505,0.15668235364088234,0.15521023187788488,0.15354192896845748,0.15166709246342672,0.14957242251239844,0.14724068604674495,0.14464928312373615,0.14176809729339293,0.1385561489602979,0.13495613645509671,0.1308849916227831,0.12621624357293612,0.052757458052892815
132000.0,0.1620076051246014,0.1619250097381691,0.16167692346484852,0.16126250156340857,0.16068028621766733,0.15992814143701684,0.1590031509823706,0.15790147431832877,0.15661814915760117,0.1551468233703291,0.15347939051351192,0.1516054900108132,0.14951181174583272,0.14718110939462511,0.14459076539121618,0.14171063896129277,0.1384997153273877,0.13490063892100573,0.13083025302021423,0.12616192806702353,0.052754604266114925
132060.0,0.16194032841256667,0.16185778339715112,0.16160984800843722,0.16119567664973233,0.160613810075934,0.15986211025554065,0.1589376582473452,0.1578366100793418,0.15655399918491694,0.15508346815251772,0.15341690401826805,0.1515439380904503,0.14945124999999349,0.1471215801823493,0.14453229346341032,0.1416532247572345,0.13844332410827528,0.13484518203102225,0.1307755531687485,0.12610764910737615,0.05275175424435831
132120.0,0.1618731109838617,0.16179061626064556,0.16154283152057813,0.16112891031335275,0.16054739196798384,0.15979613641631102,0.15887222202043175,0.15777180137833915,0.15648990365188908,0.15502016615685243,0.15335446941880948,0.15148243664243893,0.149390737219316,0.14706209835896014,0.14447386729414552,0.1415958546398536,0.1383869752662568,0.13478976575285626,0.13072089204035264,0.12605340667027487,0.052748907980168576
132180.0,0.16180595275457452,0.1617235082449539,0.16147587391821167,0.161062202472269,0.1604810318132857,0.15973021984066704,0.15880684222522548,0.15770704814154368,0.1564258624877258,0.15495691731587385,0.15329208665134866,0.15142098560699557,0.14933027334833643,0.1470026638735817,0.14441548683730748,0.14153852856782195,0.1383306687646483,0.1347343900542353,0.13066626960702096,0.12599920073203852,0.05274606546611395
132240.0,0.1617388536409844,0.16165645926656783,0.161408975118466,0.16099555304466415,0.16041472953148792,0.15966436045012097,0.15874151878548748,0.15764235029533613,0.1563618756217841,0.15489372156226144,0.15322975565222618,0.15135958492445253,0.14926985833169082,0.14694327667541918,0.14435715204684077,0.14148124649984792,0.13827440456678644,0.13467905490290538,0.1306116858407754,0.12594503126902254,0.052743226694784935
132300.0,0.16167181355956067,0.16158946924216883,0.1613421350386565,0.16092896194890507,0.1603484850424176,0.15959855816635748,0.1586762516251441,0.1575777077662539,0.15629794298356883,0.154830578828833,0.15316747635791017,0.1512982345352572,0.1492094921141152,0.1468839367137584,0.14429886287674834,0.14142400839467636,0.13821818263602975,0.1346237602666306,0.13055714071366492,0.12589089825761804,0.05274039165879444
132360.0,0.16160483242696236,0.16152253808862668,0.16127535359628528,0.16086242910354182,0.1602822982660801,0.15953281291123342,0.15861104066828663,0.1575131204809913,0.15623406450273286,0.15476748904854434,0.15310524870499573,0.1512369343799717,0.14914917464044466,0.14682464393796602,0.14424061928109178,0.14136681421108954,0.13816200293575828,0.13456850611319396,0.13050263419776567,0.1258368016742507,0.052737560350777556
132420.0,0.16153791016003688,0.16145566572299952,0.1612086307090406,0.16079595442730704,0.16021616912265849,0.15946712460677714,0.15854588583917067,0.1574485883663987,0.15617024010907604,0.15470445215448844,0.15304307263020503,0.15117568439927215,0.14908890585561352,0.14676539829748816,0.14418242121399114,0.1413096639079069,0.13810586542937553,0.13451329241039858,0.13044816626518102,0.12578274149537957,0.05273473276339154
132480.0,0.1614710466758206,0.16138885206253328,0.16114196629479585,0.16072953783911503,0.16015009753251275,0.15940149317518804,0.15848078706221516,0.15738411134948216,0.1561064697325449,0.15464146807989582,0.15298094807038654,0.15111448453394855,0.14902868570465397,0.14670619974185048,0.14412426862962507,0.1412525574439861,0.13804977008030733,0.1344581191260669,0.1303937368880409,0.1257287176974969,0.0527319088893158
132540.0,0.16140424189153665,0.1613220970246605,0.16107536027160962,0.16066317925806142,0.16008408341617938,0.15933591853883583,0.15841574426200306,0.157319689357403,0.15604275330323267,0.15457853675813338,0.15291887496251416,0.15105333472490384,0.14896851413269666,0.14664704822065858,0.14406616148223042,0.14119549477822257,0.13799371685200454,0.13440298622804212,0.1303393460385024,0.12567473025712658,0.05272908872125163
132600.0,0.1613374957245964,0.16125540052700021,0.16100881255772462,0.1605968786034229,0.1600181266943705,0.15927040062026018,0.15835075736327944,0.15725532231747735,0.1559790907513782,0.1545156581227043,0.15285685324368772,0.15099223491315392,0.1489083910849691,0.1465879436835968,0.1440080997261023,0.14113847586954995,0.13793770570794162,0.1343478936841885,0.13028499368874852,0.12562077915082354,0.05272627225192226
132660.0,0.1612708080925967,0.16118876248735725,0.16094232307156692,0.160530635794656,0.15995222728797445,0.15920493934217025,0.15828582629095225,0.1571910101571757,0.15591548200736616,0.15445283210724794,0.15279488285113135,0.15093118503982714,0.14884831650679642,0.14652888608042816,0.14395008331559378,0.14108150067694114,0.13788173661161868,0.13429284146239145,0.13023067981098888,0.12556686435517286,0.05272345947407265
132720.0,0.16120417891332053,0.1611221828237218,0.160875891731746,0.16046445075139712,0.15988638511805361,0.15913953462744382,0.15822095097009095,0.1571267528041219,0.15585192700172598,0.15439005864553862,0.15273296372219472,0.15087018504616356,0.1487882903436001,0.14646987536099423,0.14389211220511652,0.14102456915940753,0.1378258095265608,0.1342378295305577,0.13017640437745898,0.12551298584678902,0.0527206503804694
132780.0,0.16113760810473632,0.16105566145426808,0.16080951845705357,0.16039832339346138,0.1598206001058448,0.15907418639912724,0.15815613132592637,0.15706255018609402,0.15578842566513176,0.15432733767148576,0.15267109579435056,0.15080923487351489,0.148728312540898,0.14641091147521437,0.14383418634914008,0.14096768127599982,0.13776992441631894,0.13418285785661654,0.13012216736042034,0.12545914360231558,0.052717844963900674
132840.0,0.16107109558499697,0.1609891982973545,0.1607432031664636,0.1603322536408425,0.15975487217275897,0.15900889458043455,0.1580913672838503,0.1569984022310227,0.15572497792840193,0.15426466911913336,0.15260927900519597,0.15074833446334335,0.14866838304430344,0.14635199437308624,0.14377630570219252,0.14091083698580828,0.13771408124447118,0.1341279264085191,0.13006796873216062,0.12540533759842384,0.05271504321717615
132900.0,0.1610046412724393,0.1609227932715229,0.1606769457791307,0.160266241413712,0.1596892012403795,0.15894365909474698,0.15802665876941469,0.15693430886699083,0.15566158372249864,0.15420205292265973,0.1525475132924512,0.15068748375722205,0.1486085017995255,0.14629312400468475,0.14371847021885936,0.14085403624796328,0.13765827997462168,0.13407303515423974,0.13001380846499275,0.12535156781181261,0.05271224513312684
132960.0,0.1609382450855838,0.16085644629549747,0.16061074621439048,0.1602002866324188,0.15962358723046308,0.15887847986561285,0.1579620057083318,0.15687027002223378,0.15559824297852776,0.15413948901637667,0.15248579859395917,0.15062668269683463,0.14854866875236786,0.14623430032016219,0.14366067985378458,0.14079727902163447,0.13760252057040268,0.13401818406177535,0.12995968653125514,0.12529783421920737,0.052709450704604886
133020.0,0.16087190694313344,0.16079015728818524,0.16054460439175877,0.16013438921748827,0.1595580300649383,0.1588133568167466,0.15789740802647276,0.1568062856251384,0.15553495562773723,0.15407697733472916,0.15242413484768533,0.1505659312239738,0.14848888384872946,0.14617552326974792,0.14360293456167014,0.14074056526603235,0.13754680299547384,0.13396337309914608,0.12990560290331177,0.12524413679735968,0.05270665992448377
133080.0,0.1608056267639737,0.1607239261686742,0.16047852023093034,0.16006854908962215,0.1594925296659051,0.15874828987202838,0.15783286564986787,0.15674235560424243,0.15547172160151818,0.1540145178122954,0.1523625219917167,0.15050522928054183,0.14842914703460267,0.14611679280374784,0.14354523429727556,0.140683894940408,0.13749112721352283,0.13390860223439574,0.1298515575535515,0.12519047552304635,0.052703872785657795
133140.0,0.1607394044671718,0.16065775285623346,0.16041249365177968,0.16000276616969786,0.15942708595563473,0.15868327895550352,0.15776837850470604,0.15667847988823438,0.1554085408314037,0.1539521103837856,0.15230095996426254,0.15044457680854956,0.14836945825607464,0.14605810887254506,0.14348757901541892,0.14062726800405295,0.13743549318826587,0.13385387143559177,0.12979755045438815,0.12513685037306937,0.05270108928104226
133200.0,0.16067323997197566,0.1605916372703126,0.1603465245743593,0.1599370403787676,0.15936169885656848,0.15861832399138215,0.15770394651733374,0.1566146584059532,0.15534541324906814,0.15388975498404242,0.15223944870365289,0.15038397375011683,0.14830981745932525,0.1459994714265982,0.1434299686709761,0.1405706844162996,0.13737990088344829,0.13379918067082588,0.12974358157826052,0.1250832613242554,0.0526983094035733
133260.0,0.16060713319781403,0.16052557933054074,0.16028061291889922,0.15987137163805828,0.15929636829131788,0.15855342490403884,0.15763956961425526,0.1565508910863875,0.15528233878632722,0.15382745154803998,0.15217798814833836,0.15032342004747107,0.14825022459062784,0.14594088041644215,0.14337240321888065,0.1405141441365221,0.1373243502628443,0.13374452990821384,0.12968965089763182,0.12502970835345442,0.05269553314620771
133320.0,0.16054108406429513,0.16045957895672666,0.16021475860580736,0.15980575986897055,0.15923109418266349,0.15848858161801144,0.15757524772213166,0.15648717785867514,0.15521931737513767,0.15376520001088342,0.1521165782368898,0.1502629156429475,0.14819067959634888,0.1458823357926882,0.14331488261412412,0.14045764712413555,0.1372688412902579,0.13368991911589564,0.1296357583849902,0.12497619143754024,0.05269276050192288
133380.0,0.1604750924912068,0.16039363606885743,0.1601489615556674,0.15974020499307856,0.15916587645355526,0.15842379405800147,0.1575109807677806,0.15642351865210308,0.15515634894759647,0.15370300030780876,0.15205521890799825,0.15020246047898864,0.1481311824229467,0.1458238375060227,0.14325740681175603,0.1404011933385966,0.13721337392952263,0.13363534826203619,0.1295819040128482,0.12492271055340924,0.05268999146371673
133440.0,0.16040915839851583,0.1603277505870983,0.16008322168923989,0.1596747069321291,0.15910071502711096,0.15835906214887288,0.15744676867817609,0.15635991339610672,0.15509343343594023,0.15364085237418232,0.15199391010047408,0.15014205449814338,0.1480717330169719,0.14576538550720744,0.14319997576688367,0.140344782739404,0.13715794814450263,0.1335808173148251,0.12952808775374172,0.12486926567798046,0.052687226024607486
133500.0,0.1603432817063666,0.160261922431792,0.16001753892746048,0.15960926560804126,0.15903560982661682,0.1582943858156517,0.15738261138044704,0.1562963620202694,0.15503057077254528,0.15357875614550032,0.1519326517532466,0.15008169764306786,0.14801233132506705,0.14570697974707947,0.14314258943467212,0.14028841528609826,0.1371025638990924,0.13352632624247704,0.12947430958023187,0.12481585678819462,0.052684464177633734
133560.0,0.1602774623350815,0.16019615152345815,0.15995191319143992,0.1595438809429064,0.15897056077552582,0.15822976498352614,0.15731850880187806,0.1562328644543214,0.15496776088992711,0.15351671155738866,0.15187144380536377,0.15002138985652366,0.14795297729396575,0.14564862017655117,0.14308524777034448,0.14023209093826194,0.13704722115721688,0.1334718750132319,0.12942056946490324,0.12476248386101445,0.052681705915854235
133620.0,0.16021170020515976,0.160130437782793,0.15988634440246335,0.15947855285898632,0.15890556779745782,0.15816519957784517,0.1572544608699083,0.15616942062814115,0.15490500372073968,0.15345471854560214,0.15181028619599182,0.14996113108137774,0.1478936708704931,0.14559030674660906,0.14302795072918126,0.14017580965552034,0.1369919198828321,0.13341746359535475,0.12936686738036388,0.12470914687342348,0.05267895123234784
133680.0,0.16014599523727693,0.16006478113066802,0.15982083248198986,0.1594132812787141,0.15884063081619906,0.15810068952411888,0.15719046751213098,0.1561060304717534,0.15484229919777517,0.15339277704602444,0.15174917886441522,0.14990092126060311,0.1478344120015648,0.14553203940831477,0.14297069826652123,0.14011957139754103,0.13693666003992558,0.13336309195713603,0.12931320329924587,0.12465584580242628,0.052676200120213366
133740.0,0.16008034735228474,0.1599991814881305,0.15975537735165143,0.159348066124692,0.15877574975570113,0.15803623474801742,0.1571265286562931,0.15604269391532877,0.15477964725396356,0.15333088699466735,0.15168812175003504,0.1498407603372771,0.1477752006341872,0.14547381811280402,0.1429134903377609,0.14006337612403416,0.13688144159251595,0.13330876006689188,0.12925957719420503,0.12460258062504748,0.05267345257256947
133800.0,0.16001475647121013,0.15993363877640204,0.15968997893325332,0.1592829073196929,0.15871092454008137,0.15797183517537053,0.1570626442302947,0.15597941088918416,0.15471704782237222,0.15326904832767047,0.15162711479236976,0.14978064825458182,0.1477160367154565,0.14541564281128702,0.1428563268983542,0.1400072237947527,0.13682626450465418,0.1332544678929645,0.12920598903792055,0.1245493513183319,0.0526707085825546
133860.0,0.15994922251525454,0.15986815291687842,0.15962463714877265,0.15921780478665817,0.15864615509362143,0.15790749073216712,0.15699881416218897,0.15591618132378135,0.15465450083620533,0.1532072609813009,0.15156615793105463,0.14972058495580348,0.14765692019255902,0.14535751345504755,0.142799207903813,0.13995111436949279,0.1367711287404224,0.13320021540372134,0.12915243880309454,0.12449615785934418,0.052667968143326915
133920.0,0.15988374540579392,0.159802723831129,0.15955935192035806,0.1591527584486977,0.15858144134076718,0.1578432013445554,0.15693503838018114,0.15585300514972747,0.15459200622880373,0.153145524891953,0.1515052511058409,0.1496605703843319,0.14759785101276998,0.14529942999544357,0.14274213330970678,0.1398950478080934,0.13671603426393528,0.13314600256755646,0.12909892646245252,0.12444300022516813,0.052665231248064194
133980.0,0.15981832506437757,0.15973735144089599,0.15949412317032957,0.15908776822908946,0.1585167832061285,0.15777896693884153,0.15687131681262842,0.15578988229777382,0.1545295639336443,0.15308383999614725,0.15144439425659564,0.14960060448366042,0.14753882912345487,0.1452413923839069,0.14268510307166277,0.139839024070437,0.13666098103933988,0.13309182935288952,0.129045451988743,0.12438987839290677,0.05266249788996369
134040.0,0.1597529614127282,0.15967203566809446,0.1594289508211779,0.159022834051279,0.15845218061447786,0.1577147874414895,0.15680764938803948,0.15572681269881575,0.15446717388433984,0.15302220623053117,0.1513835873233016,0.14954068719738559,0.14747985447206735,0.145183400571942,0.14262811714536622,0.13978304311644946,0.13660596903081598,0.1330376957281665,0.12899201535473745,0.12433679233968147,0.052659768062242054
134100.0,0.15968765437274102,0.1596067764348112,0.15936383479556337,0.15895795583887848,0.15838763349075113,0.1576506627791204,0.15674403603507384,0.15566379628389237,0.15440483601463798,0.15296062353187712,0.15132283024605622,0.14948081846920647,0.1474209270061501,0.14512545451112766,0.14257117548655934,0.13972710490609994,0.13655099820257552,0.13298360166185996,0.1289386165332305,0.12428374204263248,0.05265704175813524
134160.0,0.15962240386648266,0.15954157366330388,0.15929877501631606,0.15889313351566675,0.15832314176004583,0.15758659287851237,0.1566804766825415,0.15560083298418567,0.1543425502584213,0.15289909183708356,0.15126212296507197,0.14942099824292426,0.1473620466733343,0.145067554153115,0.14251427805104255,0.13967120939940117,0.13649606851886395,0.13292954712246838,0.12888525549703886,0.12423072747891797,0.05265431897089842
134220.0,0.15955720981619193,0.15947642727600156,0.15923377140643513,0.15882836700558822,0.15825870534762135,0.15752257766660008,0.15661697125940247,0.15553792273102093,0.15428031654970722,0.15283761108317367,0.15120146542067517,0.1493612264624426,0.1473032134213387,0.14500969944962872,0.14245742479467355,0.13961535655640978,0.1364411799439594,0.13287553207851702,0.12883193221900244,0.12417774862571404,0.05265159969380585
134280.0,0.15949207214427816,0.15941133719550357,0.1591688238890875,0.15876365623275318,0.15819432417889775,0.15745861707047384,0.15655351969476625,0.1554750654558651,0.1542181348226467,0.15277618120729528,0.1511408575533064,0.14930150307176646,0.14724442719797043,0.14495189035246575,0.14240061567336806,0.13955954633722645,0.1363863324421736,0.13282155649855726,0.1287786466719832,0.12412480546021444,0.0526488839201509
134340.0,0.15942699077332106,0.1593463033445786,0.15910393238760873,0.15869900112143634,0.15812999817945655,0.15739471101737917,0.15649012191789177,0.15541226109032744,0.15415600501152465,0.15271480214672062,0.1510802993035197,0.1492418280150021,0.14718568795112363,0.144894126813496,0.1423438506430989,0.13950377870199557,0.13633152597785117,0.13276762035116746,0.1287253988288659,0.12407189795963006,0.05264617164324589
134400.0,0.15936196562607027,0.15928132564616487,0.15903909682550155,0.15863440159607675,0.1580657272750388,0.15733085943471714,0.15642677785818654,0.15534950956615828,0.15409392705075872,0.1526534738388456,0.15101979061198184,0.14918220123635673,0.14712699562878012,0.14483640878466172,0.14228712965989676,0.13944805361090537,0.13627676051537052,0.13271372360495293,0.12867218866255736,0.1240190261011892,0.05264346285642193
134460.0,0.15929699662544447,0.15921640402336903,0.15897431712643517,0.15856985758127742,0.15800151139154583,0.15726706225004283,0.15636348744520628,0.1552868108152492,0.1540319008748998,0.15259219622118902,0.15095933141947288,0.1491226226801384,0.1470683501790084,0.14477873621797746,0.14223045267984957,0.1393923710241882,0.1362220360191439,0.13265986622854484,0.12861901614598661,0.1239661898621369,0.05264075755302898
134520.0,0.15923208369453126,0.15915153839946602,0.15890959321424566,0.1585053690018047,0.1579373504550375,0.15720331939106522,0.15630025060865418,0.1552241647696325,0.1539699264186311,0.15253096923139386,0.15089892166688482,0.1490630922907552,0.14700975154996404,0.14472110906552993,0.1421738196591031,0.13933673090212126,0.13616735245361702,0.132606048190602,0.1285658812521047,0.12391338921973491,0.05263805572643565
134580.0,0.15916722675658643,0.15908672869789814,0.15884492501293418,0.15844093578258756,0.15787324439173292,0.15713963078564744,0.15623706727838088,0.15516157136148043,0.1539080036167673,0.1524697928072246,0.15083856129522197,0.14900361001271534,0.1469511996898889,0.14466352727947793,0.1421172305538605,0.13928113320502536,0.13611270978326986,0.13255226945980977,0.128512783953885,0.1238606241512614,0.052635357370029175
134640.0,0.15910242573503336,0.15902197484227507,0.15878031244666785,0.15837655784871757,0.15780919312800895,0.15707599636180442,0.1561739373843844,0.15509903052310475,0.153846132404255,0.15240866688656873,0.15077825024560024,0.14894417579062644,0.14689269454711107,0.1446059908120521,0.14206068532038196,0.13922557789326626,0.13605810797261625,0.13249853000488032,0.1284597242243225,0.12380789463401094,0.05263266247721531
134700.0,0.1590376805534626,0.15895727675637275,0.15871575543977817,0.15831223512544787,0.15774519659040045,0.15701241604770488,0.1561108608568089,0.15503654218695673,0.15378431271617202,0.15234759140743512,0.15071798845924683,0.14888478956919546,0.1468342360700443,0.14454849961555463,0.14200418391498582,0.13917006492725373,0.13600354698620407,0.13244482979455305,0.12840670203643406,0.12375520064529386,0.05262997104141827
134760.0,0.15897299113563151,0.1588926343641334,0.15865125391676105,0.1582479675381928,0.15768125470559938,0.15694888977166913,0.1560478376259444,0.1549741062856266,0.15372254448772676,0.15228656630795429,0.1506577758774995,0.1488254512932287,0.1467758242071886,0.14449105364235948,0.14194772629404698,0.13911459426744238,0.13594902678861595,0.13239116879759388,0.12835371736325835,0.12370254216243656,0.052627283056080575
134820.0,0.15890835740546322,0.15882804758966462,0.15858680780227585,0.15818375501252793,0.15761736740045468,0.15688541746216939,0.15598486762222624,0.1549117227518431,0.15366082765425787,0.1522255915263778,0.15059761244180703,0.14876616090763065,0.14671745890712926,0.14443365284491153,0.14189131241399838,0.13905916587433131,0.13589454734446813,0.13233754698279634,0.1283007701778557,0.12364991916278116,0.052624598514663085
134880.0,0.15884377928704674,0.15876351635723915,0.1585224170211455,0.15811959747418852,0.15755353460197125,0.15682199904782898,0.15592195077623544,0.1548493915184729,0.15359916215123393,0.1521646670010779,0.15053749809372807,0.14870691835740435,0.14665914011853678,0.14437629717572772,0.1418349422313298,0.13900377970846406,0.13584010861841161,0.13228396431898093,0.1282478604533082,0.12359733162368497,0.052621917410644856
134940.0,0.15877925670463608,0.1586990405912939,0.15845808149835533,0.15805549484907008,0.15748975623731004,0.15675863445742177,0.1558590870186974,0.15478711251852006,0.1535375479142534,0.15210379267054713,0.1504774327749312,0.14864772358765088,0.14660086779016615,0.14431898658739506,0.14177861570258854,0.13894843573042956,0.1357857105751323,0.13223042077499472,0.12819498816271918,0.12354477952252116,0.05261923973752295
135000.0,0.15871478958264962,0.15863462021642985,0.15839380115905322,0.15799144706322735,0.1574260322337872,0.15669532361987218,0.15579627628048176,0.15472488568512607,0.15347598487904326,0.1520429684733978,0.15041741642719467,0.14858857654356886,0.14654264187085775,0.14426172103257226,0.14172233278437904,0.1388931339008607,0.13573135317935042,0.13217691631971262,0.12814215327921338,0.12349226283667748,0.05261656548881265
135060.0,0.15865037784566974,0.15857025515741152,0.15832957592854816,0.1579274540428738,0.1573623625188736,0.1566320664642543,0.15573351849260175,0.15466271095156914,0.1534144729814599,0.15198219434836216,0.1503574489924056,0.1485294771704544,0.14648446230953613,0.14420450046398856,0.14166609343336323,0.1388378741804358,0.1356770363958208,0.13212345092203656,0.12808935577593691,0.12343978154355716,0.05261389465804712
135120.0,0.1585860214184428,0.15850594533916634,0.1582654057323109,0.15786351571438118,0.15729874702019483,0.1565688629197916,0.15567081358621457,0.15460058825126383,0.1533530121574874,0.15192147023429137,0.15029753041255994,0.1484704254137008,0.14642632905521022,0.1441473248344441,0.14160989760625986,0.13878265652987778,0.13562276018933325,0.13207002455089523,0.12803659562605746,0.12338733562057808,0.052611227238777286
135180.0,0.15852172022587735,0.15844169068678407,0.15820129049597273,0.1577996320042792,0.1572351856655301,0.1565057129158564,0.15560816149261983,0.15453851751776088,0.15329160234323835,0.15186079607015535,0.1502376606297622,0.14841142121879797,0.14636824205697255,0.14409019409680918,0.14155374525984474,0.1387274809099547,0.13556852452471224,0.13201663717524514,0.12798387280276352,0.12333492504517281,0.052608563224572136
135240.0,0.15845747419304546,0.15837749112551633,0.15813723014532494,0.15773580283925498,0.1571716783828121,0.15644261638196982,0.15554556214325985,0.15447649868474647,0.15323024347495204,0.1518001717950424,0.1501778395862247,0.1483524645313326,0.146310201264,0.1440331082040247,0.14149763635095142,0.13867234728147912,0.1355143293668175,0.1319632887640697,0.1279311872792647,0.12328254979478863,0.05260590260901825
135300.0,0.15839328324518004,0.15831334658077656,0.15807322460631884,0.15767202814615222,0.15710822510012643,0.15637957324780083,0.15548301546971877,0.15441453168604133,0.1531689354889959,0.1517395973481591,0.150118067224268,0.14829355529698732,0.14625220662555272,0.1439760671091019,0.14144157083646997,0.13861725560530921,0.13546017468054364,0.13190997928637996,0.12787853902879212,0.12323020984688714,0.05260324538571985
135360.0,0.1583291473076764,0.15824925697813835,0.15800927380506488,0.15760830785197125,0.15704482574571152,0.1563165834431656,0.15542052140372273,0.15435261645560164,0.1531076783218632,0.15167907266882943,0.1500583434863195,0.14823469346154078,0.14619425809097436,0.14391907076512167,0.14138554867334752,0.1385622058423479,0.13540606043082004,0.13185670871121402,0.12782592802459727,0.12317790517894452,0.05260059154829878
135420.0,0.15826506630609036,0.15818522224333656,0.15794537766783176,0.15754464188386813,0.15698148024795736,0.1562536468980278,0.1553580798771388,0.15429075292751743,0.1530464719101743,0.1516185976964947,0.14999866831491396,0.1481758789708673,0.14613635560969146,0.14386211912523555,0.14132956981858785,0.13850719795354313,0.13535198658261188,0.13180347700763717,0.127773354239953,0.12312563576845079,0.05259794109039439
135480.0,0.15820104016613862,0.15812124230226543,0.15788153612104694,0.1574810301691547,0.1569181885354058,0.1561907635424977,0.1552956908219748,0.15422894103601303,0.15298531619067515,0.15155817237071342,0.14993904165269265,0.14811711177093606,0.14607849913121343,0.14380521214266434,0.14127363422925235,0.13845223189988828,0.1352979531009185,0.13175028414474207,0.1277208176481529,0.12307340159291039,0.05259529400566354
135540.0,0.1581370688136972,0.15805731708097875,0.1578177490912952,0.15741747263529735,0.15685495053674958,0.1561279333068319,0.15523335417037923,0.1541671807154457,0.1529242111002373,0.15149779663116036,0.14987946344240347,0.148058391807812,0.14602068860513226,0.14374834977069867,0.141217741862459,0.13839730764242128,0.13524395995077518,0.131697130091649,0.12766831822251146,0.12302120262984143,0.052592650287780374
135600.0,0.15807315217480244,0.1579934465056894,0.1577540165053191,0.15735396920991696,0.15679176618083224,0.15606515612143232,0.15517106985464013,0.15410547190030618,0.1528631565758575,0.15143747041762656,0.1498199336269003,0.14799971902765438,0.14596292398112265,0.1436915319626989,0.14116189267538243,0.13834242514222544,0.13519000709725248,0.13164401481750548,0.1276158559363636,0.12296903885677613,0.05259000993043641
135660.0,0.15800929017564913,0.15792963050276831,0.15769033829001744,0.1572905198207888,0.15672863539664733,0.15600243191684682,0.15510883780718546,0.15404381452521768,0.15280215255465723,0.1513771936700191,0.14976045214914271,0.14794109337671704,0.14590520520894154,0.14363475867209466,0.14110608662525437,0.13828758436042946,0.13513609450545586,0.13159093829148627,0.12756343076306545,0.12291691025126039,0.052587372927340274
135720.0,0.1579454827425906,0.1578658689987447,0.15762671437244558,0.15722712439584138,0.15666555811333838,0.15593976062376794,0.155046657960582,0.1539822085249359,0.1527411989738827,0.1513169663283603,0.14970101895219567,0.14788251480134743,0.14584753223842753,0.14357802985238505,0.14105032366936313,0.13823278525820706,0.1350822221405264,0.1315379004827935,0.12751104267599325,0.12286481679085375,0.0525847392722179
135780.0,0.1578817298021382,0.15780216192030497,0.15756314467981464,0.1571637828631562,0.1566025342601982,0.15587714217303256,0.15498453024753506,0.1539206538343483,0.15268029577090367,0.15125678833278777,0.14964163397922922,0.14782398324798782,0.14578990501950126,0.14352134545713793,0.14099460376505366,0.13817802779677724,0.13502838996764063,0.13148490136065674,0.12745869164854412,0.12281275845312922,0.05258210895881226
135840.0,0.15781803128096097,0.15773850919429266,0.1574996291394909,0.1571004951509676,0.15653956376666808,0.15581457649562167,0.1549224546008883,0.15385915038847361,0.15261944288321394,0.15119665962355386,0.14958229717351804,0.14776549866317362,0.1457323235021648,0.14346470543999035,0.14093892686972745,0.1381233119374042,0.13497459795201022,0.13143194089433316,0.1274063776541354,0.12276073521567354,0.052579481980883316
135900.0,0.15775438710588488,0.15767491074770795,0.15743616767899596,0.15703726118766195,0.15647664656233798,0.15575206352265972,0.15486043095362342,0.15379769812246197,0.15255864024843038,0.1511365801410251,0.14952300847844135,0.14770706099353345,0.14567478763650157,0.14340810975464863,0.14088329294084267,0.1380686376413971,0.1349208460588824,0.13137901905310687,0.12735410066620523,0.12270874705608664,0.052576858332207994
135960.0,0.1576907972038924,0.1576113665077068,0.15737276022600502,0.156974080901777,0.1564137825769458,0.15568960318541483,0.15479845923885938,0.15373629697159386,0.15249788780429302,0.15107654982568225,0.14946376783748228,0.14764867018578925,0.14561729737267615,0.14335155835488725,0.1408277019359142,0.1380140048701107,0.1348671342535399,0.1313261358062897,0.12730186065821186,0.12265679395198177,0.052574238006580135
136020.0,0.15762726150212206,0.1575478764016006,0.1573094067083479,0.15691095422200213,0.15635097174037646,0.15562719541529726,0.15473653938985213,0.15367494687128036,0.15243718548866397,0.15101656861812,0.14940457519422826,0.14759032618675552,0.14555985266093405,0.14329505119454963,0.14077215381251315,0.13795941358494504,0.13481346250130077,0.13127329112322078,0.12724965760363402,0.1226048758809854,0.05257162099781039
136080.0,0.15756377992786802,0.15748444035685602,0.1572461070540072,0.15684788107717706,0.15628821398266252,0.15556484014386007,0.15467467133999424,0.1536136477570621,0.15237653323952774,0.15095663645904575,0.1493454304923696,0.14753202894333972,0.14550245345160176,0.14323858822754756,0.14071664852826724,0.13790486374734476,0.1347598307675189,0.13122048497326672,0.12719749147597106,0.12255299282073721,0.052569007299726196
136140.0,0.1575003524085799,0.1574210583010942,0.15718286119111918,0.15678486139629225,0.15622550923398268,0.15550253730279767,0.15461285502281452,0.15355239956460937,0.15231593099499094,0.1508967532892808,0.1492863336757,0.14747377840254097,0.14544509969508584,0.14318216940786133,0.1406611860408603,0.13785035531880044,0.1347062390175837,0.13116771732582114,0.12714536224874204,0.12250114474888989,0.052566396906171604
136200.0,0.15743697887186137,0.1573577301620906,0.15711966904797206,0.15672189510848766,0.15616285742466196,0.1554402868239461,0.1545510903719773,0.1534912022297214,0.15225537869328104,0.1508369190497582,0.14922728468811597,0.14741557451145085,0.1453877913418735,0.1431257946895393,0.14060576630803248,0.13779588826084774,0.13465268721691992,0.1311149881503056,0.12709326989548664,0.12244933164310923,0.05256378981100734
136260.0,0.15737365924547062,0.15729445586777405,0.1570565305530063,0.1566589821430527,0.15610025848517103,0.1553780886392826,0.15448937732128226,0.15343005568832638,0.15219487627274678,0.15077713368152404,0.14916828347361674,0.1473574172172523,0.14533052834253213,0.14306946402669812,0.1405503892875806,0.13774146253506725,0.13459917533098778,0.13106229741616837,0.12704121438976437,0.12239755348107387,0.052561186008110654
136320.0,0.15731039345731945,0.15723123534622652,0.15699344563481368,0.1565961224294257,0.15603771234612562,0.15531594268092475,0.15442771580466438,0.15336895987648064,0.15213442367185756,0.15071739712573587,0.14910932997630322,0.1472993064672201,0.14527331064770863,0.14301317737352207,0.14049505493735692,0.13768707810308503,0.13454570332528354,0.13100964509288598,0.12698919570515552,0.12234581024047524,0.05255858549137534
136380.0,0.15724718143547284,0.15716806852568285,0.15693041422213735,0.15653331589719352,0.15597521893828692,0.15525384888113056,0.15436610575619295,0.15330791473036837,0.1520740208292029,0.1506577093236632,0.14905042414037872,0.14724124220871984,0.14521613820812998,0.14295693468426354,0.14043976321527063,0.13763273492657227,0.13449227116533868,0.13095703114996143,0.12693721381525952,0.12229410189901775,0.052555988254711576
136440.0,0.15718402310814863,0.15710495533452967,0.15686743624387103,0.15647056247609073,0.15591277819256005,0.15519180717229747,0.15430454711007122,0.15324692018630148,0.15201366768349267,0.15059807021668656,0.14899156591014792,0.14718322438920844,0.1451590109746025,0.14290073591324254,0.14038451407928654,0.13757843296724556,0.13443887881672048,0.13090445555692587,0.1268852686936966,0.12224242843441843,0.05255339429204599
136500.0,0.1571209184037169,0.15704189570130586,0.15680451162905873,0.15640786209599986,0.15585039003999368,0.15512981748696264,0.1542430398006365,0.1531859761807188,0.1519533641735559,0.15053847974629753,0.14893275523001703,0.1471252529562333,0.14510192889801204,0.14284458101484668,0.14032930748742561,0.13752417218686658,0.134385526245032,0.13085191828333703,0.12683336031410652,0.122190789824407,0.05255080359732144
136560.0,0.15705786725069934,0.15697888955470143,0.15674164030689394,0.1563452146869503,0.15578805441178048,0.15506787975780179,0.15418158376235916,0.1531250826501861,0.15189311023834087,0.1504789378540985,0.1488739920444929,0.14706732785743226,0.14504489192932318,0.14278846994353095,0.14027414339776434,0.1374699525472419,0.1343322134159112,0.13079941929878067,0.12678148865014974,0.12213918604672583,0.05254821616449702
136620.0,0.1569948695777694,0.15691593682355728,0.15667882220671933,0.15628262017911845,0.1557257712392559,0.15500599391762881,0.15412017892984256,0.1530642395313952,0.15183290581691491,0.15041944448180183,0.14881527629818334,0.1470094490405333,0.14498790001957965,0.14273240265381787,0.1402190217684356,0.13741577401022373,0.13427894029503268,0.13074695857286958,0.1267296536755056,0.12208761707912996,0.05254563198754798
136680.0,0.1569319253137511,0.15685303743686455,0.15661605725802696,0.1562200785028265,0.1556635404538985,0.15494415989939644,0.15405882523782272,0.15300344676116429,0.1517727508484635,0.15035999957123003,0.14875660793579654,0.1469516164533542,0.14493095311990406,0.14267637910029682,0.140163942557628,0.13736163653770897,0.13422570684810597,0.13069453607524392,0.12667785536387405,0.12203608289938701,0.05254305106046581
136740.0,0.1568690343876188,0.15679019132376423,0.15655334539045662,0.1561575895885425,0.15560136198732846,0.15488237763619475,0.15399752262116767,0.15294270427643716,0.1517126452722907,0.15030060306431473,0.1486979869021406,0.14689383004380244,0.14487405118149732,0.14262039923762454,0.14010890572358586,0.13730754009164012,0.13417251304087635,0.130642151775571,0.12662609368897482,0.12198458348527683,0.05254047337725795
136800.0,0.15680619672849702,0.15672739841354705,0.15649068653379625,0.1560951533668801,0.1555392357713083,0.15482064706125082,0.15393627101487725,0.15288201201428284,0.15165258902781772,0.15024125490309784,0.14863941314212367,0.14683608975987542,0.14481719415563876,0.14256446302052417,0.14005391122460872,0.13725348463400444,0.13411935883912493,0.13058980564354586,0.1265743686245472,0.12193311881459189,0.0525378989319479
136860.0,0.15674341226566,0.15666465863565268,0.15642808061798127,0.15603276976859767,0.1554771617377415,0.15475896810792905,0.15387507035408227,0.15282136991189504,0.15159258205458373,0.15018195502972906,0.1485808866007533,0.1467783955496593,0.14476038199368568,0.14250857040378626,0.1399989590190524,0.13719947012683456,0.13406624420866844,0.13053749764889036,0.12652268014435036,0.121881688865137,0.05253532771857508
136920.0,0.15668068092853077,0.15660197191966915,0.15636552757309408,0.15597043872459818,0.15541513981867258,0.15469734070972968,0.15381392057404472,0.15276077790659198,0.15153262429224462,0.1501227033864676,0.14852240722313598,0.14672074736132906,0.14470361464707382,0.1424527213422679,0.13994404906532792,0.13714549653220798,0.1340131691153591,0.13048522776135396,0.12647102822216333,0.12183029361472951,0.05253275973119467
136980.0,0.15661800264668102,0.15653933819533253,0.15630302732936358,0.1559081601659285,0.1553531699462866,0.15463576480028915,0.15375282161015727,0.15270023593581608,0.15147271568057327,0.15006349991568058,0.14846397495447758,0.14666314514314838,0.14464689206731599,0.14239691579089245,0.13988918132190184,0.13709156381224752,0.1339601335250848,0.1304329959507135,0.1264194128317847,0.12177893304119884,0.05253019496387794
137040.0,0.15655537734983072,0.15647675739252678,0.1562405798171651,0.15584593402377908,0.1552912520529088,0.15457424031337985,0.15369177339794293,0.15263974393713325,0.15141285615945846,0.1500043445598432,0.1484055897400822,0.14660558884346936,0.1445902142060032,0.1423411537046501,0.13983435574729633,0.13703767192912064,0.13390713740376903,0.13038080218677273,0.12636783394703302,0.12172760712238682,0.052527633410711656
137100.0,0.15649280496784745,0.15641422944128333,0.1561781849670194,0.15578376022948368,0.1552293860710038,0.15451276718290893,0.1536307758730538,0.15257930184823337,0.15135304566890534,0.14994523726153805,0.14834725152535286,0.14654807841073272,0.1445335810148037,0.14228543503859697,0.1397795723000883,0.13698382084503966,0.1338541807173711,0.130328646439363,0.12631629154174626,0.12167631583614757,0.05252507506579838
137160.0,0.15643028543074616,0.15635175427177958,0.15611584270959245,0.1557216387145186,0.15516757193317587,0.15445134534291838,0.15356982897127203,0.1525189096069286,0.15129328414903478,0.14988617796345535,0.1482889602557898,0.1464906137934668,0.14447699244546286,0.14222975974785554,0.1397248309389108,0.13693001052226283,0.1338012634318857,0.13027652867834252,0.12626478558978174,0.12162505916034727,0.05252251992325639
137220.0,0.15636781866868843,0.15628933181433996,0.1560535529756951,0.15565956941050269,0.15510580957216769,0.15438997472758487,0.15350893262850823,0.15245856715115405,0.15123357154008257,0.14982716660839238,0.14823071587699174,0.1464331949402878,0.14442044844980317,0.14217412778761407,0.1396701316224512,0.13687624092309228,0.13374838551334295,0.130224448873597,0.12621331606501707,0.12157383707286448,0.05251996797721941
137280.0,0.1563054046119824,0.15622696199943464,0.15599131569628255,0.15559755224919672,0.15504409892086055,0.15432865527121892,0.1534480867808019,0.1523982744189672,0.15117390778239967,0.14976820313925265,0.14817251833465475,0.14637582179989883,0.1443639489797236,0.14211853911312722,0.1396154743094527,0.13682251200987555,0.13369554692780874,0.1301724069950392,0.12616188294134875,0.12152264955158985,0.05251741922183679
137340.0,0.15624304319108215,0.15616464475767877,0.1559291308024542,0.15553558716250246,0.15498243991227367,0.15426738690826428,0.1533872913643207,0.15233803134854734,0.15111429281645156,0.14970928749904644,0.14811436757457178,0.14631849432109098,0.1443074939872001,0.14206299367971484,0.13956085895871295,0.13676882374500482,0.13364274764138465,0.13012040301260938,0.12611048619269316,0.12147149657442606,0.052514873651273386
137400.0,0.15618073433658694,0.15610238001983306,0.15586699822545239,0.15547367408246313,0.1549208324795641,0.15420616957329836,0.1533265463153601,0.15227783787819527,0.15105472658281835,0.1496504196308901,0.14805626354263324,0.14626121245274193,0.14425108342428494,0.14200749144276276,0.13950628552908492,0.13671517609091746,0.13358998762020763,0.13006843689627473,0.12605912579298606,0.12142037811928802,0.05251233125970934
137460.0,0.1561184779792415,0.15604016771680243,0.15580491789666334,0.1554118129412623,0.15485927655602552,0.1541450032010309,0.15326585157034295,0.15221769394633286,0.15099520902219357,0.14959159947800554,0.14799820618482576,0.14620397614381633,0.14419471724310723,0.14195203235772258,0.13945175397947648,0.1366615690100955,0.13353726683045034,0.1300165086160293,0.12600780171618295,0.12136929416410266,0.05250979204134024
137520.0,0.15605627404993502,0.1559780077796362,0.15574288974761488,0.15535000367122384,0.15479777207508902,0.1540838877263047,0.15320520706581922,0.1521575994915029,0.1509357400753845,0.14953282698372022,0.14794019544723241,0.14614678534336534,0.1441383953958712,0.1418966163801108,0.13939726426885035,0.13660800246506546,0.13348458523832088,0.1299646181418949,0.1259565139362584,0.12131824468680898,0.05250725599037695
137580.0,0.1559941224797007,0.15591590013952716,0.1556809137099779,0.15528824620481166,0.1547363189703218,0.15402282308409387,0.15314461273846575,0.15209755445236858,0.15087631968331186,0.14947410209146667,0.14788223127603248,0.14608964000052613,0.14408211783485775,0.1418412434655095,0.13934281635622386,0.13655447641839902,0.13343194281006282,0.12991276544392005,0.1259052624272067,0.12126722966535808,0.052504723101045606
137640.0,0.15593202319971583,0.1558538447278113,0.15561898971556487,0.15522654047462847,0.15467491717542675,0.15396180920950436,0.15308406852508552,0.1520375587677133,0.15081694778700938,0.14941542474478217,0.14782431361750112,0.14603254006452224,0.1440258845124232,0.141785913569566,0.139288410200669,0.13650099083271217,0.1333793395119554,0.1298609504921804,0.1258540471630415,0.121216249077713,0.05250219336758748
137700.0,0.15586997614130088,0.15579184147596772,0.15555711769632957,0.15516488641341644,0.15461356662424253,0.15390084603777354,0.15302357436260736,0.15197761237643997,0.1507576243276229,0.14935679488730863,0.14776644241800913,0.145975485484663,0.14396969538099988,0.14173062664799224,0.13923404576131249,0.13644754567066592,0.13332677531031298,0.12980917325677888,0.12580286811779573,0.12116530290184872,0.05249966678425903
137760.0,0.15580798123591902,0.1557298903156177,0.15549529758436645,0.15510328395405573,0.1545522672507428,0.15383993350426944,0.15296313018808577,0.15191771521757097,0.15069834924641076,0.14929821246279198,0.14770861762402204,0.14591847621034326,0.1439135503930948,0.1416753826565654,0.13917972299733566,0.1363941408949659,0.1332742501714856,0.12975743370784526,0.12575172526552145,0.12111439111575224,0.05249714334533179
137820.0,0.15574603841517606,0.15566799117852467,0.1554335293119107,0.15504173302956495,0.15449101898903628,0.1537790715444902,0.15290273593870046,0.15185786723024755,0.15063912248474318,0.1492396774150824,0.147650839182101,0.14586151219104335,0.14385744950129054,0.1416201815511275,0.13912544186797401,0.13634077646836182,0.13322176406185868,0.12970573181553674,0.12570061858029058,0.12106351369742259,0.05249462304509236
137880.0,0.1556841476108197,0.15560614399659328,0.155371812811338,0.15498023357310048,0.15442982177336573,0.15371826009406436,0.1528423915517561,0.15179806835372991,0.15057994398410204,0.14918118968813326,0.14759310703890163,0.14580459337632867,0.14380139265824454,0.14156502328758486,0.13907120233251768,0.1362874523536485,0.133169316947853,0.12965406755003753,0.12564954803619394,0.12101267062487077,0.05249210587784222
137940.0,0.1556223087547396,0.15554434870186962,0.1553101480151631,0.15491878551795565,0.15436867553810785,0.15365749908875026,0.15278209696468115,0.1517383185273963,0.15052081368608036,0.14912274922600163,0.14753542114117413,0.14574771971584963,0.14374537981668956,0.1415099078219086,0.13901700435031106,0.13623416851366507,0.13311690879592494,0.12960244088155803,0.1255985136073421,0.12096186187611951,0.05248959183789779
138000.0,0.15556052177896626,0.15548260522654048,0.1552485348560403,0.15485738879756084,0.15430758021777305,0.1535967884644351,0.15272185211502878,0.15167861769074323,0.1504617315323821,0.14906435597284706,0.14747778143576296,0.14569089115934125,0.14368941092943258,0.14145483511013415,0.13896284788075242,0.13618092491129472,0.13306453957256603,0.12955085178033657,0.12554751526786406,0.12091108742920369,0.05248708091959045
138060.0,0.15549878661567088,0.15542091350293286,0.15518697326676245,0.154796043345483,0.1542465357470046,0.1535361281571351,0.15266165694047576,0.15161896578338432,0.15040269746482174,0.14900600987293208,0.14742018786960648,0.1456341076566232,0.14363348594935546,0.14139980510836123,0.13890873288329464,0.13612772150946575,0.13301220924430307,0.12949930021663827,0.12549655299190896,0.12086034726216999,0.05248457311726631
138120.0,0.1554371031971654,0.15535927346351355,0.15512546318026157,0.154734749095425,0.15418554206057872,0.1534755181029953,0.1526015113788221,0.15155936274505097,0.15034371142532443,0.14894771087062175,0.14736264038973662,0.14557736915759942,0.1435776048294137,0.14134481777275387,0.13885465931744428,0.1360745582711504,0.1329599177776984,0.1294477861607549,0.12544562675364454,0.12080964135307695,0.052482068425286306
138180.0,0.15537547145590147,0.15529768504088878,0.15506400452960678,0.15467350598122515,0.1541245990934038,0.1534149582382882,0.15254141536799087,0.15149980851559125,0.15028477335592488,0.14888945891038288,0.14730513894327865,0.14552067561225762,0.1435217675226378,0.1412898730595398,0.13880062714276234,0.1360214351593653,0.1329076651393495,0.12939630958300546,0.1253947365272582,0.12075896967999512,0.052479566838025925
138240.0,0.1553138913244701,0.15523614816780396,0.15500259724800544,0.15461231393685707,0.15406370678052053,0.15335444849941465,0.15248136884602767,0.15144030303496972,0.15022588319876753,0.14883125393678437,0.1472476834774513,0.14546402697066949,0.14346597398213165,0.14123497092501097,0.13874663631886322,0.13596835213717146,0.1328554512958892,0.12934487045373577,0.12534388228695634,0.12070833222100673,0.05247706834987547
138300.0,0.15525236273560156,0.15517466277714284,0.1549412412688018,0.15455117289642964,0.1540028650571009,0.15329398882290265,0.15242137175110032,0.1513808462432674,0.15016704089610602,0.14877309589449658,0.14719027393956596,0.14540742318299055,0.1434102241610732,0.14118011132552263,0.13869268680541524,0.13591530916767391,0.13280327621398552,0.12929346874331818,0.12529306400696458,0.12065772895420605,0.0524745729552398
138360.0,0.15519088562216454,0.15511322880192768,0.15487993652547688,0.15449008279418622,0.1539420738584479,0.15323357914540697,0.15236142402149863,0.15132143808068094,0.150108246390303,0.14871498472829084,0.14713291027702705,0.1453508641994593,0.14335451801271407,0.1411252942174942,0.13863877856214069,0.13586230621402215,0.13275113986034173,0.12924210442215261,0.12524228166152754,0.12060715985769913,0.05247208064853843
138420.0,0.15512945991716637,0.15505184617531828,0.15481868295164844,0.15442904356450354,0.15388133311999555,0.15317321940370943,0.15230152559563404,0.15126207848752252,0.15004949962383,0.14865692038304001,0.14707559243733082,0.14529434997039767,0.1432988554903793,0.14107051955740857,0.13858491154881514,0.13580934323940966,0.13269904220169604,0.12919077746066546,0.12519153522490906,0.12055662490960393,0.052469591424205195
138480.0,0.1550680855537519,0.15499051483061196,0.1547574804810696,0.15436805514189225,0.1538206427773084,0.1531129095347176,0.15224167641203865,0.15120276740421976,0.14999080053926667,0.1485989028037169,0.14701832036806617,0.14523788044621053,0.14324323654746704,0.14101578730181172,0.13853108572526832,0.1357564202070741,0.1326469832048222,0.12913948782931017,0.12514082467139193,0.12050612408805017,0.052467105276688415
138540.0,0.15500676246520365,0.154929234701243,0.15469632904762956,0.15430711746099648,0.15376000276608073,0.15305264947546537,0.15218187640936576,0.1511435047713151,0.14993214907930072,0.14854093193539494,0.1469610940169134,0.14518145557738552,0.14318766113744846,0.14096109740731283,0.13847730105138292,0.13570353708029684,0.13259496283652894,0.12908823549856666,0.12509014997527834,0.12045565737117957,0.05246462220045092
138600.0,0.15494549058494117,0.15486800572078208,0.15463522858535284,0.154246230456593,0.15369941302213652,0.1529924391631116,0.15212212552638912,0.15108429052946545,0.14987354518672755,0.14848300772324755,0.14690391333164465,0.1451250753144928,0.14313212921386834,0.1409064498305849,0.13842355748709537,0.13565069382240383,0.13254298106365991,0.1290370204389418,0.12503951111088923,0.1204052247371455,0.05246214218996981
138660.0,0.1548842698465204,0.15480682782293645,0.1545741790283983,0.15418539406359105,0.15363887348142885,0.15293227853494068,0.15206242370200254,0.15102512461944145,0.14981498880445013,0.14842513011254793,0.14684677826012354,0.14506873960818445,0.1430766407303437,0.14085184452836316,0.1383698549923949,0.1355978903967642,0.132491037853094,0.12898584262096935,0.1249889080525652,0.12035482616411328,0.05245966523973658
138720.0,0.15482310018363352,0.15474570094154882,0.154513180311059,0.1541246082170322,0.15357838408004001,0.15287216752836155,0.1520027708752196,0.15096600698212853,0.14975647987547844,0.1483672990486692,0.14678968875030496,0.14501244840919528,0.14302119564056429,0.1407972814574464,0.1383161935273248,0.13554512676679167,0.1324391331717451,0.12893470201520976,0.12493834077466515,0.12030446163026015,0.05245719134425681
138780.0,0.1547619815301089,0.15468462501059718,0.15445223236776265,0.15406387285208917,0.15351794475418049,0.15281210608090767,0.15194316698517307,0.15090693755852486,0.14969801834292903,0.14830951447708304,0.1467326447502342,0.14495620166834158,0.1429657938982924,0.14074276057469579,0.13826257305198078,0.1354924028959433,0.13238726698656192,0.12888359859225018,0.12488780925156738,0.12025413111377493,0.052454720498050396
138840.0,0.15470091381990972,0.15462359996419445,0.1543913351330699,0.15400318790406672,0.15345755544018908,0.15275209413023638,0.15188361197111483,0.15084791628974215,0.1496396041500254,0.14825177634336031,0.14667564620804724,0.14489999933652137,0.14291043545736234,0.1406882818370352,0.1382089935265119,0.13543971874772043,0.1323354392645285,0.1288325323227043,0.12483731345766909,0.12020383459285851,0.052452252695651326
138900.0,0.15463989698713465,0.15456262573658833,0.15433048854167483,0.15394255330839973,0.15339721607453208,0.15269213161412876,0.15182410577241576,0.15078894311700472,0.1495812372400966,0.14819408459317074,0.14661869307197095,0.14484384136471426,0.1428551202716809,0.14063384520145103,0.13815545491112052,0.13538707428566762,0.13228364997266392,0.12878150317721293,0.1247868533673868,0.12015357204572359,0.05244978793160783
138960.0,0.15457893096601677,0.15450170226216056,0.15426969252840472,0.1538819690006541,0.15333692659380324,0.15263221847048908,0.1517646483285648,0.15073001798164976,0.149522917556578,0.14813643917228211,0.14656178529032168,0.14478772770398102,0.14279984829522657,0.14057945062499239,0.13810195716606125,0.13533446947337366,0.1322318990780213,0.12873051112644315,0.12473642895515573,0.12010334345059465,0.05244732620048197
139020.0,0.1545180156909236,0.15444082947542667,0.1542089470282183,0.1538214349165256,0.15327668693472316,0.15257235463734478,0.15170523957916873,0.15067114082512625,0.14946464504301052,0.14807884002656044,0.14650492281150612,0.14473165830546375,0.14274461948204958,0.14052509806477056,0.1380485002516421,0.13528190427447034,0.13218018654768948,0.12867955614108884,0.12468604019543003,0.12005314878570784,0.05244486749685006
139080.0,0.15445715109635616,0.15438000731103552,0.15414825197620716,0.15376095099184017,0.1532164970341393,0.15251254005284554,0.1516458794639526,0.15061231158899535,0.14940641964303988,0.14802128710196938,0.1464481055840205,0.14467563312038498,0.1426894337862721,0.14047078747795866,0.1379950841282235,0.13522937865263324,0.13212851234879167,0.1286286381918706,0.124635687062683,0.12000298802931139,0.052442411815302147
139140.0,0.15439633711694897,0.1543192357037687,0.15408760730759413,0.15370051716255248,0.15315635682902515,0.15245277465526333,0.15158656792275807,0.15055353021492981,0.149348241300417,0.14796378034457022,0.14639133355645018,0.14461965210004835,0.14263429116208753,0.14041651882179199,0.13794170875621892,0.13517689257158183,0.13207687644848615,0.12857775724953546,0.12458536953140677,0.11995286115966532,0.052439959150442327
139200.0,0.1543355736874697,0.15425851458854073,0.1540270129577332,0.1536401333647465,0.15309626625648004,0.15239305838299189,0.15152730489554403,0.15049479664471332,0.14929010995899772,0.14790631970052162,0.14633460667746992,0.14456371519583727,0.14257919156376064,0.14036229205356804,0.13788837409609367,0.13512444599507878,0.13202527881396584,0.12852691328485705,0.12453508757611237,0.11990276815504146,0.05243750949688847
139260.0,0.15427486074281843,0.15419784390039834,0.15396646886210968,0.153579799534635,0.15303622525372884,0.15233339117454667,0.15146809032238598,0.15043611082024053,0.14923202556274173,0.14784890511607934,0.1462779248958437,0.1445078223592163,0.14252413494562707,0.14030810713064587,0.13783508010836606,0.13507203888692995,0.13197371941245867,0.12847610626863554,0.1244848411713298,0.11985270899372345,0.052435062849272324
139320.0,0.15421419821802776,0.1541372235745198,0.15390597495633868,0.1535195156085586,0.15297623375812144,0.15227377296856445,0.15140892414347584,0.15037747268351687,0.14917398805571322,0.1477915365375954,0.1462212881604235,0.14445197354172917,0.14246912126209374,0.14025396401044618,0.13778182675360706,0.13501967121098485,0.13192219821122694,0.12842533617169768,0.12443463029160794,0.11980268365400677,0.0524326192022394
139380.0,0.15415358604826218,0.15407665354621491,0.1538455311761657,0.15345928152298607,0.1529162917071328,0.15221420370380206,0.1513498062991214,0.15031888217665776,0.1491159973820798,0.14773421391151864,0.14616469642015012,0.14439616869499977,0.1424141504676381,0.14019986265045134,0.1377286139924394,0.13496734293113619,0.13187071517756765,0.12837460296489697,0.12438445491151458,0.11975269211419876,0.05243017855044889
139440.0,0.15409302416881704,0.15401613375092432,0.15378513745746572,0.1533990972145134,0.1528563990383619,0.15215468331913748,0.15129073672974583,0.1502603392418888,0.14905805348611234,0.14767693718439404,0.14610814962405239,0.14434040777073182,0.14235922251680858,0.14014580300820498,0.13767544178553834,0.13491505401131992,0.13181927027881257,0.12832390661911283,0.12433431500563653,0.11970273435261879,0.05242774088857367
139500.0,0.15403251251511943,0.15395566412421968,0.15372479373624362,0.15333896261986374,0.15279655568953185,0.15209521175356813,0.1512317153758878,0.15020184382154506,0.14900015631218536,0.14761970630286206,0.14605164772124737,0.1442846907207083,0.14230433736422368,0.14009178504131237,0.13762231009363105,0.13486280441551518,0.13176786348232786,0.12827324710525173,0.12428421054857926,0.1196528103475979,0.05242530621130028
139560.0,0.153972051022727,0.15389524460180257,0.1536644999486326,0.15327887767588724,0.1527367615984895,0.15203578894621156,0.15117274217820081,0.15014339585807085,0.14894230580477616,0.14756252121365965,0.14599519066093952,0.1442290174967912,0.1422494949645726,0.14003780870743943,0.13756921887749715,0.1348105941077441,0.1317164947555145,0.1282226243942462,0.12423414151496712,0.11960292007747889,0.05242287451332878
139620.0,0.1539116396273276,0.15383487511950453,0.15360425603089453,0.1532188423195602,0.15267701670320477,0.15197641483630486,0.151113817077453,0.15008499529401959,0.1488845019084641,0.14750538186361828,0.1459387783924212,0.1441733880509219,0.14219469527261458,0.13998387396431375,0.13751616809796774,0.13475842305207214,0.1316651640658078,0.1281720384570553,0.12418410787944335,0.11955306352061679,0.05242044578937287
139680.0,0.15385127826473863,0.1537745556132867,0.15354406191941974,0.15315885648798475,0.15261732094177088,0.15191708936320375,0.1510549400145268,0.15002664207205355,0.14882674456793157,0.14744828819966482,0.14588241086507153,0.14411780233512045,0.14213993824317875,0.13992998076972346,0.13746315771592607,0.13470629121260766,0.13161387138067776,0.12812148926466435,0.12413410961667001,0.11950324065537823,0.0524180200341596
139740.0,0.15379096687090782,0.15371428601923923,0.1534839175507261,0.15309892011838905,0.15255767425240332,0.15185781246638264,0.15099611093041845,0.14996833613494284,0.148769033727962,0.14739124016882107,0.1458260880283571,0.14406226030148556,0.142085223831164,0.13987612908151772,0.13741018769230712,0.13465419855350175,0.13156261666762845,0.12807097678808552,0.12408414670132821,0.11945345146014182,0.05241559724242955
139800.0,0.15373070538191164,0.15365406627358086,0.15342382286145873,0.15303903314812625,0.15249807657344,0.15179858408543453,0.15093732976623783,0.14991007742556609,0.14871136933344162,0.14733423771820353,0.14576980983183072,0.14400676190219436,0.14203055199153905,0.1398223188576061,0.13735725798809767,0.13460214503894893,0.1315113998941984,0.1280205009983568,0.12403421910811746,0.11940369591329808,0.05241317740893662
139860.0,0.1536704937339551,0.1535938963126588,0.1533637777883902,0.1529791955146742,0.15243852784334042,0.15173940416007023,0.15087859646320817,0.1498518658869094,0.14865375132935715,0.14727728079502267,0.14571357622513226,0.14395130708950213,0.14197592267934217,0.13976855005595895,0.13730436856433614,0.134550130633186,0.13146022102796115,0.1279700618665427,0.12398432681175633,0.11935397399324942,0.052410760528448216
139920.0,0.1536103318633722,0.1535337760729485,0.15330378226841956,0.1529194071556355,0.15237902800068587,0.15168027263011805,0.1508199109626658,0.14979370146206678,0.14859617966079697,0.1472203693465833,0.14565738715798793,0.14389589581574255,0.1419213358496808,0.13971482263460713,0.13725151938211244,0.13449815530049297,0.13140908003652405,0.1279196593637339,0.12393446978698217,0.11930428567841012,0.052408346595744865
139980.0,0.1535502197066244,0.15347370549105238,0.1532438362385723,0.15285966800873693,0.15231957698417822,0.15162118943552388,0.15076127320605934,0.1497355840942385,0.14853865427294968,0.14716350332028397,0.1456012425802099,0.14384052803332656,0.1418667914577318,0.13966113655164192,0.1371987104025676,0.13444621900519213,0.1313579768875288,0.12786929346104767,0.12388464800855091,0.11925463094720645,0.0524059356056204
140040.0,0.15349015720030146,0.1534136845037008,0.15318393963599958,0.15279997801182885,0.15226017473264106,0.1515621545163504,0.15070268313494975,0.14967751372673224,0.14848117511110512,0.14710668266361654,0.14554514244169608,0.14378520369474346,0.141812289458741,0.13960749176521434,0.13714594158689447,0.1343943217116487,0.13130691154865123,0.12781896412962745,0.12383486145123755,0.11920500977807645,0.05240352755288198
140100.0,0.1534301442811196,0.15335371304775058,0.1531240923979782,0.15274033710288532,0.15220082118501796,0.15150316781277728,0.1506441406910103,0.1496194903029619,0.14842374212065285,0.1470499073241665,0.1454890866924302,0.1437299227525592,0.14175782980802287,0.13955388823353623,0.13709321289633714,0.13434246338427047,0.13125588398760168,0.12776867134064268,0.12378511008983573,0.11915542214947034,0.052401122432349866
140160.0,0.15337018088592266,0.1532937910601849,0.15306429446191028,0.15268074522000324,0.1521415162803725,0.15144422926510015,0.15058564581602568,0.14956151376644788,0.14836635524708286,0.14699317724961192,0.14543307528248126,0.14367468515941767,0.141703412460961,0.13950032591487851,0.13704052429219046,0.134290643987508,0.13120489417212436,0.127718415065289,0.12373539389915773,0.11910586803985009,0.052398720238857395
140220.0,0.15331026695168065,0.15323391847811352,0.15300454576532288,0.15262120230140216,0.15208225995788804,0.1513853388137303,0.15052719845189147,0.14950358406081643,0.14830901443598443,0.14693649238772427,0.1453771081620036,0.14361949086803966,0.14164903737300746,0.13944680476757262,0.1369878757358008,0.1342388634858539,0.13115394206999778,0.12766819527478862,0.12368571285403465,0.11905634742768961,0.05239632096725112
140280.0,0.1532504024154898,0.15317409523877148,0.15294484624586752,0.15256170828542473,0.15202305215686737,0.15132649639919513,0.15046879854061504,0.14944570112979927,0.14825171963304662,0.146879852686367,0.1453211852812365,0.14356433983122263,0.14159470449968273,0.13939332475000948,0.13693526718856552,0.13418712184384343,0.13110302764903453,0.1276180119403895,0.12363606692931631,0.11900686029147499,0.05239392461239049
140340.0,0.15319058721457224,0.15311432127951954,0.15288519584131946,0.15250226311053494,0.15196389281673237,0.15126770196213715,0.15041044602431408,0.14938786491723335,0.14819447078405745,0.14682325809349603,0.14526530659050405,0.14350923200184118,0.14154041379657517,0.13933988582063986,0.1368826986119325,0.13413541902605405,0.1310521508770813,0.1275678650333658,0.12358645609987128,0.11895740660970418,0.05239153116914803
140400.0,0.15313082128627578,0.15305459653784337,0.15282559448957808,0.15244286671531826,0.15190478187702366,0.15120895544331367,0.15035214084521642,0.14933007536706056,0.14813726783490364,0.14676670855715912,0.14520947204021475,0.143454167332846,0.14148616521934176,0.1392864879379738,0.13683016996740105,0.13408375499710595,0.13100131172201882,0.12751775452501812,0.12353688034058684,0.11890798636088698,0.05238914063240923
140460.0,0.1530711045680728,0.15299492095135322,0.1527660421286661,0.15238351903848188,0.1518457192774,0.1511502567835968,0.15029388294566023,0.1492723324233279,0.14808011073157082,0.14671020402549628,0.1451536815808612,0.14339914577726423,0.14143195872370726,0.1392331310605806,0.13677768121652065,0.13403212972166095,0.13095051015176176,0.12746768038667294,0.12348733962636896,0.11885859952354537,0.05238675299707246
140520.0,0.15301143699756087,0.15293529445778378,0.1527065386967293,0.15232422001885368,0.15178670495763863,0.15109160592397286,0.1502356722680936,0.14921463603018661,0.14802299942014271,0.1466537444467383,0.14509793516302047,0.1433441672881992,0.14137779426546418,0.13917981514708938,0.13672523232089187,0.13398054316442345,0.1308997461342586,0.12741764258968266,0.12343783393214222,0.11880924607621327,0.052384368258048944
140580.0,0.15295181851246148,0.1528757169949935,0.15264708413203595,0.15226496959538224,0.15172773885763408,0.15103300280554227,0.15017750875507335,0.14915698613189143,0.14796593384680085,0.14659732976920778,0.14504223273735325,0.1432892318188302,0.14132367180047278,0.13912654015618756,0.13667282324216543,0.13392899529013974,0.1308490196374919,0.127367641105426,0.12338836323285013,0.11875992599743662,0.05238198641026277
140640.0,0.1528922490506204,0.15281618850096468,0.15258767837297676,0.15220576770713645,0.1516688209173983,0.15097444736951882,0.15011939234926597,0.14909938267280207,0.1479089139578251,0.14654095994131844,0.14498657425460415,0.1432343393224122,0.1412695912846607,0.13907330604662219,0.13662045394204309,0.13387748606359842,0.13079833062947818,0.12731767590530726,0.1233389275034546,0.11871063926577337,0.0523796074486508
140700.0,0.15283272855000693,0.15275670891380227,0.15252832135806446,0.152146614293305,0.15160995107706016,0.15091593955722982,0.15006132299344663,0.1490418255973803,0.14785193969959212,0.146484634911574,0.14493095966560077,0.14317948975227546,0.14121555267402305,0.13902011277719872,0.1365681243822765,0.13382601544963,0.13074767907826734,0.12726774696075735,0.12328952671893631,0.11866138585979345,0.052377231368162615
140760.0,0.1527732569487136,0.15269727817173478,0.15246901302593327,0.15208750929319617,0.15155112927686554,0.15085747931011523,0.15000330063049916,0.14898431485019248,0.14779501101857656,0.14642835462856943,0.14487538892125423,0.14312468306182627,0.1411615559246219,0.1389669603067822,0.13651583452466803,0.13377458341310686,0.13069706495194364,0.1272178542432325,0.12324016085429468,0.118612165758079,0.05237485816376053
140820.0,0.15271383418495602,0.15263789621311266,0.1524097533153388,0.15202845264623752,0.15149235545717638,0.15079906656972816,0.149945325203415,0.148926850375907,0.14773812786134954,0.14637211904098965,0.14481986197255872,0.14306991920454565,0.14110760099258668,0.13891384859429545,0.13646358433106998,0.13372318991894322,0.13064648821862485,0.1271679977242154,0.12319082988454762,0.11856297893922409,0.05237248783041948
140880.0,0.1526544601970721,0.1525785629764088,0.15235054216515756,0.151969444291975,0.15143362955847053,0.15074070127773365,0.1498873966552942,0.14886943211929551,0.1476812901745788,0.14631592809760954,0.14476437877059067,0.14301519813398988,0.1410536878341134,0.13886077759872034,0.13641137376338455,0.13367183493209545,0.1305959488464621,0.12711817737521441,0.1231415337847318,0.11851382538183493,0.05237012036312703
140940.0,0.15259513492352225,0.15251927840021806,0.15229137951438668,0.15191048417007366,0.1513749515213416,0.15068238337590878,0.1498295149293438,0.14881206002523142,0.14762449790502896,0.14625978174729437,0.14470893926650974,0.14296051980379007,0.14099981640546497,0.138807747279097,0.13635920278356442,0.13362051841756065,0.13054544680364058,0.12706839316776394,0.12309227252990253,0.11846470506452987,0.05236775575688332
141000.0,0.15253585830288865,0.15246004242325645,0.15223226530214315,0.15185157222031676,0.1513163212864989,0.15062411280614257,0.14977167996887847,0.14875473403869038,0.14756775099955988,0.14620367993899797,0.14465354341155756,0.1429058841676515,0.14094598666297098,0.13875475759452366,0.13630707135361236,0.1335692403403791,0.13049498205837912,0.12701864507342406,0.12304304609513364,0.11841561796593927,0.052365394006700955
141060.0,0.15247663027387473,0.15240085498436098,0.15217319946766442,0.15179270838260492,0.1512577387947661,0.1505658895104351,0.1497138917173196,0.14869745410475024,0.14751104940512832,0.14614762262176417,0.14459819115705802,0.14285129117935458,0.14089219856302734,0.13870180850415728,0.13625497943558026,0.13351800066563138,0.13044455457892962,0.12696893306378076,0.12299385445551766,0.11836656406470558,0.052363035107605156
141120.0,0.15241745077530544,0.1523417160224895,0.15211418195030704,0.15173389259695652,0.15119920398708167,0.15050771343089758,0.14965615011819516,0.14864022016858985,0.147454393068786,0.14609160974472565,0.14454288245441688,0.14279674079275376,0.14083845206209603,0.13864889996721239,0.13620292699157072,0.1334667993584403,0.13039416433357817,0.12691925711044608,0.12294469758616579,0.11831754333948336,0.05236067905463353
141180.0,0.152358319746126,0.1522826254767203,0.1520552126895468,0.15167512480350717,0.15114071680449875,0.15044958450975207,0.1495984551151395,0.14858303217548938,0.14739778193767988,0.14603564125710392,0.14448761725512155,0.14274223296177754,0.14078474711670538,0.13859603194296172,0.13615091398373538,0.1334156363839702,0.13034381129064404,0.1268696171850576,0.12289557546220783,0.11826855576893942,0.0523583258428361
141240.0,0.1522992371254025,0.15222358328625207,0.15199629162497824,0.15161640494250922,0.15108227718818446,0.15039150268933094,0.14954080665189326,0.14852589007082984,0.14734121595905292,0.14597971710820917,0.1444323955107411,0.14268776764042818,0.14073108368345,0.13854320439073567,0.13609894037427567,0.13336451170742664,0.13029349541848,0.12682001325927847,0.12284648805879197,0.1182196013317527,0.05235597546727525
141300.0,0.15224020285232148,0.15216458939040256,0.15193741869631466,0.15155773295433142,0.15102388507941933,0.15033346791207663,0.1494832046723025,0.14846879380009323,0.14728469508024172,0.14592383724744012,0.14437721717292565,0.14263334478278197,0.14067746171898995,0.1384904172699229,0.13604700612544254,0.13331342529405663,0.13024321668547176,0.12677044530479825,0.12279743535108519,0.11817068000661424,0.052353627923025677
141360.0,0.1521812168661886,0.15210564372860896,0.15187859384338737,0.15149910877945866,0.15096554041959748,0.15027548012054137,0.14942564912031886,0.14841174330886153,0.14722821924867832,0.14586800162428293,0.1443220821934065,0.1425789643429887,0.14062388118005126,0.13843767053996864,0.13599511119953644,0.13326237710914823,0.13019297506003932,0.12672091329333174,0.12274841731427295,0.11812179177222736,0.05235128320517439
141420.0,0.15212227910642898,0.1520467462404284,0.15181981700614539,0.15144053235849184,0.15090724315022597,0.1502175392573872,0.14936813993999923,0.14835473854281692,0.14717178841188852,0.1458122101883122,0.14426699052399614,0.14252462627527132,0.1405703420234252,0.13838496416037652,0.13594325555890693,0.13321136711803125,0.13014277051063525,0.12667141719661962,0.12269943392355927,0.11807293660730739,0.05234894130882062
141480.0,0.1520633895125873,0.1519878968655352,0.1517610881246554,0.15138200363214704,0.1508489932129243,0.15015964526538458,0.1493106770755051,0.1482977794477414,0.1471154025174925,0.14575646288919022,0.14421194211658725,0.14247033053392624,0.14051684420596844,0.138332298090707,0.13589143916595295,0.13316039528607637,0.13009260300574588,0.12662195698642792,0.12265048515416692,0.11802411449058199,0.05234660222907586
141540.0,0.1520045480243264,0.15192909554372322,0.15170240713910102,0.15132352254125606,0.1507907905494248,0.15010179808741345,0.14925326047110293,0.14824086596951674,0.14705906151320397,0.1457007596766662,0.14415693692315315,0.14241607707332293,0.14046338768460323,0.13827967229057797,0.13583966198312303,0.13310946157869544,0.13004247251389028,0.1265725326345489,0.12260157098133705,0.11797532540079103,0.05234426596106373
141600.0,0.15194575458142762,0.15187034221490328,0.151643773989783,0.15126508902676492,0.1507326351015716,0.15004399766646206,0.14919589007116285,0.14818399805412324,0.1470027653468304,0.145645100500577,0.14410197489574741,0.14236186584790375,0.14040997241631648,0.1382270867196644,0.1357879239729138,0.13305856596134097,0.1299923790036211,0.12652314411279997,0.12255269138032938,0.11792656931668646,0.052341932499919974
141660.0,0.15188700912379063,0.15181163681910534,0.15158518861711817,0.1512067030297344,0.15067452681132085,0.14998624394562696,0.1491385658201593,0.1481271756476407,0.1469465139662722,0.14558948531084592,0.14404705598650386,0.1423076968121835,0.1403565983581606,0.13817454133769863,0.13573622509787178,0.13300770839950743,0.1299423224435245,0.12647379139302434,0.12250384632642225,0.11787784621703273,0.05233960184079242
141720.0,0.1518283115914327,0.1517529792964753,0.15152665096163967,0.15114836449133934,0.15061646562073977,0.14992853686811258,0.14908128766267037,0.14807039869624783,0.14689030731952335,0.1455339140574836,0.14399218014763576,0.14225356992074972,0.14030326546725252,0.13812203610446935,0.13568456532059203,0.13295688885872944,0.1298923028022188,0.12642447444709068,0.12245503579491236,0.1178291560806064,0.052337273978841
141780.0,0.15176966192448843,0.15169436958727647,0.1514681609639964,0.15109007335286873,0.15055845147200703,0.14987087637723095,0.14902405554337742,0.1480136671462213,0.1468341453546701,0.14547838669058674,0.14393734733143623,0.1421994851282619,0.1402499737007738,0.13806957097982253,0.1356329446037183,0.13290610730458247,0.12984232004835597,0.12637519324689342,0.12240625976111505,0.11778049888619625,0.05233494890923757
141840.0,0.15171106006320972,0.15163580763188886,0.15140971856495306,0.15103182955572464,0.15050048430741148,0.14981326241640153,0.1489668694070651,0.14795698094393586,0.14677802801989134,0.14542290316033837,0.1438825574902779,0.14214544238945226,0.14019672301597053,0.13801714592366054,0.13558136290994335,0.1328553637026832,0.12979237415062095,0.1263259477643525,0.12235751820036422,0.11773187461260341,0.052332626627166055
141900.0,0.15165250594796423,0.15157729337080886,0.151351323705389,0.15097363304142253,0.15044256406935347,0.14975569492915078,0.14890972919862078,0.14790034003586425,0.14672195526345833,0.14536746341700774,0.1438278105766125,0.14209144165912463,0.1401435133701532,0.1379647608959424,0.13552982020200852,0.13280465801868885,0.12974246507773188,0.1262767379714132,0.1223088110880123,0.11768328323864137,0.052330307127822204
141960.0,0.15159399951923724,0.15151882674464878,0.15129297632629846,0.15091548375159095,0.15038469070034266,0.14969817385911144,0.14885263486303413,0.14784374436857697,0.14666592703373432,0.14531206741094937,0.14377310654297093,0.14203748289215465,0.14009034472069654,0.13791241585668337,0.13547831644270333,0.13275399021829729,0.1296925927984395,0.12622756384004633,0.12226013839943024,0.11763472474313587,0.052327990406413775
142020.0,0.1515355407176291,0.15146040769413632,0.15123467636879045,0.15085738162797066,0.1503268641429991,0.14964069915002318,0.14879558634539725,0.14778719388874187,0.14660994327917432,0.14525671509260413,0.14371844534196282,0.14198356604348983,0.14003721702503963,0.13786011076595514,0.13542685159486614,0.13270336026724713,0.12964275728152747,0.12617842534224835,0.12221150011000731,0.11758619910492486,0.05232567645816026
142080.0,0.1514771294838566,0.1514020361601149,0.15117642377408805,0.15079932661241457,0.150269084340052,0.14958327074573144,0.14873858359090403,0.14773068854312366,0.1465540039483245,0.14520140641249746,0.1436638269262764,0.1419296910681486,0.13998413024068515,0.13780784558388579,0.13537542562138372,0.13265276813131746,0.12959295849581245,0.12612932245004088,0.1221628961951515,0.11753770630285883,0.052323365278293066
142140.0,0.15141876575875157,0.1513437120835429,0.15111821848352805,0.1507413186468883,0.1502113512343399,0.1495258885901878,0.14868162654485037,0.147674228278584,0.14649810898982257,0.14514614132124046,0.14360925124867838,0.14187585792122137,0.1399310843251997,0.13775562027065957,0.13532403848519087,0.13260221377632775,0.12954319641014403,0.12608025513547116,0.12211432663028916,0.1174892463158005,0.05232105686205538
142200.0,0.15136044948326063,0.15128543540549283,0.1510600604385605,0.15068335767346794,0.1501536647688104,0.14946855262744918,0.14862471515263273,0.14761781304208083,0.14644225835239746,0.14509091976952873,0.1435547182620137,0.1418220665578691,0.13987807923621343,0.13770343478651617,0.13527269014927068,0.13255169716813778,0.12949347099340425,0.12603122337061176,0.12206579139086506,0.11744081912262498,0.052318751204702085
142260.0,0.15130218059844544,0.15122720606715215,0.15100194958074908,0.15062544363434174,0.1500960248865194,0.14941126280167769,0.14856784935974982,0.14756144278066854,0.1463864519848687,0.145035741708143,0.14350022791920547,0.14176831693332417,0.13982511493142033,0.13765128909175156,0.13522138057665442,0.13250121827264824,0.12944378221450814,0.1259822271275602,0.12201729045234264,0.11739242470221983,0.05231644830149975
142320.0,0.1512439590454818,0.15116902400982202,0.15094388585177057,0.15056757647180855,0.15003843153063154,0.1493540190571401,0.1485110291118003,0.1475051174414977,0.14633068983614614,0.1449806070879482,0.14344578017325424,0.14171460900288935,0.13977219136857766,0.13759918314671757,0.13517010973042132,0.13245077705579958,0.1293941300424033,0.12593326637844005,0.12196882379020371,0.11734406303348482,0.052314148147726725
142380.0,0.15118578476565986,0.15111088917491744,0.1508858691934135,0.15050975612827783,0.14998088464441917,0.1492968213382084,0.14845425435448362,0.14744883697181424,0.14627497185523028,0.14492551585989344,0.14339137497723856,0.14166094272193852,0.13971930850550562,0.13754711691182142,0.13511887757369873,0.13240037348357286,0.12934451444607015,0.1258843410953998,0.12192039137994848,0.1172957340953323,0.05231185073867282
142440.0,0.15112765770038344,0.15105280150396663,0.1508278995475792,0.15045198254626937,0.1499233841712624,0.14923966958935836,0.14839752503359913,0.14739260131895934,0.14621929799121142,0.14487046797501177,0.14333701228431425,0.14160731804591542,0.13966646630008778,0.13749509034752613,0.13506768406966146,0.13235000752198903,0.1292949353945213,0.12583545125061357,0.12187199319709571,0.11724743786668691,0.05230955606963953
142500.0,0.15106957779116967,0.15099476093861106,0.1507699768562805,0.15039425566841338,0.1498659300546488,0.1491825637551702,0.14834084109504664,0.14733641043037035,0.1461636681932695,0.14481546338442003,0.1432826920477147,0.14155373493033446,0.1396136647102707,0.13744310341434943,0.1350165291815324,0.1322996791371093,0.12924539285680234,0.1257865968162801,0.12182362921718248,0.11719917432648591,0.052307264135939946
142560.0,0.1510115449796489,0.15093676742060452,0.1507121010616422,0.15033657543744902,0.14980852223817287,0.14912550378032763,0.14828420248482557,0.14728026425357857,0.14610808241067424,0.1447605020393188,0.14322841422074994,0.1415001933307801,0.1395609036940637,0.13739115607286534,0.1349654128725821,0.13224938829503466,0.12919588680199137,0.1257377777646239,0.12177529941576447,0.11715094345367881,0.052304974932898596
142620.0,0.15095355920756412,0.15087882089181354,0.15065427210590035,0.15027894179622553,0.14975116066553634,0.14906848960961772,0.14822760914903432,0.14722416273621053,0.14605254059278483,0.1447055838909921,0.14317417875680713,0.1414466932029065,0.1395081832095388,0.13733924828370264,0.13491433510612882,0.13219913496190644,0.1291464171991987,0.12568899406789427,0.12172700376841548,0.11710274522722776,0.0523026884558515
142680.0,0.15089562041677074,0.15082092129421665,0.1505964899314019,0.15022135468770081,0.14969384528054694,0.14901152118793118,0.14817106103387115,0.14716810582598713,0.14599704268904945,0.1446507088908069,0.14311998560935016,0.1413932345024378,0.13945550321483063,0.1372873800075448,0.1348632958455377,0.1321489191039057,0.12909698401756717,0.12564024569836604,0.12167874225072828,0.11705457962610732,0.05230040470014625
142740.0,0.15083772854923644,0.1507630685699041,0.15053875448060425,0.15016381405494206,0.1496365760271187,0.14895459846026088,0.14811455808563245,0.14711209347072296,0.14594158864900478,0.14459587699021303,0.14306583473191903,0.1413398171851679,0.13940286366813584,0.13723555120513103,0.13481229505422188,0.13209874068725333,0.1290475872262721,0.12559153262833958,0.12163051483831358,0.11700644662930436,0.052298123661141685
142800.0,0.15077988354704072,0.1507052626610778,0.15048106569607528,0.1501063198411243,0.14957935284927162,0.1488977213717029,0.1480581002507136,0.147056125618327,0.14588617842227614,0.14454108814074323,0.14301172607813042,0.14128644120696002,0.13935026452771382,0.13718376183725475,0.13476133269564183,0.13204859967821042,0.1289982267945211,0.12554285483013944,0.12158232150680075,0.11695834621581859,0.052295845334208085
142860.0,0.1507220853523747,0.1506475035100504,0.15042342352049262,0.15004887198953118,0.14952217569113124,0.14884088986745536,0.14800168747560805,0.14700020221680218,0.14583081195857792,0.14448634229401247,0.1429576596016767,0.14123310652374615,0.1392977057518858,0.13713201186476429,0.13471040873330486,0.13199849604307706,0.12894890269155412,0.12549421227611599,0.12153416223183743,0.11691027836466197,0.052293569714727074
142920.0,0.15066433390754044,0.15058979105924575,0.15036582789664427,0.14999147044355407,0.14946504449692852,0.1487841038928183,0.14794531970690775,0.14694432321424405,0.1457754892077117,0.1444316394017182,0.1429036352563266,0.14117981309152816,0.13924518729903532,0.1370803012485631,0.1346595231307658,0.13194842974819326,0.12889961488664328,0.12544560493864457,0.12148603698908972,0.11686224305485923,0.05229129679809151
142980.0,0.15060662915495093,0.15053212525119772,0.150308278767427,0.14993411514669197,0.14940795921099928,0.1487273633931937,0.14788899689130186,0.14688848855884165,0.1457202101195675,0.1443769794156398,0.14284965299592434,0.14112656086637662,0.13919270912760712,0.13702862994960824,0.1346086758516266,0.13189840075993892,0.12885036334909286,0.1253970327901252,0.12143794575424223,0.11681424026544725,0.05228902657970557
143040.0,0.15054897103712964,0.15047450602855075,0.150250776075847,0.14987680604255113,0.14935091977778414,0.14867066831408515,0.14783271897557737,0.1468326981988773,0.14566497464412279,0.14432236228763848,0.14279571277438965,0.14107334980443065,0.13914027119610844,0.136976997928912,0.1345578668595359,0.13184840904473338,0.12880114804823975,0.12534849580298354,0.12138988850299769,0.11676626997547589,0.05228675905498472
143100.0,0.15049135949671058,0.15041693333405934,0.15019331976501912,0.14981954307484457,0.1492939261418282,0.14861401860109705,0.14777648590661852,0.14677695208272512,0.1456097827314427,0.14426778796965736,0.14274181454571785,0.1410201798618982,0.13908787346310741,0.13692540514754056,0.13450709611818942,0.13179845456903552,0.1287519689534523,0.12529999394966987,0.12134186521107738,0.1167183321640075,0.05228449421935548
143160.0,0.15043379447643745,0.15035940711058712,0.1501359097781667,0.1497623261873925,0.1492369782477805,0.14855741419993468,0.1477202976314064,0.14672125015885218,0.14555463433167926,0.14421325641372063,0.14268795826397915,0.14096705099505566,0.1390355158872342,0.1368738515666145,0.1344563635913294,0.13174853729934308,0.12870282603413127,0.12525152720265956,0.12129387585422101,0.11667042681011679,0.05228223206825563
143220.0,0.15037627591916355,0.1503019273011071,0.15007854605862117,0.1497051553241208,0.14918007604039413,0.14850085505640415,0.14766415409701886,0.14666559237581783,0.14549952939507133,0.14415876757193366,0.1426341438833186,0.1409139631602479,0.13898319842718,0.1368223371473084,0.1344056692427453,0.1316986572021939,0.12865371925970973,0.125203095534453,0.12124592040818652,0.11662255389289124,0.05227997259713405
143280.0,0.1503188037678516,0.15024449384870148,0.15002122854982194,0.14964803042906152,0.1491232194645254,0.1484443411164119,0.14760805525062998,0.14660997868227288,0.14544446787194518,0.14410432139648324,0.14258037135795623,0.1408609163138875,0.138930921041697,0.13677086185085058,0.134355013036273,0.1316488142441646,0.12860464859965226,0.12515469891757547,0.12119799884875021,0.11657471339143098,0.05227771580145068
143340.0,0.1502613779655735,0.150187106696561,0.14996395719531605,0.14959095144635304,0.14906640846513444,0.14838787232596426,0.1475520010395103,0.1465544090269601,0.14538944971271295,0.14404991783963664,0.1425266406421868,0.14080791041245544,0.13887868368959883,0.13671942563852338,0.1343043949357948,0.13159900839187103,0.12855561402345578,0.12510633732457696,0.12115011115170689,0.11652690528484874,0.05227546167667651
143400.0,0.15020399845550958,0.15012976578798456,0.14990673193875761,0.14953391832023877,0.14900964298728378,0.14833144863116737,0.14749599141102615,0.14649888335871356,0.1453344748678732,0.14399555685374185,0.1424729516903792,0.14075494541250005,0.13882648632975983,0.13666802847166298,0.13425381490523922,0.1315492396119686,0.12850661550064907,0.12505801072803305,0.12110225729286955,0.11647912955226981,0.05227321021829361
143460.0,0.15014666518094874,0.1500724710663793,0.14984955272390793,0.14947693099506748,0.14895292297613882,0.14827506997822695,0.14744002631263947,0.14644340162645847,0.14527954328801057,0.14394123839122705,0.14241930445697673,0.1407020212706379,0.1387743289211149,0.13661667031165933,0.1342032729085822,0.13149950787115142,0.12845765300079254,0.1250097191005434,0.12105443724806976,0.11643138617283216,0.052270961421794986
143520.0,0.15008937808528786,0.15001522247526006,0.14979241949463495,0.14941998941529272,0.1488962483769674,0.14821873631344806,0.14738410569190738,0.14638796377921082,0.14522465492379563,0.14388696240460072,0.14236569889649664,0.14064913794355288,0.13872221142265975,0.13656535111995555,0.1341527689098449,0.13144981313615264,0.12840872649347881,0.12496146241473303,0.12100665099315709,0.1163836751256866,0.05226871528268458
143580.0,0.15003213711203142,0.149958019958249,0.14973533219491272,0.14936309352547247,0.1488396191351396,0.14816244758323444,0.14732822949648292,0.14633256976607742,0.14516980972598423,0.14383272884645146,0.1423121349635302,0.1405962953879957,0.13867013379345067,0.1365140708580485,0.13410230287309524,0.13140015537374466,0.12835983594833178,0.12491324064325153,0.1209588985039997,0.1163359963899964,0.052266471796477254
143613.70731479066,0.15,0.14992590442935289,0.14970328133048694,0.14933115008804973,0.14880782535189852,0.1481308449104405,0.14729685835807443,0.14630146925335674,0.1451390172391316,0.1438022796487278,0.14228206160294793,0.14056662691428484,0.1386408946516512,0.13648527925686324,0.13407396827068227,0.13137227441758265,0.12833238556385237,0.12488616550961817,0.12093208650513429,0.1163092251882092,0.052265212593714604
