时间（s）,距中心 0.0000 cm,距中心 0.1000 cm,距中心 0.2000 cm,距中心 0.3000 cm,距中心 0.4000 cm,距中心 0.5000 cm,距中心 0.6000 cm,距中心 0.7000 cm,距中心 0.8000 cm,距中心 0.9000 cm,距中心 1.0000 cm,距中心 1.1000 cm,距中心 1.2000 cm,距中心 1.3000 cm,距中心 1.4000 cm,距中心 1.5000 cm,距中心 1.6000 cm,距中心 1.7000 cm,距中心 1.8000 cm,距中心 1.9000 cm,距中心 2.0000 cm
0.0,2.55,2.55,2.55,2.55,2.55,2.55,2.55,2.55,2.55,2.55,2.55,2.55,2.55,2.55,2.55,2.55,2.55,2.55,2.55,2.55,2.55
1.0,2.55,2.55,2.55,2.55,2.55,2.55,2.55,2.55,2.55,2.55,2.55,2.55,2.55,2.55,2.55,2.55,2.55,2.5499999999916274,2.549999986873627,2.5499896690552633,2.545923378432952
2.0,2.55,2.55,2.55,2.55,2.55,2.55,2.55,2.55,2.55,2.55,2.55,2.55,2.55,2.55,2.55,2.5499999999999994,2.549999999999578,2.5499999997187697,2.549999869972679,2.549959010324073,2.5418926365427694
3.0,2.55,2.55,2.55,2.55,2.55,2.55,2.55,2.55,2.55,2.55,2.55,2.55,2.55,2.55,2.55,2.5499999999999914,2.54999999999574,2.5499999984022743,2.5499995487819014,2.5499084634091482,2.537907039336872
4.0,2.55,2.55,2.55,2.55,2.55,2.55,2.55,2.55,2.55,2.55,2.55,2.55,2.55,2.55,2.55,2.5499999999999408,2.549999999980309,2.549999994770346,2.54999892596806,2.5498384591214642,2.5339658649750003
5.0,2.55,2.55,2.55,2.55,2.55,2.55,2.55,2.55,2.55,2.55,2.55,2.55,2.55,2.55,2.5499999999999994,2.549999999999755,2.5499999999375325,2.5499999870792553,2.5499979073031587,2.54974941965429,2.530068404521485
6.0,2.55,2.55,2.55,2.55,2.55,2.55,2.55,2.55,2.55,2.55,2.55,2.55,2.55,2.55,2.549999999999997,2.549999999999238,2.5499999998418166,2.5499999731334504,2.549996401589323,2.5496417587538387,2.526213961702233
7.0,2.55,2.55,2.55,2.55,2.55,2.55,2.55,2.55,2.55,2.55,2.55,2.55,2.55,2.55,2.549999999999991,2.5499999999980374,2.549999999655583,2.5499999503050836,2.549994320585315,2.5495158818865984,2.52240185266634
8.0,2.55,2.55,2.55,2.55,2.55,2.55,2.55,2.55,2.55,2.55,2.55,2.55,2.55,2.55,2.5499999999999754,2.5499999999955776,2.5499999993272437,2.5499999155529682,2.549991578934654,2.549372186403396,2.5186314057522567
9.0,2.55,2.55,2.55,2.55,2.55,2.55,2.55,2.55,2.55,2.55,2.55,2.55,2.55,2.55,2.549999999999943,2.5499999999909884,2.5499999987892905,2.5499998654409834,2.5499880940952977,2.549211061700256,2.514901961258417
10.0,2.55,2.55,2.55,2.55,2.55,2.55,2.55,2.55,2.55,2.55,2.55,2.55,2.55,2.5499999999999994,2.54999999999988,2.549999999983021,2.549999997956495,2.549999796155934,2.549983786270868,2.5490328893761207,2.5112128712182518
11.0,2.55,2.55,2.55,2.55,2.55,2.55,2.55,2.55,2.55,2.55,2.55,2.55,2.55,2.5499999999999985,2.549999999999765,2.549999999969958,2.549999996724212,2.549999703524888,2.549978578343378,2.548838043387474,2.5075634991795104
12.0,2.55,2.55,2.55,2.55,2.55,2.55,2.55,2.55,2.55,2.55,2.55,2.55,2.55,2.5499999999999967,2.5499999999995673,2.549999999949515,2.549999994966792,2.549999583031992,2.549972395807434,2.5486268901999405,2.5039532199878067
13.0,2.55,2.55,2.55,2.55,2.55,2.55,2.55,2.55,2.55,2.55,2.55,2.55,2.55,2.5499999999999936,2.5499999999992435,2.5499999999187355,2.549999992536086,2.5499994298347954,2.5499651667058862,2.5483997889369094,2.5003814195743157
14.0,2.55,2.55,2.55,2.55,2.55,2.55,2.55,2.55,2.55,2.55,2.55,2.55,2.55,2.5499999999999887,2.549999999998733,2.5499999998738794,2.549999989260049,2.549999238780077,2.5499568215668935,2.5481570915252374,2.496847494747541
15.0,2.55,2.55,2.55,2.55,2.55,2.55,2.55,2.55,2.55,2.55,2.55,2.55,2.55,2.5499999999999807,2.5499999999979543,2.5499999998103062,2.549999984941438,2.5499990044192,2.549947293342372,2.547899142838091,2.49335085298908
16.0,2.55,2.55,2.55,2.55,2.55,2.55,2.55,2.55,2.55,2.55,2.55,2.55,2.55,2.549999999999968,2.5499999999968015,2.5499999997223535,2.5499999793565915,2.5499987210230004,2.5499365173478092,2.547626280834973,2.4898909122533155
17.0,2.55,2.55,2.55,2.55,2.55,2.55,2.55,2.55,2.55,2.55,2.55,2.55,2.55,2.549999999999948,2.5499999999951375,2.5499999996032088,2.5499999722543056,2.5499983825962276,2.549924431203403,2.5473388366989953,2.4864671007709513
18.0,2.55,2.55,2.55,2.55,2.55,2.55,2.55,2.55,2.55,2.55,2.55,2.55,2.55,2.549999999999918,2.5499999999927887,2.5499999994447773,2.5499999633547814,2.549997982891536,2.5499109747765085,2.5470371349714442,2.483078856856331
19.0,2.55,2.55,2.55,2.55,2.55,2.55,2.55,2.55,2.55,2.55,2.55,2.55,2.549999999999999,2.549999999999874,2.5499999999895384,2.5499999992375484,2.5499999523486596,2.5499975154230548,2.5498960901253573,2.546721493683693,2.479725628718463
20.0,2.55,2.55,2.55,2.55,2.55,2.55,2.55,2.55,2.55,2.55,2.55,2.55,2.549999999999998,2.5499999999998115,2.54999999998512,2.5499999989704563,2.5499999388961285,2.549996973479534,2.549879721444032,2.5463922244865045,2.4764068742756797
21.0,2.55,2.55,2.55,2.55,2.55,2.55,2.55,2.55,2.55,2.55,2.55,2.55,2.549999999999997,2.549999999999723,2.549999999979209,2.549999998630738,2.5499999226261045,2.5499963501370844,2.549861815008662,2.5460496327767883,2.4731220609738704
22.0,2.55,2.55,2.55,2.55,2.55,2.55,2.55,2.55,2.55,2.55,2.55,2.55,2.5499999999999954,2.5499999999996015,2.549999999971414,2.549999998203788,2.5499999031354887,2.54999563827152,2.549842319124819,2.5456940178218423,2.4698706656082123
23.0,2.55,2.55,2.55,2.55,2.55,2.55,2.55,2.55,2.55,2.55,2.55,2.55,2.549999999999993,2.5499999999994354,2.5499999999612686,2.549999997673016,2.549999879988485,2.5499948305703133,2.54982118407609,2.545325672881145,2.4666521741483365
24.0,2.55,2.55,2.55,2.55,2.55,2.55,2.55,2.55,2.55,2.55,2.55,2.55,2.54999999999999,2.549999999999212,2.549999999948221,2.5499999970196923,2.549999852715988,2.5499939195441703,2.5497983620737963,2.54494488532573,2.4634660815668683
25.0,2.55,2.55,2.55,2.55,2.55,2.55,2.55,2.55,2.55,2.55,2.55,2.55,2.549999999999985,2.5499999999989154,2.549999999931623,2.549999996222802,2.549999820815034,2.549992897538244,2.5497738072078406,2.544551936755201,2.4603118916712656
26.0,2.55,2.55,2.55,2.55,2.55,2.55,2.55,2.55,2.55,2.55,2.55,2.55,2.5499999999999785,2.5499999999985263,2.549999999910721,2.549999995258893,2.549999783748308,2.549991756742984,2.5497474753986578,2.544147103112424,2.4571891169389075
27.0,2.55,2.55,2.55,2.55,2.55,2.55,2.55,2.55,2.55,2.55,2.55,2.55,2.54999999999997,2.549999999998022,2.5499999998846423,2.5499999941019227,2.5499997409437176,2.54999048920464,2.5497193243502436,2.5437306547959495,2.454097278355357
28.0,2.55,2.55,2.55,2.55,2.55,2.55,2.55,2.55,2.55,2.55,2.55,2.55,2.5499999999999585,2.5499999999973744,2.5499999998523823,2.549999992723107,2.549999691794013,2.549989086835426,2.5496893135042416,2.5433028567702003,2.4510359052557478
29.0,2.55,2.55,2.55,2.55,2.55,2.55,2.55,2.55,2.55,2.55,2.55,2.55,2.5499999999999434,2.5499999999965506,2.5499999998127936,2.549999991090766,2.5499996356564667,2.549987541423352,2.5496574039950635,2.5428639686734757,2.448004535169228
30.0,2.55,2.55,2.55,2.55,2.55,2.55,2.55,2.55,2.55,2.55,2.55,2.55,2.5499999999999234,2.5499999999955114,2.549999999764571,2.5499999891701712,2.5499995718526045,2.549985844641736,2.5496235586060267,2.542414244923811,2.4450027136664074
31.0,2.55,2.55,2.55,2.55,2.55,2.55,2.55,2.55,2.55,2.55,2.55,2.5499999999999994,2.549999999999898,2.5499999999942116,2.5499999997062357,2.549999986923393,2.5499994996679822,2.549983988058399,2.549587741726479,2.541953934822731,2.4420299942097423
32.0,2.55,2.55,2.55,2.55,2.55,2.55,2.55,2.55,2.55,2.55,2.55,2.5499999999999985,2.5499999999998657,2.5499999999925973,2.5499999996361233,2.549999984309147,2.549999418352013,2.5499819631445595,2.5495499193098974,2.541483282656947,2.4390859380068135
33.0,2.55,2.55,2.55,2.55,2.55,2.55,2.55,2.55,2.55,2.55,2.55,2.5499999999999976,2.5499999999998244,2.549999999990608,2.549999999552366,2.5499999812826446,2.5499993271178387,2.5499797612834247,2.5495100588329365,2.5410025277980273,2.4361701138664293
34.0,2.55,2.55,2.55,2.55,2.55,2.55,2.55,2.55,2.55,2.55,2.55,2.5499999999999967,2.549999999999772,2.549999999988171,2.5499999994528766,2.549999977795439,2.549999225142244,2.5499773737784976,2.5494681292554078,2.5405119048000904,2.433282098057507
35.0,2.55,2.55,2.55,2.55,2.55,2.55,2.55,2.55,2.55,2.55,2.55,2.5499999999999954,2.5499999999997063,2.549999999985206,2.549999999335332,2.549999973795278,2.5499991115656138,2.549974791861599,2.549424100981171,2.540011643495551,2.430421474170676
36.0,2.55,2.55,2.55,2.55,2.55,2.55,2.55,2.55,2.55,2.55,2.55,2.5499999999999936,2.5499999999996246,2.549999999981619,2.549999999197156,2.549999969225953,2.5499989854919285,2.5499720067006177,2.5493779458199146,2.539501969088963,2.4275878329825455
37.0,2.55,2.55,2.55,2.55,2.55,2.55,2.55,2.55,2.55,2.55,2.55,2.5499999999999914,2.5499999999995233,2.5499999999773033,2.5499999990355002,2.5499999640271542,2.5499988459887986,2.5499690094069893,2.5493296369498113,2.5389831022489964,2.424780772322597
38.0,2.55,2.55,2.55,2.55,2.55,2.55,2.55,2.55,2.55,2.55,2.55,2.5499999999999887,2.549999999999399,2.549999999972139,2.5499999988472273,2.549999958134323,2.549998692087534,2.549965791042922,2.5492791488810256,2.5384552591985807,2.421999896942638
39.0,2.55,2.55,2.55,2.55,2.55,2.55,2.55,2.55,2.55,2.55,2.55,2.549999999999985,2.549999999999247,2.5499999999659893,2.549999998628889,2.5499999514785108,2.549998522783249,2.549962342628363,2.5492264574200605,2.5379186518032535,2.4192448183887705
40.0,2.55,2.55,2.55,2.55,2.55,2.55,2.55,2.55,2.55,2.55,2.55,2.549999999999981,2.5499999999990624,2.5499999999587013,2.5499999983767085,2.5499999439862338,2.5499983370350012,2.549958655147723,2.5491715396349197,2.5373734876577516,2.416515154875832
41.0,2.55,2.55,2.55,2.55,2.55,2.55,2.55,2.55,2.55,2.55,2.55,2.549999999999976,2.549999999998839,2.549999999950103,2.5499999980865597,2.549999935579336,2.5499981337659587,2.54995471955636,2.549114373821072,2.5368199701708773,2.413810531164251
42.0,2.55,2.55,2.55,2.55,2.55,2.55,2.55,2.55,2.55,2.55,2.55,2.549999999999969,2.54999999999857,2.5499999999400016,2.5499999977539463,2.5499999261748507,2.5499979118636,2.54995052678683,2.5490549394681983,2.5362582986486717,2.411130578439277
43.0,2.55,2.55,2.55,2.55,2.55,2.55,2.55,2.55,2.55,2.55,2.55,2.5499999999999616,2.5499999999982474,2.549999999928183,2.5499999973739804,2.549999915684866,2.549997670179942,2.549946067754912,2.548993217227706,2.5356886683759328,2.408474934192534
44.0,2.55,2.55,2.55,2.55,2.55,2.55,2.55,2.55,2.55,2.55,2.55,2.5499999999999523,2.549999999997863,2.549999999914409,2.5499999969413607,2.54999990401639,2.5499974075317953,2.5499413333654117,2.5489291888809955,2.5351112706961083,2.4058432421058558
45.0,2.55,2.55,2.55,2.55,2.55,2.55,2.55,2.55,2.55,2.55,2.55,2.5499999999999408,2.5499999999974063,2.549999999898416,2.5499999964503504,2.5499998910712236,2.5499971227010434,2.54993631451775,2.5488628373084596,2.5345262930895975,2.4032351519373556
46.0,2.55,2.55,2.55,2.55,2.55,2.55,2.55,2.55,2.55,2.55,2.55,2.5499999999999265,2.549999999996866,2.5499999998799114,2.549999995894755,2.549999876745831,2.5499968144349476,2.549931002111346,2.5487941464592003,2.5339339192504897,2.4006503194096873
47.0,2.55,2.55,2.55,2.55,2.55,2.55,2.55,2.55,2.55,2.55,2.55,2.5499999999999097,2.549999999996229,2.549999999858573,2.5499999952678976,2.549999860931216,2.549996481446476,2.5499253870507963,2.5487231013214524,2.5333343291617765,2.398088406100456
48.0,2.55,2.55,2.55,2.55,2.55,2.55,2.55,2.55,2.55,2.55,2.549999999999999,2.5499999999998892,2.5499999999954808,2.549999999834047,2.5499999945625977,2.5499998435127984,2.5499961224146537,2.549919460250853,2.5486496878936915,2.532727699169062,2.3955490793347343
49.0,2.55,2.55,2.55,2.55,2.55,2.55,2.55,2.55,2.55,2.55,2.549999999999998,2.549999999999865,2.5499999999946055,2.5499999998059435,2.5499999937711455,2.5499998243702975,2.549995735984932,2.5499132126412163,2.548573893156419,2.5321142020528042,2.393032012079644
50.0,2.55,2.55,2.55,2.55,2.55,2.55,2.55,2.55,2.55,2.55,2.549999999999997,2.549999999999836,2.549999999993585,2.5499999997738376,2.5499999928852786,2.549999803377614,2.5499953207695807,2.5499066351711375,2.548495705044601,2.5314940070991168,2.3905368828409648
51.0,2.55,2.55,2.55,2.55,2.55,2.55,2.55,2.55,2.55,2.55,2.5499999999999963,2.5499999999998018,2.549999999992399,2.549999999737264,2.5499999918961556,2.5499997804027177,2.549994875348095,2.549899718813841,2.548415112420758,2.5308672801691587,2.388063375561723
52.0,2.55,2.55,2.55,2.55,2.55,2.55,2.55,2.55,2.55,2.55,2.5499999999999954,2.549999999999761,2.5499999999910243,2.5499999996957152,2.5499999907943343,2.5499997553075384,2.549994398267624,2.54989245457077,2.548332105048679,2.5302341837671403,2.3856111795227295
53.0,2.55,2.55,2.55,2.55,2.55,2.55,2.55,2.55,2.55,2.55,2.549999999999994,2.549999999999713,2.5499999999894367,2.549999999648638,2.549999989569743,2.549999727947858,2.549993888043412,2.549884833475663,2.5482466735677565,2.529594877106974,2.3831799892450283
54.0,2.55,2.55,2.55,2.55,2.55,2.55,2.55,2.55,2.55,2.55,2.5499999999999923,2.5499999999996565,2.549999999987608,2.549999999595433,2.5499999882116575,2.5499996981732087,2.549993343159256,2.549876846598462,2.548158809467924,2.528949516177595,2.380769504394208
55.0,2.55,2.55,2.55,2.55,2.55,2.55,2.55,2.55,2.55,2.55,2.5499999999999905,2.549999999999591,2.5499999999855083,2.549999999535449,2.5499999867086736,2.5499996658267703,2.5499927620679803,2.5498684850490587,2.5480685050651846,2.5282982538069794,2.378379429686553
56.0,2.55,2.55,2.55,2.55,2.55,2.55,2.55,2.55,2.55,2.55,2.5499999999999883,2.5499999999995144,2.549999999983103,2.549999999467982,2.549999985048682,2.5499996307452757,2.5499921431919206,2.5498597399808878,2.5479757534777137,2.5276412397248884,2.3760094747969878
57.0,2.55,2.55,2.55,2.55,2.55,2.55,2.55,2.55,2.55,2.55,2.5499999999999856,2.5499999999994256,2.549999999980355,2.549999999392269,2.5499999832188407,2.549999592758916,2.549991484923424,2.549850602594362,2.5478805486025333,2.5269786206243596,2.3736593542687894
58.0,2.55,2.55,2.55,2.55,2.55,2.55,2.55,2.55,2.55,2.55,2.5499999999999825,2.5499999999993226,2.5499999999772234,2.5499999993074898,2.5499999812055503,2.5499995516912506,2.549990785625358,2.549841064140164,2.547782885092733,2.526310540221972,2.371328787425019
59.0,2.55,2.55,2.55,2.55,2.55,2.55,2.55,2.55,2.55,2.55,2.549999999999979,2.5499999999992036,2.549999999973663,2.549999999212759,2.5499999789944248,2.549999507359121,2.5499900436316323,2.5498311159223905,2.547682758335234,2.5256371393169097,2.3690174982816545
60.0,2.55,2.55,2.55,2.55,2.55,2.55,2.55,2.55,2.55,2.55,2.5499999999999745,2.5499999999990663,2.549999999969625,2.5499999991071243,2.549999976570267,2.5499994595725664,2.549989257247731,2.5498207493015603,2.5475801644290845,2.52495855584885,2.3667252154623784
61.0,2.55,2.55,2.55,2.55,2.55,2.55,2.55,2.55,2.55,2.55,2.5499999999999696,2.549999999998908,2.5499999999650553,2.549999998989563,2.549999973917039,2.549999408134744,2.5499884247512528,2.5498099556974836,2.5474751001642675,2.5242749249566843,2.364451673730762
62.0,2.55,2.55,2.55,2.55,2.55,2.55,2.55,2.55,2.55,2.55,2.549999999999964,2.5499999999987257,2.549999999959895,2.5499999988589788,2.549999971017838,2.5499993528418523,2.5499875443924576,2.5497987265920026,2.547367563001056,2.5235863790439432,2.36219661226581
63.0,2.55,2.55,2.55,2.55,2.55,2.55,2.55,2.55,2.55,2.55,2.549999999999957,2.5499999999985175,2.5499999999540806,2.549999998714196,2.5499999678548644,2.549999293483058,2.549986614394828,2.5497870535316003,2.547257551049866,2.522893047823123,2.3599597729840744
64.0,2.55,2.55,2.55,2.55,2.55,2.55,2.55,2.55,2.55,2.55,2.5499999999999496,2.5499999999982794,2.5499999999475427,2.5499999985539583,2.5499999644093982,2.549999229840427,2.549985632955629,2.549774928129892,2.547145063051546,2.5221950583671133,2.357740902085497
65.0,2.55,2.55,2.55,2.55,2.55,2.55,2.55,2.55,2.55,2.55,2.5499999999999403,2.5499999999980085,2.5499999999402054,2.549999998376922,2.5499999606617707,2.549999161688856,2.549984598246483,2.5497623420699886,2.5470300983581464,2.521492535161544,2.3555397499760122
66.0,2.55,2.55,2.55,2.55,2.55,2.55,2.55,2.55,2.55,2.55,2.54999999999993,2.5499999999977003,2.549999999931987,2.5499999981816557,2.5499999565913343,2.5499990887960133,2.549983508413941,2.5497492871067484,2.5469126569141456,2.520785600156094,2.3533560711916213
67.0,2.55,2.55,2.55,2.55,2.55,2.55,2.55,2.55,2.55,2.55,2.549999999999918,2.54999999999735,2.549999999922799,2.5499999979666312,2.549999952176437,2.549999010922275,2.5499823615800685,2.549735755068914,2.5467927392381338,2.5200743728147814,2.351189624323916
68.0,2.55,2.55,2.55,2.55,2.55,2.55,2.55,2.55,2.55,2.5499999999999994,2.5499999999999043,2.5499999999969534,2.549999999912545,2.5499999977302235,2.5499999473943946,2.5499989278206727,2.5499811558430294,2.5497217378611388,2.546670346404938,2.5193589701652406,2.349040171947015
69.0,2.55,2.55,2.55,2.55,2.55,2.55,2.55,2.55,2.55,2.5499999999999985,2.5499999999998884,2.5499999999965053,2.5499999999011216,2.549999997470704,2.549999942221462,2.5499988392368373,2.549979889277677,2.5497072274659076,2.5465454800281795,2.5186395068470286,2.346907480545889
70.0,2.55,2.55,2.55,2.55,2.55,2.55,2.55,2.55,2.55,2.5499999999999976,2.54999999999987,2.549999999995999,2.549999999888417,2.549999997186237,2.549999936632805,2.5499987449089536,2.5499785599361457,2.549692215945354,2.5464181422432572,2.517916095158965,2.344791320446051
71.0,2.55,2.55,2.55,2.55,2.55,2.55,2.55,2.55,2.55,2.5499999999999967,2.5499999999998493,2.549999999995429,2.5499999998743115,2.5499999968748743,2.5499999306024743,2.549998644567712,2.5499771658484507,2.5496766954429746,2.546288335690742,2.5171888451055304,2.342691465744574
72.0,2.55,2.55,2.55,2.55,2.55,2.55,2.55,2.55,2.55,2.549999999999996,2.5499999999998253,2.5499999999947884,2.549999999858675,2.549999996534551,2.5499999241033753,2.549998537936266,2.549975705023084,2.5496606581852506,2.546156063500178,2.5164578644423385,2.340607694242424
73.0,2.55,2.55,2.55,2.55,2.55,2.55,2.55,2.55,2.55,2.549999999999995,2.5499999999997986,2.5499999999940695,2.5499999998413685,2.549999996163081,2.5499999171072414,2.549998424730195,2.5499741754476166,2.549644096483172,2.546021329274279,2.515723258720707,2.338539787378072
74.0,2.55,2.55,2.55,2.55,2.55,2.55,2.55,2.55,2.55,2.549999999999994,2.549999999999768,2.549999999993264,2.5499999998222433,2.5499999957581516,2.5499999095846073,2.5499983046574646,2.5499725750893005,2.549627002733671,2.545884137073514,2.514985131331339,2.336487530162364
75.0,2.55,2.55,2.55,2.55,2.55,2.55,2.55,2.55,2.55,2.549999999999993,2.5499999999997334,2.549999999992363,2.549999999801139,2.5499999953173185,2.5499999015047794,2.549998177418399,2.5499709018956707,2.549609369420968,2.5457444914010687,2.5142435835471355,2.3344507111146244
76.0,2.55,2.55,2.55,2.55,2.55,2.55,2.55,2.55,2.55,2.5499999999999914,2.549999999999694,2.5499999999913565,2.549999999777884,2.5499999948380005,2.54999989283581,2.5499980427056483,2.5499691537951508,2.5495911891178293,2.545602397188179,2.513498714565156,2.3324291221999642
77.0,2.55,2.55,2.55,2.55,2.55,2.55,2.55,2.55,2.55,2.5499999999999896,2.549999999999649,2.5499999999902347,2.5499999997522957,2.549999994317476,2.5499998835444684,2.549997900204163,2.5499673286976554,2.5495724544867464,2.545457859779825,2.5127506215477458,2.330422558767781
78.0,2.55,2.55,2.55,2.55,2.55,2.55,2.55,2.55,2.55,2.549999999999988,2.549999999999599,2.5499999999889855,2.5499999997241782,2.549999993752875,2.5499998735962155,2.549997749591171,2.5499654244951944,2.549553158281029,2.5453108849207813,2.511999399662842,2.3284308194914143
79.0,2.55,2.55,2.55,2.55,2.55,2.55,2.55,2.55,2.55,2.549999999999986,2.5499999999995424,2.5499999999875973,2.5499999996933225,2.5499999931411748,2.5499998629551746,2.549997590536159,2.5499634390624757,2.549533293345826,2.5451614787420107,2.5112451421234816,2.3264537063089423
80.0,2.55,2.55,2.55,2.55,2.55,2.55,2.55,2.55,2.55,2.5499999999999834,2.549999999999479,2.5499999999860563,2.549999999659505,2.5499999924791963,2.5499998515841047,2.549997422700854,2.5499613702575066,2.549512852619066,2.545009647747397,2.510487940226523,2.324491024365094
81.0,2.55,2.55,2.55,2.55,2.55,2.55,2.55,2.55,2.55,2.5499999999999807,2.549999999999408,2.5499999999843483,2.549999999622489,2.549999991763596,2.549999839444375,2.5499972457392124,2.5499592159221955,2.5494918291323283,2.544855398800809,2.5097278833905974,2.3225425819542584
82.0,2.55,2.55,2.55,2.55,2.55,2.55,2.55,2.55,2.55,2.5499999999999776,2.5499999999993284,2.549999999982458,2.5499999995820213,2.5499999909908615,2.5499998264959363,2.5499970592974064,2.549956973882949,2.549470216011641,2.5446987391134868,2.5089650591933026,2.320608190464562
83.0,2.55,2.55,2.55,2.55,2.55,2.55,2.55,2.55,2.55,2.549999999999974,2.549999999999239,2.5499999999803684,2.549999999537833,2.5499999901573065,2.5499998126972963,2.549996863013819,2.54995464195127,2.5494480064782143,2.5445396762317456,2.5081995534076653,2.3186876643230034
84.0,2.55,2.55,2.55,2.55,2.55,2.55,2.55,2.55,2.55,2.54999999999997,2.5499999999991396,2.5499999999780623,2.5499999994896396,2.5499999892590632,2.5499997980054925,2.549996656519038,2.549952217924352,2.5494251938491033,2.544378218024986,2.507431450037872,2.3167808209416174
85.0,2.55,2.55,2.55,2.55,2.55,2.55,2.55,2.55,2.55,2.5499999999999656,2.549999999999028,2.54999999997552,2.5499999994371376,2.549999988292077,2.5499997823760654,2.5499964394358563,2.5499496995856696,2.549401771537809,2.5442143726740087,2.5066608313542944,2.3148874806646496
86.0,2.55,2.55,2.55,2.55,2.55,2.55,2.55,2.55,2.55,2.5499999999999607,2.5499999999989043,2.5499999999727203,2.549999999380005,2.5499999872521033,2.5499997657630336,2.54999621137927,2.5499470847055696,2.5493777330548193,2.544048148659622,2.5058877779278164,2.313007466716723
87.0,2.55,2.55,2.55,2.55,2.55,2.55,2.55,2.55,2.55,2.549999999999955,2.5499999999987666,2.549999999969642,2.549999999317902,2.549999986134696,2.5499997481188683,2.549995971956486,2.549944371041854,2.549353072008088,2.5438795547515407,2.50511236866348,2.3111406051519783
88.0,2.55,2.55,2.55,2.55,2.55,2.55,2.55,2.55,2.55,2.5499999999999488,2.5499999999986134,2.54999999996626,2.549999999250467,2.5499999849352064,2.549999729394467,2.5499957207669266,2.5499415563403653,2.549327782103455,2.5437085999975637,2.5043346808334666,2.309286724804166
89.0,2.55,2.55,2.55,2.55,2.55,2.55,2.55,2.55,2.55,2.5499999999999416,2.5499999999984433,2.5499999999625502,2.5499999991773192,2.5499999836487746,2.5499997095391294,2.549995457402241,2.5499386383355622,2.5493018571450152,2.5435352937130293,2.503554790109418,2.307445657237673
90.0,2.55,2.55,2.55,2.55,2.55,2.55,2.55,2.55,2.55,2.5499999999999337,2.5499999999982546,2.5499999999584846,2.549999999098055,2.549999982270324,2.5499996885005314,2.549995181446316,2.549935614751096,2.54927529103543,2.543359645470539,2.5027727705941225,2.305617236699465
91.0,2.55,2.55,2.55,2.55,2.55,2.55,2.55,2.55,2.55,2.5499999999999248,2.549999999998046,2.5499999999540344,2.5499999990122486,2.549999980794554,2.5499996662247013,2.549994892475293,2.5499324833003802,2.5492480777761872,2.5431816650899446,2.5019886948525647,2.30380130007193
92.0,2.55,2.55,2.55,2.55,2.55,2.55,2.55,2.55,2.55,2.5499999999999146,2.5499999999978153,2.5499999999491685,2.5499999989194504,2.549999979215936,2.549999642655996,2.549994590057584,2.549929241687159,2.5492202114678113,2.543001362628593,2.501202633942367,2.3019976868265997
93.0,2.55,2.55,2.55,2.55,2.55,2.55,2.55,2.55,2.549999999999999,2.5499999999999035,2.5499999999975604,2.5499999999438536,2.5499999988191853,2.549999977528704,2.5499996177370767,2.5499942737538928,2.549925887606065,2.5491916863100275,2.542818748371823,2.5004146574436232,2.300206238978737
94.0,2.55,2.55,2.55,2.55,2.55,2.55,2.55,2.55,2.549999999999998,2.549999999999891,2.5499999999972793,2.5499999999380543,2.5499999987109545,2.549999975726849,2.5499995914088838,2.549993943117238,2.54992241874318,2.549162496601875,2.542633832823705,2.4996248334881415,2.2984268010427686
95.0,2.55,2.55,2.55,2.55,2.55,2.55,2.55,2.55,2.549999999999997,2.5499999999998773,2.54999999999697,2.549999999931733,2.54999999859423,2.549999973804115,2.5499995636106156,2.549993597692978,2.5499188327765854,2.5491326367417795,2.5424466266980237,2.498833228788107,2.296659219988549
96.0,2.55,2.55,2.55,2.55,2.55,2.55,2.55,2.55,2.5499999999999963,2.5499999999998617,2.5499999999966296,2.5499999999248497,2.5499999984684587,2.549999971753987,2.5499995342797046,2.5499932370188385,2.5499151273769094,2.5491021012275765,2.5422571409094936,2.4980399086641776,2.29490334519844
97.0,2.55,2.55,2.55,2.55,2.55,2.55,2.55,2.55,2.5499999999999954,2.5499999999998444,2.5499999999962557,2.549999999917362,2.549999998333057,2.549999969569691,2.549999503351795,2.549992860624944,2.5499113002078695,2.5490708846565013,2.542065386565205,2.4972449370730225,2.2931590284251864
98.0,2.55,2.55,2.55,2.55,2.55,2.55,2.55,2.55,2.5499999999999945,2.5499999999998253,2.549999999995845,2.549999999909225,2.5499999981874115,2.549999967244181,2.5499994707607203,2.549992468033848,2.5499073489268085,2.5490389817251304,2.541871374956295,2.496448376634316,2.2914261237505746
99.0,2.55,2.55,2.55,2.55,2.55,2.55,2.55,2.55,2.5499999999999936,2.5499999999998044,2.549999999995394,2.5499999999003897,2.5499999980308794,2.549999964770136,2.5499994364384806,2.5499920587605702,2.549903271185226,2.5490063872292894,2.541675117549832,2.495650288657195,2.289704487544862
100.0,2.55,2.55,2.55,2.55,2.55,2.55,2.55,2.55,2.5499999999999927,2.549999999999781,2.5499999999949003,2.549999999890806,2.549999997862784,2.5499999621399523,2.5499994003152224,2.5499916323126315,2.549899064629303,2.5489730960639214,2.5414766259809216,2.4948507331661935,2.2879939784269583
101.0,2.55,2.55,2.55,2.55,2.55,2.55,2.55,2.55,2.549999999999992,2.549999999999755,2.54999999999436,2.5499999998804195,2.5499999976824164,2.5499999593457368,2.5499993623192165,2.5499911881900945,2.549894726900424,2.5489391032229203,2.5412759120450152,2.494049768926665,2.2862944572253405
102.0,2.55,2.55,2.55,2.55,2.55,2.55,2.55,2.55,2.549999999999991,2.5499999999997267,2.549999999993769,2.549999999869173,2.549999997489033,2.549999956379299,2.5499993223768374,2.5499907258856043,2.5498902556356873,2.5489044037989292,2.5410729876904266,2.4932474534696984,2.2846057869396987
103.0,2.55,2.55,2.55,2.55,2.55,2.55,2.55,2.55,2.549999999999989,2.5499999999996956,2.549999999993123,2.5499999998570058,2.549999997281854,2.549999953232145,2.549999280412543,2.5499902448844325,2.5498856484684165,2.5488689929831057,2.540867865011045,2.4924438431165457,2.2829278327032876
104.0,2.55,2.55,2.55,2.55,2.55,2.55,2.55,2.55,2.5499999999999874,2.549999999999661,2.5499999999924183,2.549999999843853,2.549999997060064,2.54999994989547,2.549999236348855,2.5499897446645217,2.5498809030286607,2.5488328660648545,2.540660556239246,2.4916389930025606,2.281260461745975
105.0,2.55,2.55,2.55,2.55,2.55,2.55,2.55,2.55,2.5499999999999856,2.549999999999623,2.5499999999916496,2.549999999829648,2.549999996822808,2.549999946360152,2.5499991901063375,2.549989224696534,2.5498760169436894,2.5487960184315313,2.54045107373899,2.4908329571006695,2.279603543357974
106.0,2.55,2.55,2.55,2.55,2.55,2.55,2.55,2.55,2.549999999999984,2.549999999999581,2.549999999990812,2.5499999998143186,2.549999996569192,2.549999942616744,2.5499991416035805,2.5499886844438997,2.549870987838484,2.5487584455681156,2.5402394299991085,2.490025788244375,2.2779569488542433
107.0,2.55,2.55,2.55,2.55,2.55,2.55,2.55,2.55,2.549999999999982,2.549999999999535,2.5499999999899003,2.5499999997977887,2.549999996298282,2.5499999386554664,2.549999090757179,2.549988123362869,2.5498658133362206,2.5487201430568565,2.5400256376267705,2.4892175381503034,2.2763205515395444
108.0,2.55,2.55,2.55,2.55,2.55,2.55,2.55,2.55,2.5499999999999794,2.5499999999994847,2.5499999999889087,2.549999999779979,2.5499999960091007,2.5499999344662014,2.549999037481714,2.549987540902565,2.549860491058746,2.5486811065768884,2.539809709341127,2.4884082574403106,2.2746942266741446
109.0,2.55,2.55,2.55,2.55,2.55,2.55,2.55,2.55,2.5499999999999767,2.549999999999429,2.5499999999878313,2.549999999760805,2.5499999957006287,2.5499999300384837,2.5499989816897384,2.549986936505039,2.5498550186270483,2.548641331903826,2.5395916579671307,2.4875979956631484,2.2730778514401484
110.0,2.55,2.55,2.55,2.55,2.55,2.55,2.55,2.55,2.549999999999974,2.5499999999993683,2.5499999999866616,2.549999999740178,2.5499999953718,2.5499999253614964,2.5499989232917546,2.549986309605326,2.549849393661723,2.5486008149093307,2.5393714964295193,2.4867868013157035,2.2714713049084514
111.0,2.55,2.55,2.55,2.55,2.55,2.55,2.55,2.55,2.5499999999999705,2.549999999999302,2.549999999985393,2.5499999997180045,2.5499999950215044,2.5499999204240598,2.5499988621962006,2.5499856596315054,2.549843613783427,2.5485595515606527,2.53914923774697,2.485974721863816,2.269874468006297
112.0,2.55,2.55,2.55,2.55,2.55,2.55,2.55,2.55,2.549999999999967,2.5499999999992298,2.549999999984018,2.549999999694186,2.5499999946485823,2.5499999152146278,2.549998798309432,2.5499849860047585,2.5498376766133326,2.5485175379201537,2.5389248950264136,2.485161803762688,2.268287223485435
113.0,2.55,2.55,2.55,2.55,2.55,2.55,2.55,2.55,2.5499999999999634,2.5499999999991507,2.5499999999825285,2.5499999996686182,2.549999994251826,2.549999909721278,2.5499987315357058,2.549984288139432,2.5498315797735707,2.5484747701448045,2.538698481457503,2.48434809247689,2.2667094558908585
114.0,2.55,2.55,2.55,2.55,2.55,2.55,2.55,2.55,2.549999999999959,2.549999999999064,2.549999999980917,2.5499999996411926,2.549999993829976,2.5499999039317056,2.549998661777166,2.549983565443101,2.549825320887668,2.5484312444856645,2.538470010307241,2.4835336324999697,2.2651410515301182
115.0,2.55,2.55,2.55,2.55,2.55,2.55,2.55,2.55,2.5499999999999545,2.5499999999989695,2.5499999999791743,2.549999999611795,2.5499999933817223,2.5499998978332163,2.5499985889338257,2.549982817316632,2.5498188975809777,2.5483869572873386,2.538239494914755,2.4827184673736764,2.2635818984431966
116.0,2.55,2.55,2.55,2.55,2.55,2.55,2.55,2.55,2.549999999999949,2.549999999998867,2.5499999999772913,2.549999999580304,2.5499999929057005,2.549999891412718,2.549998512903555,2.549982043154252,2.549812307481105,2.548341904987417,2.538006948686218,2.4819026397068056,2.2620318863729314
117.0,2.55,2.55,2.55,2.55,2.55,2.55,2.55,2.55,2.5499999999999434,2.5499999999987546,2.549999999975258,2.549999999546594,2.54999999240049,2.5499998846567147,2.549998433582064,2.549981242343614,2.5498055482183237,2.5482960841158993,2.5377723850899145,2.48108619119367,2.260490906735985
118.0,2.55,2.55,2.55,2.55,2.55,2.55,2.55,2.55,2.549999999999937,2.549999999998633,2.549999999973064,2.5499999995105327,2.549999991864615,2.5499998775512984,2.5499983508628907,2.5499804142658666,2.5497986174259863,2.5482494912945945,2.5375358176514475,2.4802691626322093,2.258958852594337
119.0,2.55,2.55,2.55,2.55,2.55,2.55,2.55,2.55,2.54999999999993,2.5499999999985006,2.549999999970699,2.5499999994719804,2.5499999912965405,2.549999870082142,2.549998264637387,2.549979558295724,2.54979151274093,2.548202123236513,2.5372972599490797,2.4794515939417403,2.257435618627305
120.0,2.55,2.55,2.55,2.55,2.55,2.55,2.55,2.55,2.5499999999999226,2.5499999999983562,2.5499999999681506,2.5499999994307916,2.5499999906946718,2.5499998622344906,2.5499981747947045,2.5499786738015384,2.5497842318038715,2.548153976745236,2.537056725609207,2.4786335241803585,2.255921101104067
121.0,2.55,2.55,2.55,2.55,2.55,2.55,2.55,2.55,2.5499999999999146,2.5499999999982,2.549999999965407,2.549999999386813,2.5499999900573522,2.5499998539931568,2.5499980812217835,2.5499777601453726,2.5497767722597993,2.5481050487142762,2.5368142283019677,2.4778149915613463,2.2544151973180773
122.0,2.55,2.55,2.55,2.55,2.55,2.55,2.55,2.549999999999999,2.5499999999999057,2.5499999999980303,2.549999999962455,2.549999999339885,2.549999989382862,2.5499998453425117,2.549997983803339,2.549976816683073,2.5497691317583557,2.5480553361264193,2.5365697817369597,2.4769960334666847,2.2529178061079502
123.0,2.55,2.55,2.55,2.55,2.55,2.55,2.55,2.549999999999998,2.549999999999896,2.5499999999978464,2.5499999999592813,2.5499999992898403,2.549999988669416,2.5499998362664775,2.549997882421852,2.549975842764347,2.549761307954216,2.548004836053056,2.536323399659086,2.4761766864667663,2.2514288283640775
124.0,2.55,2.55,2.55,2.55,2.55,2.55,2.55,2.549999999999997,2.5499999999998852,2.549999999997647,2.549999999955871,2.5499999992365034,2.5499999879151627,2.54999982674852,2.549997776957555,2.5499748377328366,2.5497532985074556,2.5479535456534994,2.5360750958445344,2.475356986337113,2.2499481664615466
125.0,2.55,2.55,2.55,2.55,2.55,2.55,2.55,2.5499999999999963,2.5499999999998737,2.549999999997431,2.54999999995221,2.5499999991796907,2.5499999871181824,2.5499998167716424,2.549997667288423,2.549973800926198,2.5497451010839156,2.547901462174292,2.535824884096873,2.4745369680741294,2.2484757242350786
126.0,2.55,2.55,2.55,2.55,2.55,2.55,2.55,2.5499999999999954,2.549999999999861,2.549999999997198,2.549999999948281,2.549999999119211,2.5499999862764846,2.549999806318377,2.5499975532901633,2.5499727316761778,2.5497367133555593,2.547848582948501,2.5355727782432638,2.4737166659105414,2.24701140695442
127.0,2.55,2.55,2.55,2.55,2.55,2.55,2.55,2.5499999999999945,2.549999999999847,2.5499999999969463,2.549999999944068,2.549999999054864,2.549999985388007,2.5499997953707783,2.5499974348362047,2.5499716293086947,2.54972813300082,2.5477949053950026,2.5353187921307887,2.4728961133305356,2.24555512130018
128.0,2.55,2.55,2.55,2.55,2.55,2.55,2.55,2.5499999999999936,2.549999999999832,2.5499999999966736,2.5499999999395526,2.54999999898644,2.549999984450614,2.5499997839104154,2.549997311797689,2.5499704931439195,2.5497193577049466,2.5477404270177573,2.535062939622883,2.4720753430845988,2.2441067753401054
129.0,2.55,2.55,2.55,2.55,2.55,2.55,2.55,2.5499999999999927,2.5499999999998155,2.5499999999963796,2.5499999999347165,2.5499999989137216,2.5499999834620937,2.5499997719183654,2.549997184043461,2.5499693224963536,2.5497103851603384,2.5476851454050755,2.534805234595879,2.4712543872040644,2.242666278505784
130.0,2.55,2.55,2.55,2.55,2.55,2.55,2.55,2.549999999999992,2.5499999999997973,2.5499999999960625,2.5499999999295397,2.5499999988364803,2.549999982420157,2.5499997593752046,2.5499970514400627,2.549968116674914,2.5497012130668764,2.5476290582288756,2.5345456909356527,2.4704332770153745,2.2412335415697693
131.0,2.55,2.55,2.55,2.55,2.55,2.55,2.55,2.549999999999991,2.549999999999778,2.5499999999957206,2.5499999999240015,2.549999998754479,2.5499999813224354,2.549999746261004,2.5499969138517216,2.549966874983015,2.5496918391322443,2.547572163243933,2.534284322534374,2.469612043154061,2.2398084766231157
132.0,2.55,2.55,2.55,2.55,2.55,2.55,2.55,2.54999999999999,2.5499999999997573,2.5499999999953524,2.54999999991808,2.5499999986674697,2.5499999801664797,2.5499997325553183,2.5499967711403464,2.549965596718652,2.549682261072247,2.547514458287122,2.534021143287354,2.468790715578451,2.2383909970533225
133.0,2.55,2.55,2.55,2.55,2.55,2.55,2.55,2.549999999999989,2.5499999999997347,2.549999999994956,2.549999999911753,2.5499999985751938,2.5499999789497574,2.549999718237182,2.549996623165518,2.549964281174486,2.54967247661112,2.54745594127665,2.5337561670899946,2.4679693235831057,2.2369810175226705
134.0,2.55,2.55,2.55,2.55,2.55,2.55,2.55,2.549999999999988,2.54999999999971,2.549999999994529,2.5499999999049963,2.5499999984773827,2.5499999776696507,2.549999703285101,2.549996469784485,2.5499629276379276,2.5496624834818324,2.547396610211288,2.5334894078348262,2.4671478958119906,2.2355784539469528
135.0,2.55,2.55,2.55,2.55,2.55,2.55,2.55,2.549999999999986,2.5499999999996827,2.5499999999940703,2.549999999897784,2.5499999983737562,2.5499999763234547,2.549999687677046,2.5499963108521544,2.549961535391225,2.549652279426384,2.5473364631695916,2.5332208794086437,2.46632646027139,2.234183223474584
136.0,2.55,2.55,2.55,2.55,2.55,2.55,2.55,2.5499999999999843,2.549999999999654,2.5499999999935774,2.54999999989009,2.5499999982640227,2.549999974908376,2.549999671390444,2.5499961462210896,2.5499601037115474,2.5496418621960957,2.5472754983091193,2.5329505956897305,2.4655050443425672,2.232795244466086
137.0,2.55,2.55,2.55,2.55,2.55,2.55,2.55,2.5499999999999825,2.5499999999996223,2.5499999999930476,2.5499999998818867,2.5499999981478783,2.54999997342153,2.5499996544021712,2.5499959757415023,2.5499586318710747,2.549631229551894,2.547213713865645,2.532678570545171,2.4646836747941774,2.231414436473943
138.0,2.55,2.55,2.55,2.55,2.55,2.55,2.55,2.5499999999999807,2.549999999999588,2.549999999992479,2.5499999998731453,2.5499999980250077,2.54999997185994,2.54999963668855,2.54999579926125,2.5499571191370833,2.5496203792645886,2.5471511081523666,2.532404817828248,2.463862377794432,2.2300407202228163
139.0,2.55,2.55,2.55,2.55,2.55,2.55,2.55,2.549999999999979,2.5499999999995513,2.549999999991869,2.549999999863835,2.5499999978950822,2.5499999702205343,2.5499996182253355,2.549995616625831,2.5499555647720347,2.5496093091151426,2.5470876795591098,2.5321293513759264,2.4630411789230315,2.228674017590112
140.0,2.55,2.55,2.55,2.55,2.55,2.55,2.55,2.5499999999999767,2.5499999999995113,2.5499999999912153,2.5499999998539242,2.549999997757761,2.5499999685001424,2.5499995989877142,2.5499954276783794,2.5499539680336634,2.5495980168949384,2.547023426551528,2.531852185006417,2.4622201031828572,2.2273142515868973
141.0,2.55,2.55,2.55,2.55,2.55,2.55,2.55,2.549999999999974,2.5499999999994687,2.549999999990515,2.5499999998433793,2.5499999976126895,2.549999966695497,2.549999578950294,2.5499952322596644,2.549952328175067,2.5495865004060363,2.546958347670302,2.5315733325168197,2.461399175011438,2.2259613463391603
142.0,2.55,2.55,2.55,2.55,2.55,2.55,2.55,2.5499999999999714,2.5499999999994225,2.549999999989765,2.5499999998321656,2.549999997459499,2.5499999648032294,2.5499995580870984,2.549995030208084,2.5499506444447944,2.5495747574614276,2.5468924415303316,2.531292807680845,2.4605784182921893,2.2246152270693993
143.0,2.55,2.55,2.55,2.55,2.55,2.55,2.55,2.5499999999999687,2.5499999999993728,2.5499999999889615,2.5499999998202463,2.549999997297808,2.5499999628198666,2.549999536371559,2.549994821359666,2.549948916086936,2.54956278588528,2.546825706819931,2.531010624246614,2.4597578563654343,2.2232758200785447
144.0,2.55,2.55,2.55,2.55,2.55,2.55,2.55,2.5499999999999656,2.549999999999319,2.5499999999881022,2.5499999998075835,2.5499999971272187,2.5499999607418316,2.549999513776508,2.549994605548064,2.5499471423412143,2.5495505835131773,2.546758142300019,2.5307267959345268,2.4589375120392063,2.221943052728201
145.0,2.55,2.55,2.55,2.55,2.55,2.55,2.55,2.549999999999962,2.5499999999992613,2.5499999999871834,2.549999999794137,2.5499999969473195,2.5499999585654396,2.5499994902741756,2.5499943826045564,2.549945322443073,2.5495381481923567,2.5466897468033056,2.530441336435208,2.458117407599841,2.2206168534232047
146.0,2.55,2.55,2.55,2.55,2.55,2.55,2.55,2.5499999999999585,2.549999999999199,2.5499999999862015,2.5499999997798652,2.549999996757683,2.549999956286896,2.549999465836178,2.5499941523580447,2.5499434556237683,2.549525477781933,2.5466205192334828,2.5301542594075204,2.4572975648223596,2.2192971515944926
147.0,2.55,2.55,2.55,2.55,2.55,2.55,2.55,2.5499999999999545,2.549999999999132,2.549999999985153,2.5499999997647245,2.5499999965578666,2.549999953902295,2.5499994404335142,2.5499939146350545,2.5499415411104605,2.549512570153124,2.5465504585644094,2.529865578476649,2.4564780049806507,2.2179838776822742
148.0,2.55,2.55,2.55,2.55,2.55,2.55,2.55,2.54999999999995,2.5499999999990597,2.5499999999840335,2.5499999997486693,2.549999996347411,2.5499999514076173,2.5499994140365567,2.549993669259734,2.549939578126304,2.549499423189465,2.5464795638392985,2.529575307232248,2.4556587488574504,2.216676963119503
149.0,2.55,2.55,2.55,2.55,2.55,2.55,2.55,2.5499999999999456,2.549999999998982,2.549999999982839,2.5499999997316523,2.5499999961258397,2.5499999487987273,2.549999386615048,2.5499934160538538,2.549937565890539,2.5494860347870207,2.5464078341699024,2.5292834592266584,2.4548398167541268,2.215376340315642
150.0,2.55,2.55,2.55,2.55,2.55,2.55,2.55,2.5499999999999403,2.549999999998899,2.5499999999815643,2.549999999713624,2.5499999958926605,2.5499999460713707,2.549999358138092,2.5499931548368093,2.5499355036185842,2.549472402854589,2.5463352687357,2.5289900479731844,2.454021228500275,2.214081942640714
151.0,2.55,2.55,2.55,2.55,2.55,2.55,2.55,2.549999999999935,2.5499999999988097,2.549999999980206,2.549999999694533,2.549999995647363,2.549999943221174,2.549999328574149,2.5499928854256204,2.549933390522126,2.5494585253139004,2.5462618667830816,2.5286950869444342,2.453203003463123,2.212793704409635
152.0,2.55,2.55,2.55,2.55,2.55,2.55,2.55,2.549999999999929,2.5499999999987137,2.5499999999787586,2.5499999996743252,2.549999995389418,2.549999940243641,2.5499992978910275,2.549992607634933,2.549931225809212,2.5494444000998118,2.546187627624538,2.5283985895707217,2.45238516055675,2.2115115608668248
153.0,2.55,2.55,2.55,2.55,2.55,2.55,2.55,2.549999999999923,2.5499999999986116,2.549999999977217,2.5499999996529445,2.549999995118279,2.549999937134149,2.54999926605588,2.549992321277023,2.549929008684343,2.5494300251604947,2.546112550637846,2.5281005692385246,2.451567718251132,2.2102354481710913
154.0,2.55,2.55,2.55,2.55,2.55,2.55,2.55,2.549999999999916,2.5499999999985015,2.5499999999755762,2.5499999996303324,2.5499999948333802,2.549999933887951,2.5499992330351953,2.549992026161794,2.5499267383485633,2.549415398457615,2.54603663526526,2.5278010392890016,2.4507506945810014,2.208965303380776
155.0,2.55,2.55,2.55,2.55,2.55,2.55,2.549999999999999,2.549999999999909,2.549999999998384,2.5499999999738305,2.5499999996064284,2.549999994534136,2.549999930500168,2.5499991987947923,2.549991722096787,2.549924413999554,2.5494005179665136,2.545959881012701,2.527500013016567,2.4499341071545393,2.207701064439168
156.0,2.55,2.55,2.55,2.55,2.55,2.55,2.549999999999998,2.549999999999901,2.549999999998258,2.5499999999719742,2.549999999581168,2.5499999942199407,2.549999926965792,2.549999163299815,2.549991408887177,2.549922034831724,2.549385381676375,2.545882287448948,2.527197503667514,2.4491179731618957,2.2064426701601683
157.0,2.55,2.55,2.55,2.55,2.55,2.55,2.549999999999997,2.5499999999998924,2.5499999999981235,2.5499999999700007,2.549999999554487,2.549999993890169,2.549999923279679,2.5499991265147264,2.5499910863357798,2.549919600036303,2.5493699875903943,2.5458038542048347,2.5268935244386994,2.448302309383542,2.20519006021421
158.0,2.55,2.55,2.55,2.55,2.55,2.55,2.5499999999999963,2.549999999999883,2.549999999997979,2.5499999999679037,2.549999999526315,2.549999993544174,2.5499999194365506,2.549999088403301,2.549990754243056,2.549917108801431,2.549354333725938,2.5457245809724434,2.526588088476272,2.447487132198461,2.2039431751144267
159.0,2.55,2.55,2.55,2.55,2.55,2.55,2.5499999999999954,2.5499999999998733,2.549999999997825,2.5499999999656766,2.549999999496582,2.549999993181288,2.549999915430989,2.54999904892862,2.5499904124071153,2.5499145603122533,2.549338418114699,2.5456444675043044,2.526281208874457,2.446672457592178,2.2027019562030583
160.0,2.55,2.55,2.55,2.55,2.55,2.55,2.5499999999999945,2.5499999999998626,2.549999999997661,2.549999999963312,2.5499999994652134,2.5499999928008203,2.5499999112574354,2.549999008053066,2.5499900606237205,2.549911953751008,2.5493222388028483,2.545563513612597,2.525972898674386,2.4458583011646318,2.2014663456381016
161.0,2.55,2.55,2.55,2.55,2.55,2.55,2.5499999999999936,2.549999999999851,2.549999999997485,2.5499999999608027,2.549999999432132,2.549999992402059,2.5499999069101893,2.5499989657383155,2.549989698686293,2.549909288297123,2.5493057938511785,2.5454817191683534,2.5256631708629773,2.445044678137895,2.2002362863801888
162.0,2.55,2.55,2.55,2.55,2.55,2.55,2.5499999999999927,2.5499999999998386,2.549999999997297,2.549999999958141,2.5499999993972575,2.5499999919842677,2.5499999023834037,2.5499989219453356,2.549989326385918,2.5499065631273012,2.549289081335246,2.5453990841006653,2.52535203837186,2.444231603363739,2.1990117221797
163.0,2.55,2.55,2.55,2.55,2.55,2.55,2.549999999999992,2.5499999999998253,2.549999999997097,2.5499999999553187,2.5499999993605065,2.549999991546687,2.5499998976710843,2.5499988766343766,2.5499889435113525,2.5499037774156155,2.549272099345504,2.5453156083958928,2.525039514076347,2.443419091331056,2.1977925975640997
164.0,2.55,2.55,2.55,2.55,2.55,2.55,2.549999999999991,2.549999999999811,2.5499999999968836,2.5499999999523277,2.5499999993217934,2.5499999910885345,2.5499998927670866,2.5499988297649665,2.549988549849029,2.5499009303335995,2.549254845987435,2.545231292096879,2.5247256107944467,2.4426071561731337,2.1965788578254912
165.0,2.55,2.55,2.55,2.55,2.55,2.55,2.54999999999999,2.549999999999796,2.5499999999966563,2.549999999949159,2.549999999281028,2.549999990609002,2.549999887665115,2.5499987812959066,2.5499881451830637,2.5498980210503372,2.5492373193816746,2.545146135302166,2.524410341285924,2.441795811674786,2.1953704490083927
166.0,2.55,2.55,2.55,2.55,2.55,2.55,2.549999999999989,2.5499999999997796,2.5499999999964142,2.5499999999458036,2.549999999238117,2.5499999901072568,2.5499998823587164,2.5499987311852657,2.5499877292952635,2.5498950487325542,2.5492195176641332,2.5450601381652143,2.524093718251398,2.440985071279348,2.194167317897723
167.0,2.55,2.55,2.55,2.55,2.55,2.55,2.5499999999999883,2.5499999999997622,2.5499999999961562,2.549999999942252,2.5499999991929636,2.549999989582439,2.5499998768412837,2.5499986793903737,2.5499873019651327,2.5498920125447078,2.549201438986113,2.544973300893628,2.5237757543314845,2.4401749480955304,2.192969412006997
168.0,2.55,2.55,2.55,2.55,2.55,2.55,2.5499999999999874,2.5499999999997436,2.549999999995882,2.5499999999384935,2.5499999991454683,2.549999989033663,2.5499998711060488,2.549998625867818,2.5499868629698814,2.549888911649077,2.549183081514416,2.5448856237483817,2.523456462105974,2.439365454904143,2.1917766795667286
169.0,2.55,2.55,2.55,2.55,2.55,2.55,2.5499999999999865,2.5499999999997236,2.5499999999955896,2.549999999934518,2.5499999990955264,2.549999988460018,2.5499998651460816,2.5499985705734374,2.549986412084434,2.549885745205851,2.549164443431455,2.5447971070430526,2.523135854093051,2.438556604164685,2.1905890695130306
170.0,2.55,2.55,2.55,2.55,2.55,2.55,2.5499999999999847,2.5499999999997023,2.549999999995279,2.5499999999303147,2.549999999043031,2.549999987860563,2.5499998589542883,2.5499985134623175,2.5499859490814374,2.549882512373222,2.5491455229353517,2.5447077511430565,2.522813942748551,2.437748408021809,2.189406531476417
171.0,2.55,2.55,2.55,2.55,2.55,2.55,2.549999999999983,2.5499999999996796,2.5499999999949488,2.549999999925872,2.5499999989878703,2.5499999872343295,2.549999852523408,2.5499984544887853,2.549985473731269,2.5498792123074705,2.549126318240039,2.5446175564648885,2.5224907404652512,2.4369408783116535,2.188229015770796
172.0,2.55,2.55,2.55,2.55,2.55,2.55,2.549999999999981,2.549999999999655,2.549999999994598,2.5499999999211784,2.5499999989299282,2.549999986580322,2.5499998458460116,2.549998393606405,2.549984985802047,2.5498758441630565,2.5491068275753506,2.5445265234753673,2.5221662595722014,2.436134026568059,2.1870564733826536
173.0,2.55,2.55,2.55,2.55,2.55,2.55,2.5499999999999794,2.549999999999629,2.5499999999942253,2.5499999999162215,2.5499999988690853,2.5499999858975135,2.549999838914498,2.5499983307679717,2.5499844850596403,2.549872407092706,2.5490870491871114,2.544434652690885,2.521840512334084,2.435327864028656,2.1858888559604277
174.0,2.55,2.55,2.55,2.55,2.55,2.55,2.5499999999999776,2.549999999999601,2.5499999999938296,2.549999999910988,2.5499999988052173,2.5499999851848485,2.5499998317210926,2.549998265925509,2.549983971267677,2.549868900247501,2.549066981337222,2.544341944676662,2.5215135109506126,2.4345224016408396,2.1847261158040605
175.0,2.55,2.55,2.55,2.55,2.55,2.55,2.549999999999976,2.5499999999995713,2.5499999999934095,2.5499999999054648,2.549999998738196,2.54999998444124,2.5499998242578443,2.549998199030263,2.5499834441875557,2.5498653227769665,2.5490466223037407,2.544248400046002,2.5211852675559587,2.433717650067621,2.183568205854735
176.0,2.55,2.55,2.55,2.55,2.55,2.55,2.549999999999974,2.5499999999995397,2.5499999999929637,2.5499999998996374,2.549999998667888,2.5499999836655705,2.5499998165166233,2.549998130032696,2.549982903578455,2.549861673829156,2.549025970380958,2.544154019459561,2.520855794218215,2.4329136196933723,2.182415079684789
177.0,2.55,2.55,2.55,2.55,2.55,2.55,2.5499999999999714,2.5499999999995056,2.5499999999924907,2.5499999998934917,2.5499999985941564,2.549999982856689,2.5499998084891193,2.549998058882487,2.549982349197346,2.5498579525507408,2.549005023879471,2.5440588036246115,2.520525102938885,2.432110320629453,2.181266691487798
178.0,2.55,2.55,2.55,2.55,2.55,2.55,2.5499999999999687,2.5499999999994696,2.5499999999919893,2.5499999998870124,2.5499999985168587,2.5499999820134143,2.5499998001668387,2.5499979855285204,2.5499817807990017,2.5498541580870944,2.5489837811262497,2.5439627532943185,2.520193205652408,2.43130776271973,2.180122996068832
179.0,2.55,2.55,2.55,2.55,2.55,2.55,2.549999999999966,2.549999999999431,2.5499999999914578,2.5499999998801846,2.5499999984358475,2.5499999811345306,2.5499997915411017,2.549997909918889,2.5499811981360097,2.5498502895823787,2.5489622404647028,2.5438658692670173,2.5198601142257067,2.4305059555459883,2.178983948834882
180.0,2.55,2.55,2.55,2.55,2.55,2.55,2.5499999999999634,2.54999999999939,2.5499999999908947,2.5499999998729908,2.5499999983509714,2.549999980218788,2.5499997826030403,2.5499978320008836,2.5499806009587833,2.549846346179631,2.548940400254737,2.5437681523854985,2.5195258404577685,2.4297049084332376,2.1778495057854435
181.0,2.55,2.55,2.55,2.55,2.55,2.55,2.5499999999999607,2.5499999999993466,2.5499999999902982,2.5499999998654146,2.5499999982620727,2.5499999792649035,2.5499997733435955,2.5499977517209937,2.549979989015574,2.549842327020847,2.548918258872815,2.5436696035362947,2.5191903960792525,2.4289046304555537,2.1767196240419024
182.0,2.55,2.55,2.55,2.55,2.55,2.55,2.549999999999957,2.5499999999993,2.549999999989667,2.549999999857438,2.549999998168989,2.5499999782715577,2.549999763753516,2.5499976690249,2.5499793620524835,2.5498382312470658,2.5488958147120093,2.543570223648979,2.5188537927521364,2.4281051304443433,2.1755942612911645
183.0,2.55,2.55,2.55,2.55,2.55,2.55,2.5499999999999536,2.54999999999925,2.5499999999889997,2.5499999998490424,2.549999998071552,2.549999977237396,2.549999753823355,2.5499975838574733,2.5499787198134767,2.5498340579984538,2.548873066182048,2.543470013695461,2.518516042069388,2.4273064169900747,2.174473375244004
184.0,2.55,2.55,2.55,2.55,2.55,2.55,2.54999999999995,2.549999999999198,2.5499999999882936,2.5499999998402094,2.5499999979695893,2.5499999761610272,2.5499997435434674,2.549997496162767,2.549978062040394,2.5498298064143885,2.548850011709363,2.5433689746892947,2.5181771555546515,2.4265084984465433,2.1733569241678143
185.0,2.55,2.55,2.55,2.55,2.55,2.55,2.5499999999999465,2.549999999999142,2.5499999999875467,2.549999999830919,2.549999997862921,2.5499999750410227,2.5499997329040074,2.549997405884018,2.5499773884729655,2.5498254756335417,2.548826649737132,2.5432671076849904,2.517837144661955,2.4257113829356807,2.1722448668779673
186.0,2.55,2.55,2.55,2.55,2.55,2.55,2.549999999999942,2.5499999999990823,2.549999999986757,2.5499999998211504,2.549999997751363,2.5499999738759156,2.5499997218949275,2.549997312963639,2.549976698848824,2.5498210647939596,2.548802978725317,2.543164413777329,2.5174960207754444,2.4249150783522704,2.1711371627293268
187.0,2.55,2.55,2.55,2.55,2.55,2.55,2.5499999999999376,2.5499999999990193,2.5499999999859226,2.5499999998108827,2.5499999976347243,2.5499999726642013,2.5499997105059746,2.5499972173432175,2.5499759929035184,2.5498165730331475,2.548778997150698,2.543060894100685,2.5171537952091416,2.4241195923685734,2.1700337716079026
188.0,2.55,2.55,2.55,2.55,2.55,2.55,2.549999999999933,2.549999999998952,2.549999999985041,2.549999999800093,2.5499999975128076,2.5499999714043353,2.5499996987266877,2.5499971189635118,2.549975270370528,2.5498119994881487,2.5487547035069062,2.5429565498283573,2.51681047920672,2.4233249324388604,2.1689346539226446
189.0,2.55,2.55,2.55,2.55,2.55,2.55,2.549999999999928,2.549999999998881,2.5499999999841103,2.549999999788759,2.54999999738541,2.549999970094733,2.549999686546397,2.549997017764446,2.549974530981278,2.549807343295626,2.5487300963044515,2.5428513821718974,2.516466083941309,2.422531105803857,2.1678397705973813
190.0,2.55,2.55,2.55,2.55,2.55,2.55,2.5499999999999226,2.5499999999988057,2.549999999983128,2.5499999997768565,2.549999997252322,2.5499999687337698,2.5499996739542192,2.5499969136851095,2.5499737744651507,2.5498026035919423,2.5487051740707476,2.542745392380455,2.5161206205153146,2.4217381194951026,2.166749083062891
191.0,2.55,2.55,2.55,2.55,2.55,2.55,2.5499999999999168,2.5499999999987253,2.549999999982091,2.549999999764361,2.549999997113328,2.5499999673197786,2.5499996609390565,2.5499968066637515,2.549973000549504,2.549797779513239,2.548679935350134,2.5426385817401185,2.5157740999602627,2.420945980339224,2.16566255324911
192.0,2.55,2.55,2.55,2.55,2.55,2.549999999999999,2.5499999999999106,2.5499999999986405,2.5499999999809972,2.549999999751247,2.549999996968205,2.549999965851051,2.5499996474895945,2.549996696637779,2.549972208959685,2.5497928701955157,2.548654378703895,2.542530951573269,2.5154265332366617,2.420154694962126,2.1645801435774685
193.0,2.55,2.55,2.55,2.55,2.55,2.549999999999998,2.549999999999904,2.5499999999985503,2.5499999999798435,2.5499999997374867,2.549999996816723,2.549999964325834,2.5499996335942994,2.549996583543755,2.5499713994190443,2.549787874774707,2.5486285027102737,2.5424225032379346,2.5150779312338853,2.4193642697930993,2.163501816953364
194.0,2.55,2.55,2.55,2.55,2.55,2.549999999999997,2.549999999999897,2.549999999998455,2.5499999999786267,2.5499999997230542,2.5499999966586455,2.5499999627423335,2.549999619241415,2.5499964673173916,2.5499705716489527,2.549782792386762,2.548602305964488,2.542313238127157,2.514728304770075,2.418574711068848,2.1624275367587535
195.0,2.55,2.55,2.55,2.55,2.55,2.5499999999999963,2.5499999999998892,2.5499999999983536,2.549999999977344,2.54999999970792,2.5499999964937285,2.549999961098709,2.5499996044189617,2.549996347893552,2.5499697253688165,2.5497776221677197,2.5485757870787356,2.5422031576683564,2.5143776645920557,2.4177860248374405,2.1613572668448753
196.0,2.55,2.55,2.55,2.55,2.55,2.5499999999999954,2.5499999999998813,2.5499999999982466,2.5499999999759932,2.5499999996920546,2.5499999963217217,2.5499999593930758,2.549999589114732,2.5499962252062445,2.549968860296094,2.549772363253786,2.5485489446822043,2.5420922633227074,2.5140260213752783,2.416998216962182,2.160290971525092
197.0,2.55,2.55,2.55,2.55,2.55,2.5499999999999945,2.549999999999873,2.549999999998133,2.5499999999745704,2.549999999675428,2.549999996142366,2.5499999576235015,2.5499995733162897,2.549996099188623,2.54996797614631,2.549767014781409,2.548521777421073,2.5419805565845217,2.513673385723771,2.4162112931254116,2.159228615567856
198.0,2.55,2.55,2.55,2.55,2.55,2.5499999999999936,2.549999999999864,2.549999999998013,2.549999999973072,2.549999999658008,2.5499999959553947,2.5499999557880093,2.549999557010968,2.5499959697729797,2.5499670726330748,2.5497615758873553,2.5484942839585147,2.541868038980631,2.5133197681701103,2.4154252588322236,2.1581701641897886
199.0,2.55,2.55,2.55,2.55,2.55,2.5499999999999927,2.549999999999854,2.549999999997886,2.5499999999714946,2.549999999639762,2.5499999957605337,2.5499999538845737,2.5499995401858673,2.5499958368907487,2.5499661494680987,2.549756045708781,2.5484664629746945,2.5417547120697828,2.512965179175409,2.4146401194141203,2.157115583048882
200.0,2.55,2.55,2.55,2.55,2.55,2.549999999999992,2.549999999999844,2.549999999997752,2.5499999999698346,2.5499999996206566,2.549999995557501,2.549999951911121,2.5499995228278496,2.549995700472499,2.549965206361209,2.54975042338331,2.548438313166763,2.5416405774420356,2.5126096291293205,2.41385588003259,2.15606483823781
201.0,2.55,2.55,2.55,2.55,2.55,2.549999999999991,2.5499999999998333,2.5499999999976097,2.5499999999680885,2.5499999996006557,2.5499999953460057,2.5499999498655286,2.5499995049235396,2.549995560447934,2.5499642430203675,2.549744708049104,2.548409833248851,2.541525636718167,2.512253128350054,2.4130725456826183,2.155017896277352
202.0,2.55,2.55,2.55,2.55,2.55,2.54999999999999,2.5499999999998217,2.5499999999974596,2.5499999999662517,2.5499999995797236,2.5499999951257495,2.549999947745624,2.5499994864593223,2.5499954167458894,2.5499632591516885,2.549738898844934,2.5483810219520593,2.541409891549082,2.5118956870844102,2.412290121196124,2.1539747241099287
203.0,2.55,2.55,2.55,2.55,2.55,2.549999999999989,2.5499999999998093,2.549999999997301,2.549999999964321,2.549999999557823,2.549999994896425,2.549999945549184,2.5499994674213378,2.5499952692943313,2.5499622544594542,2.549732994910256,2.5483518780244454,2.5412933436152287,2.5115373155078258,2.411508611245338,2.152935289093245
204.0,2.55,2.55,2.55,2.55,2.55,2.5499999999999883,2.5499999999997964,2.5499999999971337,2.549999999962291,2.549999999534915,2.5499999946577154,2.549999943273934,2.5499994477954826,2.5499951180203544,2.5499612286461337,2.549726995385277,2.54832240023101,2.5411759946260233,2.5111780237244368,2.41072802034611,2.1518995589940393
205.0,2.55,2.55,2.55,2.55,2.55,2.5499999999999874,2.5499999999997827,2.549999999996957,2.549999999960158,2.5499999995109595,2.549999994409296,2.5499999409175476,2.549999427567405,2.54999496285018,2.5499601814124007,2.549720899411029,2.5482925873536777,2.541057846319276,2.51081782176715,2.4099483528611505,2.1508675019819337
206.0,2.55,2.55,2.55,2.55,2.55,2.5499999999999865,2.549999999999768,2.5499999999967704,2.549999999957917,2.549999999485915,2.549999994150832,2.5499999384776446,2.5499994067225034,2.5499948037091533,2.54995911245715,2.5497147061294365,2.54826243819128,2.540938900460627,2.5104567195977334,2.409169613003212,2.1498390866233934
207.0,2.55,2.55,2.55,2.55,2.55,2.5499999999999856,2.5499999999997525,2.5499999999965732,2.549999999955564,2.5499999994597387,2.5499999938819804,2.549999935951791,2.5499993852459233,2.5499946405217444,2.5499580214775177,2.5497084146833866,2.5482319515595306,2.5408191588429867,2.5100947271069107,2.408391804838207,2.148814281875782
208.0,2.55,2.55,2.55,2.55,2.55,2.5499999999999847,2.549999999999736,2.5499999999963654,2.549999999953093,2.549999999432386,2.549999993602388,2.5499999333374985,2.549999363122557,2.5499944732115436,2.549956908168898,2.5497020242167965,2.548201126291003,2.540698623285981,2.5097318541144773,2.4076149322882654,2.1477930570815156
209.0,2.55,2.55,2.55,2.55,2.55,2.5499999999999834,2.5499999999997187,2.549999999996146,2.5499999999504994,2.549999999403812,2.5499999933116917,2.5499999306322234,2.549999340337039,2.5499943017012625,2.549955772224962,2.54969553387468,2.5481699612351023,2.540577295635405,2.509368110369421,2.4068389991347305,2.146775381962314
210.0,2.55,2.55,2.55,2.55,2.55,2.5499999999999816,2.5499999999997005,2.5499999999959146,2.549999999947778,2.549999999373969,2.5499999930095187,2.5499999278333654,2.549999316873746,2.549994125912731,2.549954613337676,2.549688942803216,2.5481384552580373,2.5404551777626803,2.5090035055500577,2.406064009021102,2.145761226613551
211.0,2.55,2.55,2.55,2.55,2.55,2.54999999999998,2.549999999999681,2.549999999995671,2.549999999944923,2.5499999993428086,2.5499999926954864,2.549999924938267,2.5499992927167923,2.5499939457668965,2.54995343119732,2.549682250149814,2.548106607242789,2.54033227156432,2.508638049264175,2.405289965455912,2.144750561498692
212.0,2.55,2.55,2.55,2.55,2.55,2.549999999999978,2.54999999999966,2.549999999995414,2.549999999941929,2.549999999310281,2.5499999923692016,2.549999921944213,2.54999926785003,2.549993761183824,2.5499522254925076,2.5496754550631784,2.5480744160890785,2.540208578961399,2.5082717510491896,2.4045168718155563,2.1437433574438303
213.0,2.55,2.55,2.55,2.55,2.55,2.5499999999999763,2.5499999999996383,2.5499999999951437,2.5499999999387892,2.549999999276334,2.5499999920302603,2.54999991884843,2.549999242257044,2.549993572082694,2.549950995910204,2.549668556693374,2.5480418807133307,2.540084101899029,2.5079046203723125,2.4037447313470603,2.1427395856323073
214.0,2.55,2.55,2.55,2.55,2.55,2.5499999999999745,2.5499999999996152,2.5499999999948586,2.549999999935498,2.5499999992409137,2.549999991678248,2.549999915648083,2.549999215921153,2.5499933783818007,2.549949742135746,2.54966155419189,2.5480090000486375,2.539958842345842,2.5075366666307244,2.4029735471707983,2.1417392175994268
215.0,2.55,2.55,2.55,2.55,2.55,2.5499999999999727,2.549999999999591,2.549999999994559,2.549999999932049,2.5499999992039655,2.549999991312739,2.5499999123402777,2.5499991888254048,2.5499931799985536,2.54994846385286,2.5496544467117017,2.5479757730447194,2.539832802293476,2.5071678991517614,2.402203322283154,2.1407422252272528
216.0,2.55,2.55,2.55,2.55,2.55,2.549999999999971,2.5499999999995646,2.549999999994243,2.5499999999284353,2.5499999991654323,2.5499999909332973,2.549999908922059,2.5499991609525754,2.5499929768494742,2.549947160743682,2.549647233407334,2.5479421986678834,2.539705983756072,2.506798327193109,2.4014340595591346,2.1397485807394956
217.0,2.55,2.55,2.55,2.55,2.55,2.549999999999969,2.5499999999995375,2.549999999993911,2.5499999999246503,2.5499999991252555,2.5499999905394746,2.5499999053904094,2.5499991322851665,2.5499927688501973,2.5499458324887776,2.5496399134349237,2.547908275900981,2.5395783887697694,2.5064279599430046,2.4006657617549276,2.1387582566964793
218.0,2.55,2.55,2.55,2.55,2.55,2.5499999999999665,2.5499999999995087,2.549999999993562,2.549999999920687,2.549999999083375,2.5499999901308112,2.549999901742247,2.5499991028054025,2.549992555915469,2.549944478767162,2.5496324859522788,2.5478740037433627,2.539450019392216,2.50605680652045,2.399898431510415,2.137771225990194
219.0,2.55,2.55,2.55,2.55,2.55,2.549999999999964,2.549999999999478,2.5499999999931946,2.5499999999165377,2.549999999039728,2.549999989706836,2.5499998979744283,2.549999072495231,2.549992337959147,2.549943099256317,2.5496249501189387,2.547839381210833,2.5393208777020746,2.5056848759754295,2.39913207135163,2.1367874618394294
220.0,2.55,2.55,2.55,2.55,2.55,2.549999999999961,2.5499999999994456,2.5499999999928087,2.549999999912195,2.549999998994251,2.5499999892670653,2.5499998940837423,2.5499990413363163,2.5499921148942004,2.549941693632214,2.5496173050962363,2.5478044073356,2.5391909657985443,2.5053121772891394,2.398366683693175,2.1358069377849853
221.0,2.55,2.55,2.55,2.55,2.55,2.5499999999999585,2.5499999999994114,2.549999999992403,2.5499999999076506,2.5499999989468773,2.549999988811003,2.549999890066914,2.549999009310042,2.5499918866327094,2.549940261569332,2.5496095500473523,2.5477690811662272,2.53906028580088,2.504938719374221,2.3976022708405833,2.134829627684965
222.0,2.55,2.55,2.55,2.55,2.55,2.549999999999956,2.5499999999993754,2.5499999999919765,2.5499999999028966,2.549999998897539,2.5499999883381412,2.549999885920602,2.549998976397507,2.5499916530858644,2.5499388027406793,2.5496016841373774,2.547733401767582,2.5389288398479217,2.5045645110750043,2.39683883499264,2.1338555057101414
223.0,2.55,2.55,2.55,2.55,2.55,2.549999999999953,2.5499999999993377,2.5499999999915284,2.549999999897924,2.549999998846166,2.549999987847959,2.5499998816413965,2.5499989425795215,2.549991414163967,2.5499373168178128,2.549593706533366,2.54769736822078,2.5387966300976306,2.504189561167756,2.3960763782436585,2.1328845463393997
224.0,2.55,2.55,2.55,2.55,2.55,2.5499999999999496,2.5499999999992977,2.549999999991057,2.5499999998927247,2.5499999987926856,2.549999987339922,2.5499998772258206,2.549998907836607,2.549991169776429,2.549935803470857,2.5495856164043946,2.5476609796231338,2.538663658726625,2.5038138783609365,2.395314902585707,2.1319167243552575
225.0,2.55,2.55,2.55,2.55,2.55,2.549999999999946,2.5499999999992555,2.549999999990563,2.5499999998872895,2.549999998737024,2.549999986813483,2.549999872670327,2.5499988721489957,2.549990919831773,2.549934262368526,2.549577412921619,2.547624235088094,2.538529927929729,2.5034374712954617,2.3945544099107976,2.130952014839453
226.0,2.55,2.55,2.55,2.55,2.55,2.5499999999999425,2.549999999999211,2.5499999999900442,2.549999999881609,2.5499999986791044,2.5499999862680816,2.5499998679712985,2.5499988354966248,2.5499906642376335,2.5499326931781434,2.5495690952583243,2.547587133745194,2.5383954399195225,2.5030603485449725,2.393794902013029,2.1299903931686095
227.0,2.55,2.55,2.55,2.55,2.55,2.549999999999939,2.549999999999164,2.5499999999894993,2.5499999998756735,2.5499999986188477,2.5499999857031432,2.5499998631250484,2.549998797859138,2.5499904029007556,2.5499310955656633,2.549560662589985,2.547549674739987,2.538260196925897,2.5026825186161075,2.393036380590687,2.1290318350099673
228.0,2.55,2.55,2.55,2.55,2.55,2.549999999999935,2.5499999999991148,2.549999999988928,2.549999999869473,2.5499999985561734,2.5499999851180797,2.5499998581278174,2.5499987592158804,2.549990135726996,2.5499294691956886,2.5495521140943143,2.547511857233989,2.538124201195619,2.502303989948785,2.3922788472483068,2.128076316317186
229.0,2.55,2.55,2.55,2.55,2.55,2.5499999999999305,2.549999999999063,2.5499999999883283,2.5499999998629974,2.549999998490998,2.5499999845122887,2.5499998529757724,2.5499987195458993,2.549989862621324,2.5499278137314954,2.5495434489513182,2.5474736804046154,2.537987454991897,2.5019247709164882,2.391522303498691,2.127123813326213
230.0,2.55,2.55,2.55,2.55,2.55,2.549999999999926,2.5499999999990077,2.5499999999877,2.5499999998562353,2.549999998423235,2.549999983885153,2.5499998476650076,2.54999867882794,2.5499895834878217,2.54992612883505,2.5495346663433485,2.5474351434451172,2.537849960593954,2.5015448698265548,2.390766750764894,2.126174302551224
231.0,2.55,2.55,2.55,2.55,2.55,2.5499999999999217,2.54999999999895,2.549999999987041,2.549999999849176,2.5499999983527966,2.549999983236041,2.5499998421915433,2.549998637040446,2.549989298229684,2.5499244141670325,2.5495257654551526,2.547396245564517,2.5377117202966075,2.501164294920475,2.3900121903821594,2.125227760780622
232.0,2.55,2.55,2.55,2.55,2.5499999999999994,2.5499999999999163,2.549999999998889,2.54999999998635,2.549999999841808,2.549999998279592,2.5499999825643065,2.5499998365513235,2.5499985941615555,2.5499890067492217,2.5499226693868557,2.5495167454739245,2.5473569859875433,2.5375727364098517,2.5007830543741902,2.3892586235998263,2.124284165073106
233.0,2.55,2.55,2.55,2.55,2.5499999999999985,2.549999999999911,2.549999999998825,2.5499999999856255,2.5499999998341196,2.549999998203528,2.549999981869287,2.549999830740216,2.5499985501690996,2.5499887089478586,2.5499208941526867,2.549507605589355,2.547317363954562,2.5374330112584484,2.5004011562983997,2.3885060515831964,2.1233434927538037
234.0,2.55,2.55,2.55,2.55,2.5499999999999976,2.5499999999999057,2.5499999999987577,2.549999999984867,2.5499999998260985,2.5499999981245085,2.549999981150306,2.549999824754012,2.5499985050406013,2.549988404726136,2.5499190881214684,2.54949834499368,2.5472773787215104,2.5372925471815204,2.500018608738868,2.3877544754153623,2.12240572141046
235.0,2.55,2.55,2.55,2.55,2.5499999999999967,2.5499999999998995,2.5499999999986867,2.5499999999840726,2.549999999817732,2.549999998042435,2.54999998040667,2.5499998185884234,2.5499984587532736,2.549988093983712,2.5499172509489387,2.5494889628817305,2.5472370295598252,2.5371513465321525,2.499635419676742,2.387003896099003,2.121470828889693
236.0,2.55,2.55,2.55,2.55,2.549999999999996,2.5499999999998932,2.549999999998612,2.549999999983241,2.5499999998090077,2.5499999979572063,2.549999979637671,2.5499998122390846,2.5499984112840157,2.549987776619362,2.549915382289654,2.549479458450978,2.547196315756375,2.537009411676996,2.4992515970288642,2.3862543145581427,2.1205387932933095
237.0,2.55,2.55,2.55,2.55,2.549999999999995,2.5499999999998866,2.549999999998534,2.54999999998237,2.5499999997999114,2.549999997868718,2.5499999788425836,2.549999805701549,2.5499983626094145,2.5499874525309822,2.549913481797008,2.5494698309015815,2.5471552366133845,2.5368667449958786,2.4988671486480984,2.3855057316398742,2.1196095929746774
238.0,2.55,2.55,2.55,2.55,2.549999999999994,2.5499999999998795,2.5499999999984513,2.549999999981458,2.5499999997904297,2.5499999977768635,2.5499999780206655,2.54999979897129,2.5499983127057404,2.549987121615589,2.5499115491232542,2.549460079436437,2.547113791448365,2.5367233488814223,2.4984820823236515,2.384758148116052,2.1186832065351564
239.0,2.55,2.55,2.55,2.55,2.549999999999993,2.5499999999998724,2.5499999999983647,2.5499999999805043,2.5499999997805483,2.5499999976815326,2.5499999771711583,2.5499997920436983,2.5499982615489456,2.54998678376932,2.549909583919526,2.5494502032612174,2.547071979594041,2.536579225738661,2.4980964057814026,2.384011564684947,2.117759612820588
240.0,2.55,2.55,2.55,2.55,2.5499999999999923,2.5499999999998644,2.5499999999982736,2.549999999979506,2.549999999770253,2.5499999975826126,2.549999976293287,2.5499997849140823,2.5499982091146634,2.5499864388874385,2.549907585835859,2.549440201584423,2.5470298003982728,2.5364343779846683,2.4977101266842356,2.383265981972874,2.1168387909178388
241.0,2.55,2.55,2.55,2.55,2.5499999999999914,2.5499999999998564,2.549999999998178,2.549999999978462,2.549999999759528,2.5499999974799876,2.5499999753862586,2.5499997775776673,2.5499981553782054,2.54998608686433,2.549905554521211,2.5494300736174216,2.546987253223983,2.5362888080481887,2.4973232526323708,2.382521400534043,2.1159207186701185
242.0,2.55,2.55,2.55,2.55,2.5499999999999905,2.5499999999998475,2.549999999998078,2.54999999997737,2.549999999748358,2.549999997373539,2.5499999744492627,2.549999770029594,2.5499981003145615,2.549985727593509,2.5499034896234845,2.5494198185744916,2.5469443374490783,2.5361425183692714,2.4969357911636734,2.381777820843531,2.1150053741784394
243.0,2.55,2.55,2.55,2.55,2.5499999999999896,2.549999999999838,2.5499999999979726,2.549999999976228,2.5499999997367264,2.5499999972631446,2.549999973481471,2.549999762264917,2.549998043898396,2.549985360967617,2.5499013907895467,2.549409435672868,2.546901052466375,2.535995511398914,2.4965477497539554,2.3810352433076893,2.114092737263506
244.0,2.55,2.55,2.55,2.55,2.5499999999999887,2.5499999999998284,2.549999999997862,2.5499999999750345,2.549999999724617,2.549999997148679,2.549999972482037,2.5499997542786055,2.5499979861040476,2.5499849868784272,2.5498992576652517,2.54939892413278,2.546857397683517,2.535847789598706,2.496159135817323,2.3802936682673788,2.1131827879733
245.0,2.55,2.55,2.55,2.55,2.549999999999988,2.549999999999818,2.549999999997746,2.549999999973787,2.5499999997120124,2.5499999970300133,2.549999971450095,2.54999974606554,2.549997926905527,2.5499846052168436,2.54989708989546,2.549388283177496,2.546813372522898,2.5356993554404785,2.495769956706523,2.3795530959994378,2.1122755065798993
246.0,2.55,2.55,2.55,2.55,2.549999999999987,2.5499999999998075,2.5499999999976244,2.549999999972484,2.549999999698895,2.5499999969070157,2.5499999703847624,2.5499997376205155,2.549997866276515,2.549984215872905,2.549894887124063,2.5493775120333604,2.5467689764215837,2.5355502114059627,2.4953802197132915,2.3788135267181176,2.111370873576346
247.0,2.55,2.55,2.55,2.55,2.549999999999986,2.549999999999796,2.549999999997497,2.5499999999711225,2.5499999996852463,2.5499999967795515,2.549999969285136,2.5499997289382352,2.5499978041903613,2.549983818735787,2.549892648994001,2.5493666099298355,2.546724208831227,2.5354003599864465,2.4949899320687066,2.3780749605764933,2.110468869673567
248.0,2.55,2.55,2.55,2.55,2.549999999999985,2.549999999999784,2.5499999999973633,2.5499999999697005,2.5499999996710483,2.549999996647481,2.5499999681502934,2.5499997200133135,2.5499977406200838,2.5499834136938015,2.5498903751472857,2.5493555760995408,2.546679069217991,2.535249803682442,2.4945991009435406,2.3773373976678442,2.1095694757973407
249.0,2.55,2.55,2.55,2.55,2.5499999999999843,2.5499999999997716,2.549999999997223,2.5499999999682155,2.5499999996562814,2.5499999965106626,2.5499999669792937,2.549999710840274,2.5499976755383655,2.5499830006344033,2.549888065225021,2.5493444097782887,2.546633557062463,2.535098545003354,2.494207733448615,2.3766008380270085,2.1086726730853123
250.0,2.55,2.55,2.55,2.55,2.5499999999999834,2.5499999999997582,2.549999999997076,2.549999999966665,2.5499999996409257,2.5499999963689497,2.5499999657711747,2.5499997014135483,2.549997608917554,2.549982579444189,2.5498857188674267,2.5493331102051258,2.5465876718595744,2.5349465864671554,2.493815836635157,2.37586528163171,2.1077784428840567
251.0,2.55,2.55,2.55,2.55,2.5499999999999825,2.5499999999997445,2.549999999996922,2.5499999999650473,2.5499999996249607,2.5499999962221924,2.549999964524955,2.5499996917274754,2.5499975407296587,2.5499821500089,2.5498833357138557,2.5493216766223665,2.546541413118514,2.5347939306000655,2.493423417495157,2.3751307284038616,2.1068867667461877
252.0,2.55,2.55,2.55,2.55,2.5499999999999816,2.54999999999973,2.54999999999676,2.549999999963359,2.5499999996083655,2.5499999960702375,2.5499999632396326,2.5499996817763004,2.549997470946351,2.5499817122134254,2.549880915402819,2.5493101082756313,2.546494780362648,2.534640579936234,2.4930304829617302,2.3743971782108386,2.105997626427511
253.0,2.55,2.55,2.55,2.55,2.54999999999998,2.5499999999997143,2.549999999996591,2.5499999999615968,2.549999999591118,2.5499999959129274,2.5499999619141835,2.5499996715541737,2.5499973995389618,2.5499812659418053,2.549878457572003,2.5492984044138813,2.546447773129432,2.5344865370174303,2.4926370399094746,2.373664630866731,2.1051110038842236
254.0,2.55,2.55,2.55,2.55,2.549999999999978,2.5499999999996983,2.549999999996414,2.549999999959759,2.5499999995731963,2.549999995750101,2.5499999605475643,2.5499996610551507,2.5499973264784805,2.5499808110772317,2.5498759618582953,2.5492865642894538,2.546400390970328,2.534331804392734,2.4922430951548344,2.37293308613357,2.104226881270157
255.0,2.55,2.55,2.55,2.55,2.5499999999999763,2.5499999999996814,2.5499999999962286,2.549999999957842,2.549999999554577,2.5499999955815933,2.5499999591387086,2.54999965027319,2.5499972517355536,2.549980347502052,2.5498734278978024,2.549274587158095,2.5463526334507147,2.534176384618235,2.491848655456464,2.372202543722527,2.103345240934063
256.0,2.55,2.55,2.55,2.55,2.5499999999999745,2.5499999999996636,2.5499999999960345,2.549999999955843,2.549999999535237,2.5499999954072345,2.5499999576865293,2.5499996392021527,2.549997175280482,2.549979875097773,2.5498708553258718,2.549262472278996,2.5463045001498066,2.5340202802567346,2.4914537275155877,2.371473003295095,2.102466065416941
257.0,2.55,2.55,2.55,2.55,2.5499999999999727,2.549999999999645,2.5499999999958316,2.549999999953759,2.5499999995151517,2.5499999952268513,2.5499999561899176,2.549999627835802,2.549997097083222,2.5499793937450606,2.549868243777114,2.5492502189148225,2.5462559906605624,2.5338634938774507,2.49105831797637,2.3707444644642406,2.1015893374494103
258.0,2.55,2.55,2.55,2.55,2.549999999999971,2.5499999999996255,2.549999999995619,2.549999999951587,2.549999999494296,2.5499999950402663,2.549999954647741,2.549999616167802,2.5499970171133817,2.5499789033237463,2.549865592885423,2.54923782633175,2.5462071045895995,2.5337060280557293,2.4906624334262757,2.3700169267955387,2.10071503994912
259.0,2.55,2.55,2.55,2.55,2.549999999999969,2.5499999999996046,2.5499999999953964,2.5499999999493235,2.5499999994726443,2.549999994847297,2.5499999530588453,2.5499996041917155,2.549996935340221,2.5499784037128284,2.5498629022839965,2.549225293799493,2.546157841557107,2.5335478853727595,2.490266080396439,2.3692903898082798,2.0998431560182
260.0,2.55,2.55,2.55,2.55,2.5499999999999674,2.549999999999583,2.5499999999951637,2.549999999946965,2.5499999994501708,2.549999994647758,2.5499999514220537,2.549999591901006,2.5499968517326503,2.549977894790474,2.5498601716053577,2.549212620591337,2.5461082011967555,2.5333890684152935,2.4898692653620285,2.368564852976559,2.098973668940752
261.0,2.55,2.55,2.55,2.55,2.5499999999999656,2.54999999999956,2.5499999999949203,2.549999999944508,2.549999999426847,2.5499999944414578,2.5499999497361645,2.549999579289034,2.5499967662592278,2.5499773764340237,2.549857400481377,2.549199805984168,2.5460581831556097,2.533229579775368,2.489471994742615,2.3678403157303407,2.0981065621803814
262.0,2.55,2.55,2.55,2.55,2.549999999999964,2.549999999999536,2.5499999999946663,2.5499999999419494,2.5499999994026465,2.549999994228201,2.549999947999954,2.549999566349058,2.54999667888816,2.5499768485199956,2.549854588543292,2.5491868492585037,2.5460077870940387,2.533069422050035,2.4890742749025376,2.367116777456507,2.0972418193777633
263.0,2.55,2.55,2.55,2.55,2.549999999999961,2.549999999999511,2.5499999999944003,2.5499999999392844,2.5499999993775395,2.549999994007787,2.549999946212174,2.5499995530742314,2.5499965895873,2.5499763109240856,2.5498517354217287,2.54917374969852,2.5459570126856272,2.5329085978410912,2.488676112151272,2.3663942374998777,2.09637942434825
264.0,2.55,2.55,2.55,2.55,2.5499999999999585,2.5499999999994847,2.5499999999941227,2.54999999993651,2.5499999993514972,2.549999993780012,2.549999944371552,2.549999539457604,2.549996498324145,2.5499757635211737,2.5498488407467224,2.5491605065920804,2.5459058596170854,2.532747109754815,2.4882775127437977,2.3656726951642164,2.095519361079514
265.0,2.55,2.55,2.55,2.55,2.549999999999956,2.5499999999994567,2.5499999999938328,2.5499999999336223,2.549999999324489,2.5499999935446667,2.549999942476791,2.5499995254921197,2.549996405065838,2.549975206185325,2.5498459041477384,2.5491471192307635,2.545854327588158,2.5325849604017066,2.4878784828809644,2.3649521497132158,2.0946616137292273
266.0,2.55,2.55,2.55,2.55,2.549999999999953,2.549999999999428,2.5499999999935294,2.549999999930616,2.549999999296484,2.549999993301536,2.5499999405265683,2.5499995111706157,2.5499963097791625,2.549974638789795,2.5498429252536936,2.549133586909891,2.545802416311536,2.5324221523962325,2.4874790287098616,2.36423260037146,2.093806166622776
267.0,2.55,2.55,2.55,2.55,2.5499999999999505,2.549999999999397,2.549999999993213,2.549999999927488,2.54999999926745,2.5499999930504007,2.549999938519537,2.5499994964858224,2.549996212430545,2.5499740612070325,2.549839903692976,2.5491199089285517,2.5457501255127637,2.532258688356573,2.4870791563241843,2.3635140463253714,2.0929530042510107
268.0,2.55,2.55,2.55,2.55,2.549999999999948,2.5499999999993657,2.5499999999928824,2.5499999999242338,2.549999999237354,2.549999992791037,2.549999936454324,2.549999481430361,2.5499961129860527,2.549973473308683,2.549836839093466,2.5491060845896296,2.545697454930149,2.532094570904376,2.486678871764602,2.362796486724138,2.092102111268033
269.0,2.55,2.55,2.55,2.55,2.5499999999999448,2.5499999999993324,2.549999999992537,2.5499999999208485,2.5499999992061624,2.5499999925232153,2.5499999343295308,2.549999465996744,2.5499960114113915,2.5499728749655923,2.5498337310825567,2.5490921131998276,2.5456444043146726,2.53192980266451,2.4862781810191232,2.362079920680619,2.0912534724890137
270.0,2.55,2.55,2.55,2.55,2.549999999999941,2.5499999999992973,2.5499999999921767,2.5499999999173277,2.5499999991738407,2.5499999922467,2.549999932143732,2.549999450177374,2.549995907671907,2.549972266047811,2.549830579287175,2.5490779940696933,2.545590973429895,2.5317643862648267,2.4858770900234646,2.361364347272238,2.0904070728880444
271.0,2.55,2.55,2.55,2.55,2.5499999999999376,2.5499999999992604,2.5499999999918006,2.5499999999136667,2.5499999991403532,2.549999991961252,2.5499999298954767,2.549999433964542,2.549995801732581,2.5499716464245967,2.549827383333802,2.54906372651364,2.545537162051866,2.5315983243359237,2.4854756046614157,2.3606497655418544,2.089562897596023
272.0,2.55,2.55,2.55,2.55,2.549999999999934,2.549999999999222,2.549999999991408,2.5499999999098604,2.549999999105664,2.549999991666625,2.549999927583286,2.5499994173504272,2.5499956935580315,2.54997101596442,2.5498241428484927,2.549049309849974,2.545482969969034,2.5314316195109123,2.4850737307652055,2.3599361744986167,2.088720931898574
273.0,2.55,2.55,2.55,2.55,2.5499999999999305,2.5499999999991814,2.5499999999909986,2.549999999905904,2.549999999069735,2.5499999913625686,2.549999925205654,2.5499994003270965,2.549995583112513,2.5499703745349667,2.549820857456897,2.5490347434009135,2.5454283969821505,2.531264274425189,2.4846714741158666,2.3592235731188036,2.0878811612339954
274.0,2.55,2.55,2.55,2.55,2.5499999999999265,2.549999999999139,2.5499999999905714,2.549999999901792,2.549999999032528,2.5499999910488267,2.549999922761047,2.5499993828865026,2.549995470359914,2.549969722003142,2.54981752678428,2.549020026492614,2.545373442904183,2.53109629171621,2.484268840443602,2.3585119603466427,2.0870435711912396
275.0,2.55,2.55,2.55,2.55,2.549999999999922,2.549999999999095,2.549999999990126,2.549999999897519,2.5499999989940036,2.5499999907251363,2.549999920247904,2.5499993650204833,2.5499953552637566,2.5499690582350754,2.549814150455543,2.549005158455187,2.5453181075602185,2.5309276740232707,2.483865835428147,2.357801335095118,2.0862081475079255
276.0,2.55,2.55,2.55,2.549999999999999,2.5499999999999177,2.5499999999990495,2.549999999989662,2.54999999989308,2.5499999989541218,2.5499999903912296,2.549999917664635,2.5499993467207616,2.5499952377871957,2.549968383096124,2.549810728095242,2.548990138622723,2.5452623907873733,2.5307584239872867,2.4834624646991337,2.3570916962467567,2.085374876068381
277.0,2.55,2.55,2.55,2.549999999999998,2.5499999999999132,2.549999999999001,2.549999999989178,2.5499999998884686,2.54999999891284,2.5499999900468326,2.5499999150096224,2.5499993279789437,2.549995117893017,2.549967696450877,2.5498072593276078,2.5489749663333097,2.5452062924347,2.530588544250581,2.483058733836453,2.3563830426544023,2.0845437429017126
278.0,2.55,2.55,2.55,2.549999999999997,2.549999999999909,2.549999999998951,2.5499999999886733,2.5499999998836795,2.549999998870117,2.5499999896916656,2.5499999122812183,2.5499993087865183,2.549994995543638,2.54996699816316,2.5498037437765686,2.5489596409290534,2.5451498123630953,2.5304180374566725,2.4826546483706173,2.355675373141974,2.08371473417991
279.0,2.55,2.55,2.55,2.5499999999999963,2.5499999999999035,2.549999999998898,2.5499999999881475,2.549999999878706,2.549999998825908,2.549999989325443,2.549999909477746,2.5499992891348566,2.549994870701106,2.549966288096039,2.549800181065767,2.548944161756099,2.5450929504452073,2.53024690625007,2.4822502137831197,2.3549686865052077,2.0828878362159697
280.0,2.55,2.55,2.55,2.5499999999999954,2.549999999999898,2.549999999998843,2.5499999999875995,2.5499999998735428,2.5499999987801685,2.549999988947872,2.5499999065975,2.5499992690152102,2.549994743327098,2.5499655661118243,2.549796570818582,2.548928528164645,2.545035706565342,2.5300751532760684,2.481845435506795,2.3542629815123846,2.082063035462058
281.0,2.55,2.55,2.55,2.5499999999999945,2.549999999999893,2.5499999999987852,2.549999999987029,2.549999999868182,2.549999998732853,2.549999988558655,2.5499999036387426,2.5499992484187115,2.5499946133829186,2.5499648320720767,2.549792912658146,2.5489127395089657,2.5449780806193725,2.5299027811805472,2.481440318926179,2.3535582569050426,2.0812403185076946
282.0,2.55,2.55,2.55,2.5499999999999936,2.5499999999998866,2.549999999998725,2.5499999999864342,2.549999999862618,2.549999998683915,2.5499999881574866,2.5499999005997074,2.549999227336371,2.549994480829501,2.5499640858376087,2.549789206207368,2.5488967951474266,2.544920072514645,2.5297297926097753,2.481034869377865,2.352854511398677,2.0804196720779653
283.0,2.55,2.55,2.55,2.5499999999999927,2.5499999999998804,2.549999999998662,2.549999999985815,2.549999999856844,2.549999998633305,2.5499999877440556,2.5499998974785973,2.5499992057590783,2.5499943456274052,2.5499633272684927,2.549785451088951,2.5488806944425004,2.5448616821698855,2.529556190210217,2.480629092150863,2.352151743683424,2.0796010830317617
284.0,2.55,2.55,2.55,2.549999999999992,2.549999999999874,2.549999999998596,2.549999999985171,2.5499999998508533,2.5499999985809745,2.549999987318045,2.5499998942735833,2.5499991836776004,2.549994207736818,2.549962556224062,2.5497816469254118,2.5488644367607853,2.5448029095151092,2.5293819766283416,2.4802229924869534,2.351449952424732,2.0787845383600483
285.0,2.55,2.55,2.55,2.549999999999991,2.549999999999867,2.5499999999985272,2.5499999999844998,2.549999999844638,2.5499999985268724,2.5499999868791297,2.549999890982805,2.5499991610825803,2.54999406711755,2.549961772562919,2.549777793339101,2.548848021473021,2.5447437544915266,2.5292071545104386,2.479816575581042,2.3507491362640196,2.0779700251841544
286.0,2.55,2.55,2.55,2.54999999999999,2.54999999999986,2.5499999999984553,2.5499999999838012,2.549999999838191,2.549999998470947,2.5499999864269784,2.5499998876043706,2.5499991379645377,2.549993923729039,2.549960976142937,2.5497738899522213,2.548831447954102,2.5446842170514508,2.529031726502431,2.4794098465815146,2.350049293819318,2.077157530754093
287.0,2.55,2.55,2.55,2.549999999999989,2.549999999999853,2.5499999999983807,2.5499999999830743,2.549999999831505,2.549999998413145,2.549999985961253,2.549999884136356,2.5499991143138665,2.5499937775303465,2.5499601668212657,2.549769936386849,2.5488147155830934,2.5446242971582054,2.528855695249697,2.4790028105905875,2.3493504236859044,2.076347042446901
288.0,2.55,2.55,2.55,2.5499999999999883,2.549999999999845,2.5499999999983025,2.549999999982318,2.5499999998245717,2.5499999983534125,2.5499999854816093,2.549999880576804,2.549999090120835,2.549993628480158,2.549959344454336,2.54976593226495,2.5487978237432456,2.5445639947860323,2.5286790633968925,2.47859547266466,2.3486525244369187,2.07553854776501
289.0,2.55,2.55,2.55,2.5499999999999874,2.549999999999837,2.549999999998221,2.549999999981531,2.5499999998173837,2.5499999982916934,2.549999984987694,2.549999876923725,2.549999065375584,2.5499934765367813,2.5499585088978654,2.549761877208401,2.548780771822008,2.5445033099199983,2.528501833587776,2.4781878378146627,2.347955594623971,2.0747320343346387
290.0,2.55,2.55,2.55,2.5499999999999865,2.5499999999998284,2.5499999999981355,2.5499999999807126,2.5499999998099323,2.5499999982279307,2.5499999844791486,2.5499998731750964,2.5499990400681285,2.549993321658148,2.549957660006862,2.5497577708390087,2.5487635592110416,2.5444422425559035,2.528324008465039,2.4777799110064063,2.347259632777735,2.073927489904205
291.0,2.55,2.55,2.55,2.5499999999999856,2.5499999999998195,2.5499999999980467,2.5499999999798613,2.549999999802209,2.549999998162066,2.549999983955605,2.549999869328861,2.549999014188353,2.549993163801811,2.5499567976356303,2.549753612778527,2.5487461853062316,2.544380792700189,2.5281455906701376,2.477371697160929,2.346564637408528,2.0731249023427707
292.0,2.55,2.55,2.55,2.5499999999999847,2.54999999999981,2.549999999997954,2.549999999978976,2.5499999997942053,2.5499999980940387,2.5499999834166904,2.549999865382928,2.549998987726013,2.549993002924946,2.5499559216377743,2.549749402648677,2.548728649507701,2.5443189603698455,2.527966582843127,2.476963201154842,2.3458706070068835,2.072324259638502
293.0,2.55,2.55,2.55,2.549999999999984,2.5499999999998004,2.549999999997857,2.549999999978056,2.549999999785912,2.549999998023788,2.5499999828620226,2.5499998613351726,2.549998960670735,2.549992838984349,2.5499550318662045,2.549745140071165,2.548710951219821,2.5442567455923206,2.527786987622499,2.4765544278206715,2.3451775400441077,2.071525549897154
294.0,2.55,2.55,2.55,2.549999999999983,2.54999999999979,2.549999999997756,2.5499999999770995,2.54999999977732,2.5499999979512515,2.5499999822912125,2.5499998571834346,2.549998933012013,2.549992671936438,2.549954128173142,2.549740824667703,2.5486930898512217,2.5441941484054267,2.527606807645027,2.4761453819472043,2.3444854349728277,2.070728761340581
295.0,2.55,2.55,2.55,2.549999999999982,2.5499999999997796,2.5499999999976506,2.549999999976105,2.5499999997684206,2.5499999978763643,2.5499999817038628,2.5499998529255192,2.54999890473921,2.54999250173725,2.5499532104101235,2.5497364560600237,2.5486750648148044,2.5441311688572505,2.5274260455456026,2.475736068279827,2.343794290227527,2.0699338823052664
296.0,2.55,2.55,2.55,2.549999999999981,2.5499999999997685,2.549999999997541,2.549999999975072,2.549999999759203,2.5499999977990613,2.5499999810995684,2.549999848559196,2.5499988758415566,2.549992328342443,2.5499522784280066,2.5497320338699017,2.548656875527751,2.5440678070060607,2.5272447039570896,2.4753264915208657,2.3431041042250706,2.069140901240872
297.0,2.55,2.55,2.55,2.5499999999999803,2.549999999999757,2.5499999999974263,2.549999999973999,2.549999999749658,2.549999997719275,2.5499999804779168,2.549999844082198,2.549998846308149,2.5499921517072948,2.5499513320769758,2.549727557719171,2.5486385214115335,2.5440040629202167,2.5270627855101684,2.4749166563299254,2.3424148753652196,2.068349806708815
298.0,2.55,2.55,2.55,2.5499999999999794,2.5499999999997445,2.549999999997307,2.549999999972884,2.5499999997397746,2.5499999976369363,2.549999979838486,2.549999839492223,2.54999881612795,2.5499919717867012,2.549950371206545,2.549723027229743,2.5486200018919236,2.543939936678078,2.5268802928331917,2.4745065673242244,2.3417266020311347,2.067560587380859
299.0,2.55,2.55,2.55,2.5499999999999785,2.5499999999997316,2.5499999999971825,2.549999999971726,2.5499999997295433,2.549999997551975,2.5499999791808476,2.5499998347869313,2.5499987852897874,2.549991788535179,2.549949395665566,2.5497184420236247,2.5486013163990022,2.5438754283679126,2.5266972285520377,2.474096229078931,2.34103928258987,2.0667732320377303
300.0,2.55,2.55,2.55,2.5499999999999767,2.5499999999997183,2.5499999999970533,2.5499999999705234,2.5499999997189526,2.549999997464319,2.5499999785045637,2.5499998299639466,2.5499987537823516,2.549991601906862,2.549948405302231,2.5497138017229357,2.548582464367166,2.5438105380878064,2.5265135952899684,2.473685646127495,2.3403529153928573,2.065987729567753
301.0,2.55,2.55,2.55,2.549999999999975,2.549999999999704,2.5499999999969183,2.5499999999692746,2.5499999997079916,2.5499999973738943,2.549999977809188,2.5499998250208553,2.5499987215941986,2.549991411855504,2.5499473999640805,2.5497091059499275,2.5485634452351373,2.5437452659455735,2.526329395667491,2.473274822961982,2.339667498776692,2.065204069234835
302.0,2.55,2.55,2.55,2.549999999999973,2.5499999999996894,2.5499999999967775,2.5499999999679783,2.5499999996966496,2.5499999972806258,2.549999977094266,2.549999819955205,2.549998688713745,2.5499912183344757,2.5499463794980066,2.5497043543270004,2.54854425844597,2.5436796120586656,2.5261446323022185,2.4728637640334066,2.338983031065142,2.064422240403573
303.0,2.55,2.55,2.55,2.5499999999999714,2.5499999999996743,2.549999999996631,2.5499999999666327,2.5499999996849136,2.5499999971844365,2.5499999763593344,2.5499998147645067,2.5499986551292704,2.5499910212967674,2.5499453437502595,2.5496995464767216,2.5485249034470567,2.5436135765540806,2.5259593078087406,2.472452473752067,2.3382995105680062,2.0636422322715178
304.0,2.55,2.55,2.55,2.5499999999999696,2.5499999999996583,2.5499999999964786,2.549999999965236,2.5499999996727727,2.549999997085248,2.5499999756039213,2.549999809446232,2.549998620828915,2.5499908206949864,2.5499442925664524,2.5496946820218422,2.5485053796901367,2.5435471595682753,2.5257734247984858,2.4720409564878727,2.337616935581249,2.062864034138637
305.0,2.55,2.55,2.55,2.549999999999968,2.5499999999996414,2.5499999999963197,2.5499999999637866,2.5499999996602143,2.549999996982979,2.549999974827545,2.5499998039978133,2.549998585800678,2.549990616481358,2.5499432257915657,2.5496897605853146,2.5484856866313,2.5434803612470733,2.5255869858795976,2.4716292165706686,2.3369353043874357,2.062087635406049
306.0,2.55,2.55,2.55,2.549999999999966,2.549999999999624,2.5499999999961545,2.5499999999622824,2.549999999647226,2.549999996877547,2.5499999740297152,2.549999798416644,2.54999855003242,2.549990408607725,2.549942143269956,2.5496847817903094,2.548465823730995,2.5434131817455774,2.525399993656805,2.471217258290557,2.336254615256161,2.06131302557477
307.0,2.55,2.55,2.55,2.5499999999999643,2.549999999999606,2.549999999995982,2.549999999960722,2.5499999996337945,2.5499999967688685,2.549999973209933,2.549999792700078,2.549998513511859,2.549990197025548,2.549941044845358,2.549679745260234,2.5484457904540325,2.54334562122808,2.5252124507312996,2.470805085898219,2.335574866444468,2.060540194244481
308.0,2.55,2.55,2.55,2.5499999999999625,2.549999999999587,2.5499999999958036,2.549999999959103,2.5499999996199074,2.5499999966568567,2.5499999723676896,2.5499997868454294,2.5499984762265706,2.549989981685905,2.549939930360892,2.5496746506187487,2.5484255862695897,2.5432776798679746,2.5250243597006143,2.470392703605234,2.334896056197259,2.0597691311123136
309.0,2.55,2.55,2.55,2.5499999999999607,2.549999999999567,2.549999999995617,2.5499999999574245,2.5499999996055505,2.549999996541424,2.549999971502467,2.549999780849971,2.549998438163988,2.5499897625394916,2.549938799659069,2.5496694974897824,2.5484052106512167,2.5432093578476667,2.524835723158504,2.4699801155843972,2.3342181827476964,2.058999825971652
310.0,2.55,2.55,2.55,2.549999999999959,2.549999999999546,2.5499999999954235,2.5499999999556837,2.54999999959071,2.54999999642248,2.549999970613737,2.5499997747109355,2.549998399311402,2.5499895395366203,2.5499376525817965,2.5496642854975518,2.5483846630768388,2.5431406553584863,2.524646543694829,2.4695673259700346,2.333541244317599,2.0582322687109547
311.0,2.55,2.55,2.55,2.5499999999999563,2.549999999999524,2.549999999995222,2.549999999953879,2.5499999995753715,2.549999996299934,2.5499999697009628,2.5499997684255136,2.549998359655957,2.5499893126272224,2.549936488970383,2.549659014266576,2.5483639430287606,2.5430715726005997,2.5244568238954392,2.469154338858319,2.3328652391178237,2.0574664493125887
312.0,2.55,2.55,2.55,2.5499999999999536,2.5499999999995016,2.5499999999950123,2.549999999952008,2.5499999995595206,2.5499999961736908,2.549999968763596,2.549999761990855,2.549998319184653,2.549989081760845,2.549935308665545,2.549653683421695,2.54834304999367,2.543002109782922,2.5242665663420647,2.4687411583075782,2.332190165348647,2.056702357851685
313.0,2.55,2.55,2.55,2.549999999999951,2.549999999999478,2.549999999994794,2.5499999999500687,2.549999999543142,2.5499999960436552,2.5499999678010807,2.549999755404067,2.549998277884344,2.549988846886653,2.549934111507414,2.549648292588084,2.5483219834626394,2.54293226712303,2.5240757736122035,2.4683277883386108,2.3315160212001316,2.055939984495009
314.0,2.55,2.55,2.55,2.5499999999999483,2.5499999999994536,2.5499999999945677,2.5499999999480587,2.5499999995262215,2.549999995909729,2.549999966812849,2.549999748662215,2.549998235741738,2.54998860795343,2.549932897335537,2.5496428413912717,2.5483007429311284,2.542862044847075,2.523884448279016,2.4679142329349903,2.33084280485249,2.0551793194998456
315.0,2.55,2.55,2.55,2.5499999999999456,2.5499999999994283,2.5499999999943324,2.549999999945976,2.5499999995087417,2.5499999957718122,2.549999965798323,2.549999741762321,2.5499981927433955,2.5499883649095776,2.549931665988889,2.549637329457155,2.5482793278989875,2.542791443189696,2.523692592911219,2.4675004960433737,2.330170514476438,2.054420353212903
316.0,2.55,2.55,2.55,2.549999999999943,2.5499999999994016,2.5499999999940877,2.549999999943818,2.5499999994906877,2.5499999956298027,2.549999964756916,2.5499997347013648,2.549998148875728,2.549988117703113,2.5499304173058737,2.549631756412016,2.548257737870458,2.542720462393934,2.523500210072981,2.4670865815738057,2.329499148233544,2.053663076069229
317.0,2.55,2.55,2.55,2.5499999999999403,2.5499999999993737,2.549999999993833,2.5499999999415826,2.549999999472042,2.549999995483596,2.5499999636880286,2.549999727476281,2.549998104125,2.5499878662816733,2.5499291511243323,2.5496261218825365,2.5482359723541728,2.5426491027111457,2.5233073023238255,2.466672493400023,2.3288287042765647,2.0529074785911465
318.0,2.55,2.55,2.55,2.549999999999937,2.549999999999345,2.549999999993569,2.549999999939267,2.5499999994527887,2.549999995333086,2.5499999625910528,2.5499997200839624,2.5499980584773256,2.549987610592513,2.549927867281547,2.549620425495817,2.548214030863159,2.542577364400918,2.5231138722185285,2.4662582353597537,2.328159180749783,2.052153551387202
319.0,2.55,2.55,2.55,2.5499999999999337,2.5499999999993146,2.5499999999932945,2.549999999936869,2.54999999943291,2.549999995178163,2.549999961465368,2.549999712521255,2.549998011918668,2.5499873505825064,2.549926565614249,2.5496146668793878,2.5481919129148363,2.5425052477309826,2.5229199223070227,2.4658438112550174,2.3274905757893287,2.0514012851511265
320.0,2.55,2.55,2.55,2.54999999999993,2.549999999999283,2.5499999999930094,2.5499999999343856,2.5499999994123876,2.5499999950187164,2.549999960310344,2.5499997047849616,2.5499979644348403,2.5499870861981444,2.5499252459586232,2.549608845661229,2.5481696180310194,2.5424327529771307,2.5227254551343044,2.465429224852422,2.3268228875235004,2.0506506706608185
321.0,2.55,2.55,2.5499999999999994,2.5499999999999265,2.5499999999992506,2.549999999992713,2.5499999999318144,2.549999999391204,2.549999994854633,2.549999959125339,2.5499996968718404,2.5499979160115047,2.5499868173855376,2.5499239081503142,2.549602961469784,2.5481471457379157,2.54235988042313,2.5225304732403395,2.465014479883461,2.3261561140730773,2.0499016987773335
322.0,2.55,2.55,2.5499999999999985,2.549999999999923,2.5499999999992164,2.549999999992406,2.5499999999291525,2.5499999993693407,2.549999994685797,2.5499999579097,2.5499996887786027,2.54999786663417,2.549986544090416,2.5499225520244324,2.5495970139339734,2.548124495566126,2.542286630360639,2.5223349791599743,2.4645995800448057,2.3254902535516235,2.049154360443892
323.0,2.55,2.55,2.5499999999999976,2.5499999999999194,2.549999999999181,2.5499999999920866,2.5499999999263974,2.549999999346778,2.54999999451209,2.5499999566627642,2.549999680501915,2.5499978162881938,2.5499862662581294,2.5499211774155603,2.549591002683213,2.548101667050643,2.5422130030891235,2.5221389754228465,2.464184528998597,2.3248253040657882,2.0484086466849023
324.0,2.55,2.55,2.5499999999999967,2.5499999999999154,2.549999999999144,2.549999999991755,2.549999999923546,2.5499999993234965,2.549999994333392,2.549999955383855,2.549999672038396,2.549997764958778,2.549985983833647,2.549919784157757,2.5495849273474276,2.54807865973085,2.5421389989157728,2.5219424645532977,2.4637693303727355,2.3241612637155993,2.0476645486049936
325.0,2.55,2.55,2.549999999999996,2.549999999999911,2.5499999999991054,2.5499999999914107,2.549999999920595,2.5499999992994766,2.5499999941495792,2.5499999540722853,2.5499996633846194,2.5499977126309714,2.549985696761558,2.5499183720845666,2.5495787875570644,2.5480554731505194,2.5420646181554187,2.5217454490702917,2.4633539877611703,2.3234981305947473,2.0469220573880653
326.0,2.55,2.55,2.549999999999995,2.5499999999999066,2.549999999999065,2.5499999999910536,2.5499999999175413,2.549999999274698,2.549999993960527,2.5499999527273567,2.549999654537111,2.549997659289668,2.549985404986073,2.5499169410290214,2.5495725829431106,2.5480321068578102,2.5419898611304497,2.5215479314873295,2.4629385047241836,2.3228359027908683,2.0461811642963506
327.0,2.55,2.55,2.549999999999994,2.549999999999902,2.5499999999990237,2.5499999999906833,2.549999999914382,2.549999999249139,2.5499999937661064,2.549999951348358,2.5499996454923486,2.5499976049196067,2.549985108451022,2.5499154908236505,2.5495663131371065,2.548008560405267,2.5419147281707315,2.5213499143123697,2.4625228847886764,2.3221745783858183,2.0454418606694893
328.0,2.55,2.55,2.549999999999993,2.5499999999998977,2.5499999999989806,2.5499999999902987,2.5499999999111145,2.5499999992227784,2.5499999935661872,2.549999949934567,2.5499996362467634,2.549997549505369,2.5499848070998574,2.5499140213004843,2.5495599777711604,2.5479848333498154,2.5418392196135238,2.521151400047749,2.4621071314484495,2.3215141554559398,2.0447041379236177
329.0,2.55,2.55,2.5499999999999923,2.5499999999998924,2.549999999998936,2.5499999999899,2.549999999907734,2.549999999195595,2.549999993360636,2.5499999484852487,2.5499996267967373,2.549997493031381,2.5499845008756536,2.549912532291061,2.549553576477962,2.5479609252527613,2.5417633358033984,2.520952391190105,2.461691248164485,2.320854632072327,2.0439679875504697
330.0,2.55,2.55,2.5499999999999914,2.549999999999887,2.549999999998889,2.5499999999894865,2.549999999904238,2.5499999991675653,2.5499999931493176,2.5499999469996557,2.549999617138604,2.5499974354819104,2.549984189721107,2.549911023626432,2.5495471088907995,2.547936835679785,2.5416870770921594,2.520752890230303,2.4612752383652245,2.320196006301083,2.04323340111649
331.0,2.55,2.55,2.5499999999999905,2.5499999999998817,2.5499999999988403,2.5499999999890575,2.5499999999006233,2.549999999138667,2.5499999929320927,2.549999945477029,2.5499996072686475,2.5499973768410675,2.5499838735785363,2.549909495137171,2.54954057464357,2.54791256420094,2.541610443838762,2.5205528996533606,2.460859105446845,2.3195382762035694,2.04250037026196
332.0,2.55,2.55,2.5499999999999896,2.5499999999998764,2.5499999999987892,2.549999999988613,2.549999999896886,2.549999999108876,2.54999999270882,2.5499999439165957,2.549999597183104,2.5499973170928034,2.549983552389884,2.549907946653374,2.5495339733707962,2.547888110390648,2.5415334364092312,2.5203524219383766,2.460442852773536,2.3188814398366553,2.041768886700136
333.0,2.55,2.55,2.5499999999999887,2.54999999999987,2.5499999999987364,2.5499999999881515,2.5499999998930223,2.5499999990781697,2.5499999924793553,2.5499999423175717,2.549999586878158,2.5499972562209097,2.5499832260967175,2.549906378004672,2.5495273047076408,2.5478634738276953,2.541456055176584,2.520151459558462,2.460026483677768,2.3182254952529564,2.041038942216398
334.0,2.55,2.55,2.549999999999988,2.549999999999864,2.5499999999986818,2.5499999999876732,2.5499999998890286,2.549999999046522,2.549999992243552,2.5499999406791587,2.549999576349945,2.5499971942090194,2.5499828946402268,2.5499047890202333,2.5495205682899167,2.5478386540952265,2.5413783005207473,2.519950014980671,2.4596100014605686,2.3175704405010724,2.040310528667416
335.0,2.55,2.55,2.549999999999987,2.5499999999998577,2.5499999999986245,2.5499999999871776,2.549999999884901,2.5499999990139086,2.54999999200126,2.5499999390005463,2.549999565594548,2.549997131040604,2.549982557961228,2.549903179528771,2.549513763754105,2.547813650780742,2.541300172828482,2.5197480906659346,2.4591934093917875,2.316916273625817,2.0395836379803187
336.0,2.55,2.55,2.549999999999986,2.549999999999851,2.549999999998565,2.549999999986664,2.5499999998806353,2.5499999989803035,2.5499999917523266,2.5499999372809103,2.549999554608002,2.5499970666989737,2.549982216000162,2.5499015493585477,2.5495068907373653,2.5477884634760906,2.5412216724933017,2.519545689068996,2.4587767107103655,2.316262992668443,2.0388582621518814
337.0,2.55,2.55,2.549999999999985,2.549999999999844,2.5499999999985032,2.5499999999861314,2.5499999998762277,2.5499999989456805,2.5499999914965956,2.5499999355194136,2.5499995433862876,2.5499970011672786,2.549981868697097,2.5498998983373844,2.549499948877551,2.5477630917774676,2.5411427999153964,2.5193428126383473,2.4583599086246,2.3156105956668647,2.0381343932477214
338.0,2.55,2.55,2.5499999999999843,2.549999999999837,2.549999999998439,2.5499999999855794,2.549999999871674,2.549999998910013,2.5499999912339093,2.5499999337152053,2.5499995319253355,2.549996934428505,2.5499815159917283,2.549898226292664,2.5494929378132225,2.547737535285405,2.541063555501553,2.5191394638161677,2.4579430063124073,2.314959080655872,2.0374120234015054
339.0,2.55,2.55,2.5499999999999834,2.5499999999998293,2.5499999999983722,2.549999999985008,2.54999999986697,2.5499999988732736,2.549999990964105,2.549999931867421,2.5499995202210237,2.5499968664654773,2.5499811578233773,2.5498965330513377,2.549485857183657,2.547711793604768,2.54098393966508,2.5189356450382645,2.457526006921584,2.314308445667344,2.0366911448141676
340.0,2.55,2.55,2.5499999999999825,2.5499999999998213,2.549999999998303,2.549999999984416,2.5499999998621106,2.5499999988354336,2.5499999906870188,2.549999929975183,2.549999508269177,2.5499967972608566,2.549980794130995,2.5498948184399337,2.5494787066288676,2.547685866344749,2.5409039528257296,2.5187313587340134,2.457108913570068,2.3136586887304533,2.0359717497531395
341.0,2.55,2.55,2.5499999999999816,2.5499999999998133,2.549999999998231,2.5499999999838026,2.549999999857092,2.5499999987964648,2.549999990402482,2.549999928037599,2.5499994960655687,2.5499967267971395,2.549980424853161,2.5498930822845605,2.549471485789611,2.547659753118859,2.5408235954096203,2.5185266073263026,2.4566917293461956,2.31300980787187,2.0352538305515897
342.0,2.55,2.55,2.5499999999999807,2.5499999999998044,2.5499999999981564,2.5499999999831675,2.5499999998519094,2.5499999987563378,2.549999990110323,2.5499999260537622,2.5499994836059168,2.5499966550566593,2.5499800499280845,2.5498913244109147,2.5494641943074017,2.547633453544924,2.5407428678491626,2.5183213932314774,2.4562744573089565,2.312361801115958,2.034537379607673
343.0,2.55,2.55,2.54999999999998,2.5499999999997955,2.5499999999980787,2.54999999998251,2.549999999846558,2.549999998715023,2.549999989810369,2.5499999240227527,2.549999470885887,2.549996582021583,2.5499796692936054,2.5498895446442873,2.549456831824526,2.5476069672450747,2.5406617705829824,2.5181157188592858,2.4558571004882483,2.3117146664849706,2.0338223893837912
344.0,2.55,2.55,2.549999999999979,2.549999999999786,2.549999999997998,2.549999999981829,2.549999999841033,2.549999998672489,2.549999989502441,2.5499999219436353,2.54999945790109,2.549996507673913,2.549979282887196,2.5498877428095685,2.549449397984052,2.5475802938457415,2.540580304055846,2.5179095866128263,2.4554396618851295,2.311068401999236,2.033108852405863
345.0,2.55,2.55,2.549999999999978,2.5499999999997764,2.5499999999979144,2.549999999981124,2.54999999983533,2.5499999986287047,2.5499999891863587,2.5499999198154613,2.549999444647083,2.5499964319954853,2.5499788906459586,2.5498859187312553,2.549441892429845,2.547553432977646,2.5404984687185865,2.517702998888498,2.455022144472068,2.3104230056773445,2.0323967612626066
346.0,2.55,2.55,2.549999999999977,2.5499999999997667,2.5499999999978273,2.5499999999803937,2.549999999829443,2.549999998583639,2.549999988861938,2.5499999176372663,2.5499994311193666,2.5499963549679703,2.5499784925066304,2.549884072233457,2.549434314806577,2.547526384275794,2.5404162650280275,2.5174959580759486,2.4546045511931918,2.30977847553633,2.0316861086048266
347.0,2.55,2.55,2.5499999999999763,2.549999999999756,2.549999999997737,2.5499999999796383,2.549999999823367,2.5499999985372583,2.54999998852899,2.5499999154080717,2.5499994173133875,2.54999627657287,2.549978088405582,2.549882203139903,2.5494266647597397,2.5474991473794653,2.540333693446911,2.51728846655803,2.4541868849645327,2.3091348095918445,2.030976887144716
348.0,2.55,2.55,2.5499999999999754,2.5499999999997454,2.549999999997644,2.5499999999788567,2.549999999817097,2.54999999848953,2.5499999881873245,2.549999913126883,2.5499994032245366,2.54999619679152,2.5499776782788177,2.549880311273946,2.549418941935657,2.547471721932209,2.5402507544438238,2.5170805267107483,2.4537691486742728,2.3084920058583323,2.0302690896551656
349.0,2.55,2.55,2.5499999999999736,2.549999999999734,2.549999999997547,2.549999999978048,2.5499999998106273,2.549999998440419,2.5499999878367468,2.549999910792691,2.5499993888481476,2.5499961156050874,2.5499772620619785,2.549878396458572,2.5494111459814968,2.547444107581833,2.540167448493124,2.5168721409032204,2.4533513451829876,2.3078500623491984,2.0295627089690815
350.0,2.55,2.55,2.549999999999972,2.5499999999997223,2.5499999999974468,2.5499999999772114,2.549999999803952,2.5499999983898913,2.549999987477058,2.5499999084044718,2.5499993741794986,2.549996032994571,2.549976839690342,2.5498764585164024,2.5494032765452808,2.5474163039803934,2.540083776074869,2.516663311497629,2.452933477323886,2.3072089770769733,2.0288577379787145
351.0,2.55,2.55,2.54999999999997,2.54999999999971,2.549999999997342,2.549999999976346,2.549999999797066,2.5499999983379116,2.549999987108057,2.5499999059611853,2.549999359213811,2.5499959489408006,2.5499764110988234,2.5498744972697045,2.549395333275899,2.5473883107841897,2.539999737674743,2.516454040849181,2.45251554790305,2.3065687480534756,2.0281541696349956
352.0,2.55,2.55,2.5499999999999683,2.549999999999697,2.5499999999972336,2.54999999997545,2.5499999997899634,2.5499999982844432,2.549999986729538,2.5499999034617757,2.5499993439462476,2.549995863424437,2.5499759762219747,2.5498725125403943,2.549387315823119,2.547360127653753,2.539915333783987,2.516244331306065,2.4520975596996717,2.3059293732899673,2.027451996946882
353.0,2.55,2.55,2.5499999999999665,2.5499999999996836,2.5499999999971212,2.549999999974524,2.5499999997826372,2.549999998229449,2.5499999863412923,2.549999900905172,2.5499993283719156,2.54999577642597,2.5499755349939894,2.5498705041500447,2.549379223837599,2.547331754253837,2.539830564899326,2.516034185209412,2.4516795154662896,2.305290850797311,2.026751212980714
354.0,2.55,2.55,2.5499999999999647,2.54999999999967,2.549999999997005,2.5499999999735667,2.549999999775082,2.549999998172891,2.5499999859431064,2.549999898290286,2.5499993124858626,2.5499956879257204,2.5499750873487006,2.5498684719198916,2.5493710569708963,2.547303190253407,2.5397454315228982,2.5158236048932574,2.451261417929021,2.304653178586118,2.026051810859575
355.0,2.55,2.55,2.549999999999963,2.5499999999996557,2.549999999996884,2.5499999999725764,2.5499999997672917,2.5499999981147314,2.5499999855347637,2.5499998956160144,2.549999296283078,2.5499955979038376,2.5499746332195827,2.5498664156708393,2.5493628148754808,2.5472744353256336,2.5396599341621875,2.5156125926845005,2.4508432697877947,2.3040163546668957,2.0253537837626663
356.0,2.55,2.55,2.549999999999961,2.5499999999996406,2.549999999996759,2.549999999971553,2.549999999759259,2.5499999980549304,2.5499999851160435,2.5499998928812375,2.5499992797584934,2.5499955063402995,2.5499741725397524,2.549864335223467,2.5493544972047455,2.5472454891478797,2.5395740733299506,2.515401150902872,2.450425073716582,2.3033803770501935,2.0246571249246856
357.0,2.55,2.55,2.5499999999999594,2.549999999999625,2.5499999999966287,2.549999999970494,2.549999999750978,2.5499999979934476,2.549999984686721,2.5499998900848193,2.54999926290698,2.5499954132149125,2.5499737052419706,2.5498622303980363,2.549346103613016,2.5472163514016914,2.5394878495441495,2.5151892818608963,2.450006832363623,2.3027452437467404,2.0239618276352167
358.0,2.55,2.55,2.5499999999999576,2.549999999999609,2.549999999996494,2.5499999999694,2.549999999742442,2.549999997930242,2.5499999842465684,2.549999887225606,2.5499992457233494,2.5499953185073116,2.549973231258643,2.5498601010144952,2.5493376337555627,2.5471870217727868,2.5394012633278824,2.5149769878638577,2.449588548351655,2.3021109527675843,2.0232678852381247
359.0,2.55,2.55,2.549999999999956,2.549999999999592,2.5499999999963547,2.5499999999682688,2.5499999997336436,2.5499999978652723,2.5499999837953533,2.5499998843024283,2.5499992282023545,2.549995222196959,2.54997275052182,2.5498579468924865,2.5493290872886103,2.5471574999510467,2.539314315209315,2.5147642712097698,2.449170224278137,2.3014775021242246,2.022575291130963
360.0,2.55,2.55,2.549999999999954,2.549999999999575,2.5499999999962104,2.5499999999671004,2.5499999997245757,2.549999997798495,2.5499999833328384,2.5499998813140996,2.549999210338687,2.5499951242631433,2.5499722629632,2.5498557678513527,2.549320463869349,2.547127785630502,2.5392270057216138,2.514551134189341,2.448751862715471,2.3008448898287446,2.0218840387643846
361.0,2.55,2.55,2.549999999999952,2.5499999999995566,2.5499999999960608,2.549999999965893,2.549999999715231,2.549999997729867,2.5499999828587834,2.5499998782594155,2.5499991921269776,2.5499950246849807,2.5499717685141285,2.549853563710143,2.549311763155943,2.547097878509325,2.5391393354028766,2.5143375790859466,2.4483334662112264,2.3002131138944018,2.0211941220455665
362.0,2.55,2.55,2.549999999999949,2.549999999999538,2.5499999999959058,2.5499999999646454,2.5499999997056024,2.5499999976593433,2.5499999823729436,2.549999875137155,2.549999173561797,2.549994923441414,2.5499712671056005,2.5498513342876197,2.549302984807544,2.5470677782898155,2.539051304796068,2.514123608175597,2.4479150372883636,2.2995821723380514,2.0205055349273304
363.0,2.55,2.55,2.5499999999999465,2.5499999999995184,2.549999999995745,2.5499999999633567,2.5499999996956824,2.549999997586879,2.5499999818750703,2.5499998719460795,2.5499991546376535,2.549994820511211,2.549970758668261,2.5498490794022626,2.5492941284842976,2.5470374846783916,2.538962914448952,2.5139092237269116,2.447496578445466,2.2989520631778952,2.019818271007885
364.0,2.55,2.55,2.549999999999944,2.549999999999498,2.5499999999955785,2.5499999999620253,2.549999999685463,2.5499999975124275,2.54999998136491,2.5499998686849326,2.5499991353489935,2.5499947158729652,2.5499702431324076,2.549846798872278,2.5492851938473553,2.5470069973855773,2.538874164914024,2.5136944280010907,2.4470780921569517,2.298322784433139,2.019132323936389
365.0,2.55,2.55,2.549999999999941,2.5499999999994767,2.549999999995406,2.54999999996065,2.5499999996749363,2.5499999974359415,2.5499999808422045,2.54999986535244,2.549999115690201,2.5499946095050965,2.5499697204279896,2.549844492515603,2.5492761805588837,2.54697631612599,2.5387850567484493,2.513479223251889,2.446659580873289,2.297694334124109,2.0184476874123995
366.0,2.55,2.5499999999999994,2.5499999999999385,2.549999999999455,2.5499999999952276,2.5499999999592298,2.5499999996640943,2.5499999973573733,2.5499999803066924,2.5499998619473105,2.5499990956555987,2.5499945013858483,2.5499691904846107,2.5498421601499124,2.5492670882820736,2.5469454406183303,2.5386955905139947,2.5132636117255927,2.4462410470212075,2.2970667102723668,2.017764355185328
367.0,2.55,2.5499999999999985,2.549999999999936,2.5499999999994323,2.549999999995043,2.5499999999577634,2.549999999652928,2.5499999972766734,2.5499999797581068,2.549999858468233,2.549999075239445,2.549994391493289,2.549968653231529,2.549839801592624,2.549257916681151,2.5469143705853683,2.538605766776964,2.513047595660992,2.445822493003909,2.2964399109008222,2.0170823210539024
368.0,2.55,2.5499999999999976,2.549999999999933,2.5499999999994087,2.5499999999948515,2.5499999999562495,2.5499999996414298,2.549999997193792,2.5499999791961767,2.54999985491388,2.5499990544359363,2.549994279805312,2.549968108597661,2.5498374166609064,2.5492486654213846,2.5468831057539325,2.5385155861081365,2.5128311772893617,2.445403921201276,2.295813934033842,2.0164015788656386
369.0,2.55,2.5499999999999967,2.5499999999999305,2.5499999999993843,2.5499999999946534,2.5499999999546863,2.5499999996295903,2.549999997108678,2.549999978620627,2.549999851282903,2.5499990332392035,2.549994166299633,2.549967556511579,2.5498350051716847,2.5492393341690964,2.5468516458548964,2.5384250490827003,2.512614358834437,2.444985333970079,2.2951887776973567,2.0157221225163156
370.0,2.55,2.549999999999996,2.549999999999927,2.549999999999359,2.5499999999944483,2.549999999953073,2.549999999617401,2.549999997021279,2.549999978031177,2.5499998475739374,2.549999011643315,2.5499940509537926,2.5499669969015155,2.549832566941646,2.5492299225916697,2.546819990623167,2.5383341562801904,2.5123971425123925,2.444566733644181,2.294564439918964,2.015043945949459
371.0,2.55,2.549999999999995,2.5499999999999234,2.549999999999333,2.549999999994236,2.5499999999514076,2.5499999996048524,2.5499999969315423,2.5499999774275426,2.5499998437855984,2.549998989642274,2.549993933745154,2.5499664296953632,2.549830101787246,2.54922043035756,2.546788139797671,2.5382429082844262,2.5121795305318244,2.444148122534742,2.293940918728032,2.014367043155834
372.0,2.55,2.549999999999994,2.54999999999992,2.5499999999993053,2.5499999999940166,2.549999999949689,2.5499999995919356,2.5499999968394134,2.549999976809434,2.5499998399164827,2.5499989672300183,2.549993814650903,2.549965854820676,2.5498276095247143,2.5492108571363015,2.546756093121342,2.538151305683449,2.5119615250937284,2.4437295029304207,2.2933182121557967,2.0136914081729387
373.0,2.55,2.549999999999993,2.5499999999999163,2.549999999999277,2.5499999999937892,2.5499999999479153,2.549999999578641,2.5499999967448375,2.5499999761765566,2.549999835965168,2.549998944400422,2.5499936936480485,2.549965272204671,2.5498250899700627,2.549201202598518,2.5467238503411096,2.538059349069459,2.511743128391483,2.4433108770975744,2.2926963182354587,2.0130170350845105
374.0,2.55,2.5499999999999923,2.549999999999913,2.549999999999247,2.5499999999935543,2.5499999999460847,2.549999999564959,2.5499999966477582,2.5499999755286114,2.549999831930211,2.549998921147292,2.549993570713422,2.5499646817742305,2.54982254293909,2.54919146641593,2.5466914112078824,2.5379670390387568,2.511524342610832,2.442892247280459,2.29207523500228,2.0123439180200346
375.0,2.55,2.5499999999999914,2.5499999999999092,2.5499999999992164,2.5499999999933114,2.549999999944196,2.5499999995508795,2.5499999965481184,2.549999974865294,2.5499998278101517,2.5499988974643717,2.549993445823677,2.5499640834559023,2.549819968247387,2.549181648261363,2.5466587754765384,2.5378743761916787,2.5113051699298685,2.442473615701424,2.2914549604936725,2.0116720511542616
376.0,2.55,2.5499999999999905,2.549999999999905,2.549999999999185,2.5499999999930596,2.5499999999422482,2.5499999995363924,2.5499999964458593,2.549999974186296,2.549999823603508,2.5499988733453356,2.5499933189552872,2.5499634771759014,2.5498173657103456,2.5491717478087583,2.5466259429059095,2.5377813611325384,2.5110856125190195,2.442054984561111,2.2908354927492898,2.0110014287067286
377.0,2.55,2.5499999999999896,2.5499999999999003,2.549999999999152,2.5499999999928,2.5499999999402387,2.5499999995214875,2.5499999963409214,2.5499999734913037,2.549999819308779,2.5499988487837926,2.5499931900845505,2.5499628628601116,2.5498147351431615,2.549161764733178,2.546592913258768,2.537687994469567,2.5108656725410303,2.4416363560386443,2.2902168298111136,2.010332044941289
378.0,2.55,2.5499999999999887,2.549999999999896,2.549999999999118,2.549999999992531,2.5499999999381657,2.549999999506154,2.5499999962332445,2.549999972779997,2.549999814924444,2.5499988237732847,2.5499930591875835,2.5499622404340863,2.549812076360843,2.549151698710815,2.546559686301814,2.537594276814853,2.5106453521509513,2.441217732291825,2.28959896972354,2.009663894165646
379.0,2.55,2.549999999999988,2.5499999999998915,2.549999999999083,2.5499999999922527,2.5499999999360283,2.5499999994903813,2.5499999961227666,2.5499999720520523,2.5499998104489614,2.5499987983072865,2.5499929262403254,2.549961609823051,2.5498093891782165,2.5491415494190024,2.54652626180566,2.5375002087842837,2.5104246534961243,2.4407991154573216,2.2889819105334612,2.0089969707308963
380.0,2.55,2.549999999999987,2.549999999999887,2.549999999999046,2.5499999999919654,2.549999999933824,2.5499999994741582,2.5499999960094244,2.5499999713071397,2.5499998058807694,2.549998772379205,2.549992791218535,2.5499609709519038,2.549806673409931,2.549131316536217,2.546492639544818,2.537405790997485,2.510203578716172,2.4403805076508585,2.2883656502903476,2.0083312690310726
381.0,2.55,2.549999999999986,2.549999999999882,2.549999999999008,2.5499999999916683,2.5499999999315515,2.5499999994574734,2.5499999958931543,2.549999970544925,2.5499998012182856,2.549998745982379,2.5499926540977937,2.5499603237452177,2.549803928870466,2.549120999742091,2.546458819297686,2.5373110240777654,2.5099821299429848,2.4399619109674044,2.2877501870463264,2.0076667835026996
382.0,2.55,2.549999999999985,2.549999999999877,2.5499999999989686,2.549999999991361,2.5499999999292084,2.549999999440315,2.5499999957738906,2.549999969765068,2.5499997964599075,2.5499987191100786,2.5499925148535008,2.549959668127242,2.549801155374137,2.54911059871742,2.5464248008465313,2.5372159086520565,2.5097603093007113,2.439543327481357,2.2871355188562577,2.0070035086243507
383.0,2.55,2.5499999999999843,2.5499999999998715,2.549999999998928,2.5499999999910434,2.549999999926793,2.549999999422672,2.549999995651567,2.549999968967223,2.549999791604011,2.5499986917555053,2.5499923734608765,2.5499590040219027,2.5497983527351016,2.549100113144166,2.5463905839774785,2.537120445350857,2.5095381189057497,2.4391247592467287,2.28652164377781,2.0063414389162118
384.0,2.55,2.5499999999999834,2.549999999999866,2.5499999999988856,2.5499999999907152,2.549999999924303,2.5499999994045313,2.5499999955261154,2.5499999681510395,2.549999786648951,2.549998663911792,2.5499922298949613,2.549958331352806,2.549795520767365,2.5490895427054707,2.5463561684804943,2.5370246348081746,2.5093155608667357,2.4387062082973285,2.285908559871534,2.00568056893965
385.0,2.55,2.5499999999999825,2.5499999999998604,2.5499999999988416,2.549999999990376,2.5499999999217366,2.5499999993858813,2.5499999953974672,2.5499999673161606,2.5499997815930615,2.5499986355720017,2.5499920841306154,2.549957650043237,2.549792659284786,2.5490788870856576,2.546321554149373,2.536928477661471,2.509092637284536,2.438287676646944,2.285296265200932,2.005020893296791
386.0,2.55,2.5499999999999816,2.549999999999854,2.549999999998796,2.5499999999900256,2.5499999999190917,2.5499999993667095,2.549999995265552,2.5499999664622246,2.549999776434654,2.5499986067291274,2.5499919361425176,2.549956960016165,2.549789768101085,2.5490681459702427,2.5462867407817216,2.536831974551604,2.5088693502522426,2.437869166289521,2.284684757832527,2.004362406630096
387.0,2.55,2.5499999999999807,2.549999999999848,2.5499999999987493,2.5499999999896636,2.549999999916366,2.549999999347003,2.5499999951302974,2.549999965588864,2.54999977117202,2.5499985773760923,2.5499917859051666,2.549956261194242,2.5497868470298473,2.54905731904594,2.546251728178946,2.5367351261227746,2.5086457018551624,2.4374506791993404,2.2840740358359315,2.0037051036219498
388.0,2.55,2.54999999999998,2.5499999999998417,2.549999999998701,2.5499999999892897,2.5499999999135574,2.549999999326749,2.5499999949916314,2.549999964695706,2.5499997658034284,2.5499985475057483,2.5499916333928807,2.5499555534998053,2.5497838958845307,2.5490464060006683,2.5462165161462336,2.5366379330224698,2.5084216941708144,2.437032217331198,2.2834640972839115,2.003048978994251
389.0,2.55,2.549999999999979,2.549999999999835,2.5499999999986507,2.549999999988904,2.549999999910664,2.5499999993059337,2.5499999948494794,2.549999963782371,2.549999760327125,2.5499985171108777,2.5499914785797966,2.549954836854879,2.54978091447847,2.54903540652356,2.5461811044925415,2.5365403959014086,2.508197329268922,2.4366137826205767,2.282854940252452,2.002394027508007
390.0,2.55,2.549999999999978,2.549999999999828,2.5499999999985987,2.549999999988505,2.5499999999076834,2.5499999992845437,2.549999994703766,2.549999962848474,2.549999754741335,2.5499984861841907,2.5499913214398697,2.549954111181176,2.5497779026248857,2.549024320304965,2.546145493030579,2.536442515413489,2.507972609211409,2.4361953769838234,2.2822465628208155,2.0017402439629364
391.0,2.55,2.549999999999977,2.549999999999821,2.549999999998545,2.5499999999880933,2.5499999999046126,2.549999999262565,2.5499999945544145,2.5499999618936244,2.5499997490442605,2.549998454718326,2.5499911619468745,2.5499533764000994,2.5497748601368864,2.5490131470364585,2.546109681576793,2.536344292215732,2.5077475360523964,2.435777002318318,2.2816389630716065,2.001087623197073
392.0,2.549999999999999,2.5499999999999763,2.5499999999998137,2.5499999999984895,2.549999999987668,2.5499999999014498,2.5499999992399833,2.5499999944013463,2.5499999609174253,2.549999743234082,2.5499984227058508,2.549991000074403,2.5499526324327446,2.549771786827477,2.5490018864108483,2.5460736699513546,2.5362457269682315,2.507522111838199,2.4353586605026463,2.281032139090828,2.0004361600863803
393.0,2.549999999999998,2.5499999999999754,2.5499999999998058,2.5499999999984313,2.549999999987229,2.549999999898193,2.549999999216784,2.5499999942444815,2.5499999599194743,2.549999737308956,2.54999839013926,2.5499908357958674,2.5499518791999,2.549768682509565,2.5489905381221796,2.546037457978141,2.5361468203340976,2.507296338607321,2.434940353396769,2.280426088967938,1.9997858495443628
394.0,2.549999999999997,2.5499999999999745,2.5499999999997978,2.5499999999983713,2.549999999986776,2.5499999998948386,2.5499999991929525,2.549999994083739,2.5499999588993623,2.549999731267017,2.5499983570109754,2.5499906690844965,2.5499511166220485,2.549765546995964,2.548979101865743,2.5460010454847213,2.5360475729794074,2.507070218390456,2.43452208284219,2.2798208107959064,1.999136686521691
395.0,2.5499999999999963,2.5499999999999736,2.5499999999997898,2.5499999999983096,2.549999999986308,2.549999999891385,2.549999999168474,2.5499999939190365,2.549999957856674,2.5499997251063755,2.5499983233133467,2.5499904999133376,2.5499503446193716,2.549762380099402,2.5489675773380798,2.5459644323023407,2.5359479855731517,2.5068437532104846,2.4341038506621224,2.279216302671268,1.9984886660058243
396.0,2.5499999999999954,2.5499999999999723,2.549999999999781,2.5499999999982452,2.549999999985825,2.5499999998878287,2.5499999991433326,2.54999999375029,2.549999956790989,2.54999971882512,2.5499982890386503,2.549990328255257,2.5499495631117477,2.549759181632526,2.548955964236987,2.5459276182659054,2.5358480587871837,2.506616945082473,2.4336856586616538,2.2786125626941742,1.9978417830206414
397.0,2.5499999999999945,2.5499999999999705,2.549999999999772,2.549999999998179,2.5499999999853262,2.5499999998841676,2.5499999991175133,2.549999993577414,2.5499999557018787,2.5499997124213154,2.5499982541790884,2.5499901540829377,2.549948772018756,2.5497559514079073,2.5489442622615246,2.5458906032139668,2.5357477932961676,2.5063897960136745,2.433267508627909,2.278009588968445,1.9971960326260754
398.0,2.5499999999999936,2.5499999999999687,2.5499999999997627,2.5499999999981102,2.5499999999848115,2.549999999880399,2.5499999990909994,2.5499999934003212,2.54999995458891,2.5499997058930015,2.54999821872679,2.5499899773688814,2.549947971259678,2.549752689238049,2.5489324711120216,2.5458533869887043,2.535647189777528,2.5061623080035287,2.4328494023302154,2.2774073796016183,1.9965514099177528
399.0,2.5499999999999927,2.549999999999967,2.549999999999753,2.549999999998039,2.549999999984281,2.54999999987652,2.5499999990637745,2.5499999932189232,2.5499999534516418,2.5499996992381964,2.54999818267381,2.5499897980854067,2.5499471607534985,2.549749394935391,2.5489205904900807,2.5458159694359117,2.5355462489114005,2.505934483043662,2.43243134152026,2.2768059327049968,1.9959079100266373
400.0,2.549999999999992,2.549999999999965,2.549999999999743,2.549999999997966,2.5499999999837333,2.549999999872527,2.5499999990358226,2.54999999303313,2.5499999522896277,2.549999692454892,2.5499981460121277,2.5499896162046505,2.549946340418908,2.549746068312314,2.5489086200985844,2.54577835040498,2.5354449713805813,2.5057063231178907,2.4320133279322507,2.2762052463936957,1.995265528118677
401.0,2.549999999999991,2.5499999999999634,2.5499999999997325,2.54999999999789,2.5499999999831684,2.5499999998684184,2.5499999990071265,2.5499999928428503,2.5499999511024143,2.5499996855410583,2.549998108733649,2.549989431698567,2.549945510174304,2.5497427091811486,2.5488965596417,2.545740529748882,2.5353433578704774,2.5054778302022216,2.431595363283075,2.2756053187866874,1.9946242593944588
402.0,2.54999999999999,2.5499999999999616,2.549999999999722,2.5499999999978114,2.5499999999825858,2.5499999998641907,2.5499999989776683,2.54999999264799,2.549999949889542,2.5499996784946397,2.549998070830204,2.5499892445389287,2.549944669937793,2.5497393173541782,2.5488844088248857,2.545702507324154,2.5352414090690583,2.5052490062648554,2.431177449272455,2.275006148006845,1.9939840990888626
403.0,2.549999999999989,2.54999999999996,2.5499999999997107,2.54999999999773,2.5499999999819845,2.5499999998598404,2.5499999989474307,2.549999992448455,2.549999948650543,2.549999671313556,2.549998032293547,2.5499890546973245,2.5499438196271926,2.549735892643646,2.548872167354895,2.545664282990884,2.535139125666807,2.50501985326619,2.430759587583106,2.2744077321809835,1.9933450424707242
404.0,2.5499999999999883,2.549999999999958,2.549999999999699,2.549999999997646,2.5499999999813645,2.5499999998553644,2.549999998916396,2.5499999922441487,2.549999947384945,2.5499996639957025,2.5499979931153565,2.549988862145162,2.549942959160033,2.549732434861761,2.548859834939783,2.545625856612691,2.535036508356673,2.504790373158824,2.430341779880886,2.2738100694399046,1.9927070848424988
405.0,2.5499999999999874,2.5499999999999563,2.549999999999687,2.549999999997559,2.5499999999807255,2.5499999998507596,2.549999998884545,2.5499999920349734,2.5499999460922664,2.5499996565389496,2.5499979532872357,2.549988666853665,2.549942088453558,2.549728943820702,2.54884741128891,2.545587228056711,2.534933557834023,2.504560567887561,2.4299240278149523,2.273213157918433,1.9920702215399313
406.0,2.5499999999999865,2.5499999999999545,2.5499999999996747,2.5499999999974694,2.549999999980066,2.5499999998460225,2.5499999988518596,2.5499999918208283,2.5499999447720207,2.549999648941143,2.549997912800711,2.5499884687938756,2.549941207424728,2.5497254193326246,2.5488348961129486,2.5455483971935817,2.5348302747965947,2.504330439389414,2.429506333017911,2.2726169957554574,1.991434447931729
407.0,2.5499999999999856,2.5499999999999527,2.549999999999662,2.5499999999973766,2.5499999999793865,2.5499999998411504,2.54999999881832,2.549999991601613,2.549999943423714,2.549999641200103,2.549997871647232,2.549988267936653,2.549940315990222,2.549721861209668,2.548822289123885,2.5455093638974233,2.53472665994445,2.5040999895936116,2.4290886971059673,2.2720215810939655,1.9907997594192388
408.0,2.5499999999999847,2.549999999999951,2.5499999999996485,2.5499999999972807,2.5499999999786858,2.54999999983614,2.5499999987839073,2.5499999913772236,2.5499999420468438,2.549999633313624,2.5499978298181714,2.549988064252673,2.549939414066438,2.549718269263957,2.5488095900350283,2.5454701280458245,2.5346227139799273,2.5038692204216018,2.428671121679075,2.271426912081082,1.990166151436128
409.0,2.549999999999984,2.549999999999949,2.549999999999635,2.5499999999971816,2.5499999999779637,2.5499999998309866,2.5499999987486013,2.5499999911475557,2.5499999406409026,2.549999625279475,2.5499977873048243,2.54998785771243,2.5499385015694966,2.54971464330761,2.548796798561011,2.545430689519825,2.534518437607598,2.503638133787061,2.428253608321082,2.2708329868681045,1.9895336194480702
410.0,2.549999999999983,2.5499999999999465,2.5499999999996206,2.5499999999970795,2.549999999977219,2.5499999998256873,2.5499999987123823,2.549999990912503,2.5499999392053745,2.5499996170954,2.549997744098408,2.5499876482862356,2.549937578415241,2.549710983152746,2.5487839144177955,2.545391048203898,2.5344138315342186,2.503406731595898,2.4278361585998796,2.270239803610535,1.988902158952433
411.0,2.549999999999982,2.549999999999944,2.549999999999606,2.549999999996974,2.549999999976451,2.5499999998202387,2.549999998675229,2.549999990671956,2.5499999377397367,2.5499996087591157,2.5499977001900627,2.549987435944218,2.5499366445192404,2.549707288611487,2.5487709373226792,2.5453512039859367,2.534308896468686,2.5031750157462636,2.427418774067544,2.269647360468114,1.9882717654779711
412.0,2.549999999999981,2.549999999999941,2.549999999999591,2.5499999999968646,2.54999999997566,2.5499999998146365,2.5499999986371207,2.5499999904258055,2.5499999362434584,2.5499996002683134,2.54999765557085,2.549987220656323,2.5499356997967912,2.5497035594959647,2.548757866994297,2.545311156757234,2.534203633121994,2.5029429881285554,2.4270014562604825,2.2690556556048525,1.9876424345845227
413.0,2.5499999999999803,2.5499999999999385,2.549999999999575,2.5499999999967518,2.5499999999748453,2.5499999998088776,2.549999998598036,2.5499999901739385,2.549999934716002,2.549999591620658,2.5499976102317525,2.5499870023923155,2.5499347441629188,2.5496997956183267,2.548744703152626,2.5452709064124686,2.5340980422071873,2.5027106506254295,2.426584206699575,2.268464687189062,1.987014161862709
414.0,2.5499999999999794,2.549999999999936,2.5499999999995584,2.5499999999966354,2.5499999999740055,2.549999999802958,2.549999998557953,2.5499999899162415,2.5499999331568226,2.5499995828137876,2.5499975641636743,2.5499867811217753,2.5499337775323796,2.5496959967907413,2.548731445518991,2.5452304528496863,2.533992124439318,2.5024780051118047,2.426167026890314,2.2678744533933832,1.986386942933638
415.0,2.5499999999999785,2.549999999999933,2.5499999999995415,2.5499999999965155,2.5499999999731404,2.549999999796873,2.5499999985168493,2.549999989652599,2.549999931565367,2.549999573845314,2.549997517357441,2.5499865568141016,2.549932799819664,2.549692162825403,2.5487180938160674,2.5451897959702845,2.5338858805354025,2.5022450534548746,2.425749918322946,2.2672849523948173,1.9857607734486111
416.0,2.5499999999999776,2.5499999999999305,2.5499999999995238,2.549999999996391,2.549999999972249,2.549999999790619,2.5499999984747026,2.5499999893828935,2.5499999299410754,2.5499995647128215,2.549997469803798,2.54998632943851,2.549931810938996,2.5496882935345377,2.5487046477678845,2.5451489356789954,2.5337793112143783,2.5020117975141165,2.425332882472609,2.266696182374751,1.985135649088835
417.0,2.5499999999999767,2.549999999999928,2.5499999999995056,2.549999999996263,2.549999999971331,2.5499999997841916,2.5499999984314896,2.549999989107005,2.549999928283379,2.549999555413868,2.549997421493411,2.549986098964035,2.5499308108043364,2.549684388730409,2.5486911070998306,2.5451078718838684,2.5336724171970606,2.5017782391412995,2.4249159207994704,2.266108141518983,1.9845115655651342
418.0,2.549999999999976,2.549999999999925,2.549999999999487,2.5499999999961305,2.5499999999703853,2.5499999997775866,2.5499999983871864,2.549999988824812,2.549999926591702,2.5499995459459837,2.5499973724168665,2.549985865359528,2.549929799329386,2.5496804482253212,2.548677471538656,2.545066604496254,2.5335651992061,2.5015443801804964,2.424499034748864,2.2655208280177517,1.9838885186176696
419.0,2.549999999999975,2.5499999999999217,2.5499999999994674,2.5499999999959937,2.549999999969411,2.5499999997708,2.5499999983417694,2.549999988536191,2.549999924865461,2.5499995363066716,2.5499973225646695,2.549985628593658,2.5499287764275858,2.5496764718316287,2.5486637408124775,2.545025133430787,2.5334576579659416,2.501310222468093,2.4240822257514245,2.2649342400657573,1.983266504015658
420.0,2.549999999999974,2.549999999999918,2.5499999999994474,2.5499999999958525,2.5499999999684078,2.549999999763827,2.5499999982952137,2.5499999882410167,2.549999923104063,2.5499995264934068,2.549997271927246,2.549985388634912,2.549927742012119,2.5496724593617373,2.5486499146507797,2.544983458605368,2.5333497942027825,2.5010757678327993,2.4236654952232195,2.2643483758621863,1.9826455175570985
421.0,2.549999999999973,2.5499999999999146,2.5499999999994265,2.549999999995707,2.5499999999673753,2.5499999997566634,2.549999998247495,2.5499999879391613,2.54999992130691,2.5499995165036364,2.54999722049494,2.5499851454515965,2.549926695995914,2.549668410628111,2.548635992784421,2.544941579941148,2.5332416086445297,2.5008410180956617,2.4232488445658844,2.2637632336110434,1.9820255553378392
422.0,2.5499999999999723,2.549999999999911,2.549999999999405,2.5499999999955567,2.5499999999663117,2.5499999997493044,2.5499999981985875,2.5499999876304957,2.549999919473393,2.5499995063347805,2.5499971682580154,2.549984899011834,2.5499256382916453,2.549664325443279,2.548621974945635,2.5448994973625116,2.533133102020762,2.5006059750700738,2.4228322751667593,2.263178811522686,1.9814066134777972
423.0,2.5499999999999714,2.5499999999999075,2.549999999999383,2.5499999999954017,2.5499999999652165,2.549999999741745,2.549999998148466,2.5499999873148878,2.5499999176028965,2.5499994959842294,2.5499971152066534,2.5499846492835663,2.5499245688117367,2.5496602036198373,2.548607860868036,2.5448572107970593,2.533024275062686,2.500370640561788,2.4224157883990234,2.262595107812283,1.9807886878542016
424.0,2.5499999999999705,2.549999999999904,2.54999999999936,2.5499999999952414,2.5499999999640894,2.549999999733981,2.5499999980971033,2.549999986992204,2.5499999156947957,2.5499994854493466,2.549997061330955,2.549984396234553,2.5499234874683614,2.5496560449704564,2.5485936502866195,2.5448147201755904,2.5329151285030997,2.5001350163689287,2.4219993856218256,2.262012120699527,1.9801717743720713
425.0,2.549999999999969,2.5499999999999003,2.549999999999336,2.5499999999950766,2.549999999962929,2.5499999997260074,2.549999998044474,2.549999986662309,2.549999913748458,2.549999474727466,2.5499970066209383,2.549984139832373,2.549922394173446,2.549651849307887,2.548579342937767,2.544772025432086,2.5328056630763496,2.499899104282005,2.4215830681804116,2.261429848408656,1.9795558689639552
426.0,2.5499999999999674,2.549999999999896,2.5499999999993115,2.5499999999949066,2.549999999961735,2.5499999997178193,2.5499999979905494,2.549999986325064,2.5499999117632424,2.549999463815893,2.54999695106654,2.549983880044423,2.5499212888386715,2.5496476164449633,2.5485649385592475,2.5447291265036918,2.5326958795182932,2.4996629060839233,2.4211668374062496,2.260848289168471,1.978940967589673
427.0,2.5499999999999656,2.5499999999998915,2.549999999999286,2.549999999994731,2.5499999999605056,2.5499999997094114,2.5499999979353025,2.54999998598033,2.5499999097385,2.549999452711904,2.5499968946576135,2.5499836168379177,2.5499201713754753,2.5496433461946086,2.5485504368902228,2.5446860233307023,2.5325857785662604,2.499426423550002,2.4207506946171566,2.260267441212356,1.97832706623606
428.0,2.549999999999964,2.549999999999887,2.54999999999926,2.54999999999455,2.549999999959241,2.5499999997007783,2.549999997878705,2.5499999856279634,2.5499999076735724,2.5499994414127474,2.5499968373839303,2.5499833501798923,2.549919041695054,2.549639038369842,2.5485358376712486,2.544642715856542,2.532475360959014,2.4991896584479822,2.4203346411174222,2.259687302778294,1.977714160916715
429.0,2.549999999999962,2.5499999999998826,2.549999999999233,2.549999999994363,2.5499999999579392,2.5499999996919147,2.549999997820728,2.549999985267821,2.5499999055677924,2.549999429915641,2.549996779235179,2.5499830800372005,2.5499178997083645,2.5496346927837807,2.5485211406442763,2.5445992040277496,2.5323646274367113,2.4989526125380452,2.4199186781979325,2.2591078721088866,1.977102247671752
430.0,2.5499999999999603,2.549999999999878,2.549999999999205,2.5499999999941703,2.5499999999566,2.5499999996828153,2.549999997761342,2.5499999848997543,2.549999903420485,2.549999418217773,2.5499967202009644,2.549982806376515,2.549916745326125,2.549630309249648,2.548506345552657,2.5445554877939593,2.532253578740868,2.498715287572826,2.41950280713629,2.2585291474513682,1.9764913225675524
431.0,2.5499999999999585,2.5499999999998733,2.549999999999176,2.5499999999939718,2.5499999999552223,2.5499999996734743,2.549999997700518,2.5499999845236156,2.549999901230966,2.549999406316303,2.549996660270808,2.549982529164328,2.5499155784588203,2.5496258875807762,2.5484914521411444,2.544511567107886,2.5321422156143183,2.4984776852974253,2.4190870291969366,2.257951127057622,1.9758813816965237
432.0,2.5499999999999567,2.549999999999868,2.549999999999146,2.549999999993767,2.5499999999538048,2.549999999663886,2.5499999976382246,2.5499999841392533,2.549999898998542,2.5499993942083603,2.549996599434148,2.5499822483669505,2.549914399016701,2.5496214275906124,2.548476460155896,2.5444674419253053,2.5320305388011803,2.4982398074494285,2.418671345631274,2.257373809184194,1.9752724211768562
433.0,2.549999999999955,2.5499999999998626,2.5499999999991148,2.5499999999935556,2.549999999952347,2.549999999654045,2.5499999975744316,2.549999983746514,2.549999896722511,2.549999381891044,2.549996537680338,2.5499819639505144,2.549913206909786,2.549616929092723,2.548461369344475,2.5444231122050387,2.531918549046818,2.4980016557589177,2.41825575767778,2.256797192092309,1.9746644371522875
434.0,2.549999999999953,2.5499999999998573,2.549999999999083,2.549999999993338,2.5499999999508467,2.549999999643945,2.5499999975091074,2.5499999833452414,2.5499998944021622,2.5499993693614225,2.5499964749986486,2.549981675880971,2.549912002047866,2.5496123919007996,2.5484461794558553,2.5443785779089354,2.531806247097804,2.4977632319484893,2.417840266562128,2.256221274047881,1.9740574257918664
435.0,2.5499999999999514,2.549999999999852,2.5499999999990495,2.5499999999931133,2.549999999949304,2.5499999996335805,2.54999999744222,2.549999982935277,2.5499998920367752,2.549999356616535,2.549996411378265,2.549981384124092,2.5499107843405038,2.549607815828663,2.54843089024042,2.544333839001855,2.5316936337018863,2.497524537733268,2.4174248734973034,2.2556460533215286,1.9734513832897207
436.0,2.5499999999999496,2.549999999999846,2.5499999999990153,2.5499999999928815,2.549999999947717,2.5499999996229454,2.549999997373737,2.5499999825164594,2.5499998896256204,2.54999934365339,2.5499963468082876,2.549981088645468,2.5499095536970375,2.5496032006902682,2.548415501449966,2.5442888954516514,2.5315807096079506,2.497285574820924,2.417009579683719,2.255071528188586,1.9728463058648278
437.0,2.549999999999948,2.54999999999984,2.54999999999898,2.5499999999926426,2.5499999999460856,2.5499999996120333,2.549999997303625,2.5499999820886265,2.5499998871679592,2.549999330468964,2.5499962812777324,2.549980789410512,2.549908310026582,2.54959854629971,2.548400012837705,2.544243747229154,2.531467475565985,2.497046344911689,2.4165943863093307,2.254497696929113,1.9722421897607878
438.0,2.549999999999946,2.5499999999998337,2.549999999998944,2.5499999999923966,2.549999999944408,2.5499999996008373,2.549999997231851,2.549999981651612,2.549999884663044,2.5499993170602036,2.54999621477553,2.5499804863844577,2.5499070532380315,2.5495938524712267,2.5483844241582667,2.5441983943081516,2.5313539323270455,2.4968068496983733,2.416179294549749,2.253924557827907,1.9716390312455987
439.0,2.5499999999999434,2.5499999999998275,2.549999999998906,2.5499999999921434,2.5499999999426826,2.549999999589351,2.5499999971583804,2.549999981205248,2.5499998821101166,2.549999303424024,2.549996147290526,2.549980179532359,2.5499057832400607,2.5495891190192057,2.5483687351676982,2.544152836665375,2.5312400806432223,2.4965670908663813,2.415764305568354,2.253352109174513,1.9710368266114344
440.0,2.5499999999999408,2.549999999999821,2.5499999999988674,2.5499999999918823,2.5499999999409093,2.5499999995775684,2.549999997083178,2.5499999807493636,2.5499998795084102,2.549999289557309,2.54999607881148,2.549979868819091,2.5499044999411278,2.5495843457581886,2.548352945623467,2.5441070742804803,2.5311259212676043,2.496327070093729,2.4153494205164043,2.2527803492632326,1.9704355721744269
441.0,2.549999999999938,2.5499999999998137,2.549999999998827,2.5499999999916136,2.5499999999390863,2.5499999995654825,2.5499999970062084,2.5499999802837854,2.5499998768571484,2.549999275456911,2.549996009327066,2.5499795542093504,2.5499032032494773,2.5495795325028743,2.548337055284464,2.5440611071360304,2.531011454954246,2.496086789051062,2.41493464053315,2.2522092763931325,1.9698352642744474
442.0,2.5499999999999354,2.5499999999998066,2.5499999999987857,2.5499999999913365,2.5499999999372127,2.549999999553086,2.5499999969274354,2.5499999798083373,2.5499998741555445,2.549999261119652,2.549995938825871,2.549979235667656,2.54990189307314,2.5495746790681255,2.5483210639110028,2.5440149352174792,2.530896682458134,2.4958462494016724,2.414519966745942,2.251638888868053,1.969235899274894
443.0,2.5499999999999328,2.5499999999997995,2.5499999999987426,2.549999999991051,2.5499999999352863,2.549999999540373,2.5499999968468225,2.5499999793228416,2.549999871402803,2.549999246542319,2.5499958672963974,2.549978913158349,2.5499005693199366,2.5495697852689725,2.5483049712648227,2.5439685585131535,2.5307816045351523,2.4956054528015175,2.414105400270337,2.2510691849966165,1.9686374735624783
444.0,2.54999999999993,2.5499999999997915,2.5499999999986986,2.5499999999907574,2.5499999999333065,2.549999999527335,2.5499999967643325,2.5499999788271173,2.5499998685981176,2.5499992317216704,2.5499957947270597,2.5499785866455915,2.549899231897479,2.5495648509206186,2.5482887771090885,2.5439219770142363,2.5306662219420524,2.4953644008992355,2.4136909422102115,2.2505001630922323,1.968039983547017
445.0,2.5499999999999274,2.5499999999997836,2.549999999998653,2.549999999990455,2.549999999931272,2.549999999513965,2.5499999966799276,2.54999997832098,2.549999865740672,2.5499992166544305,2.5499957211061868,2.5499782560933695,2.549897880713174,2.5495598758384435,2.5482724812083943,2.54387519071475,2.530550535436418,2.4951230953361656,2.413276593657862,2.249931821473106,1.9674434256612245
446.0,2.5499999999999248,2.5499999999997756,2.5499999999986054,2.5499999999901433,2.5499999999291814,2.5499999995002565,2.5499999965935687,2.549999977804243,2.5499998628296416,2.5499992013372914,2.5499956464220195,2.549977921465491,2.549896515674223,2.5495548598380084,2.5482560833287624,2.5438281996115393,2.530434545776635,2.4948815377463656,2.4128623556941156,2.2493641584622432,1.966847796360508
447.0,2.549999999999922,2.549999999999767,2.549999999998557,2.549999999989822,2.5499999999270333,2.5499999994862006,2.5499999965052167,2.549999977276718,2.5499998598641893,2.549999185766913,2.5499955706627127,2.5499775827255884,2.549895136687626,2.5495498027350614,2.5482395832376463,2.5437810037042525,2.530318253721857,2.494639729756631,2.4124482293884313,2.2487971723874556,1.9662530921227652
448.0,2.549999999999919,2.5499999999997582,2.549999999998507,2.549999999989492,2.549999999924826,2.5499999994717903,2.549999996414832,2.5499999767382127,2.549999856843469,2.549999169939923,2.5499954938163327,2.5499772398371157,2.549893743660183,2.5495447043455406,2.5482229807039296,2.543733602995326,2.5302016600319774,2.494397672986513,2.4120342157990056,2.2482308615813666,1.9656593094481845
449.0,2.5499999999999154,2.5499999999997494,2.549999999998455,2.5499999999891516,2.5499999999225587,2.5499999994570177,2.549999996322374,2.549999976188533,2.5499998537666246,2.549999153852915,2.5499954158708595,2.5499768927633517,2.5498923364984964,2.5495395644855803,2.5482062754979293,2.543685997489967,2.530084765467595,2.494155369048338,2.4116203159728746,2.247665224381415,1.9650664448590462
450.0,2.549999999999912,2.54999999999974,2.549999999998401,2.5499999999888012,2.5499999999202294,2.5499999994418747,2.549999996227801,2.5499999756274803,2.5499998506327897,2.5499991375024496,2.5499953368141846,2.5499765414673994,2.5498909151089726,2.5495343829715145,2.5481894673913956,2.5436381871961355,2.5299675707899842,2.493912819547226,2.411206530946017,2.247100259129858,1.9644744948995285
451.0,2.5499999999999083,2.5499999999997303,2.5499999999983456,2.5499999999884406,2.5499999999178367,2.5499999994263534,2.549999996131071,2.5499999750548556,2.549999847441086,2.5499991208850554,2.5499952566341113,2.5499761859121852,2.5498894793978244,2.5495291596198806,2.548172556157513,2.5435901721245284,2.5298500767610657,2.4936700260811113,2.4107928617434538,2.246535964173778,1.963883456135512
452.0,2.549999999999905,2.5499999999997205,2.5499999999982883,2.5499999999880694,2.5499999999153786,2.549999999410445,2.549999996032142,2.549999974470455,2.5499998441906264,2.5499991039972256,2.5499951753183554,2.549975826060462,2.5498880292710737,2.5495238942474256,2.548155541570901,2.5435419522885625,2.5297322841433747,2.493426990240761,2.4103793093793486,2.2459723378650818,1.9632933251543903
453.0,2.5499999999999012,2.54999999999971,2.5499999999982292,2.5499999999876874,2.5499999999128544,2.5499999993941413,2.54999999593097,2.5499999738740726,2.5499998408805125,2.549999086835422,2.5499950928545445,2.549975461874806,2.5498865646345528,2.549518586671109,2.548138423407614,2.543493527704355,2.529614193700032,2.4931837136097936,2.409965874857108,2.2454093785605047,1.962704098564879
454.0,2.5499999999998977,2.549999999999699,2.5499999999981684,2.549999999987294,2.5499999999102623,2.5499999993774334,2.5499999958275104,2.549999973265499,2.5499998375098354,2.5499990693960712,2.5499950092302166,2.549975093317619,2.5498850853939072,2.549513236708108,2.548121201445144,2.5434448983907108,2.5294958061947135,2.492940197764702,2.4095525591694775,2.244847084621613,1.9621157729968302
455.0,2.5499999999998937,2.549999999999688,2.549999999998106,2.5499999999868894,2.5499999999076004,2.5499999993603124,2.5499999957217194,2.549999972644523,2.5499998340776746,2.5499990516755653,2.5499949244328217,2.5499747203511296,2.5498835914545976,2.549507844175821,2.548103875462419,2.5433960643691007,2.529377122391622,2.492696444274869,2.4091393632986415,2.2442854544148045,1.961528345101047
456.0,2.5499999999998892,2.5499999999996765,2.5499999999980414,2.549999999986473,2.549999999904867,2.54999999934277,2.5499999956135513,2.5499999720109283,2.5499998305831,2.5499990336702636,2.5499948384497215,2.549974342937391,2.5498820827219015,2.549502408891873,2.5480864452398047,2.5433470256636483,2.5292581430554573,2.492452454702592,2.4087262882163185,2.2437244863113115,1.9609418115491004
457.0,2.549999999999885,2.549999999999665,2.549999999997975,2.5499999999860443,2.5499999999020604,2.5499999993247964,2.5499999955029593,2.549999971364498,2.54999982702517,2.54999901537649,2.5499947512681875,2.549973961038284,2.5498805591009153,2.54949693067412,2.5480689105591052,2.5432977823011114,2.529138868951388,2.4922082306031004,2.4083133348838563,2.243164178687199,1.9603561690331481
458.0,2.5499999999998804,2.5499999999996525,2.549999999997907,2.5499999999856033,2.5499999998991787,2.549999999306382,2.549999995389897,2.5499999707050107,2.5499998234029313,2.549998996790535,2.5499946628754024,2.549973574615516,2.5498790204965576,2.5494914093406504,2.548051271203562,2.5432483343108645,2.5290193008450235,2.4919637735245765,2.4079005042523276,2.2426045299233675,1.9597714142657563
459.0,2.549999999999876,2.54999999999964,2.549999999997836,2.54999999998515,2.5499999998962206,2.549999999287518,2.549999995274316,2.549999970032242,2.5499998197154206,2.549998977908653,2.5499945732584597,2.549973183630621,2.5498774668135713,2.5494858447097934,2.5480335269578553,2.5431986817248835,2.528899439502386,2.4917190850081767,2.407487797262623,2.2420455384055518,1.9591875439797222
460.0,2.5499999999998715,2.549999999999627,2.549999999997764,2.549999999984683,2.5499999998931844,2.549999999268195,2.5499999951561674,2.549999969345966,2.5499998159616633,2.5499989587270653,2.549994482404363,2.5499727880449607,2.5498758979565235,2.549480236600121,2.548015677608104,2.543148824577728,2.5287792856898825,2.4914741665880524,2.4070752148455465,2.2414872025243207,1.9586045549278994
461.0,2.5499999999998666,2.5499999999996135,2.549999999997689,2.549999999984203,2.5499999998900678,2.5499999992484024,2.549999995035403,2.5499999686459507,2.549999812140672,2.549998939241956,2.5499943903000255,2.549972387819725,2.54987431382981,2.5494745848304508,2.5479977229418664,2.543098762906523,2.5286588401742764,2.4912290197913696,2.4066627579219038,2.2409295206750754,1.9580224438830247
462.0,2.5499999999998613,2.5499999999995997,2.5499999999976115,2.5499999999837093,2.549999999886869,2.54999999922813,2.5499999949119716,2.5499999679319627,2.54999980825145,2.5499989194494757,2.549994296932272,2.549971982915932,2.5498727143376576,2.549468889219854,2.5479796627481393,2.543048496750945,2.5285381037226626,2.490983646138331,2.406250427402597,2.240372491258051,1.957441207637547
463.0,2.549999999999856,2.5499999999995855,2.549999999997532,2.5499999999832013,2.549999999883586,2.5499999992073685,2.5499999947858227,2.5499999672037656,2.5499998042929874,2.5499988993457388,2.5499942022878357,2.549971573294428,2.549871099384124,2.5494631495876545,2.547961496817358,2.542998026153203,2.5284170771024392,2.4907380471421963,2.405838224188713,2.2398161126783114,1.956860843003457
464.0,2.5499999999998506,2.5499999999995704,2.54999999999745,2.549999999982679,2.5499999998802165,2.549999999186107,2.5499999946569045,2.5499999664611193,2.549999800264264,2.5499988789268246,2.5499941063533607,2.54997115891589,2.5498694688731027,2.5494573657534385,2.547943224941397,2.542947351158022,2.52829576108128,2.490492224309304,2.4054261491716153,2.23926038334575,1.956281346812122
465.0,2.5499999999998453,2.5499999999995553,2.549999999997365,2.549999999982142,2.5499999998767593,2.549999999164335,2.549999994525164,2.54999996570378,2.549999796164247,2.549998858188776,2.549994009115399,2.5499707397408224,2.5498678227083227,2.5494515375370534,2.5479248469135705,2.542896471812628,2.5281741564271116,2.4902461791390937,2.405014203233031,2.238705301675086,1.9557027159141183
466.0,2.549999999999839,2.5499999999995393,2.549999999997278,2.54999999998159,2.549999999873212,2.5499999991420417,2.5499999943905483,2.549999964931502,2.5499997919918926,2.5499988371276006,2.549993910560414,2.5499703157295612,2.5498661607933526,2.549445664758615,2.5479063625286296,2.5428453881667283,2.528052263908084,2.489999913124125,2.4046023872451388,2.2381508660858636,1.9551249471790675
467.0,2.549999999999833,2.5499999999995233,2.5499999999971883,2.5499999999810226,2.549999999869572,2.549999999119216,2.5499999942530027,2.549999964144034,2.549999787746145,2.54999881573927,2.549993810674777,2.549969886842272,2.5498644830316017,2.54943974723851,2.547887771582764,2.5427941002724976,2.5279300842925467,2.489753427750101,2.4041907020706583,2.2375970750024456,1.9545480374954753
468.0,2.5499999999998266,2.5499999999995064,2.549999999997096,2.549999999980439,2.5499999998658383,2.5499999990958466,2.5499999941124716,2.549999963341124,2.549999783425936,2.549998794019719,2.5499937094447684,2.549969453038951,2.5498627893263217,2.549433784797402,2.5478690738736027,2.5427426081845597,2.5278076183490232,2.4895067244958895,2.403779148562935,2.237043926854015,1.9539719837705711
469.0,2.5499999999998204,2.549999999999489,2.549999999997001,2.549999999979839,2.549999999862008,2.5499999990719227,2.5499999939689,2.5499999625225143,2.5499997790301854,2.5499987719648454,2.5499936068565785,2.5499690142794265,2.5498610795806114,2.549427777256231,2.5478502692002114,2.5426909119599714,2.5276848668461858,2.4892598048335453,2.403367727566026,2.236491420074568,1.9533967829301486
470.0,2.5499999999998137,2.5499999999994714,2.5499999999969027,2.5499999999792227,2.5499999998580787,2.549999999047432,2.549999993822231,2.5499999616879445,2.549999774557802,2.5499987495705128,2.5499935028963057,2.5499685705233577,2.549859353697415,2.549421724436223,2.547831357363093,2.5426390116582067,2.52756183055283,2.489012670228331,2.4029564399147856,2.2359395531029103,1.95282243191841
471.0,2.5499999999998066,2.5499999999994527,2.5499999999968015,2.549999999978589,2.549999999854048,2.5499999990223636,2.5499999936724054,2.5499999608371513,2.549999770007682,2.5499987268325452,2.549993397549957,2.549968121730236,2.5498576115795277,2.5494156261588903,2.5478123381641873,2.5425869073411387,2.5274385102378525,2.4887653221387396,2.4025452864349486,2.235388324382654,1.9522489276978099
472.0,2.5499999999997995,2.5499999999994336,2.5499999999966976,2.549999999977938,2.549999999849914,2.549999998996705,2.549999993519366,2.549999959969867,2.549999765378708,2.549998703746731,2.549993290803448,2.549967667859386,2.5498558531295963,2.5494094822460345,2.5477932114068698,2.5425345990730235,2.527314906670224,2.488517762016516,2.4021342679432145,2.2348377323622133,1.9516762672489023
473.0,2.5499999999997924,2.549999999999414,2.54999999999659,2.5499999999772682,2.549999999845675,2.5499999989704443,2.549999993363053,2.5499999590858207,2.549999760669752,2.5499986803088226,2.5499931826426034,2.549967208869965,2.5498540782501213,2.5494032925197536,2.547773976895952,2.5424820869204856,2.527191020618966,2.4882699913066806,2.4017233852473296,2.234287775494799,1.951104447570189
474.0,2.549999999999785,2.5499999999993936,2.54999999999648,2.5499999999765803,2.549999999841327,2.549999998943569,2.5499999932034045,2.549999958184739,2.5499997558796728,2.5499986565145325,2.549993073053155,2.549966744720964,2.5498522868434597,2.549397056802444,2.547754634437679,2.5424293709524988,2.527066852853129,2.48802201144755,2.401312639146169,2.2337384522384145,1.9505334656779687
475.0,2.549999999999777,2.5499999999993728,2.5499999999963663,2.549999999975874,2.549999999836869,2.549999998916066,2.5499999930403603,2.5499999572663428,2.5499997510073165,2.549998632359538,2.549992962020743,2.5499662753712067,2.5498504788118264,2.549390774916803,2.547735183839732,2.5423764512403717,2.5269424041417667,2.4877738238707603,2.400902030429818,2.233189761055848,1.9499633186061884
476.0,2.549999999999769,2.549999999999351,2.549999999996249,2.5499999999751477,2.5499999998322975,2.549999998887923,2.549999992873858,2.5499999563303506,2.5499997460515167,2.5499986078394783,2.5499928495309168,2.5499658007793533,2.549848654057297,2.549384446685835,2.5477156249112243,2.5423233278577304,2.5268176752539144,2.4875254300012886,2.4004915598796526,2.23264170041467,1.9493940034062973
477.0,2.5499999999997605,2.549999999999329,2.5499999999961283,2.5499999999744016,2.5499999998276106,2.5499999988591266,2.549999992703834,2.549999955376477,2.549999741011095,2.5499985829499536,2.5499927355691314,2.5499653209038975,2.5498468124818108,2.5493780719328525,2.5476959574627007,2.5422700008805026,2.526692666958565,2.4872768312574753,2.400081228268418,2.2320942687872263,1.9488255171470998
478.0,2.5499999999997516,2.5499999999993057,2.549999999996004,2.549999999973635,2.5499999998228056,2.5499999988296636,2.549999992530224,2.549999954404434,2.549999735884859,2.5499985576865276,2.5499926201207517,2.549964835703169,2.5498449539871704,2.5493716504814827,2.5476761813061386,2.5422164703869004,2.526567380024648,2.4870280290510487,2.3996710363603087,2.2315474646506317,1.9482578569146134
479.0,2.5499999999997427,2.549999999999282,2.549999999995876,2.5499999999728478,2.5499999998178797,2.54999999879952,2.549999992352963,2.549999953413927,2.549999730671604,2.5499985320447256,2.5499925031710493,2.5499643451353333,2.549843078475046,2.5493651821556687,2.547656296254946,2.542162736457406,2.5264418152210055,2.486779024787145,2.399260984911046,2.2310012864867637,1.9476910198119244
480.0,2.549999999999734,2.5499999999992577,2.5499999999957446,2.549999999972039,2.5499999998128304,2.549999998768683,2.5499999921719843,2.54999995240466,2.549999725370112,2.549998506020034,2.5499923847052037,2.549963849158393,2.549841185846977,2.5493586667796744,2.547636302123959,2.5421087991747537,2.5263159733163705,2.486529819864333,2.398851074667957,2.2304557327822554,1.947125002959048
481.0,2.549999999999724,2.5499999999992324,2.5499999999956096,2.5499999999712086,2.549999999807655,2.549999998737138,2.549999991987221,2.549999951376333,2.5499997199791533,2.549998479607901,2.5499922647083006,2.5499633477301864,2.549839276004375,2.549352104178087,2.5476161987294437,2.5420546586239148,2.5261898550793465,2.4862804156746345,2.39844130637005,2.229910802029252,1.9465598041661563
482.0,2.5499999999997143,2.5499999999992062,2.54999999999547,2.5499999999703555,2.5499999998023504,2.549999998704871,2.5499999917986043,2.549999950328641,2.549999714497483,2.5499984528037363,2.5499921431653347,2.54996284080839,2.5498373488485235,2.549345494175821,2.5475959858890924,2.5420003148920807,2.526063461278383,2.4860308136035507,2.3980316807481032,2.2293664927291608,1.9459954212497204
483.0,2.549999999999704,2.5499999999991796,2.549999999995327,2.5499999999694793,2.5499999997969134,2.5499999986718667,2.549999991606065,2.5499999492612755,2.5499997089238446,2.5499984256029116,2.549992020061207,2.5499623283505177,2.5498354042805835,2.549338836598123,2.5475756634220237,2.5419457680686475,2.525936792681758,2.4857810150300814,2.3976221985247586,2.228822803388764,1.9454318513660835
484.0,2.5499999999996934,2.549999999999152,2.5499999999951797,2.5499999999685796,2.5499999997913414,2.549999998638111,2.5499999914095333,2.5499999481739253,2.5499997032569675,2.5499983980007586,2.549991895380725,2.5499618103139237,2.5498334422015927,2.5493321312705723,2.547555231148781,2.5418910182451997,2.525809850057554,2.48553102132675,2.397212860414592,2.228279732519455,1.9448690916881672
485.0,2.5499999999996827,2.5499999999991236,2.5499999999950282,2.549999999967656,2.5499999997856317,2.5499999986035893,2.5499999912089373,2.5499999470662735,2.549999697495567,2.5499983699925703,2.5499917691086043,2.549961286655799,2.549831462512469,2.5493253780190877,2.5475346888913313,2.5418360655154943,2.5256826341736374,2.4852808338596266,2.3968036671241895,2.2277372786372305,1.9443071394053346
486.0,2.549999999999671,2.5499999999990943,2.5499999999948724,2.5499999999667073,2.5499999997797813,2.549999998568286,2.5499999910042046,2.549999945938,2.5499996916383467,2.5499983415736,2.549991641229467,2.549960757333175,2.5498294651140125,2.549318576669928,2.547514036473063,2.541780909975445,2.52555514579764,2.48503045398835,2.396394619352216,2.2271954402626855,1.9437459917232542
487.0,2.5499999999996597,2.549999999999064,2.549999999994712,2.549999999965734,2.549999999773787,2.5499999985321855,2.549999990795262,2.5499999447887802,2.5499996856839946,2.5499983127390626,2.5499915117278418,2.549960222302923,2.5498274499069082,2.5493117270496963,2.547493273718785,2.5417255517231054,2.5254273856969367,2.484779883066153,2.395985717789491,2.226654215921008,1.9431856458637666
488.0,2.5499999999996477,2.549999999999033,2.549999999994547,2.5499999999647343,2.5499999997676452,2.549999998495272,2.5499999905820343,2.5499999436182863,2.549999679631186,2.549998283484133,2.5499913805881635,2.5499596815217562,2.5498254167917276,2.5493048289853446,2.547472400454727,2.5416699908586553,2.5252993546386264,2.4845291224398833,2.395576963119056,2.2261136041419722,1.9426260990647513
489.0,2.5499999999996352,2.5499999999990006,2.549999999994377,2.549999999963708,2.5499999997613534,2.5499999984575297,2.5499999903644466,2.5499999424261857,2.549999673478583,2.5499982538039454,2.5499912477947753,2.549959134946228,2.5498233656689298,2.549297882304176,2.547451416508535,2.541614227484382,2.525171053389512,2.484278173450027,2.3951683560162493,2.225573603459932,1.942067348579996
490.0,2.549999999999623,2.5499999999989673,2.5499999999942027,2.549999999962655,2.549999999754908,2.549999998418942,2.5499999901424215,2.5499999412121412,2.5499996672248324,2.5499982236935956,2.549991113331925,2.5499585825327324,2.549821296438866,2.5492908868338473,2.5474303217092715,2.541558261704667,2.525042482716081,2.484027037430734,2.3947598971487727,2.2250342124138145,1.9415093916790667
491.0,2.5499999999996095,2.549999999998933,2.549999999994023,2.549999999961574,2.5499999997483056,2.5499999983794925,2.549999989915881,2.5499999399758124,2.549999660868568,2.549998193148139,2.5499909771837683,2.5499580242375086,2.54981920900178,2.5492838424023736,2.547409115887414,2.5415020936259696,2.5249136433844845,2.483775715709839,2.3943515871767618,2.2244954295471127,1.940952225647179
492.0,2.549999999999596,2.549999999998898,2.5499999999938385,2.549999999960465,2.5499999997415426,2.5499999983391644,2.5499999896847463,2.549999938716854,2.5499996544084094,2.5499981621625896,2.549990839334366,2.549957460016636,2.549817103257811,2.549276748838131,2.5473877988748517,2.5414457233568104,2.524784536160521,2.4835242096088854,2.393943426752855,2.2239572534078795,1.940395847785071
493.0,2.549999999999582,2.5499999999988616,2.549999999993649,2.5499999999593266,2.549999999734616,2.549999998297941,2.5499999894489367,2.5499999374349174,2.5499996478429616,2.549998130731922,2.5499906997676867,2.549956889826039,2.5498149791069955,2.549269605969859,2.5473663705048866,2.5413891510077575,2.524655161809615,2.4832725204431494,2.3935354165222615,2.22341968254872,1.9398402554088778
494.0,2.5499999999995677,2.5499999999988243,2.549999999993454,2.549999999958158,2.5499999997275227,2.5499999982558035,2.549999989208371,2.5499999361296477,2.5499996411708157,2.5499980988510713,2.5499905584676035,2.5499563136214856,2.5498128364492687,2.549262413626665,2.5473448306122286,2.5413323766914084,2.524525521096801,2.483020649521662,2.393127557122828,2.222882715526784,1.9392854458500073
495.0,2.5499999999995526,2.5499999999987857,2.549999999993253,2.5499999999569596,2.549999999720258,2.5499999982127353,2.5499999889629668,2.5499999348006877,2.5499996343905487,2.54999806651493,2.5499904154178963,2.549955731358588,2.549810675184468,2.5492551716380265,2.5473231790329955,2.5412754005223768,2.524395614786702,2.4827685981472345,2.392719849185107,2.2223463509037567,1.938731416455016
496.0,2.5499999999995375,2.549999999998746,2.5499999999930467,2.5499999999557295,2.549999999712819,2.5499999981687185,2.5499999887126403,2.5499999334476744,2.5499996275007226,2.5499980337183508,2.549990270602251,2.5499551429928045,2.5498084952123343,2.549247879833795,2.547301415604711,2.541218222617276,2.524265443643514,2.48251636761648,2.3923122933324215,2.2218105872458533,1.938178164585488
497.0,2.5499999999995215,2.5499999999987053,2.549999999992835,2.5499999999544674,2.5499999997052014,2.5499999981237345,2.5499999884573064,2.5499999320702416,2.549999620499886,2.5499980004561453,2.5499901240042604,2.5499545484794384,2.549806296432515,2.5492405380441983,2.5472795401663033,2.5411608430947044,2.524135008430986,2.482263959219837,2.391904890180932,2.221275423123811,1.9376256876179139
498.0,2.549999999999505,2.549999999998663,2.549999999992617,2.549999999953173,2.549999999697402,2.5499999980777646,2.549999988196879,2.5499999306680174,2.5499996133865706,2.5499979667230837,2.5499899756074225,2.54995394777364,2.549804078744566,2.5492331460998434,2.547257552558101,2.5411032620752287,2.5240043099124034,2.4820113742415937,2.3914976403397,2.220740857112878,1.9370739829435715
499.0,2.5499999999994882,2.54999999999862,2.5499999999923926,2.5499999999518446,2.5499999996894167,2.54999999803079,2.549999987931271,2.5499999292406264,2.5499996061592953,2.5499979325138953,2.549989825395141,2.549953340830406,2.5498018420479514,2.5492257038317208,2.547235452621834,2.54104547968137,2.523873348850571,2.481758613959911,2.3910905444107544,2.220206887792809,1.9365230479684075
500.0,2.549999999999471,2.549999999998575,2.549999999992162,2.5499999999504825,2.549999999681242,2.549999997982792,2.549999987660394,2.5499999277876877,2.5499995988165645,2.549997897823268,2.549989673350726,2.5499527276045817,2.5497995862420493,2.5492182110712056,2.547213240200629,2.540987496037589,2.5237421260077944,2.4815056796468467,2.3906836029891534,2.2196735137478525,1.9359728801129215
501.0,2.549999999999453,2.5499999999985294,2.5499999999919254,2.5499999999490854,2.549999999672873,2.54999999793375,2.5499999873841577,2.5499999263088164,2.549999591356866,2.549997862645848,2.5499895194573927,2.549952108050859,2.5497973112261523,2.549210667650062,2.547190915139009,2.540929311270268,2.523610642145864,2.4812525725683767,2.3902768166630497,2.219140733566745,1.9354234768120488
502.0,2.5499999999994345,2.549999999998482,2.549999999991682,2.549999999947653,2.5499999996643066,2.549999997883645,2.5499999871024706,2.5499999248036236,2.5499995837786735,2.5499978269762393,2.5499893636982627,2.549951482123781,2.5497950168994685,2.549203073400445,2.5471684772828915,2.540870925507699,2.523478898026038,2.4809992939844214,2.3898701860137517,2.218608545842702,1.934874835515047
503.0,2.5499999999994154,2.5499999999984335,2.5499999999914325,2.5499999999461833,2.549999999655538,2.549999997832457,2.5499999868152408,2.5499999232717143,2.549999576080446,2.549997790809005,2.5499892060563627,2.549950849777738,2.549792703161126,2.5491954281549054,2.547145926479584,2.5408123388800665,2.5233468944090243,2.480745845148867,2.3894637116157864,2.2180769491734074,1.9343269536853813
504.0,2.549999999999396,2.5499999999983833,2.5499999999911758,2.5499999999446765,2.5499999996465634,2.549999997780165,2.549999986522374,2.54999992171269,2.549999568260627,2.5499977541386647,2.549989046514625,2.549950210966972,2.5497903699101725,2.5491877317463896,2.547123262577784,2.5407535515194337,2.5232146320549673,2.4804922273095906,2.3890573940369615,2.2175459421610055,1.9337798288006143
505.0,2.5499999999993754,2.5499999999983314,2.549999999990912,2.549999999943131,2.549999999637378,2.5499999977267485,2.549999986223776,2.5499999201261465,2.549999560317644,2.5499977169596977,2.549988885055888,2.5499495656455737,2.5497880170455796,2.549179984008245,2.547100485427576,2.5406945635597276,2.523082111723428,2.4802384417084817,2.3886512338384254,2.2170155234120914,1.9332334583522925
506.0,2.5499999999993546,2.5499999999982785,2.549999999990641,2.5499999999415466,2.5499999996279774,2.5499999976721863,2.5499999859193503,2.5499999185116757,2.549999552249911,2.5499976792665393,2.549988721662896,2.5499489137674876,2.5497856444662435,2.5491721847742217,2.5470775948804287,2.540635375136722,2.522949334173371,2.4799844895814673,2.388245231574728,2.216485691537702,1.9326878398458385
507.0,2.5499999999993332,2.549999999998224,2.5499999999903626,2.549999999939922,2.549999999618358,2.5499999976164567,2.5499999856089985,2.5499999168688645,2.549999544055824,2.5499976410535834,2.549988556318297,2.5499482552865094,2.5497832520709873,2.549164333878475,2.5470545907891946,2.5405759863880264,2.522816300163147,2.479730372158535,2.387839387793881,2.2159564451533047,1.9321429708004403
508.0,2.549999999999311,2.5499999999981675,2.5499999999900766,2.5499999999382568,2.5499999996085148,2.549999997559538,2.5499999852926223,2.549999915197294,2.5499995357337655,2.5499976023151807,2.549988389004647,2.5499475901562865,2.549780839758564,2.549156431155568,2.547031473008105,2.5405163974530676,2.522683010450479,2.4794760906637565,2.3874337030374178,2.2154277828787903,1.931598848748945
509.0,2.549999999999288,2.5499999999981093,2.5499999999897827,2.5499999999365497,2.549999999598443,2.5499999975014087,2.5499999849701207,2.5499999134965416,2.549999527282102,2.5499975630456393,2.5499882197044053,2.54994691833032,2.5497784074276586,2.5491484764404766,2.5470082413927697,2.540456608473076,2.5225494657924434,2.4792216463153105,2.3870281778404503,2.2148997033384608,1.9310554712377517
510.0,2.5499999999992644,2.5499999999980494,2.549999999989481,2.5499999999347995,2.5499999995881377,2.549999997442045,2.549999984641392,2.549999911766179,2.5499995186991833,2.549997523239225,2.549988048399938,2.5499462397619657,2.5497759549768877,2.549140469568589,2.5469848958001724,2.5403966195910734,2.5224156669454594,2.478967040325507,2.3866228127317304,2.2143722051610206,1.9305128358267054
511.0,2.54999999999924,2.5499999999979877,2.549999999989171,2.549999999933006,2.5499999995775946,2.549999997381425,2.5499999843063335,2.5499999100057735,2.549999509983344,2.54999748289016,2.5499878750735165,2.5499455544044336,2.5497734823048055,2.54913241037571,2.546961436088671,2.540336430951854,2.5222816146652707,2.4787122739008094,2.3862176082337054,2.2138452869795664,1.9299709400889928
512.0,2.549999999999215,2.549999999997924,2.5499999999888527,2.549999999931167,2.5499999995668086,2.5499999973195258,2.5499999839648404,2.549999908214887,2.5499995011329037,2.5499974419926232,2.5499876997073163,2.5499448622107885,2.5497709893099025,2.549124298698064,2.546937862117993,2.540276042701973,2.5221473097069325,2.47845734824186,2.385812564862576,2.2133189474315764,1.929429781611039
513.0,2.5499999999991894,2.549999999997859,2.5499999999885263,2.549999999929282,2.549999999555775,2.549999997256323,2.5499999836168064,2.549999906393076,2.5499994921461644,2.54999740054075,2.54998752228342,2.5499441631339517,2.54976847589061,2.5491161343722966,2.546914173749233,2.5402154549897316,2.5220127528247955,2.478202264543501,2.385407683128352,2.2127931851589002,1.9288893579924051
514.0,2.5499999999991627,2.549999999997792,2.549999999988191,2.549999999927351,2.5499999995444886,2.5499999971917933,2.5499999832621243,2.5499999045398924,2.5499994830214123,2.549997358528633,2.549987342783814,2.5499434571267003,2.5497659419453003,2.549107917235477,2.5468903708448516,2.5401546679651617,2.521877944772493,2.4779470239948003,2.385002963534912,2.212267998807749,1.9283496668456865
515.0,2.549999999999135,2.549999999997723,2.549999999987847,2.5499999999253715,2.5499999995329445,2.5499999971259117,2.549999982900685,2.5499999026548834,2.5499994737569187,2.5499973159503204,2.5499871611903915,2.5499427441416698,2.5497633873722902,2.549099647125103,2.546866453268671,2.5400936817800113,2.5217428863029263,2.477691627779073,2.384598406580055,2.211743387028684,1.9278107057964124
516.0,2.5499999999991068,2.5499999999976524,2.549999999987493,2.5499999999233434,2.549999999521137,2.549999997058654,2.5499999825323783,2.5499999007375895,2.5499994643509374,2.5499972727998177,2.54998697748495,2.5499420241313526,2.5497608120698425,2.549091323879099,2.546842420885874,2.5400324965877314,2.52160757816825,2.4774360770739046,2.3841940127555583,2.211219348476606,1.9272724724829469
517.0,2.5499999999990774,2.54999999999758,2.54999999998713,2.549999999921265,2.549999999509061,2.549999996989995,2.5499999821570922,2.549999898787547,2.5499994548017058,2.549997229071086,2.5499867916491934,2.549941297048101,2.5497582159361682,2.5490829473358225,2.546818273563,2.5399711125434616,2.52147202111986,2.4771803730511768,2.383789782547231,2.210695881810745,1.9267349645563898
518.0,2.5499999999990473,2.549999999997505,2.5499999999867575,2.5499999999191356,2.5499999994967113,2.5499999969199094,2.549999981774714,2.549999896804288,2.5499994451074453,2.5499971847580416,2.5499866036647294,2.5499405628441245,2.549755598869428,2.549074517334066,2.546794011167942,2.5399095298040146,2.5213362159083763,2.4769245168770886,2.3833857164349697,2.21017298569465,1.9261981796804801
519.0,2.549999999999016,2.549999999997428,2.549999999986375,2.5499999999169543,2.5499999994840823,2.5499999968483706,2.549999981385128,2.549999894787337,2.5499994352663604,2.549997139854558,2.5499864135130723,2.549939821471495,2.549752960767735,2.5490660337130566,2.5467696335699452,2.5398477485278628,2.521200163283635,2.4766685097121792,2.3829818148928097,2.209650658796176,1.925662115531499
520.0,2.549999999998984,2.549999999997349,2.5499999999859826,2.5499999999147196,2.549999999471168,2.5499999967753535,2.5499999809882183,2.5499998927362144,2.54999942527664,2.549997094354464,2.549986221175641,2.5499390728821436,2.5497503015291563,2.549057496312462,2.546745140639604,2.539785768875125,2.52106386399467,2.476412352711354,2.382578078388981,2.209128899787475,1.9251267697981742
521.0,2.5499999999989513,2.549999999997268,2.5499999999855794,2.5499999999124303,2.5499999994579636,2.5499999967008304,2.5499999805838667,2.5499998906504353,2.5499994151364542,2.5499970482515435,2.5499860266337606,2.5499383170278636,2.5497476210517167,2.549048904972391,2.546720532248858,2.53972359100755,2.5209273187897017,2.476156047023905,2.3821745073859595,2.2086077073449832,1.9245921401815855
522.0,2.5499999999989176,2.5499999999971843,2.5499999999851655,2.5499999999100855,2.549999999444463,2.5499999966247753,2.549999980171954,2.5499998885295088,2.5499994048439585,2.549997001539536,2.5499858298686604,2.549937553860309,2.549744919233398,2.5490402595333945,2.546695808270989,2.5396612150885054,2.5207905284161267,2.4758995937935344,2.3817711023405197,2.2080870801494115,1.9240582243950712
523.0,2.549999999998883,2.5499999999970986,2.549999999984741,2.5499999999076834,2.5499999994306597,2.54999999654716,2.5499999797523594,2.5499998863729387,2.5499993943972896,2.5499969542121366,2.5499856308614754,2.549936783330999,2.5497421959721427,2.5490315598364717,2.546670968580621,2.539598641282962,2.5206534936205003,2.4756429941583806,2.381367863703787,2.207567016885733,1.9235250201641354
524.0,2.549999999998847,2.54999999999701,2.5499999999843057,2.5499999999052236,2.5499999994165483,2.5499999964679567,2.5499999793249595,2.549999884180224,2.5499993837945687,2.5499969062629955,2.549985429593247,2.5499360053913134,2.5497394511658564,2.549022805723068,2.5466460130537127,2.53953586975748,2.5205162151485285,2.4753862492510375,2.380964791921289,2.207047516243171,1.922992525226356
525.0,2.54999999999881,2.549999999996919,2.549999999983859,2.549999999902704,2.549999999402123,2.549999996387138,2.54999997888963,2.5499998819508565,2.549999373033899,2.549996857685718,2.5499852260449214,2.5499352199924985,2.5497366847124088,2.549013997035081,2.54662094156756,2.539472900680196,2.520378693745054,2.4751293601985798,2.3805618874330055,2.2065285769151903,1.9224607373312936
526.0,2.5499999999987724,2.549999999996826,2.5499999999834007,2.5499999999001237,2.5499999993873765,2.549999996304674,2.549999978446246,2.549999879684324,2.5499993621133665,2.5499968084738645,2.549985020197349,2.549934427085665,2.549733896509636,2.5490051336148607,2.546595754000786,2.539409734220809,2.5202409301540416,2.4748723281225864,2.3801591506734194,2.2060101975994826,1.9219296542404023
527.0,2.5499999999987333,2.54999999999673,2.5499999999829304,2.5499999998974814,2.5499999993723037,2.549999996220536,2.549999977994679,2.5499998773801082,2.54999935103104,2.5499967586209493,2.549984812031288,2.5499336266217885,2.5497310864553424,2.548996215305211,2.546570450233346,2.539346370550565,2.520102925118571,2.474615154139162,2.379756582071567,2.2054923769979564,1.9213992737269392
528.0,2.549999999998693,2.5499999999966314,2.5499999999824476,2.549999999894776,2.549999999356898,2.5499999961346944,2.549999977534801,2.549999875037685,2.5499993397849705,2.549996708120443,2.5499846015274,2.5499328185517114,2.549728254447304,2.5489872419493933,2.5465450301465182,2.5392828098422457,2.5199646793808217,2.4743578393589605,2.379354182051088,2.2049751138167255,1.920869593575877
529.0,2.5499999999986516,2.54999999999653,2.5499999999819525,2.5499999998920058,2.5499999993411517,2.549999996047119,2.5499999770664794,2.549999872656524,2.5499993283731923,2.549996656965769,2.549984388666253,2.5499320028261434,2.549725400383269,2.548978213391129,2.546519493622903,2.539219052270155,2.519826193682062,2.4741003848872096,2.3789519510302735,2.2044584067660957,1.9203406115838166
530.0,2.549999999998609,2.5499999999964262,2.549999999981445,2.5499999998891694,2.54999999932506,2.54999999595778,2.549999976589583,2.54999987023609,2.5499993167937225,2.5499966051503065,2.549984173428321,2.549931179395662,2.5497225241609596,2.548969129474601,2.5464938405464195,2.5391550980101028,2.519687468762637,2.473842791823732,2.378549889422115,2.203942254560556,1.9198123255589001
531.0,2.549999999998565,2.549999999996319,2.5499999999809244,2.5499999998862655,2.549999999308615,2.5499999958666453,2.5499999761039773,2.5499998677758406,2.5499993050445586,2.5499965526673884,2.549983955793982,2.5499303482107125,2.549719625678075,2.548959990044454,2.546468070802303,2.5390909472393943,2.5195485053619597,2.473585061262968,2.3781479976343536,2.2034266559187627,1.919284733320725
532.0,2.54999999999852,2.549999999996209,2.5499999999803906,2.5499999998832927,2.5499999992918103,2.5499999957736845,2.5499999756095257,2.549999865275229,2.5499992931236823,2.5499964995103013,2.5499837357435213,2.5499295092216108,2.5497167048322935,2.5489507949457995,2.5464421842771015,2.539026600136815,2.5194093042184975,2.4733271942940007,2.377746276069526,2.2029116095635315,1.9187578327002595
533.0,2.549999999998474,2.5499999999960963,2.549999999979843,2.54999999988025,2.5499999992746387,2.5499999956788657,2.549999975106091,2.549999862733702,2.5499992810290566,2.549996445672287,2.5499835132571294,2.5499286623785418,2.5497137615212733,2.548941544024217,2.5464161808586723,2.538962056882619,2.5192698660697617,2.4730691920005765,2.3773447251250133,2.2023971142218226,1.9182316215397581
534.0,2.5499999999984264,2.54999999999598,2.5499999999792817,2.5499999998771345,2.5499999992570936,2.549999995582156,2.5499999745935344,2.5499998601506997,2.5499992687586266,2.5499963911465398,2.5499832883149014,2.5499278076315615,2.549710795642655,2.5489322371257543,2.5463900604361784,2.5388973176585123,2.519130191652297,2.4728110554611287,2.3769433451930873,2.201883168624731,1.9177060976926787
535.0,2.549999999998377,2.549999999995861,2.549999999978706,2.549999999873946,2.549999999239167,2.549999995483523,2.549999974071714,2.549999857525657,2.5499992563103193,2.5499963359262092,2.5499830608968392,2.549926944930598,2.549707807094065,2.5489228740969323,2.546363822900086,2.538832382647645,2.5189902817016714,2.472552785748801,2.376542136660957,2.201369771507472,1.9171812590235997
536.0,2.549999999998327,2.5499999999957383,2.5499999999781156,2.549999999870683,2.5499999992208524,2.5499999953829335,2.5499999735404866,2.5499998548580023,2.5499992436820436,2.549996280004398,2.549982830982851,2.5499260742254504,2.549704795773115,2.5489134547847434,2.546337468142161,2.5387672520345927,2.5188501369524654,2.472294383931469,2.376141099910815,2.20085692160937,1.916657103408138
537.0,2.549999999998275,2.549999999995612,2.5499999999775103,2.549999999867343,2.549999999202142,2.5499999952803543,2.5499999729997076,2.5499998521471587,2.5499992308716903,2.5499962233741624,2.549982598552749,2.549925195465792,2.549701761577406,2.5489039790366568,2.5463109960554653,2.538701926005347,2.5187097581382605,2.4720358510717637,2.375740235319882,2.200344617673848,1.9161336287328692
538.0,2.5499999999982217,2.549999999995483,2.54999999997689,2.549999999863925,2.5499999991830284,2.54999999517575,2.549999972449231,2.549999849392542,2.5499992178771316,2.549996166028512,2.5499823635862535,2.549924308601169,2.5496987044045283,2.548894446700619,2.546284406534354,2.538636404747301,2.5185691459916315,2.4717771882270934,2.3753395432604547,2.199832858448413,1.9156108328952455
539.0,2.549999999998167,2.5499999999953507,2.5499999999762535,2.5499999998604275,2.549999999163504,2.5499999950690864,2.5499999718889077,2.549999846593563,2.549999204696222,2.54999610796041,2.5499821260629894,2.5499234135810025,2.5496956241520663,2.5488848576250556,2.546257699474473,2.5385706884492363,2.5184283012441337,2.4715183964496674,2.3749390240999473,2.199321642684645,1.9150887138035182
540.0,2.5499999999981107,2.5499999999952148,2.549999999975601,2.5499999998568486,2.549999999143561,2.5499999949603285,2.5499999713185875,2.5499998437496254,2.5499991913267963,2.5499960491627722,2.549981885962487,2.549922510354589,2.5496925207175978,2.5488752116588724,2.5462308747727516,2.5385047773013105,2.518287224626295,2.471259476786518,2.374538678200939,2.1988109691381847,1.914567269376658
541.0,2.5499999999980525,2.5499999999950744,2.5499999999749328,2.549999999853186,2.549999999123191,2.5499999948494407,2.549999970738118,2.549999840860127,2.5499991777666717,2.5499959896284685,2.549981643264185,2.549921598871101,2.5496893939986967,2.5488655086514598,2.546203932327404,2.538438671495045,2.5181459168676055,2.4710004302795223,2.374138505921214,2.1983008365685697,1.914046497409601
542.0,2.5499999999979925,2.5499999999949305,2.5499999999742475,2.5499999998494394,2.5499999991023867,2.5499999947363863,2.5499999701473453,2.549999837924459,2.549999164013647,2.549995929350321,2.5499813979474255,2.549920679079588,2.549686243892936,2.548855748452691,2.546176872037923,2.5383723712233106,2.5180043786965087,2.470741257965425,2.373738507613808,2.1977912437384766,1.9135263957099045
543.0,2.549999999997931,2.549999999994783,2.549999999973545,2.549999999845606,2.5499999990811393,2.5499999946211287,2.5499999695461133,2.5499998349420063,2.5499991500655,2.5499958683211053,2.549981149991459,2.5499197509289764,2.549683070297888,2.5488459309129263,2.5461496938050785,2.5383058766803157,2.5178626108403903,2.4704819608758615,2.373338683627043,2.197282189414478,1.9130069622309407
544.0,2.549999999997868,2.5499999999946317,2.5499999999728256,2.5499999998416842,2.5499999990594406,2.5499999945036307,2.5499999689342645,2.5499998319121477,2.549999135919993,2.5499958065335493,2.549980899375441,2.5499188143680716,2.5496798731111276,2.548836055883015,2.5461223975309113,2.538239188061594,2.5177206140255715,2.4702225400373794,2.372939034304574,2.1967736723671805,1.9124881949364543
545.0,2.549999999997804,2.5499999999944762,2.549999999972088,2.5499999998376723,2.549999999037283,2.549999994383854,2.549999968311639,2.549999828834255,2.549999121574867,2.5499957439803334,2.549980646078434,2.549917869345558,2.5496766522302337,2.5488261232142952,2.546094983118732,2.5381723055639913,2.5175783889772974,2.4699629964714616,2.3725395599854298,2.196265691371212,1.9119700918004892
546.0,2.5499999999977367,2.5499999999943164,2.549999999971332,2.5499999998335685,2.5499999990146565,2.549999994261761,2.5499999676780747,2.5499998257076943,2.549999107027845,2.5499956806540918,2.5499803900794067,2.5499169158099995,2.5496734075527914,2.548816132758597,2.5460674504731164,2.538105229385653,2.51743593641973,2.4697033311945473,2.3721402610040556,2.19575824520521,1.9114526508073137
547.0,2.549999999997668,2.5499999999941525,2.5499999999705576,2.5499999998293705,2.5499999989915536,2.5499999941373126,2.549999967033408,2.5499998225318246,2.5499990922766296,2.5499956165474096,2.5499801313572346,2.5499159537098413,2.5496701389763925,2.548806084368244,2.5460397994999027,2.538037959726012,2.5172932570759383,2.4694435452180556,2.3717411376903557,2.195251332651806,1.9109358699513486
548.0,2.5499999999975973,2.549999999993984,2.549999999969764,2.549999999825077,2.5499999989679645,2.549999994010469,2.5499999663774733,2.5499998193059983,2.549999077318905,2.549995551652825,2.549979869890699,2.54991498299341,2.5496668463986403,2.548795977896054,2.5460120301061866,2.5379704967857757,2.51715035166789,2.4691836395484064,2.371342190369734,2.194744952497614,1.9104197472370936
549.0,2.549999999997525,2.5499999999938114,2.549999999968951,2.549999999820686,2.549999998943881,2.549999993881191,2.5499999657101022,2.549999816029561,2.549999062152337,2.549995485962829,2.5499796056584887,2.549914003608914,2.549663529717148,2.548785813195342,2.5459841422003193,2.537902840766915,2.517007220916443,2.4689236151870424,2.3709434193631354,2.1942391035332185,1.9099042806790567
550.0,2.5499999999974508,2.5499999999936342,2.5499999999681178,2.549999999816195,2.5499999989192936,2.549999993749437,2.5499999650311254,2.549999812701852,2.5499990467745706,2.5499954194698637,2.549979338639199,2.5499130155044445,2.549660188829544,2.54877559011992,2.545956135691903,2.5378349918726495,2.5168638655413362,2.468663473130452,2.3705448249870864,2.1937337845531597,1.9093894683016823
551.0,2.5499999999973744,2.5499999999934526,2.5499999999672642,2.549999999811602,2.5499999988941933,2.5499999936151667,2.549999964340371,2.549999809322204,2.5499990311832317,2.5499953521663237,2.549979068811332,2.549912018627978,2.54965682363347,2.5487653085241018,2.545928010491787,2.537766950307438,2.5167202862611835,2.4684032143701913,2.3701464075537357,2.193228994355922,1.9088753081392815
552.0,2.5499999999972958,2.5499999999932657,2.5499999999663903,2.549999999806906,2.54999999886857,2.5499999934783384,2.5499999636376645,2.5499998058899425,2.5499990153759264,2.5499952840445554,2.5499787961532974,2.549911012927373,2.5496534340265873,2.5487549682627,2.5458997665120653,2.5376987162769655,2.5165764837934628,2.4681428398929057,2.369748167370894,2.19272473174392,1.908361798235962
553.0,2.5499999999972154,2.5499999999930743,2.549999999965495,2.5499999998021035,2.549999998842415,2.5499999933389095,2.5499999629228305,2.549999802404386,2.549998999350242,2.5499952150968577,2.5499785206434105,2.5499099983503766,2.549650019906575,2.5487445691910313,2.5458714036660712,2.5376302899881287,2.5164324588545104,2.467882350680351,2.369350104742073,2.192220995523485,1.9078489366455584
554.0,2.5499999999971323,2.5499999999928775,2.5499999999645775,2.549999999797193,2.5499999988157183,2.549999993196837,2.5499999621956904,2.549999798864847,2.549998983103745,2.54999514531548,2.5499782422598956,2.5499089748446195,2.5496465811711326,2.5487341111649164,2.5458429218683754,2.537561671649028,2.516288212159511,2.467621747709415,2.3689522199665265,2.1917177845048545,1.907336721431565
555.0,2.549999999997047,2.5499999999926755,2.5499999999636382,2.5499999997921727,2.5499999987884694,2.5499999930520776,2.5499999614560642,2.5499997952706295,2.549998966633983,2.5499950746926245,2.5499779609808826,2.5499079423576205,2.5496431177179844,2.548723594040681,2.5458143210347806,2.5374928614689534,2.516143744422492,2.4673610319521426,2.3685545133392867,2.1912150975021563,1.9068251506670675
556.0,2.5499999999969596,2.549999999992469,2.549999999962676,2.54999999978704,2.549999998760659,2.5499999929045876,2.5499999607037696,2.549999791621033,2.5499989499384825,2.5499950032204444,2.54997767678441,2.5499069008367865,2.549639629444877,2.548713017675158,2.54578560108232,2.5374238596583707,2.515999056356315,2.4671002043757526,2.3681569851512054,2.190712933333397,1.9063142224346747
557.0,2.5499999999968694,2.5499999999922567,2.5499999999616905,2.549999999781792,2.549999998732277,2.5499999927543215,2.5499999599386216,2.5499997879153473,2.549998933014751,2.5499949308910446,2.549977389648423,2.549905850229412,2.549636116249586,2.5487023819256898,2.5457567619292503,2.537354666428914,2.5158541486726684,2.4668392659426623,2.36775963568899,2.190211290820448,1.9058039348264537
558.0,2.549999999996777,2.5499999999920386,2.5499999999606815,2.549999999776428,2.549999998703312,2.5499999926012347,2.549999959160434,2.549999784152857,2.5499989158602747,2.5499948576964813,2.549977099550775,2.5499047904826817,2.5496325780299136,2.5486916866501272,2.5457278034950512,2.5372852819933702,2.51570902208206,2.466578217610508,2.3673624652352423,2.189710168789034,1.9052942859438622
559.0,2.549999999996682,2.5499999999918153,2.5499999999596485,2.5499999997709444,2.5499999986737545,2.5499999924452816,2.549999958369017,2.549999780332839,2.5499988984725213,2.5499947836287613,2.549976806469226,2.54990372154367,2.549629014683693,2.548680931706834,2.5456987257004204,2.5372157065656697,2.5155636772938097,2.466317060332168,2.3669654740684964,2.189209566068719,1.9047852738976843
560.0,2.5499999999965848,2.549999999991586,2.5499999999585907,2.5499999997653395,2.5499999986435933,2.5499999922864154,2.5499999575641805,2.549999776454563,2.5499988808489364,2.5499947086798436,2.549976510381446,2.5499026433593435,2.5496254261087885,2.5486701169546855,2.545669528467269,2.5371459403608725,2.515418115016043,2.4660557950557815,2.3665686624632554,2.188709481492892,1.9042768968079646
561.0,2.549999999996485,2.549999999991351,2.5499999999575076,2.5499999997596103,2.5499999986128183,2.549999992124589,2.5499999567457303,2.549999772517292,2.549998862986947,2.5499946328416376,2.54997621126501,2.5499015558765588,2.5496218122030996,2.5486592422530703,2.5456402117187187,2.5370759835951575,2.5152723359556837,2.465794422724773,2.366172030690027,2.1882099138987563,1.9037691528039453
562.0,2.5499999999963823,2.54999999999111,2.5499999999563987,2.5499999997537546,2.549999998581418,2.549999991959754,2.549999955913471,2.549999768520281,2.5499988448839574,2.549994556106004,2.5499759090974035,2.549900459042066,2.54961817286456,2.5486483074618937,2.5456107753790977,2.537005836485813,2.515126340818447,2.46553294427787,2.365775579015363,2.187710862127315,1.9032620400240012
563.0,2.5499999999962766,2.5499999999908627,2.549999999955263,2.5499999997477705,2.549999998549381,2.5499999917918634,2.549999955067205,2.5499997644627777,2.5499988265373537,2.549994478464754,2.549975603856019,2.5498993528025093,2.549614507991142,2.548637312441577,2.545581219373937,2.5369354992512214,2.514980130308833,2.4652713606491283,2.3653793077018923,2.1872123250233577,1.9027555566155772
564.0,2.549999999996168,2.549999999990609,2.549999999954101,2.549999999741655,2.549999998516696,2.549999991620867,2.5499999542067315,2.549999760344023,2.5499988079444997,2.5499943999096497,2.5499752955181574,2.549898237104426,2.5496108174808563,2.548626257053058,2.545551543629966,2.5368649721108514,2.51483370513012,2.46500967276795,2.3649832170083593,2.1867143014354493,1.902249700735126
565.0,2.549999999996057,2.5499999999903493,2.5499999999529113,2.5499999997354053,2.549999998483352,2.5499999914467155,2.5499999533318483,2.54999975616325,2.549998789102739,2.5499943204324045,2.5499749840610284,2.54989711189425,2.5496071012317545,2.5486151411577946,2.54552174807511,2.5367942552852436,2.514687065984358,2.464747881559106,2.3645873071896575,2.186216790215915,1.9017444705480457
566.0,2.549999999995943,2.549999999990083,2.5499999999516936,2.5499999997290193,2.549999998449337,2.5499999912693583,2.5499999524423504,2.5499997519196844,2.5499987700093945,2.549994240024682,2.5499746694617498,2.549895977118309,2.549603359141931,2.548603964617765,2.545491832638483,2.5367233489960013,2.5145402135723622,2.4644859879427568,2.364191578496865,2.185719790220827,1.9012398642286188
567.0,2.549999999995826,2.5499999999898093,2.549999999950447,2.549999999722494,2.5499999984146395,2.5499999910887445,2.5499999515380307,2.5499997476125453,2.549998750661768,2.5499941586780954,2.5499743516973483,2.549894832722829,2.549599591109526,2.5485927272954685,2.5454617972503897,2.5366522534657783,2.514393148593708,2.464223992834474,2.36379603117728,2.1852233003099943,1.9007358799599507
568.0,2.5499999999957055,2.5499999999895295,2.549999999949171,2.5499999997158267,2.549999998379247,2.5499999909048228,2.549999950618679,2.549999743241043,2.5499987310571397,2.5499940763842104,2.5499740307447594,2.5498936786539335,2.549595797032724,2.548581429053926,2.545431641842315,2.5365809689182686,2.514245871746723,2.4639618971452593,2.363400665474456,2.1847273193469463,1.90023251593391
569.0,2.549999999995582,2.5499999999892426,2.549999999947865,2.5499999997090144,2.549999998343147,2.54999999071754,2.549999949684084,2.549999738804381,2.5499987111927704,2.5499939931345414,2.5499737065808277,2.549892514857643,2.5495919768097584,2.5485700697566838,2.5454013663469253,2.536509495578194,2.514098383728482,2.4636997017815694,2.363005481628234,2.184231846198922,1.899729770351068
570.0,2.549999999995455,2.549999999988948,2.549999999946529,2.5499999997020546,2.5499999983063275,2.5499999905268442,2.549999948734031,2.5499997343017546,2.549998691065898,2.5499939089205537,2.549973379182307,2.549891341279879,2.549588130338912,2.548558649267811,2.545370970698061,2.536437833671294,2.513950685234802,2.463437407645333,2.362610479874778,2.183736879736857,1.8992276414206406
571.0,2.5499999999953245,2.5499999999886462,2.549999999945161,2.5499999996949447,2.549999998268776,2.5499999903326804,2.549999947768303,2.5499997297323524,2.5499986706737396,2.549993823733663,2.54997304852586,2.549890157866462,2.54958425751852,2.548547167451903,2.5453404548307352,2.5363659834243144,2.513802776960234,2.463175015633972,2.3622156604466076,2.1832424188353676,1.8987261273604283
572.0,2.5499999999951912,2.549999999988337,2.5499999999437617,2.5499999996876817,2.54999999823048,2.5499999901349946,2.5499999467866807,2.549999725095354,2.549998650013491,2.549993737565234,2.549972714588059,2.5498889645631135,2.5495803582469705,2.548535624174083,2.5453098186811274,2.536293945064997,2.5136546595980604,2.4629125266404244,2.361821023572633,2.182748462372742,1.8982252263967592
573.0,2.5499999999950544,2.54999999998802,2.54999999994233,2.5499999996802623,2.549999998191426,2.5499999899337316,2.5499999457889424,2.5499997203899323,2.549998629082327,2.5499936504065834,2.5499723773453855,2.549887761315456,2.5495764324227057,2.5485240193000007,2.545279062186581,2.5362217188220675,2.5135063338402874,2.462649941553163,2.361426569478187,2.1822550092309245,1.8977249367644295
574.0,2.549999999994914,2.549999999987695,2.549999999940865,2.5499999996726843,2.549999998151601,2.5499999897288355,2.549999944774864,2.5499997156152516,2.5499986078774004,2.549993562248976,2.5499720367742316,2.549886548069016,2.5495724799442248,2.5485123526958358,2.5452481852855997,2.536149304925225,2.51335780037764,2.462387261256216,2.361032298385056,2.181762058295504,1.8972252567066485
575.0,2.5499999999947693,2.549999999987362,2.549999999939366,2.549999999664944,2.5499999981109918,2.5499999895202494,2.549999943744218,2.549999710770469,2.5499985863958425,2.5499934730836276,2.549971692850898,2.549885324769222,2.5495685007100857,2.5485006242282977,2.5452171879178422,2.5360767036051333,2.5132090598995562,2.4621244866291887,2.360638210511515,2.1812696084556995,1.8967261844749803
576.0,2.549999999994621,2.5499999999870204,2.5499999999378327,2.549999999657038,2.5499999980695844,2.549999989307916,2.5499999426967754,2.5499997058547335,2.5499985646347634,2.549993382901704,2.5499713455515964,2.5498840913614074,2.5495644946189064,2.5484888337646265,2.5451860700241187,2.536003915093407,2.5130601130941836,2.4618616185472835,2.3602443060723597,2.180777658604349,1.8962277183292882
577.0,2.549999999994469,2.549999999986671,2.549999999936264,2.549999999648964,2.5499999980273653,2.5499999890917775,2.5499999416323047,2.5499997008671853,2.5499985425912497,2.5499932916943195,2.549970994852448,2.5498828477908106,2.549560461569366,2.548476981172594,2.5451548315463874,2.5359309396226024,2.512910960648373,2.4615986578813196,2.3598505852789358,2.180286207637895,1.8957298565376786
578.0,2.549999999994313,2.5499999999863125,2.5499999999346596,2.5499999996407188,2.549999997984321,2.5499999888717744,2.549999940550571,2.5499996958069584,2.5499985202623683,2.5499931994525387,2.549970640729485,2.5498815940025756,2.5495564014602072,2.5484650663205044,2.54512347242775,2.535857777426208,2.5127616032476725,2.4613356054977538,2.3594570483391726,2.179795254456373,1.8952325973764461
579.0,2.549999999994153,2.5499999999859453,2.549999999933018,2.5499999996322984,2.5499999979404366,2.5499999886478473,2.5499999394513373,2.5499996906731766,2.549998497645163,2.549993106167377,2.5499702831586495,2.549880329941753,2.5495523141902385,2.548453089077196,2.5450919926124476,2.535784428738632,2.512612041576324,2.4610724622587,2.359063695457614,2.1793047979633964,1.8947359391300191
580.0,2.5499999999939886,2.549999999985569,2.5499999999313387,2.5499999996237004,2.5499999978956986,2.549999988419936,2.549999938334364,2.5499996854649574,2.5499984747366553,2.549993011829797,2.5499699221157943,2.549879055553301,2.549548199658334,2.548441049312042,2.5450603920458565,2.5357108937951938,2.512462276317258,2.460809229021951,2.35867052683545,2.1788148370661475,1.894239880090905
581.0,2.5499999999938203,2.5499999999851837,2.549999999929622,2.549999999614921,2.549999997850092,2.5499999881879787,2.549999937199409,2.549999680181409,2.549998451533846,2.5499929164307127,2.549969557576684,2.549877770782086,2.549544057763437,2.54842894689495,2.5450286706744856,2.535637172832111,2.51231230815209,2.4605459066409963,2.358277542670545,2.178325370675361,1.8937444185596362
582.0,2.5499999999936476,2.549999999984789,2.549999999927866,2.5499999996059564,2.5499999978036016,2.549999987951914,2.5499999360462264,2.549999674821632,2.5499984280337116,2.5499928199609867,2.5499691895169923,2.5498764755728844,2.549539888404561,2.548416781696364,2.54499682844597,2.535563266086492,2.512162137761113,2.4602824959650444,2.3578847431574714,2.1778363977053123,1.8932495528447175
583.0,2.5499999999934704,2.5499999999843843,2.5499999999260696,2.549999999596804,2.549999997756213,2.5499999877116792,2.5499999348745694,2.5499996693847184,2.549998404233208,2.549992722411431,2.5499688179123057,2.5498751698703814,2.54953569148079,2.548404553587267,2.544964865309068,2.535489173796324,2.5120117658232965,2.4600189978390414,2.3574921284875376,2.177347917073805,1.8927552812625723
584.0,2.5499999999932887,2.54999999998397,2.549999999924233,2.54999999958746,2.54999999770791,2.5499999874672103,2.549999933684187,2.5499996638697517,2.549998380129267,2.549992623772807,2.549968442738121,2.5498738536191743,2.5495314668912825,2.5483922624391764,2.5449327812136584,2.5354148962004635,2.5118611930162786,2.4597554131036907,2.357099698848818,2.1768599277021585,1.8922616021374912
585.0,2.5499999999931022,2.5499999999835454,2.549999999922355,2.5499999995779206,2.5499999976586785,2.549999987218443,2.5499999324748264,2.5499996582758078,2.5499983557188006,2.5499925240358254,2.549968063969848,2.549872526763771,2.5495272145352716,2.548379908124151,2.5449005761107344,2.5353404335386247,2.511710420016365,2.4594917425954743,2.3567074544261852,2.1763724285151946,1.8917685138015792
586.0,2.549999999992911,2.5499999999831107,2.5499999999204346,2.549999999568182,2.549999997608502,2.5499999869653127,2.5499999312462314,2.5499996526019535,2.549998330998696,2.5499924231911457,2.549967681582806,2.5498711892485924,2.549522934312067,2.548367490514788,2.5448682499524002,2.535265786051372,2.5115594474985232,2.4592279871466705,2.3563153954013343,2.175885418441224,1.8912760145947043
587.0,2.549999999992715,2.5499999999826657,2.549999999918471,2.549999999558241,2.549999997557365,2.5499999867077534,2.549999929998144,2.549999646847248,2.549998305965819,2.549992321229376,2.549967295552228,2.549869841017973,2.5495186261210563,2.548355009484225,2.544835802691867,2.535190953980107,2.511408276136378,2.4589641475853754,2.355923521952817,2.175398896412035,1.8907841028644472
588.0,2.549999999992514,2.5499999999822096,2.549999999916463,2.5499999995480933,2.549999997505251,2.5499999864456973,2.549999928730302,2.549999641010741,2.5499982806170114,2.5499922181410746,2.5499669058532586,2.549868482016162,2.549514289861707,2.5483424649061392,2.54480323428345,2.5351159375670607,2.511256906602208,2.458700224735521,2.355531834256068,2.1749128613628814,1.8902927769660494
589.0,2.5499999999923078,2.5499999999817424,2.5499999999144105,2.5499999995377354,2.549999997452144,2.5499999861790776,2.5499999274424416,2.5499996350914738,2.5499982549490934,2.549992113916748,2.5499665124609536,2.5498671121873224,2.5495099254335676,2.548329856654751,2.5447705446825606,2.5350407370552834,2.511105339566942,2.4584362194168965,2.355140332483433,2.1744273122324667,1.8898020352623641
590.0,2.549999999992097,2.549999999981264,2.5499999999123117,2.5499999995271634,2.549999997398028,2.5499999859078257,2.5499999261342956,2.54999962908848,2.549998228958862,2.549992008546852,2.5499661153502826,2.5498657314755344,2.54950553273627,2.548317184604822,2.5447377338457073,2.5349653526886335,2.5109535757001553,2.4581721324451653,2.354749016804199,2.173942247962935,1.8893118761238055
591.0,2.5499999999918805,2.5499999999807743,2.5499999999101663,2.549999999516374,2.549999997342885,2.5499999856318722,2.549999924805594,2.5499996230007835,2.5499982026430907,2.5499919020217905,2.5499657144961274,2.5498643398247944,2.5495011116695308,2.548304448631657,2.5447048017304885,2.5348897847117686,2.5108016156700645,2.457907964631887,2.3543578873846207,2.1734576674998562,1.8888222979283
592.0,2.549999999991658,2.549999999980273,2.549999999907973,2.549999999505362,2.5499999972866982,2.5499999853511466,2.549999923456064,2.5499996168274,2.5499981759985304,2.549991794331917,2.549965309873282,2.5498629371790162,2.5494966621331523,2.548291648611104,2.544671748295588,2.5348140333701363,2.510649460143526,2.4576437167845344,2.3539669443879494,2.1729735697922146,1.8883332990612374
593.0,2.5499999999914302,2.5499999999797596,2.5499999999057312,2.5499999994941245,2.5499999972294507,2.549999985065578,2.5499999220854304,2.549999610567337,2.549998149021909,2.5499916854675333,2.5499649014564545,2.5498615234820328,2.5494921840270246,2.5482787844195545,2.544638573500772,2.5347380989099637,2.5104971097860305,2.457379389706516,2.353576187974459,2.172489953792394,1.8878448779154215
594.0,2.549999999991197,2.549999999979234,2.5499999999034397,2.5499999994826568,2.549999997171125,2.549999984775095,2.549999920693414,2.5499996042195914,2.5499981217099315,2.5499915754188893,2.5499644892202653,2.549860098677596,2.549487677251127,2.5482658559339466,2.5446052773068866,2.5346619815782483,2.5103445652617005,2.4571149841971907,2.3531856183014748,2.172006818456169,1.8873570328910234
595.0,2.5499999999909577,2.5499999999786964,2.549999999901098,2.5499999994709546,2.549999997111703,2.5499999844796237,2.5499999192797334,2.5499995977831533,2.549998094059279,2.5499914641761854,2.5499640731392486,2.5498586627093784,2.5494831417055286,2.548252863031762,2.5445718596758495,2.5345856816227466,2.5101918272332875,2.45685050105189,2.3527952355233994,2.17152416274269,1.8868697623955324
596.0,2.5499999999907126,2.5499999999781453,2.549999999898705,2.549999999459014,2.5499999970511675,2.5499999841790912,2.549999917844104,2.549999591257003,2.549998066066609,2.5499913517295685,2.5499636531878522,2.5498572155209724,2.5494785772903925,2.5482398055910283,2.5445383205706493,2.5345091992919677,2.510038896362167,2.456585941061937,2.352405039791741,2.171041985614469,1.886383064843709
597.0,2.5499999999904612,2.5499999999775813,2.549999999896259,2.5499999994468308,2.5499999969894995,2.549999983873423,2.5499999163862386,2.549999584640112,2.5499980377285567,2.5499912380691345,2.5499632293404377,2.5498557570558935,2.5494739839059744,2.54822668349032,2.5445046599553405,2.5344325348351617,2.509885773308337,2.4563213050146646,2.3520150312551387,2.170560286037372,1.8858969386575386
598.0,2.5499999999902037,2.549999999977004,2.549999999893759,2.5499999994344003,2.549999996926681,2.5499999835625426,2.549999914905846,2.549999577931443,2.5499980090417327,2.5499911231849284,2.5499628015712803,2.54985428725758,2.549469361452625,2.548213496608758,2.544470877795038,2.5343556885023113,2.5097324587304137,2.456056593693434,2.351625210059389,2.1700790629806024,1.8854113822661844
599.0,2.54999999998994,2.5499999999764134,2.5499999998912046,2.5499999994217184,2.549999996862692,2.5499999832463742,2.549999913402633,2.5499995711299484,2.5499979800027246,2.5499910070669434,2.5499623698545704,2.5498528060693926,2.549464709830793,2.548200244826011,2.5444369740559147,2.534278660544121,2.509578953285629,2.455791807877654,2.351235576347472,2.1695983154166902,1.8849263941059418
600.0,2.5499999999896694,2.5499999999758085,2.5499999998885943,2.54999999940878,2.5499999967975144,2.5499999829248403,2.549999911876303,2.549999564234574,2.5499979506080956,2.549990889705121,2.5499619341644113,2.549851313434618,2.549460028941025,2.5481869280222957,2.5444029487051965,2.5342014512120103,2.5094252576298284,2.4555269483428006,2.3508461302595776,2.1691180423214793,1.8844419726201918
601.0,2.5499999999893923,2.5499999999751894,2.549999999885927,2.5499999993955806,2.549999996731129,2.5499999825978628,2.549999910326556,2.549999557244254,2.5499979208543855,2.549990771089351,2.549961494474823,2.5498498092964668,2.549455318683967,2.5481735460783757,2.544368801711158,2.5341240607581015,2.5092713724174662,2.4552620158604337,2.350456871933129,2.1686382426720185,1.8839581143738628
602.0,2.549999999989108,2.549999999974556,2.5499999998832017,2.5499999993821163,2.549999996663516,2.549999982265362,2.54999990875309,2.5499995501579145,2.549997890738111,2.5499906512094714,2.5499610507597383,2.549848293598077,2.549450578960366,2.548160098875565,2.5443345330431186,2.5340464894352133,2.5091172983016032,2.4549970111982176,2.3500678015027736,2.1681589154361864,1.8834748159674835
603.0,2.5499999999888168,2.549999999973908,2.5499999998804177,2.549999999368382,2.5499999965946554,2.549999981927258,2.549999907155598,2.549999542974472,2.549997860255764,2.5499905300552683,2.5499606029930066,2.549846766282512,2.5494458096710733,2.5481465862957253,2.5443001426714384,2.5339687374968496,2.5089630359339057,2.454731935119938,2.3496789191003646,2.167680059583369,1.8829920759030825
604.0,2.5499999999885183,2.549999999973245,2.5499999998775733,2.5499999993543727,2.5499999965245275,2.5499999815834693,2.549999905533771,2.5499995356928347,2.549997829403812,2.5499904076164763,2.549960151148392,2.5498452272927654,2.549441010717042,2.548133008221269,2.544265630567514,2.533890805197192,2.508808585964641,2.454466788385522,2.3492902248549905,2.1672016740865385,1.882509892689056
605.0,2.549999999988213,2.549999999972566,2.5499999998746676,2.5499999993400833,2.5499999964531117,2.5499999812339142,2.5499999038872976,2.5499995283119,2.5499977981787003,2.549990283882778,2.549959695199574,2.549843676571757,2.549436181999334,2.548119364535158,2.5442309967037735,2.5338126927910896,2.508653949042676,2.454201571751052,2.348901718893002,2.1667237579222345,1.8820282648401312
606.0,2.5499999999879,2.549999999971872,2.5499999998716993,2.549999999325509,2.549999996380387,2.549999980878509,2.5499999022158613,2.549999520830557,2.5499977665768485,2.549990158843804,2.5499592351201485,2.5498421140623373,2.5494313234191153,2.548105655120904,2.544196241053673,2.533734400534051,2.508499125815473,2.453936285968789,2.348513401338039,2.1662463100705476,1.8815471908773325
607.0,2.5499999999875795,2.549999999971162,2.549999999868667,2.5499999993106455,2.549999996306333,2.5499999805171703,2.549999900519144,2.5499995132476845,2.549997734594652,2.5499900324891334,2.5499587708836264,2.549840539707288,2.5494264348776623,2.54809187986257,2.544161363591693,2.5336559286822347,2.5083441169290905,2.4536709317871868,2.348125272311055,2.1657693295150997,1.8810666693279456
608.0,2.5499999999872514,2.549999999970435,2.5499999998655696,2.549999999295487,2.5499999962309285,2.5499999801498126,2.5499998987968238,2.549999505562153,2.5499977022284823,2.549989904808293,2.549958302463435,2.549838953449321,2.549421516276361,2.5480780386447694,2.544126364293333,2.5335772774924408,2.5081889230281766,2.4534055099509104,2.347737331930347,2.165292815243028,1.8805866987254836
609.0,2.549999999986915,2.5499999999696916,2.549999999862406,2.549999999280028,2.5499999961541517,2.5499999797763495,2.5499998970485755,2.549999497772823,2.549997669474686,2.549989775790757,2.549957829832919,2.549837355231081,2.5494165675167086,2.548064131352667,2.5440912431351084,2.533498447222102,2.5080335447559703,2.4531400212008556,2.3473495803115787,2.1648167662449667,1.8801072776096521
610.0,2.549999999986571,2.549999999968931,2.5499999998591747,2.5499999992642643,2.549999996075981,2.549999979396694,2.5499998952740706,2.549999489878544,2.5499976363295866,2.5499896454259487,2.549957352965338,2.549835744995145,2.5494115885003152,2.54805015787198,2.544056000094545,2.5334194381292745,2.5078779827542976,2.452874466274165,2.346962017567805,2.1643411815150295,1.8796284045263154
611.0,2.5499999999862184,2.549999999968153,2.5499999998558747,2.54999999924819,2.549999995996394,2.5499999790107584,2.549999893472977,2.5499994818781584,2.5499976027894813,2.5499895137032387,2.5499568718338703,2.549834122684024,2.549406579128906,2.5480361180889757,2.544020635150176,2.53334025047263,2.5077222376635704,2.452608845904246,2.3465746438095008,2.163866060050793,1.8791500780274617
612.0,2.5499999999858574,2.549999999967357,2.549999999852505,2.5499999992317997,2.549999995915368,2.549999978618453,2.54999989164496,2.5499994737704967,2.5499975688506438,2.549989380611946,2.549956386411611,2.5498324882401646,2.5494015393043212,2.548022011890475,2.5439851482815374,2.5332608845114475,2.5075663101227827,2.452343160820789,2.3461874591445833,2.163391400853279,1.8786722966711704
613.0,2.5499999999854874,2.549999999966543,2.5499999998490632,2.5499999992150877,2.5499999958328807,2.5499999782196876,2.549999889789681,2.549999465554381,2.549997534509323,2.5499892461413367,2.549955896671571,2.5498308416059476,2.549396468928517,2.54800783916385,2.543949539469163,2.5331813405056027,2.50741020076951,2.452077411749785,2.345800463678439,2.1629172029269372,1.878195059021578
614.0,2.5499999999851086,2.5499999999657104,2.5499999998455487,2.5499999991980484,2.5499999957489097,2.549999977814371,2.5499998879067984,2.5499994572286226,2.5499974997617425,2.549989110280625,2.5499554025866806,2.5498291827236907,2.5493913679035702,2.5479935997970267,2.5439138086945823,2.533101618715562,2.507253910239908,2.451811599413542,2.3454136575139457,2.16244346527963,1.8777183636488441
615.0,2.549999999984721,2.549999999964859,2.54999999984196,2.549999999180676,2.549999995663431,2.5499999774024107,2.549999885995967,2.549999448792024,2.549997464604102,2.549988973018973,2.549954904129787,2.5498275115356495,2.549386236131676,2.547979293678482,2.5438779559403133,2.533021719402373,2.507097439168709,2.4515457245307037,2.3450270407515,2.1619701869226136,1.8772422091291197
616.0,2.549999999984324,2.549999999963988,2.549999999838296,2.549999999162966,2.549999995576421,2.549999976983713,2.5499998840568376,2.5499994402433774,2.549997429032576,2.5499888343454904,2.549954401273656,2.5498258279840167,2.5493810735151508,2.5479649206972477,2.54384198118986,2.5329416428276543,2.5069407881892207,2.4512797878162664,2.3446406134890387,2.161497366870522,1.8767665940445124
617.0,2.5499999999839176,2.549999999963098,2.5499999998345544,2.549999999144911,2.5499999954878563,2.5499999765581847,2.5499998820890584,2.5499994315814645,2.549997393043313,2.5499886942492354,2.5499538939909714,2.5498241320109254,2.549375879956434,2.5479504807429065,2.54380588442771,2.5328613892535916,2.5067839579333264,2.4510137899815962,2.3442543758220644,2.161025004141352,1.8762915169830554
618.0,2.5499999999835015,2.549999999962187,2.5499999998307343,2.5499999991265057,2.5499999953977124,2.549999976125729,2.549999880092274,2.5499994228050578,2.5499973566324377,2.5499885527192134,2.5499533822543357,2.5498224235584463,2.5493706553580884,2.5479359737055964,2.543769665639326,2.532780958942925,2.50662694903148,2.4507477317344466,2.3438683278436683,2.160553097756444,1.875816976538674
619.0,2.5499999999830756,2.5499999999612557,2.5499999998268343,2.5499999991077447,2.5499999953059644,2.5499999756862493,2.5499998780661244,2.5499994139129196,2.5499973197960486,2.549988409744377,2.54995286603627,2.549820702568593,2.549365399622803,2.547921399476008,2.543733324811145,2.5327003521589426,2.5064697621127063,2.450481613778976,2.3434824696445533,2.160081646740468,1.8753429713111536
620.0,2.5499999999826395,2.5499999999603036,2.5499999998228526,2.5499999990886213,2.5499999952125876,2.549999975239648,2.549999876010248,2.5499994049038017,2.54999728253022,2.549988265313627,2.549952345309215,2.5498189689833195,2.5493601126533925,2.547906757945385,2.543696861930573,2.532619569165473,2.5063123978046007,2.4502154368157636,2.3430968013130586,2.1596106501214076,1.8748694999061066
621.0,2.549999999982193,2.54999999995933,2.549999999818788,2.549999999069129,2.549999995117557,2.5499999747858264,2.549999873924278,2.549999395776446,2.549997244831,2.549988119415812,2.5499518200455302,2.549817222744522,2.5493547943527997,2.547892049005525,2.5436602769859795,2.5325386102268763,2.506154856733325,2.4499492015418274,2.342711322935181,2.159140106930542,1.8743965609349422
622.0,2.5499999999817367,2.5499999999583345,2.549999999814639,2.5499999990492617,2.5499999950208463,2.549999974324684,2.5499998718078447,2.5499993865295845,2.549997206694413,2.5499879720397276,2.5499512902174946,2.5498154637940402,2.5493494446240965,2.5478772725487793,2.543623569966697,2.532457475608035,2.505997139523609,2.4496829086506415,2.342326034594599,2.1586700162024313,1.8739241530148334
623.0,2.549999999981269,2.549999999957317,2.549999999810404,2.5499999990290134,2.5499999949224303,2.54999997385612,2.5499998696605752,2.5499993771619387,2.549997168116456,2.549987823174118,2.5499507557973073,2.549813692073658,2.5493440633704854,2.547862428468053,2.543586740863013,2.5323761655743495,2.505839246798745,2.4494165588321524,2.341940936372695,2.1582003769749005,1.8734522747686857
624.0,2.5499999999807903,2.5499999999562766,2.549999999806081,2.5499999990083775,2.549999994822283,2.5499999733800314,2.549999867482092,2.54999936767222,2.5499971290931023,2.549987672807674,2.5499502167570873,2.5498119075251044,2.5493386504953004,2.5478475166568044,2.543549789666167,2.5322946803917254,2.5056811791805917,2.449150152772796,2.341556028348576,2.1577311882890244,1.8729809248251057
625.0,2.5499999999803005,2.549999999955213,2.549999999801669,2.549999998987347,2.5499999947203773,2.549999972896315,2.5499998652720146,2.549999358059129,2.5499970896202977,2.549987520929034,2.5499496730688747,2.5498101100900534,2.5493332059020095,2.547832537009047,2.5435127163683466,2.5322130203265694,2.505522937289569,2.448883691155516,2.341171310599098,2.157262449189111,1.87251010181837
626.0,2.549999999979799,2.549999999954126,2.549999999797166,2.5499999989659163,2.549999994616687,2.549999972404867,2.5499998630299587,2.5499993483213568,2.549997049693964,2.549987367526785,2.5499491247046295,2.5498082997101266,2.5493277294942143,2.547817489419347,2.543475520962683,2.5321311856457798,2.505364521744659,2.4486171746597765,2.3407867831988862,2.156794158722686,1.872039804388395
627.0,2.549999999979286,2.5499999999530147,2.54999999979257,2.549999998944078,2.5499999945111846,2.54999997190558,2.5499998607555363,2.549999338457583,2.549997009309996,2.549987212589461,2.5499485716362327,2.5498064763268924,2.549322221175652,2.5478023737828246,2.5434382034432477,2.532049176616739,2.505205933163405,2.448350603961584,2.3404024462203568,2.1563263159404786,1.8715700311807046
628.0,2.5499999999787613,2.5499999999518788,2.54999999978788,2.549999998921825,2.5499999944038425,2.549999971398348,2.549999858448356,2.5499993284664773,2.5499969684642645,2.549987056105543,2.549948013835486,2.5498046398818675,2.5493166808501977,2.5477871899951543,2.543400763805047,2.531966993507305,2.505047172161907,2.4480839797335006,2.3400182997337398,2.155858919896405,1.8711007808464009
629.0,2.5499999999782244,2.549999999950718,2.5499999997830938,2.5499999988991506,2.5499999942946325,2.5499999708830625,2.549999856108022,2.549999318346699,2.5499969271526126,2.54998689806346,2.549947451274113,2.549802790316518,2.549311108421863,2.5477719379525645,2.5433632020440173,2.5318846365858056,2.5048882393548264,2.4478173026446615,2.339634343807098,2.1553919696475536,1.8706320520421333
630.0,2.549999999977675,2.5499999999495313,2.5499999997782097,2.549999998876048,2.5499999941835263,2.549999970359614,2.549999853734135,2.549999308096896,2.5499968853708586,2.5499867384515893,2.5499468839237593,2.5498009275722606,2.5493055037948,2.547756617551837,2.5433255181570233,2.5318021061210287,2.5047291353553804,2.4475505733607914,2.3392505785063507,2.1549254642541706,1.8701638434300687
631.0,2.549999999977113,2.5499999999483185,2.5499999997732257,2.5499999988525097,2.549999994070496,2.5499999698278923,2.5499998513262923,2.549999297715707,2.549996843114794,2.5499865772582537,2.549946311755992,2.549799051590462,2.5492998668733016,2.547741228690307,2.5432877121418525,2.531719402382216,2.5045698607753435,2.447283792544222,2.3388670038952912,2.154459402779644,1.8696961536778607
632.0,2.5499999999765377,2.549999999947079,2.5499999997681404,2.5499999988285285,2.5499999939555114,2.549999969287785,2.5499998488840867,2.5499992872017585,2.549996800380186,2.5499864144717255,2.5499457347423,2.54979716231244,2.549294197561802,2.547725771265864,2.5432497839972097,2.5316365256390543,2.504410416225046,2.4470169608539063,2.33848362003561,2.1539937842904893,1.8692289814586207
633.0,2.5499999999759493,2.549999999945813,2.549999999762952,2.5499999988040973,2.549999993838544,2.549999968739179,2.549999846407108,2.5499992765536676,2.549996757162773,2.549986250080223,2.5499451528540957,2.5497952596794664,2.5492884957648787,2.5477102451769507,2.5432117337227154,2.53155347616167,2.504250802313374,2.4467500789454366,2.338100426986914,2.153528607856335,1.8687623254508874
634.0,2.549999999975347,2.549999999944519,2.5499999997576586,2.5499999987792084,2.5499999937195637,2.54999996818196,2.5499998438949416,2.549999265770039,2.54999671345827,2.5499860840719126,2.5499445660627136,2.549793343632766,2.5492827613872535,2.5476946503225637,2.5431735613188993,2.5314702542206198,2.5040910196477664,2.44648314747106,2.3377174248067467,2.153063872549907,1.8682961843385986
635.0,2.5499999999747316,2.5499999999431973,2.549999999752258,2.5499999987538544,2.5499999935985405,2.5499999676160123,2.5499998413471685,2.5499992548494683,2.5499966692623635,2.549985916434909,2.5499439743394112,2.549791414113517,2.549276994333794,2.5476789866022527,2.5431352667871967,2.5313868600868834,2.5039310688342185,2.446216167079696,2.3373346135506092,2.1525995774470146,1.8678305568110605
636.0,2.549999999974102,2.5499999999418463,2.5499999997467477,2.5499999987280275,2.549999993475444,2.5499999670412192,2.549999838763367,2.5499992437905394,2.5499966245707157,2.549985747157273,2.5499433776553695,2.549789471062854,2.5492711945095134,2.5476632539161206,2.543096850129946,2.5313032940318574,2.5037709504772767,2.4459491384169496,2.3369519932719784,2.1521357216265367,1.8673654415629195
637.0,2.5499999999734575,2.549999999940466,2.549999999741127,2.54999999870172,2.5499999933502426,2.549999966457462,2.5499998361431104,2.5499992325918255,2.5499965793789605,2.5499855762270136,2.549942775981693,2.5497875144218662,2.549265361819575,2.5476474521648234,2.5430583113503813,2.5312195563273465,2.503610665180042,2.4456820621251305,2.3365695640223283,2.1516723041704062,1.8669008372941334
638.0,2.5499999999727985,2.549999999939056,2.549999999735393,2.549999998674924,2.549999993222906,2.549999965864622,2.5499998334859684,2.549999221251888,2.5499965336827066,2.5499854036320873,2.54994216928941,2.549785544131601,2.5492594961692894,2.5476315812495693,2.5430196504526323,2.5311356472455584,2.503450213544166,2.445414938843268,2.336187325851147,2.151209324163597,1.8664367427099422
639.0,2.5499999999721243,2.549999999937616,2.5499999997295437,2.5499999986476314,2.549999993093402,2.549999965262578,2.549999830791507,2.5499992097692785,2.549996487477536,2.5499852293603977,2.5499415575494737,2.549783560133062,2.5492535974641175,2.547615641072121,2.5429808674417163,2.531051567059094,2.5032895961698536,2.4451477692071264,2.33580527880596,2.1507467806941083,1.8659731565208395
640.0,2.549999999971435,2.5499999999361442,2.549999999723578,2.549999998619834,2.5499999929616988,2.549999964651208,2.549999828059287,2.5499991981425367,2.5499964407590032,2.549985053399796,2.5499409407327605,2.5497815623672113,2.549247665609672,2.5475996315347924,2.542941962323536,2.530967316040942,2.5031288136558607,2.444880553849221,2.3354234229323434,2.150284672852952,1.865510077442545
641.0,2.5499999999707303,2.5499999999346414,2.549999999717493,2.549999998591524,2.5499999928277637,2.549999964030388,2.5499998252888676,2.5499991863701914,2.5499963935226377,2.5499848757380805,2.549940318810072,2.5497795507749714,2.5492417005117187,2.54758355254045,2.5429029351048746,2.5308828944644706,2.502967866599495,2.4446132933988354,2.3350417582739484,2.1498229997341376,1.8650475041959755
642.0,2.5499999999700096,2.5499999999331058,2.5499999997112868,2.5499999985626927,2.5499999926915637,2.549999963399994,2.5499998224798013,2.54999917445076,2.5499963457639416,2.5499846963629977,2.5499396917521358,2.549777525297224,2.5492357020761762,2.5475674039925136,2.542863785793393,2.530798302603423,2.5028067555966147,2.4443459884820347,2.334660284872516,2.1493617604346595,1.8645854355072171
643.0,2.549999999969273,2.5499999999315377,2.5499999997049567,2.5499999985333317,2.549999992553066,2.5499999627599,2.549999819631638,2.5499991623827496,2.5499962974783896,2.5499845152622416,2.549939059529603,2.5497754858748127,2.5492296702091184,2.5475511857949527,2.5428245143976236,2.5307135407319072,2.502645481241629,2.4440786397216825,2.3342790027678983,2.148900954054482,1.8641238701074974
644.0,2.5499999999685192,2.549999999929936,2.5499999996985014,2.5499999985034325,2.5499999924122365,2.5499999621099776,2.5499998167439224,2.5499991501646546,2.5499962486614303,2.5499843324234526,2.549938422113052,2.5497734324485415,2.549223604816775,2.5475348978522896,2.542785120926968,2.53062860912439,2.5024840441274976,2.443811247737458,2.333897911998075,2.148440579696526,1.8636628067331582
645.0,2.5499999999677487,2.5499999999283,2.5499999996919183,2.5499999984729866,2.5499999922690413,2.5499999614500988,2.549999813816197,2.549999137794959,2.549996199308485,2.5499841478342193,2.549937779472986,2.5497713649591778,2.5492175058055326,2.547518540069598,2.542745605391691,2.5305435080556915,2.5023224448457313,2.443543813145868,2.3335170125991724,2.147980636466656,1.8632022441256277
646.0,2.549999999966961,2.549999999926629,2.549999999685205,2.5499999984419848,2.5499999921234453,2.549999960780133,2.5499998108479973,2.5499991252721355,2.549996149414948,2.5499839614820785,2.549937131579835,2.549769283347452,2.5492113730819366,2.547502112352504,2.5427059678029185,2.5304582378009775,2.502160683986391,2.4432763365602663,2.33313630460548,2.1475211234736653,1.862742181031393
647.0,2.5499999999661553,2.549999999924923,2.5499999996783593,2.549999998410418,2.5499999919754144,2.549999960099949,2.549999807838857,2.549999112594645,2.5499960989761874,2.549983773354513,2.549936478403955,2.5497671875540604,2.5492052065526916,2.547485614607182,2.5426662081726317,2.5303727986357516,2.501998762138088,2.4430088185908665,2.3327557880494703,2.1470620398292644,1.8622826162019737
648.0,2.549999999965332,2.5499999999231804,2.549999999671379,2.549999998378278,2.549999991824913,2.549999959409414,2.549999804788304,2.549999099760936,2.5499960479875434,2.5499835834389546,2.5499358199156283,2.549765077519662,2.549199006124662,2.547469046740359,2.542626326513664,2.53028719083585,2.5018366798879845,2.442741259844758,2.332375462961815,2.146603384648065,1.8618235483938939
649.0,2.5499999999644904,2.549999999921401,2.5499999996642617,2.549999998345555,2.549999991671905,2.549999958708393,2.5499998016958636,2.549999086769448,2.549995996444329,2.5499833917227814,2.549935156085066,2.5497629531848838,2.5491927717048735,2.5474524086593116,2.542586322839696,2.5302014146774345,2.5016744378217934,2.4424736609259217,2.3319953293714026,2.14614515704757,1.8613649763686562
650.0,2.5499999999636302,2.549999999919584,2.549999999657005,2.5499999983122392,2.549999991516355,2.54999995799675,2.549999798561055,2.549999073618607,2.5499959443418305,2.54998319819332,2.549934486882405,2.549760814490318,2.549186503200516,2.547435700271866,2.5425461971652523,2.530115470436984,2.5015120365237777,2.442206022435245,2.331615387305356,2.145687356148157,1.8609068988927149
651.0,2.5499999999627505,2.5499999999177287,2.549999999649606,2.549999998278322,2.549999991358225,2.5499999572743484,2.5499997953833953,2.549999060306827,2.5499958916753074,2.549983002837844,2.54993381227771,2.5497586613765253,2.5491802005189412,2.5474189214863983,2.542505949505696,2.5300293583912907,2.5013494765767517,2.4419383449705365,2.3312356367890494,2.1452299810730677,1.8604493147374495
652.0,2.5499999999618512,2.5499999999158343,2.5499999996420626,2.5499999982437935,2.549999991197479,2.5499999565410496,2.5499997921623945,2.5499990468325118,2.5499958384399903,2.549982805643574,2.549933132240975,2.549756493784035,2.5491738635676664,2.547402072211834,2.5424655798772267,2.529943078817452,2.5011867585620813,2.4416706291265426,2.3308560778461263,2.1447730309483934,1.8599922226791386
653.0,2.5499999999609324,2.5499999999139003,2.5499999996343723,2.5499999982086443,2.5499999910340785,2.549999955796713,2.5499997888975603,2.5499990331940525,2.549995784631084,2.549982606597679,2.5499324467421203,2.5497543116533445,2.5491674922543743,2.5473851523576467,2.542425088296874,2.529856631992864,2.5010238830596827,2.4414028754949597,2.330476710498514,2.1443165049030637,1.8595356214989334
654.0,2.549999999959993,2.5499999999119254,2.549999999626533,2.549999998172864,2.5499999908679865,2.549999955041197,2.5499997855883954,2.5499990193898294,2.5499957302437655,2.549982405687276,2.5499317557509955,2.5497521149249227,2.5491610864869148,2.5473681618338597,2.5423844747824953,2.529770018195215,2.500860850648025,2.441135084664453,2.330097534766442,2.1438604020688317,1.859079509982832
655.0,2.5499999999590335,2.5499999999099097,2.549999999618541,2.5499999981364434,2.549999990699164,2.5499999542743588,2.549999782234398,2.5499990054182096,2.549995675273183,2.5499822028994292,2.5499310592373803,2.549749903539208,2.5491546461733052,2.547351100551043,2.542343739352771,2.5296832377024807,2.5006976619041286,2.4408672572206673,2.329718550668459,2.143404721580262,1.8586238869216536
656.0,2.549999999958053,2.5499999999078518,2.5499999996103946,2.549999998099372,2.5499999905275725,2.5499999534960534,2.5499997788350615,2.5499989912775494,2.5499956197144593,2.5499819982211496,2.5499303571709824,2.549747677436612,2.5491481712217317,2.547333968420316,2.5423028820272,2.5295962907929144,2.500534317403567,2.440599393746245,2.3293397582214457,2.1429494625747187,1.8581687511110128
657.0,2.5499999999570506,2.549999999905751,2.549999999602091,2.5499999980616397,2.5499999903531716,2.5499999527061354,2.549999775389876,2.5499989769661924,2.549995563562688,2.549981791639397,2.549929649521439,2.549745436557518,2.5491416615405504,2.5473167653533437,2.542261902826096,2.5295091777450445,2.5003708177204653,2.44033149482084,2.328961157440636,2.142494624192352,1.857714101351294
658.0,2.5499999999560266,2.5499999999036067,2.549999999593627,2.549999998023236,2.549999990175922,2.5499999519044567,2.5499997718983263,2.5499989624824706,2.549995506812936,2.549981583141078,2.5499289362583166,2.549743180842282,2.549135117038289,2.5472994912623395,2.542220801770583,2.5294218988376653,2.5002071634275036,2.4400635610211308,2.3285827483396297,2.1420402055760857,1.8572599364476263
659.0,2.54999999995498,2.549999999901418,2.5499999995850007,2.5499999979841506,2.5499999899957833,2.549999951090868,2.5499997683598923,2.5499989478247045,2.5499954494602415,2.5499813727130474,2.5499282173511135,2.549740910231235,2.5491285376236457,2.5472821460600623,2.542179578882593,2.529334454349832,2.5000433550959147,2.439795592920838,2.328204530930408,2.141586205871605,1.8568062552098588
660.0,2.549999999953911,2.549999999899184,2.5499999995762086,2.549999997944372,2.549999989812715,2.549999950265219,2.54999976477405,2.549998932991202,2.549995391499616,2.5499811603421074,2.5499274927692572,2.549738624664684,2.549121923205492,2.5472647296598168,2.542138234184858,2.5292468445608547,2.4998793932954864,2.4395275910907364,2.327826505223351,2.141132624227344,1.8563530564525343
661.0,2.549999999952818,2.549999999896904,2.549999999567248,2.5499999979038903,2.549999989626676,2.5499999494273577,2.549999761140271,2.5499989179802593,2.549995332926042,2.5499809460150087,2.549926762482106,2.5497363240829096,2.549115273692874,2.547247241975454,2.5420967677009116,2.5291590697502926,2.499715278594561,2.43925955609867,2.3274486712272537,2.1406794597950682,1.8559003395335871
662.0,2.5499999999517016,2.549999999894577,2.5499999995581164,2.5499999978626944,2.5499999894376235,2.5499999485771303,2.5499997574580218,2.5499989027901595,2.5499952737344747,2.549980729718449,2.5499260264589494,2.5497340084261704,2.5491085889950122,2.547229682921369,2.542055179455079,2.5290711301979454,2.499551011560037,2.438991488509569,2.3270710289493497,2.1402267117328013,1.855448103807474
663.0,2.549999999950561,2.549999999892202,2.5499999995488105,2.5499999978207732,2.5499999892455163,2.549999947714381,2.5499997537267642,2.549998887419174,2.5499952139198423,2.549980511439074,2.5499252846690084,2.5497316776347017,2.5491018690213028,2.547212052412503,2.542013469472477,2.528983026183851,2.4993865927573684,2.43872338888546,2.326693578395339,2.1397743792017816,1.8549963480919789
664.0,2.549999999949396,2.549999999889778,2.549999999539328,2.5499999977781154,2.5499999890503116,2.549999946838953,2.5499997499459557,2.5499988718655624,2.5499951534770435,2.549980291163477,2.5499245370814356,2.5497293316487175,2.5490951136813185,2.5471943503643395,2.5419716377790094,2.528894757988277,2.4992220227505677,2.4384552577854834,2.3263163195694028,2.139322461365857,1.8545450712096343
665.0,2.5499999999482057,2.5499999998873046,2.549999999529665,2.549999997734709,2.5499999888519653,2.5499999459506886,2.5499997461150494,2.549998856127571,2.54999509240095,2.5499800688781993,2.549923783665316,2.549726970408411,2.5490883228848102,2.5471765766929066,2.5419296844013606,2.5288063258917144,2.4990573021022033,2.438187095765908,2.325939252474218,2.138870957391475,1.8540942719876945
666.0,2.5499999999469902,2.549999999884781,2.5499999995198186,2.549999997690544,2.549999988650434,2.5499999450494273,2.549999742233493,2.5499988402034357,2.5499950306864045,2.549979844569731,2.5499230243896656,2.5497245938539552,2.5490814965417075,2.547158731314776,2.541887609366994,2.528717730174874,2.498892431373404,2.4379189033801434,2.32556237711097,2.1384198664476712,1.8536439492581087
667.0,2.549999999945748,2.5499999998822056,2.549999999509786,2.5499999976456076,2.5499999884456734,2.549999944135007,2.5499997383007296,2.5499988240913773,2.5499949683282224,2.549979618224509,2.5499222592234347,2.549722201925503,2.549074634562119,2.54714081414706,2.541845412704148,2.528628971118678,2.498727411123857,2.437650681178754,2.3251856934793675,2.1379691877060614,1.8531941018574956
668.0,2.54999999994448,2.549999999879578,2.5499999994995646,2.5499999975998877,2.549999988237639,2.549999943207265,2.5499997343161978,2.5499988077896063,2.54999490532119,2.5499793898289176,2.5499214881355052,2.5497197945631895,2.549067736856334,2.547122825107415,2.54180309444183,2.5285400490042558,2.498562241911809,2.437382429709476,2.3248092015776574,2.137518920340829,1.8527447286271161
669.0,2.5499999999431844,2.5499999998768965,2.5499999994891502,2.5499999975533734,2.5499999880262854,2.549999942266035,2.549999730279331,2.54999879129632,2.549994841660066,2.5499791593692906,2.5499207110946935,2.5497173717071315,2.549060803334824,2.547104764114038,2.541760654609814,2.528450964112938,2.4983969242940693,2.4371141495172295,2.3244329014026364,2.1370690635287155,1.852295828412849
670.0,2.549999999941861,2.5499999998741614,2.54999999947854,2.5499999975060517,2.5499999878115664,2.549999941311152,2.549999726189559,2.5499987746097026,2.549994777339581,2.5499789268319093,2.5499199280697487,2.5497149332974294,2.549053833908242,2.547086631085666,2.541718093238636,2.528361716726249,2.4982314588260084,2.436845841144132,2.324056792949667,2.1366196164490114,1.8518474000651637
671.0,2.54999999994051,2.5499999998713707,2.5499999994677305,2.5499999974579106,2.549999987593436,2.5499999403424463,2.549999722046305,2.549998757727926,2.549994712354437,2.5499786922030028,2.5499191390293543,2.549712479274167,2.549046828487424,2.547068425941578,2.54167541035959,2.5282723071259032,2.498065846061561,2.436577505129514,2.3236808762126904,2.136170578283545,1.851399442439096
672.0,2.54999999993913,2.549999999868523,2.549999999456719,2.5499999974089373,2.549999987371847,2.5499999393597492,2.5499997178489893,2.549998740649151,2.5499946466993073,2.5499784554687484,2.549918343942128,2.549710009577413,2.5490397869833923,2.5470501486015906,2.541632606004725,2.5281827355938002,2.4979000865532237,2.4363091420099314,2.3233051511842384,2.135721948216671,1.8509519543942223
673.0,2.5499999999377208,2.549999999865619,2.5499999994455016,2.54999999735912,2.549999987146752,2.549999938362888,2.549999713597025,2.5499987233715227,2.549994580368837,2.5499782166152714,2.549917542776622,2.5497075241472213,2.549032709307351,2.547031798986062,2.5415896802068394,2.5280930024120156,2.497734180852061,2.4360407523191796,2.3229296178554497,2.135273725435265,1.8505049347946338
674.0,2.5499999999362815,2.549999999862656,2.549999999434075,2.549999997308445,2.5499999869181034,2.5499999373516897,2.5499997092898226,2.549998705893176,2.549994513357642,2.5499779756286456,2.5499167355013235,2.5497050229236327,2.549025595370692,2.5470133770158867,2.541546632999478,2.5280031078627987,2.497568129507701,2.4357723365883093,2.322554276216081,2.1348259091287085,1.850058382508913
675.0,2.549999999934812,2.5499999998596334,2.549999999422436,2.5499999972569,2.5499999866858527,2.549999936325979,2.5499997049267855,2.5499986882122316,2.549994445660311,2.5499777324948925,2.5499159220846543,2.549702505846674,2.5490184450849944,2.5469948826124993,2.5415034644169285,2.5279130522285653,2.49740193306834,2.435503895345636,2.322179126254519,2.1343784984888816,1.8496122964101078
676.0,2.549999999933312,2.5499999998565506,2.5499999994105806,2.549999997204471,2.5499999864499503,2.5499999352855798,2.5499997005073136,2.5499986703267985,2.5499943772714033,2.5499774871999823,2.549915102494973,2.5496999728563603,2.549011258362024,2.54697631569787,2.541460174494216,2.5278228357918935,2.4972355920807434,2.4352354291167586,2.321804167957797,2.1339314927101527,1.8491666753757068
677.0,2.5499999999317797,2.549999999853406,2.5499999993985054,2.5499999971511462,2.549999986210347,2.549999934230313,2.549999696030802,2.549998652234972,2.549994308185449,2.5499772397298335,2.549914276700573,2.5496974238926957,2.549004035113735,2.5469576761945056,2.5414167632670996,2.527732458835516,2.4970691070902458,2.434966938424569,2.321429401311606,2.1334848909893687,1.8487215182876158
678.0,2.5499999999302156,2.5499999998501988,2.5499999993862073,2.5499999970969114,2.549999985966992,2.5499999331599983,2.549999691496639,2.5499986339348344,2.5499942383969505,2.549976990070312,2.5499134446696847,2.549694858895673,2.5489967752522715,2.54693896402545,2.541373230772071,2.5276419216423176,2.496902478640752,2.4346984237892673,2.3210548263003052,2.1330386925258447,1.8482768240321323
679.0,2.5499999999286187,2.5499999998469276,2.5499999993736817,2.549999997041753,2.5499999857198357,2.5499999320744537,2.54999968690421,2.549998615424456,2.5499941679003815,2.549976738207234,2.5499126063704747,2.5496922778052755,2.548989478689968,2.5469201791142817,2.541329577046345,2.527551224495327,2.4967357072747385,2.434429885728375,2.3206804429069385,2.1325928965213548,1.847832591499923
680.0,2.5499999999269884,2.5499999998435916,2.5499999993609253,2.5499999969856564,2.549999985468826,2.5499999309734953,2.5499996822528943,2.5499985967018928,2.5499940966901855,2.5499764841263626,2.549911761771047,2.5496896805614777,2.548982145339349,2.546901321385114,2.541285802127862,2.5274603676777145,2.496568793533257,2.4341613247567486,2.320306251113245,2.1321475021801226,1.8473888195859982
681.0,2.5499999999253244,2.5499999998401894,2.5499999993479343,2.5499999969286087,2.54999998521391,2.5499999298569374,2.5499996775420657,2.5499985777651886,2.5499940247607786,2.549976227813409,2.5499109108394418,2.549687067104245,2.548974775113132,2.5468823907625944,2.5412419060552796,2.5273693514727835,2.496401737955931,2.4338927413865927,2.319932250899671,2.1317025087088104,1.846945507189689
682.0,2.5499999999236254,2.54999999983672,2.5499999993347053,2.549999996870595,2.5499999849550368,2.5499999287245925,2.549999672771093,2.5499985586123737,2.549993952106547,2.5499759692540347,2.549910053543638,2.549684437373536,2.548967367924227,2.546863387171904,2.5411978888679703,2.5272781761639673,2.4962345410809625,2.433624136127473,2.3195584422453837,2.131257915316511,1.8465026532146238
683.0,2.549999999921891,2.549999999833182,2.5499999993212343,2.5499999968116014,2.5499999846921533,2.5499999275762715,2.5499996679393404,2.5499985392414652,2.5499938787218492,2.5499757084338484,2.549909189851552,2.5496817913093026,2.5489599236857363,2.546844310538756,2.5411537506060173,2.527186842034824,2.4960672034451292,2.4333555094863293,2.319184825128282,2.130813721214737,1.8460602565687045
684.0,2.549999999920121,2.5499999998295744,2.549999999307517,2.549999996751614,2.5499999844252046,2.549999926411783,2.549999663046167,2.5499985196504675,2.5499938046010135,2.5499754453384074,2.5499083197310375,2.5496791288514906,2.548952442310958,2.546825160789396,2.541109491310211,2.5270953493690302,2.4958997255837883,2.4330868619674897,2.3188113995250106,2.130369925617412,1.8456183161640831
685.0,2.549999999918314,2.5499999998258955,2.5499999992935494,2.5499999966906164,2.549999984154138,2.549999925230934,2.5499996580909254,2.5499984998373715,2.5499937297383406,2.549975179953219,2.549907443149889,2.54967644994004,2.548944923713384,2.5468059378506003,2.541065111022044,2.5270036984503754,2.4957321080308756,2.4328181940726825,2.31843816541097,2.1299265277408597,1.845176830917139
686.0,2.5499999999164698,2.5499999998221443,2.549999999279328,2.5499999966285953,2.549999983878897,2.5499999240335307,2.5499996530729647,2.549998479800154,2.5499936541281003,2.549974912263737,2.5499065600758377,2.5496737545148873,2.5489373678067033,2.5467866416496756,2.54102060978371,2.5269118895627596,2.4955643513189103,2.43254950630105,2.318065122760328,2.1294835268037966,1.8447357997484561
687.0,2.5499999999145877,2.54999999981832,2.549999999264848,2.549999996565535,2.5499999835994274,2.5499999228193757,2.5499996479916276,2.5499984595367793,2.549993577764534,2.549974642255366,2.549905670476556,2.5496710425159654,2.5489297745048,2.5467672721144594,2.5409759876380957,2.5268199229901853,2.495396455978993,2.43228079914916,2.3176922715460355,2.1290409220273214,1.8442952215827997
688.0,2.5499999999126666,2.5499999998144207,2.5499999992501055,2.54999999650142,2.549999983315672,2.5499999215882707,2.5499996428462515,2.5499984390451984,2.549993500641855,2.5499743699134587,2.549904774319654,2.549668313883204,2.548922143721757,2.5467478291733174,2.540931244628781,2.5267277990167547,2.49522842254081,2.4320120731110215,2.3173196117398334,2.128598712634906,1.843855095349094
689.0,2.5499999999107064,2.5499999998104457,2.5499999992350966,2.5499999964362354,2.5499999830275755,2.549999920340015,2.549999637636169,2.549998418323349,2.5499934227542456,2.5499740952233165,2.549903871572683,2.5496655685565295,2.5489144753718547,2.546728312755144,2.540886380800032,2.5266355179266626,2.495060251532632,2.4317433286780936,2.316947143312266,2.1281568978523846,1.8434154199803998
690.0,2.5499999999087057,2.549999999806393,2.5499999992198163,2.5499999963699653,2.549999982735079,2.549999919074406,2.5499996323607066,2.549998397369154,2.5499933440958604,2.5499738181701903,2.5499029622031344,2.5496628064758693,2.548906769369572,2.54670872278936,2.5408413961967993,2.5265430800041937,2.494891943481319,2.4314745663393014,2.3165748662326937,2.1277154769079467,1.8429761944138923
691.0,2.5499999999066643,2.5499999998022616,2.549999999204261,2.549999996302594,2.549999982438126,2.54999991779124,2.549999627019186,2.5499983761805245,2.5499932646608237,2.549973538739279,2.54990204617844,2.5496600275811487,2.5488990256295887,2.546689059205915,2.540796290864714,2.526450485533716,2.4947234989123177,2.4312057865810477,2.316202780469303,2.1272744490321265,1.8425374175908382
692.0,2.5499999999045815,2.54999999979805,2.549999999188426,2.549999996234105,2.549999982136657,2.549999916490311,2.5499996216109238,2.5499983547553566,2.5499931844432315,2.5499732569157314,2.5499011234659728,2.5496572318122936,2.548891244066784,2.546669321935283,2.5407510648500824,2.5263577347996766,2.4945549183496687,2.4309369898872246,2.3158308859891177,2.1268338134577944,1.8420990884565749
693.0,2.549999999902456,2.549999999793757,2.549999999172307,2.549999996164483,2.549999981830613,2.5499999151714103,2.5499996161352305,2.549998333091534,2.5499931034371497,2.549972972684645,2.5499001940330475,2.5496544191092303,2.5488834245962377,2.546649510908464,2.540705718199883,2.5262648280865974,2.4943862023160017,2.430668176739228,2.3154591827580107,2.1263935694201463,1.8416612059604873
694.0,2.5499999999002876,2.5499999997893807,2.5499999991558986,2.5499999960937103,2.5499999815199343,2.5499999138343283,2.549999610591411,2.5499983111869255,2.5499930216366145,2.5499726860310674,2.5498992578469197,2.5496515894118876,2.5488755671332326,2.546629626056982,2.5406602509617637,2.5261717656790688,2.494217351332543,2.430399347615969,2.315087670740715,2.125953716156697,1.8412237690559872
695.0,2.5499999998980747,2.5499999997849203,2.5499999991391973,2.5499999960217714,2.54999998120456,2.549999912478852,2.5499996049787654,2.549998289039387,2.5499929390356337,2.549972396939994,2.5498983148747874,2.5496487426601964,2.5488676715932543,2.546609667312885,2.5406146631840363,2.526078547861747,2.4940483659191126,2.4301305029938844,2.3147163499008347,2.1255142529072684,1.840786776700491
696.0,2.5499999998958174,2.549999999780374,2.549999999122198,2.549999995948649,2.549999980884429,2.5499999111047686,2.5499995992965876,2.5499982666467607,2.5499928556281843,2.5499721053963706,2.549897365083791,2.5496458787940908,2.5488597378919904,2.5465896346087433,2.5405689549156736,2.5259851749193483,2.493879246594129,2.4298616433469533,2.3143452202008556,2.125075178913983,1.8403502278553994
697.0,2.5499999998935143,2.5499999997757405,2.5499999991048963,2.549999995874326,2.54999998055948,2.5499999097118615,2.5499995935441664,2.5499982440068742,2.549992771408215,2.5499718113850918,2.549896408441013,2.5496429977535087,2.5488517659453325,2.54656952787765,2.5405231262063057,2.525891647136643,2.493709993874609,2.429592769146706,2.3139742816021562,2.124636493421253,1.8399141214860748
698.0,2.549999999891165,2.549999999771018,2.549999999087287,2.549999995798785,2.54999998022965,2.5499999082999123,2.5499995877207846,2.5499982211175425,2.5499926863696447,2.5499715148910016,2.5498954449134805,2.5496400994783928,2.548843755669378,2.5465493470532183,2.540477177106216,2.525797964798453,2.4935406082761706,2.4293238808622366,2.313603534065019,2.124198195675771,1.8394784565618212
699.0,2.5499999998887684,2.5499999997662055,2.5499999990693656,2.549999995722009,2.5499999798948756,2.5499999068687016,2.54999958182572,2.5499981979765654,2.5499926005063616,2.549971215898894,2.5498944744681626,2.5496371839086915,2.548835706980429,2.5465290920695827,2.540431107666338,2.5257041281896466,2.4933710903130346,2.4290549789602176,2.313232977548639,2.1237602849265036,1.8390432320558625
700.0,2.5499999998863236,2.549999999761301,2.549999999051127,2.54999999564398,2.5499999795550936,2.549999905418007,2.5499995758582448,2.5499981745817295,2.549992513812226,2.549970914393512,2.5498934970719738,2.5496342509843593,2.5488276197949937,2.546508762861397,2.5403849179382507,2.5256101375951334,2.493201440498026,2.4287860639049095,2.3128626120111377,2.12332276042468,1.838608446945322
701.0,2.5499999998838296,2.5499999997563028,2.549999999032566,2.54999999556468,2.5499999792102392,2.5499999039476045,2.5499995698176243,2.549998150930807,2.549992426281068,2.5499706103595488,2.54989251269177,2.549631300645357,2.548819494029787,2.5464883593638334,2.540338607974175,2.5255159932998605,2.493031659342576,2.4285171361581734,2.31249243740957,2.1228856214237846,1.8381741002112024
702.0,2.549999999881286,2.54999999975121,2.549999999013678,2.5499999954840917,2.549999978860247,2.5499999024572673,2.549999563703119,2.549998127021557,2.5499923379066862,2.549970303781647,2.549891521294355,2.5496283328316527,2.54881132960173,2.5464678815125823,2.540292177826971,2.525421695588807,2.492861747356723,2.428248196179483,2.3121224536999376,2.122448867179547,1.837740190838364
703.0,2.549999999878691,2.54999999974602,2.549999998994458,2.549999995402196,2.5499999785050513,2.5499999009467675,2.549999557513984,2.549998102851723,2.5499922486828517,2.5499699946443988,2.5498905228464745,2.5496253474832247,2.5488031264279543,2.54644732924385,2.5402456275501324,2.525327244746981,2.4926917050491175,2.4279792444259374,2.3117526608371963,2.1220124969499343,1.8373067178155051
704.0,2.5499999998760448,2.5499999997407317,2.5499999989749003,2.549999995318974,2.5499999781445855,2.549999899415875,2.549999551249468,2.5499980784190357,2.549992158603305,2.549969682932346,2.5498895173148206,2.549622344540059,2.548794884425798,2.5464267024943608,2.5401989571977843,2.5252326410594126,2.4925215329270194,2.427710281352273,2.3113830587752684,2.1215765099951422,1.836873680135142
705.0,2.5499999998733456,2.5499999997353435,2.5499999989549997,2.549999995234408,2.549999977778782,2.5499998978643563,2.5499995449088146,2.549998053721211,2.549992067661758,2.5499693686299816,2.5498885046660313,2.5496193239421516,2.5487866035128093,2.546406001201352,2.5401521668246794,2.525137884811153,2.492351231496303,2.4274413074108727,2.3110136474670515,2.121140905577585,1.836441076793588
706.0,2.549999999870593,2.5499999997298537,2.549999998934751,2.549999995148478,2.5499999774075732,2.5499998962919777,2.5499995384912606,2.549998028755951,2.5499919758518903,2.549969051721747,2.5498874848666904,2.5496162856295093,2.548778283606746,2.546385225302577,2.540105256486194,2.5250429762872684,2.4921808012614592,2.427172323051782,2.3106444268644295,2.120705682961889,1.8360089067909338
707.0,2.549999999867786,2.5499999997242604,2.549999998914149,2.5499999950611656,2.54999997703089,2.549999894698502,2.549999531996038,2.549998003520942,2.5499918831673534,2.5499687321920343,2.5498864578833267,2.5496132295421505,2.5487699246255766,2.5463643747363016,2.5400582262383242,2.5249479157728345,2.4920102427255957,2.4269033287227164,2.310275396918282,2.1202708414148823,1.8355771691310283
708.0,2.5499999998649234,2.549999999718562,2.549999998893188,2.549999994972451,2.5499999766486634,2.5499998930836907,2.549999525422372,2.5499979780138595,2.5499917896017683,2.5499684100251865,2.5498854236824173,2.5496101556201047,2.548761526487481,2.546343449441305,2.540011076137682,2.5248527035529347,2.4918395563904387,2.426634324869077,2.309906557578494,2.1198363802055864,1.835145862821458
709.0,2.549999999862004,2.5499999997127563,2.5499999988718622,2.549999994882314,2.5499999762608225,2.5499998914473023,2.5499995187694826,2.549997952232361,2.549991695148726,2.5499680852054953,2.5498843822303856,2.5496070638034154,2.5487530891108503,2.5463224493568766,2.5399638062414933,2.524757339912654,2.491668742756338,2.426365311933958,2.309537908793965,2.119402298605209,1.834714986873528
710.0,2.5499999998590273,2.549999999706842,2.5499999988501667,2.5499999947907352,2.549999975867297,2.5499998897890936,2.549999512036584,2.5499979261740906,2.5499915998017886,2.549967757717204,2.549883333493602,2.5496039540321385,2.5487446124142883,2.5463013744228182,2.539916416607591,2.5246618251370765,2.4914978023222654,2.426096290358162,2.3091694505126212,2.118968595887134,1.8342845403022419
711.0,2.549999999855992,2.549999999700817,2.5499999988280955,2.5499999946976946,2.549999975468015,2.5499998881088195,2.5499995052228837,2.54999789983668,2.549991503554487,2.5499674275445057,2.549882277438385,2.5496008262463445,2.548736096316612,2.5462802245794407,2.5398689072944145,2.5245661595112785,2.491326735585819,2.4258272605802094,2.308801182681421,2.118535271326913,1.833854522126283
712.0,2.5499999998528975,2.5499999996946796,2.5499999988056428,2.549999994603172,2.5499999750629043,2.5499998864062317,2.5499994983275833,2.5499978732177437,2.5499914064003217,2.549967094671544,2.549881214031001,2.549597680386119,2.5487275407368517,2.546258999767563,2.5398212783610052,2.524470343320327,2.4911555430432233,2.4255582230363495,2.308433105246368,2.1181023242022574,1.8334249313679953
713.0,2.5499999998497422,2.549999999688428,2.549999998782803,2.5499999945071465,2.5499999746518913,2.549999884681081,2.549999491349879,2.549997846314883,2.5499913083327646,2.549966759082413,2.549880143237665,2.5495945163915623,2.548718945594252,2.546237699928513,2.5397735298670026,2.524374376849275,2.490984225189334,2.425289178160573,2.3080652181525187,2.1176697537930314,1.8329957670533643
714.0,2.549999999846525,2.549999999682061,2.5499999987595694,2.549999994409597,2.549999974234902,2.549999882933115,2.549999484288961,2.549997819125685,2.5499912093452566,2.549966420761157,2.5498790650245406,2.549591334202792,2.5487103108082714,2.5462163250041256,2.5397256618726396,2.524278260383156,2.490812782517638,2.425020126384624,2.307697521343992,2.1172375593812407,1.8325670282119972
715.0,2.5499999998432448,2.549999999675575,2.5499999987359367,2.5499999943105025,2.5499999738118624,2.54999988116208,2.549999477144013,2.5499977916477214,2.549991109431209,2.5499660796917714,2.5498779793577397,2.5495881337599426,2.548701636298585,2.5461948749367416,2.5396776744387406,2.524181994206983,2.490641215520255,2.4247510681380082,2.3073300147639793,2.1168057402510265,1.8321387138771057
716.0,2.549999999839901,2.5499999996689695,2.549999998711899,2.5499999942098417,2.5499999733826963,2.549999879367718,2.549999469914212,2.5499977638785496,2.549991008584002,2.5499657358582026,2.549876886203325,2.5495849150031664,2.5486929219850825,2.546173349669206,2.5396295676267173,2.524085578605741,2.490469524687942,2.424482003848008,2.306962698354752,2.1163742956886553,1.8317108230854857
717.0,2.549999999836493,2.549999999662242,2.5499999986874498,2.549999994107593,2.5499999729473277,2.5499998775497708,2.5499994625987306,2.5499977358157118,2.5499909067969866,2.5499653892443472,2.5498757855273095,2.5495816778726335,2.548684167787871,2.546151749144869,2.539581341498566,2.523989013864385,2.4902977105100934,2.4242129339396894,2.3065955720576734,2.1159432249825136,1.8312833548774998
718.0,2.5499999998330183,2.54999999965539,2.549999998662583,2.549999994003734,2.5499999725056797,2.5499998757079774,2.549999455196734,2.5499977074567366,2.549990804063483,2.5499650398340536,2.549874677295654,2.5495784223085334,2.5486753736272743,2.546130073307584,2.539532996116862,2.523892300267836,2.4901257734747437,2.423943858835918,2.306228635813203,2.115512527423096,1.8308563082970586
719.0,2.5499999998294762,2.549999999648412,2.549999998637292,2.549999993898244,2.549999972057675,2.5499998738420744,2.5499994477073815,2.5499976787991367,2.5499907003767817,2.5499646876111206,2.5498735614742722,2.549575148251076,2.548666539423833,2.5461083221017056,2.539484531544757,2.5237954381009766,2.4899537140685704,2.4236747789573654,2.3058618895609104,2.1150822023030003,1.8304296823916022
720.0,2.549999999825866,2.5499999996413063,2.5499999986115705,2.549999993791099,2.549999971603234,2.549999871951796,2.5499994401298256,2.5499976498404107,2.5499905957301423,2.549964332559298,2.5498724380290274,2.5495718556404903,2.548657665098306,2.5460864954720903,2.5394359478459774,2.5236984276486476,2.4897815327768944,2.423405694722523,2.305495333239482,2.114652248916917,1.8300034762120823
721.0,2.5499999998221856,2.5499999996340694,2.5499999985854123,2.549999993682277,2.5499999711422783,2.549999870036874,2.5499994324632134,2.5499976205780417,2.549990490116795,2.549963974662287,2.5498713069257346,2.5495685444170277,2.548648750571671,2.546064593364095,2.5393872450848174,2.523601269195644,2.4896092300836847,2.423136606547712,2.3051289667867283,2.1142226665623602,1.8295776894863556
722.0,2.549999999818435,2.5499999996267007,2.549999998558811,2.549999993571755,2.549999970674727,2.5499998680970375,2.549999424706686,2.5499975910094985,2.5499903835299382,2.5499636139037403,2.5498701681301608,2.5495652145209617,2.5486397957651246,2.546042615723576,2.539338423326139,2.523503963026711,2.4894368064715584,2.422867514847094,2.3047627901396086,2.1137934545433072,1.8291523219356627
723.0,2.5499999998146117,2.5499999996191973,2.549999998531759,2.5499999934595103,2.549999970200499,2.5499998661320142,2.5499994168593765,2.549997561132235,2.5499902759627417,2.5499632502672616,2.549869021608025,2.5495618658925885,2.548630800600083,2.5460205624968872,2.539289482635365,2.523406509426541,2.4892642624217842,2.4225984200326827,2.3043968032342526,2.113364612166429,1.828727372608093
724.0,2.5499999998107152,2.549999999611557,2.549999998504251,2.5499999933455193,2.5499999697195133,2.549999864141529,2.5499994089204137,2.54999753094369,2.5499901674083443,2.549962883736406,2.5498678673249975,2.5495584984722264,2.548621764998182,2.54599843363088,2.539240423078478,2.5233089086797684,2.489091598414284,2.4223293225143534,2.3040310060059666,2.112936138740346,1.8283028405553639
725.0,2.549999999806744,2.549999999603778,2.549999998476279,2.549999993229758,2.549999969231686,2.549999862125304,2.549999400888919,2.549997500441287,2.549990057859854,2.5499625142946813,2.5498667052467026,2.5495551122002182,2.548612688881279,2.545976229072902,2.5391912447220166,2.523211161070967,2.488918814927635,2.4220602226998564,2.3036653983892434,2.1125080335756223,1.8278787248328
726.0,2.549999999802697,2.5499999995958573,2.5499999984478365,2.549999993112203,2.549999968736935,2.549999860083059,2.549999392764008,2.5499974696224337,2.5499899473103484,2.549962141925545,2.549865535338717,2.549551707016932,2.5486035721714515,2.545953948770796,2.5391419476330706,2.5231132668846468,2.4887459124390734,2.421791120994825,2.303299980317768,2.1120802959847604,1.8274550244993126
727.0,2.5499999997985734,2.549999999587793,2.549999998418916,2.549999992992829,2.549999968235175,2.5499998580145125,2.549999384544789,2.549997438484524,2.5499898357528754,2.549961766612407,2.549864357566571,2.5495482828627596,2.5485944147909985,2.5459315926728996,2.539092531879278,2.5230152264052483,2.4885728914244942,2.4215220178027876,2.302934751724426,2.1116529252821943,1.82703173861738
728.0,2.549999999794371,2.5499999995795832,2.5499999983895116,2.549999992871612,2.5499999677263205,2.5499998559193786,2.5499993762303643,2.5499974070249367,2.5499897231804516,2.54996138833863,2.549863171895749,2.549544839678121,2.548585216662442,2.545909160728043,2.539042997528824,2.522917039917142,2.4883997523584562,2.421252913525178,2.302569712541311,2.111225920784284,1.8266088662530269
729.0,2.5499999997900886,2.5499999995712246,2.549999998359615,2.549999992748528,2.5499999672102867,2.5499998537973703,2.5499993678198303,2.549997375241035,2.5499896095860635,2.5499610070875276,2.54986197829169,2.5495413774034614,2.548575977708525,2.5458866528855486,2.538993344650433,2.522818707704622,2.488226495714183,2.420983808561346,2.3022048626997327,2.1107992818093093,1.8261864064758049
730.0,2.549999999785725,2.5499999995627154,2.5499999983292194,2.549999992623551,2.5499999666869857,2.549999851648198,2.549999359312276,2.5499973431301663,2.5499894949626674,2.5499606228423657,2.549860776719786,2.549537895979254,2.5485666978522143,2.54586406909523,2.53894357331337,2.5227202300519047,2.488053121963565,2.4207147033085685,2.3018402021302236,2.110373007677464,1.8257643583587722
731.0,2.5499999997812792,2.5499999995540534,2.5499999982983175,2.5499999924966557,2.5499999661563306,2.5499998494715697,2.549999350706785,2.549997310689663,2.549989379303189,2.549960235586363,2.549859567145386,2.549534395345999,2.5485573770167007,2.5458414093073913,2.538893683587433,2.522621607243123,2.487879631577162,2.420445598162059,2.3014757307625455,2.10994709771085,1.8253427209784745
732.0,2.549999999776749,2.5499999995452356,2.5499999982669017,2.5499999923678165,2.549999965618232,2.54999984726719,2.5499993420024327,2.5499972779168436,2.5499892626005227,2.5499598453026886,2.5498583495337925,2.5495308754442267,2.5485480151253976,2.5458186734728248,2.538843675542952,2.5225228395623245,2.4877060250242065,2.420176493514978,2.3011114485256994,2.1095215512334713,1.824921493414926
733.0,2.5499999997721337,2.5499999995362597,2.5499999982349646,2.549999992237008,2.549999965072601,2.5499998450347623,2.5499993331982895,2.5499972448090094,2.5499891448475336,2.5499594519744657,2.549857123850265,2.5495273362144957,2.548538612101943,2.5457958615428113,2.538793549250786,2.522423927293467,2.4875323027726046,2.419907389758445,2.300747355347929,2.1090963675712278,1.8245006747515888
734.0,2.549999999767431,2.5499999995271234,2.549999998202498,2.5499999921042034,2.549999964519347,2.5499998427739863,2.549999324293418,2.5499972113634466,2.549989026037055,2.549959055584769,2.549855890060018,2.549523777597395,2.5485291678702002,2.5457729734691186,2.5387433047823165,2.5223248707204173,2.4873584652889393,2.419638287281547,2.3003834511567325,2.108671546051909,1.824080264075355
735.0,2.5499999997626404,2.5499999995178237,2.549999998169495,2.549999991969376,2.549999963958379,2.54999984048456,2.5499993152868754,2.549997177577427,2.54998890616189,2.5499586561166265,2.549854648128224,2.5495201995335446,2.548519682354257,2.545750009204,2.5386929422094484,2.5222256701269448,2.4871845130384727,2.419369186471349,2.3000197358788657,2.1082470860051905,1.8236602604765273
736.0,2.5499999997577603,2.5499999995083584,2.5499999981359474,2.5499999918325,2.549999963389604,2.549999838166179,2.5499993061777113,2.5499971434482056,2.549988785214812,2.5499582535530174,2.5498533980200095,2.5495166019635946,2.548510155478427,2.5457269687001944,2.5386424616046037,2.5221263257967195,2.487010446485148,2.419100087712906,2.299656209440351,2.107822986762624,1.8232406630488
737.0,2.5499999997527882,2.549999999498725,2.549999998101847,2.549999991693547,2.54999996281293,2.549999835818535,2.5499992969649687,2.549997108973023,2.5499886631885627,2.5499578478768745,2.549852139700461,2.5495129848282287,2.54850058716725,2.5457038519109236,2.5385918630407187,2.5220268380133097,2.4868362660915935,2.41883099138927,2.299292871766484,2.1073992476576353,1.822821470889241
738.0,2.549999999747724,2.5499999994889206,2.549999998067186,2.54999999155249,2.549999962228262,2.5499998334413188,2.5499992876476845,2.5499970741491036,2.5499885400758533,2.549957439071083,2.5498508731346208,2.5495093480681623,2.5484909773454922,2.5456806587898924,2.538541146591241,2.521927207060177,2.486661972319123,2.418561897881503,2.2989297227818404,2.1069758680255157,1.8224026830982718
739.0,2.549999999742565,2.5499999994789424,2.5499999980319563,2.5499999914093014,2.549999961635506,2.549999831034217,2.549999278224888,2.5499970389736566,2.5499884158693646,2.549957027118482,2.5498495982874902,2.5495056916241436,2.548481325938146,2.5456573892912875,2.5384903123301257,2.521827433220673,2.4864875656277383,2.4182928075686854,2.2985667624102835,2.1065528472034165,1.8219842987796508
740.0,2.54999999973731,2.549999999468788,2.54999999799615,2.5499999912639537,2.549999961034566,2.549999828596915,2.5499992686956023,2.5499970034438753,2.5499882905617466,2.549956612001863,2.549848315124027,2.549502015436956,2.548471632870431,2.545634043369775,2.5384393603318336,2.5217275167780384,2.486313046476134,2.4180237208279265,2.298203990574971,2.106130184530345,1.8215663170404541
741.0,2.5499999997319573,2.549999999458454,2.549999997959758,2.549999991116418,2.549999960425345,2.5499998261290955,2.549999259058844,2.5499969675569374,2.549988164145619,2.5499561937039696,2.5498470236091504,2.5494983194474163,2.548461898067795,2.545610620980502,2.5383882906713255,2.5216274580153972,2.486138415321698,2.417754638034375,2.2978414071983604,2.105707879347156,1.8211487369910575
742.0,2.5499999997265057,2.5499999994479374,2.5499999979227725,2.5499999909666657,2.549999959807746,2.549999823630437,2.5499992493136214,2.5499969313100053,2.54998803661357,2.5499557722075004,2.549845723707736,2.5494946035963775,2.5484521214559135,2.545587122079093,2.5383371034240607,2.5215272572157548,2.485963672620514,2.4174855595612272,2.297479012202218,2.105285930996548,1.8207315577451186
743.0,2.5499999997209533,2.549999999437236,2.549999997885185,2.5499999908146678,2.549999959181669,2.549999821100616,2.5499992394589377,2.5499968947002247,2.5499879079581573,2.5499553474951058,2.5498444153846194,2.5494908678247277,2.548442302960691,2.5455635466216493,2.538285798665993,2.5214269146619945,2.485788818827364,2.4172164857797385,2.2971168055076236,2.1048643388230555,1.8203147784195592
744.0,2.5499999997152982,2.549999999426347,2.549999997846986,2.549999990660395,2.5499999585470157,2.5499998185393076,2.5499992294937885,2.5499968577247265,2.5499877781719085,2.5499549195493905,2.549843098604597,2.5494871120733915,2.5484324425082594,2.545539894564749,2.5382343764735675,2.521326430636875,2.485613854395733,2.4169474170592316,2.296754787034979,2.1044431021730436,1.8198983981345473
745.0,2.549999999709539,2.549999999415267,2.5499999978081678,2.5499999905038178,2.5499999579036854,2.549999815946183,2.549999219417162,2.5499968203806254,2.54998764724732,2.549954488352912,2.5498417733324246,2.5494833362833305,2.5484225400249807,2.545516165865446,2.5381828369237174,2.521225805423025,2.485438779777808,2.4166783537671086,2.296392956704013,2.104022220394704,1.8194824160134797
746.0,2.5499999997036733,2.5499999994039935,2.549999997768721,2.5499999903449058,2.5499999572515764,2.549999813320911,2.54999920922804,2.54999678266502,2.549987515176858,2.5499540538881824,2.5498404395328174,2.549479540395545,2.548412595437446,2.5454923604812665,2.538131180093861,2.521125039302944,2.4852635954244824,2.416409296268858,2.2960313144337894,2.1036016928380463,1.819066831182964
747.0,2.5499999996977007,2.5499999993925226,2.5499999977286367,2.5499999901836294,2.549999956590586,2.549999810663158,2.5499991989253976,2.5499967445749934,2.549987381952956,2.549953616137667,2.5498390971704534,2.5494757243510726,2.548402608672476,2.5454684783702106,2.5380794060618976,2.5210241325589964,2.485088301785359,2.4161402449280667,2.295669860142712,2.103181518854894,1.8186516427728026
748.0,2.5499999996916185,2.5499999993808524,2.5499999976879058,2.5499999900199573,2.5499999559206112,2.5499998079725876,2.549999188508202,2.549996706107613,2.549987247568019,2.549953175083785,2.5498377462099704,2.54947188809099,2.548392579657121,2.5454445194907493,2.5380275149062057,2.5209230854734086,2.484912899308752,2.4158712001064266,2.295308593748532,2.1027616977988774,1.818236849915974
749.0,2.549999999685425,2.549999999368979,2.5499999976465193,2.549999989853859,2.5499999552415473,2.5499998052488597,2.549999177975414,2.549996667259929,2.54998711201442,2.549952730708909,2.549836386615968,2.5494680315564144,2.5483825083186638,2.545420483801825,2.5379755067056378,2.5208218983282675,2.4847373884416895,2.415602162163748,2.2949475151683556,2.10234222902543,1.8178224517486168
750.0,2.549999999679118,2.549999999356899,2.549999997604467,2.549999989685303,2.549999954553289,2.5499998024916324,2.5499991673259874,2.5499966280289765,2.549986975284502,2.5499522829953674,2.5498350183530087,2.5494641546885024,2.5483723945846157,2.5453963712628487,2.5379233815395192,2.520720571405516,2.4845617696299147,2.4153331314579654,2.2945866243186477,2.101923111891779,1.8174084474100125
751.0,2.549999999672696,2.5499999993446103,2.549999997561741,2.5499999895142587,2.5499999538557296,2.5499997997005606,2.5499991565588687,2.549996588411775,2.549986837370576,2.54995183192544,2.5498336413856157,2.5494602574284513,2.5483622383827202,2.5453721818337005,2.537871139487644,2.520619104986952,2.4843860433178917,2.4150641083451485,2.2942259211152405,2.101504345756944,1.8169948360425685
752.0,2.549999999666157,2.5499999993321087,2.5499999975183303,2.5499999893406926,2.5499999531487623,2.5499997968752965,2.549999145672997,2.549996548405327,2.549986698264923,2.5499513774813645,2.549832255678276,2.5494563397175005,2.5483520396409527,2.545347915474727,2.537818780630271,2.5205174993542228,2.4842102099488046,2.4147950931795124,2.293865405473338,2.1010859299817257,1.8165816167918019
753.0,2.5499999996594997,2.5499999993193914,2.5499999974742265,2.5499999891645735,2.5499999524322785,2.5499997940154895,2.549999134667305,2.5499965080066196,2.5499865579597927,2.5499509196453296,2.54983086119544,2.549452401496931,2.548341798287519,2.5453235721467418,2.5377663050481227,2.5204157547888246,2.484034269964563,2.414526086313425,2.2935050773075236,2.100667863928706,1.8161687888063223
754.0,2.5499999996527216,2.549999999306455,2.5499999974294187,2.549999988985868,2.5499999517061687,2.549999791120787,2.5499991235407173,2.549996467212623,2.5499864164474046,2.5499504583994805,2.54982945790152,2.5494484427080666,2.548331514250858,2.545299151811022,2.5377137128223786,2.5203138715720987,2.483858223805802,2.414257088097418,2.2931449365317667,2.100250146962237,1.815756351237816
755.0,2.549999999645821,2.549999999293296,2.549999997383898,2.5499999888045437,2.5499999509703217,2.549999788190832,2.549999112292152,2.549996426020292,2.549986273719947,2.5499499937259165,2.5498280457608935,2.549444463292274,2.548321187459641,2.545274654429309,2.537661004034676,2.5202118499852286,2.4836820719118875,2.413988098880195,2.292784983059427,2.099832778448439,1.8153443032410297
756.0,2.549999999638796,2.549999999279911,2.5499999973376535,2.5499999886205673,2.5499999502246267,2.549999785225265,2.54999910092052,2.5499963844265645,2.5499861297695765,2.5499495256066913,2.549826624737902,2.5494404631909653,2.548310817842772,2.5452500799638074,2.5376081787671056,2.520109690309238,2.4835058147209157,2.4137191190086416,2.2924252168032617,2.0994157577551933,1.8149326439737536
757.0,2.5499999996316443,2.5499999992662965,2.549999997290676,2.549999988433905,2.549999949468971,2.549999782223725,2.5499990894247246,2.5499963424283623,2.5499859845884205,2.5499490540238146,2.5498251947968504,2.549436442345595,2.548300405329387,2.545225428377183,2.537555237102206,2.520007392824986,2.483329452669719,2.413450148827833,2.2920656376754316,2.098999084252135,1.8145213725968066
758.0,2.5499999996243634,2.549999999252449,2.5499999972429546,2.549999988244523,2.5499999487032414,2.549999779185847,2.549999077803662,2.5499963000225914,2.549985838168575,2.5499485789592495,2.54982375590201,2.5494324006976634,2.5482899498488565,2.5452006996325616,2.5375021791229635,2.519904957813167,2.4831529861938657,2.4131811886810444,2.2917062455875077,2.0985827573106497,1.8141104882740187
759.0,2.5499999996169525,2.549999999238365,2.549999997194479,2.549999988052386,2.549999947927323,2.549999776111263,2.54999906605622,2.549996257206141,2.5499856905021034,2.5499481003949156,2.549822308017616,2.5494283381887177,2.548279451330784,2.545175893693528,2.5374490049128076,2.5198023855543066,2.4829764157276646,2.4129122389097604,2.2913470404504754,2.098166776303866,1.8136999901722166
760.0,2.5499999996094083,2.5499999992240414,2.549999997145239,2.54999998785746,2.5499999471411,2.5499997729996022,2.5499990541812814,2.549996213975884,2.5499855415810404,2.5499476183126872,2.5498208511078704,2.54942425476035,2.5482689097050057,2.5451510105241253,2.5373957145556085,2.519699676328758,2.4827997417041665,2.4126432998536824,2.290988022174742,2.097751140606651,1.813289877461208
761.0,2.5499999996017295,2.549999999209474,2.5499999970952234,2.5499999876597097,2.5499999463444554,2.5499997698504915,2.549999042177719,2.549996170328676,2.549985391397389,2.549947132694394,2.5498193851369404,2.5494201503541993,2.548258324901594,2.5451260500888537,2.5373423081356736,2.519596830416702,2.4826229645551683,2.4123743718507384,2.290629190670141,2.0973358495956034,1.8128801493137645
762.0,2.5499999995939135,2.549999999194659,2.549999997044422,2.5499999874590995,2.5499999455372717,2.549999766663554,2.549999030044401,2.549996126261359,2.5499852399431213,2.5499466435218214,2.54981791006896,2.549416024911953,2.5482476968508547,2.545101012352669,2.537288785737745,2.5194938480981417,2.4824460847112135,2.4121054552370915,2.2902705458459405,2.0969209026490487,1.812470804905608
763.0,2.5499999995859577,2.549999999179593,2.5499999969928235,2.549999987255593,2.54999994471943,2.5499997634384104,2.549999017780185,2.5499960817707548,2.5499850872101786,2.54994615077671,2.549816425868031,2.5494118783753454,2.5482370254833273,2.545075897280981,2.537235147446995,2.519390729652901,2.4822691026015966,2.41183655034715,2.2899120876108463,2.096506299147033,1.812061843415394
764.0,2.5499999995778606,2.549999999164272,2.5499999969404175,2.5499999870491545,2.54999994389081,2.5499997601746776,2.549999005383924,2.5499960368536714,2.54998493319047,2.549945654440756,2.5498149324982196,2.5494077106861606,2.5482263107297873,2.5450507048396522,2.5371813933490253,2.5192874753606223,2.4820920186543654,2.411567657513574,2.2895538158730093,2.0960920384713173,1.8116532640246967
765.0,2.5499999995696196,2.549999999148692,2.5499999968871925,2.5499999868397474,2.5499999430512905,2.5499997568719706,2.549998992854462,2.549995991506899,2.5499847778758764,2.5499451544956115,2.5498134299235615,2.5494035217862305,2.548215552521245,2.545025434994999,2.5371275235298616,2.5191840855007634,2.4819148332963232,2.411298777067287,2.28919573054003,2.095678120005372,1.8112450659179948
766.0,2.549999999561233,2.54999999913285,2.5499999968331375,2.5499999866273346,2.54999994220075,2.5499997535299004,2.5499989801906353,2.5499959457272108,2.549984621258245,2.549944650922885,2.5498119181080603,2.549399311617438,2.5482047507889454,2.5450000877137877,2.5370735380759526,2.5190805603525956,2.481737546953032,2.4110299093374805,2.2888378315189652,2.0952645431343715,1.810837248282655
767.0,2.5499999995526976,2.549999999116741,2.5499999967782405,2.5499999864118785,2.5499999413390646,2.549999750148076,2.5499989673912737,2.549995899511365,2.5499844633293938,2.5499441437041406,2.5498103970156873,2.5493950801217156,2.5481939054643696,2.5449746629632344,2.5370194370741657,2.5189769001952005,2.481560160048814,2.410761054651627,2.2884801187163326,2.0948513072451878,1.8104298103089178
768.0,2.5499999995440117,2.5499999991003617,2.5499999967224904,2.549999986193342,2.5499999404661096,2.5499997467261024,2.5499989544551984,2.549995852856102,2.549984304081109,2.549943632820899,2.5498088666103826,2.5493908272410475,2.5481830164792347,2.544949160711004,2.536965220611784,2.5188731053074673,2.4813826730067574,2.4104922133354867,2.288122592038118,2.0944384117263857,1.810022751189883
769.0,2.549999999535172,2.5499999990837074,2.5499999966658757,2.5499999859716858,2.549999939581759,2.5499997432635824,2.5499989413812236,2.549995805758146,2.5499841435051467,2.5499431182546375,2.549807326856055,2.549386552917468,2.5481720837654938,2.5449235809252087,2.5369108887765037,2.5187691759680915,2.481205086248714,2.4102233857131146,2.2877652513897795,2.094025855968216,1.809616070121494
770.0,2.5499999995261775,2.5499999990667743,2.5499999966083844,2.549999985746872,2.5499999386858874,2.5499997397601146,2.549998928168156,2.5499957582142043,2.5499839815932313,2.5499425999867884,2.5498057777165823,2.549382257093065,2.548161107255335,2.5448979235744065,2.536856441656432,2.5186651124555715,2.4810274001953063,2.4099545721068716,2.287408096676252,2.0936136393626117,1.8092097663025246
771.0,2.549999999517025,2.5499999990495588,2.5499999965500044,2.549999985518861,2.5499999377783658,2.5499997362152955,2.549998914814794,2.549995710220967,2.549983818337057,2.5499420779987427,2.549804219155813,2.549377939709978,2.5481500868811846,2.5448721886276013,2.536801879340082,2.518560915048206,2.4808496152659294,2.409685772837431,2.2870511278019556,2.0932017613031806,1.8088038389345629
772.0,2.549999999507712,2.549999999032056,2.549999996490724,2.5499999852876143,2.5499999368590656,2.549999732628718,2.549998901319929,2.549995661775108,2.5499836537282863,2.5499415522718465,2.549802651137565,2.5493736007104,2.5481390225757043,2.54484637605424,2.536747201916372,2.5184565840240927,2.480671731878752,2.4094169882237884,2.286694344670798,2.0927902211852007,1.8083982872219984
773.0,2.5499999994982354,2.5499999990142617,2.5499999964305307,2.5499999850530917,2.5499999359278562,2.549999728999972,2.5499988876823445,2.5499956128732846,2.5499834877585514,2.549941022787403,2.549801073625627,2.5493692400365777,2.548127914271793,2.5448204858242125,2.536692409474621,2.5183521196611256,2.4804937504507203,2.4091482185832693,2.286337747186181,2.0923790184056146,1.8079931103720066
774.0,2.5499999994885933,2.5499999989961717,2.5499999963694124,2.5499999848152526,2.5499999349846068,2.549999725328645,2.549998873900816,2.5499955635121365,2.5499833204194533,2.5499404895266733,2.5497994865837583,2.5493648576308123,2.5481167619025866,2.54479451790785,2.5366375021045457,2.518247522236991,2.4803156713975603,2.408879464231537,2.285981335251007,2.0919681523630227,1.8075883075945356
775.0,2.5499999994787834,2.549999998977782,2.5499999963073567,2.5499999845740566,2.5499999340291843,2.549999721614319,2.5499988599741115,2.549995513688287,2.5499831517025617,2.5499399524708743,2.5497978899756895,2.5493604534354595,2.5481055654014577,2.544768472275924,2.5365824798962593,2.518142792029168,2.4801374951337816,2.408610725482602,2.285625108767682,2.091557622457679,1.8071838781022913
776.0,2.5499999994688025,2.5499999989590876,2.5499999962443507,2.549999984329463,2.5499999330614553,2.549999717856576,2.5499988459009906,2.549995463398342,2.5499829815994164,2.5499394116011813,2.5497962837651227,2.54935602739293,2.5480943247020176,2.544742348899645,2.5365273429402664,2.518037929314924,2.4799592220726785,2.408342002648829,2.2852690676381227,2.0911474280914866,1.806779821110724
777.0,2.5499999994586484,2.5499999989400846,2.5499999961803814,2.5499999840814302,2.5499999320812847,2.5499997140549926,2.549998831680206,2.549995412638891,2.549982810101525,2.5499388668987266,2.549794667915732,2.549351579445691,2.548083039738114,2.544716147750662,2.5364720913274623,2.5179329343713137,2.4797808526263343,2.4080732960409463,2.2849132117637607,2.0907375686679885,1.806376135838014
778.0,2.549999999448318,2.5499999989207676,2.549999996115436,2.5499999838299163,2.549999931088537,2.5499997102091427,2.549998817310502,2.5499953614065065,2.5499826372003653,2.5499383183445996,2.5497930423911637,2.5493471095362663,2.548071710443832,2.544689868801059,2.5364167251491274,2.517827807475175,2.479602387205622,2.407804605968053,2.284557541045548,2.090328043592366,1.8059728215050581
779.0,2.5499999994378086,2.5499999989011326,2.5499999960495017,2.5499999835748786,2.5499999300830742,2.549999706318597,2.5499988027906153,2.549995309697744,2.5499824628873835,2.549937765919847,2.5497914071550367,2.5493426176072367,2.548060336753496,2.544663512023357,2.536361244496927,2.51772254890313,2.4794238262202093,2.407535932737628,2.2842020553839615,2.089918852271431,1.805569877335456
780.0,2.549999999427118,2.549999998881175,2.549999995982565,2.5499999833162748,2.5499999290647577,2.5499997023829235,2.5499987881192743,2.549995257509141,2.5499822871539957,2.549937209605474,2.549789762170943,2.5493381036012397,2.5480489186016677,2.5446370773905103,2.5363056494629066,2.517617158931579,2.4792451700785607,2.4072672766555367,2.2838467546790095,2.0895099941136213,1.8051673025554966
781.0,2.549999999416243,2.5499999988608897,2.5499999959146122,2.5499999830540614,2.5499999280334484,2.549999698401686,2.5499987732952,2.5499952048372196,2.5499821099915865,2.549936649382444,2.549788107402448,2.549333567460972,2.548037455923147,2.5446105648759065,2.5362499401394905,2.5175116378367015,2.4790664191879386,2.406998638026041,2.2834916388302364,2.0891014685310467,1.8047650982797245
782.0,2.5499999994051805,2.5499999988402724,2.5499999958456305,2.5499999827881954,2.549999926989005,2.5499996943744456,2.5499987583171047,2.5499951516784836,2.5499819313915095,2.5499360852316775,2.549786442813091,2.5493290091291883,2.5480259486529726,2.544583974453365,2.5361941166194777,2.517405985894452,2.478887573954408,2.4067300171518053,2.2831367077367632,2.088693274949625,1.8043632655972546
783.0,2.5499999993939277,2.549999998819318,2.549999995775606,2.5499999825186324,2.5499999259312847,2.5499996903007607,2.5499987431836937,2.5499950980294197,2.5499817513450873,2.549935517134054,2.5497847683663855,2.5493244285487027,2.5480143967264204,2.5445573060971354,2.536138178996039,2.5173002033805596,2.4787086347828384,2.406461414333906,2.282781961297332,2.0882854127986223,1.8039618037053675
784.0,2.549999999382482,2.549999998798022,2.5499999957045247,2.549999982245328,2.5499999248601446,2.549999686180185,2.5499987278936636,2.5499950438864984,2.549981569843612,2.5499349450704103,2.549783084025819,2.549319825662389,2.5480028000790065,2.544530559781897,2.536082127362716,2.5171942905705236,2.4785296020769074,2.40619282987184,2.282427399410308,2.0878778815085988,1.8035607118044992
785.0,2.54999999937084,2.549999998776379,2.5499999956323722,2.5499999819682366,2.5499999237754394,2.5499996820122695,2.549998712445703,2.5499949892461715,2.549981386878345,2.549934369021542,2.5497813897548536,2.5493152004131803,2.547991158646485,2.544503735482756,2.5360259618134156,2.517088247739613,2.4783504762391018,2.4059242640635317,2.282073021973683,2.08747068051141,1.8031599890982195
786.0,2.5499999993589992,2.549999998754384,2.5499999955591353,2.549999981687314,2.549999922677024,2.5499996777965626,2.5499986968384922,2.5499949341048747,2.5499812024405166,2.5499337889682043,2.549779685516928,2.5493105527440716,2.547979472364849,2.544476833175248,2.5359696824424094,2.516982075162865,2.478171257670722,2.4056557172053417,2.281718828885076,2.087063809240208,1.8027596347932116
787.0,2.5499999993469564,2.5499999987320323,2.5499999954847987,2.549999981402513,2.5499999215647504,2.549999673532608,2.5499986810707043,2.5499948784590263,2.549981016521326,2.5499332048911096,2.549777971275456,2.549305882598119,2.5479677411703308,2.5444498528353314,2.53591328934433,2.5168757731150806,2.4779919467718843,2.405387189592075,2.2813648200417385,2.0866572671294388,1.802359648099251
788.0,2.5499999993347084,2.549999998709318,2.5499999954093484,2.5499999811137886,2.5499999204384705,2.549999669219947,2.549998665141003,2.5499948223050266,2.549980829111942,2.5499326167709304,2.549776246993826,2.5493011899184395,2.5479559649994017,2.5444227944393916,2.5358567826141685,2.5167693418708255,2.4778125439415226,2.4051186815169903,2.281010995340556,2.0862510536148435,1.801960028229185
789.0,2.5499999993222517,2.5499999986862365,2.5499999953327697,2.5499999808210934,2.549999919298034,2.5499996648581176,2.5499986490480455,2.54999476563926,2.5499806402035023,2.549932024588297,2.549774512635404,2.5492964746482127,2.547944143788773,2.5443956579642344,2.535800162347271,2.5166627817044263,2.477633049577393,2.404850193271805,2.28065735467805,2.0858451681334587,1.8015607743989122
790.0,2.5499999993095837,2.5499999986627824,2.549999995255048,2.54999998052438,2.5499999181432895,2.5499996604466535,2.549998632790479,2.549994708458092,2.5499804497871135,2.549931428323799,2.549772768163533,2.549291736730682,2.547932277475394,2.54436844338709,2.5357434286393365,2.516556092889968,2.4774534640760755,2.404581725146706,2.2803038979503825,2.0854396101236143,1.801161885827362
791.0,2.5499999992967015,2.5499999986389503,2.549999995176168,2.549999980223601,2.5499999169740857,2.549999655985086,2.549998616366944,2.5499946507578715,2.5499802578538517,2.5499308279579864,2.5497710135415326,2.5492869761091526,2.547920365996455,2.544341150685608,2.535686581586415,2.5164492757012935,2.477273787832976,2.4043132774303566,2.279950625053357,2.0850343790249353,1.8007633617364756
792.0,2.5499999992836013,2.5499999986147346,2.5499999950961145,2.5499999799187085,2.549999915790268,2.549999651472942,2.549998599776072,2.54999459253493,2.5499800643947625,2.549930223471368,2.5497692487326993,2.5492821927269946,2.5479084092893842,2.544313779837858,2.5356296212849028,2.516342330412001,2.4770940212423316,2.4040448504099032,2.2795975358824223,2.084629474278339,1.8003652013511853
793.0,2.54999999927028,2.5499999985901303,2.5499999950148724,2.549999979609654,2.549999914591682,2.5499996469097455,2.5499985830164857,2.549994533785581,2.5499798694008606,2.549929614844411,2.549767473700308,2.5492773865276415,2.5478964072918506,2.5442863308223274,2.535572547831541,2.5162352572954423,2.4769141646972104,2.403776444370984,2.2792446303326757,2.084224895326037,1.7999674038993954
794.0,2.549999999256734,2.5499999985651316,2.5499999949324264,2.5499999792963877,2.5499999133781706,2.5499996422950173,2.549998566086801,2.549994474506122,2.5499796728631297,2.549929002057544,2.5497656884076116,2.5492725574545925,2.547884359941763,2.5442588036179212,2.5355153613234127,2.5161280566247193,2.4767342185895163,2.4035080595977383,2.2788919082988652,2.0838206416115335,1.7995699686119633
795.0,2.54999999924296,2.549999998539733,2.5499999948487604,2.5499999789788603,2.549999912149576,2.549999637628274,2.549998548985624,2.549994414692831,2.5499794747725217,2.549928385091154,2.5497638928178414,2.549267705451411,2.5478722671772696,2.54423119820396,2.5354580618579403,2.5160207286726854,2.476554183309991,2.403239696372811,2.2785393696753915,2.083416712579624,1.7991728947226793
796.0,2.549999999228955,2.5499999985139286,2.5499999947638594,2.549999978657022,2.5499999109057394,2.549999632909029,2.549998531711554,2.5499943543419703,2.5499792751199597,2.549927763925589,2.549762086894208,2.549262830461727,2.547860128936759,2.5442035145601785,2.5354006495328822,2.515913273711941,2.4763740592482173,2.402971354977364,2.278187014356313,2.0830131076763947,1.7987761814682484
797.0,2.549999999214715,2.5499999984877126,2.5499999946777065,2.5499999783308223,2.5499999096465005,2.549999628136792,2.54999851426318,2.549994293449783,2.549979073896335,2.549927138541157,2.5497602705999007,2.549257932429237,2.547847945158859,2.544175752666725,2.535343124446332,2.5158056920148324,2.476193846792622,2.402703035691079,2.2778348422353463,2.0826098263492225,1.7983798280882717
798.0,2.5499999992002365,2.5499999984610793,2.549999994590286,2.5499999780002094,2.5499999083716975,2.5499996233110704,2.549998496639084,2.549994232012496,2.5499788710925078,2.5499265089181256,2.5497584438980883,2.549253011297703,2.547835715782439,2.5441479125041604,2.5352854866967127,2.5156979838534497,2.4760135463304778,2.402434738792169,2.27748285320587,2.082206868046774,1.797983833825227
799.0,2.5499999991855162,2.5499999984340227,2.549999994501581,2.5499999776651325,2.549999907081167,2.549999618431366,2.5499984788378396,2.5499941700263187,2.5499786666993085,2.549925875036723,2.5497566067519197,2.5492480670109563,2.5478234407466065,2.544119994053455,2.535227736382777,2.515590149499626,2.475833158247906,2.4021664645573857,2.2771310471609283,2.0818042322190036,1.797588197924451
800.0,2.549999999170551,2.549999998406537,2.549999994411576,2.549999977325539,2.549999905774745,2.549999613497178,2.549998460858011,2.549994107487441,2.5499784607075364,2.5499252368771383,2.549754759124525,2.5492430995128936,2.5478111199907105,2.5440919972959897,2.535169873603602,2.515482189224934,2.4756526829298804,2.401898213262024,2.276779423993232,2.0814019183171535,1.7971929196341216
801.0,2.549999999155336,2.5499999983786164,2.5499999943202534,2.5499999769813764,2.5499999044522657,2.549999608508003,2.5499984426981546,2.549994044392037,2.5499782531079602,2.5499245944195206,2.549752900979014,2.549238108747481,2.5477987534543405,2.5440639222135544,2.5351118984585903,2.5153741033006853,2.47547212076023,2.401629985179932,2.2764279835951626,2.080999925793753,1.7967979982052387
802.0,2.5499999991398683,2.549999998350254,2.549999994227597,2.549999976632592,2.549999903113561,2.549999603463332,2.549998424356818,2.549993980736263,2.549978043891317,2.549923947643981,2.5497510322784778,2.549233094658754,2.547786341077326,2.544035768788344,2.5350538110474634,2.5152658919979296,2.4752914721216412,2.4013617805835175,2.2760767258587755,2.0805982541026165,1.7964034328916072
803.0,2.549999999124144,2.5499999983214447,2.5499999941335885,2.549999976279132,2.5499999017584623,2.5499995983626538,2.5499984058325413,2.5499939165162564,2.5499778330483145,2.5499232965305896,2.5497491529859886,2.549228057190815,2.547773882799736,2.544007537002962,2.5349956114702614,2.51515755558745,2.475110737395661,2.4010935997437546,2.275725650675801,2.080196902698842,1.7960092229498192
804.0,2.5499999991081594,2.5499999982921815,2.549999994038212,2.549999975920943,2.5499999003868,2.5499995932054533,2.5499983871238543,2.5499938517281375,2.5499776205696296,2.5499226410593803,2.549747263064601,2.5492229962878388,2.547761378561881,2.5439792268404133,2.5349372998273396,2.5150490943397648,2.4749299169626986,2.4008254429301923,2.2753747579376484,2.079795871038811,1.7956153676392363
805.0,2.549999999091911,2.549999998262458,2.549999993941449,2.5499999755579696,2.549999898998402,2.549999587991212,2.549998368229279,2.549993786368009,2.5499774064459078,2.5499219812103457,2.549745362477352,2.5492179118940683,2.5477488283043113,2.5439508382841094,2.534878876219366,2.514940508525123,2.474749011202031,2.400557310410962,2.2750240475354104,2.0793951585801875,1.7952218662219726
806.0,2.5499999990753945,2.5499999982322685,2.5499999938432825,2.549999975190157,2.549999897593096,2.549999582719407,2.5499983491473297,2.549993720431956,2.5499771906677644,2.5499213169634416,2.54974345118726,2.5492128039538176,2.547736231967818,2.543922371317861,2.5348203407473187,2.5148317984135047,2.4745680204918026,2.4002892024527815,2.274673519359862,2.078994764781915,1.794828717962877
807.0,2.5499999990586057,2.549999998201606,2.5499999937436946,2.5499999748174496,2.5499998961707067,2.549999577389512,2.5499983298765105,2.5499936539160455,2.5499769732257844,2.549920648298584,2.5497415291573264,2.549207672411472,2.5477235894934323,2.5438938259258816,2.5347616935124844,2.5147229642746174,2.4743869452090306,2.4000211193209666,2.274323173301467,2.078594689104216,1.7944359221295174
808.0,2.5499999990415407,2.5499999981704637,2.5499999936426674,2.5499999744397908,2.549999894731059,2.549999572000997,2.549998310415318,2.549993586816327,2.5499767541105216,2.5499199751956514,2.5497395963505367,2.5492025172114876,2.5477109008224263,2.5438652020927837,2.534702934616454,2.5146140063778972,2.4742057857296054,2.3997530612794344,2.273973009250377,2.0781949310085923,1.7940434779921626
809.0,2.549999999024196,2.5499999981388353,2.5499999935401823,2.549999974057124,2.5499998932739754,2.5499995665533284,2.549998290762239,2.5499935191288308,2.5499765333125,2.549919297634484,2.549737652729859,2.5491973382983937,2.5476981658963127,2.543836499803578,2.534644064161121,2.514504924992504,2.4740245424282956,2.3994850285907128,2.2736230270964395,2.0777954899578206,1.793651384823766
810.0,2.549999999006567,2.549999998106714,2.549999993436221,2.5499999736693924,2.549999891799277,2.549999561045969,2.549998270915753,2.549993450849571,2.5499763108222124,2.5499186155948848,2.549735698258246,2.549192135616791,2.547685384656844,2.543807719043672,2.5345850822486793,2.5143957203873226,2.4738432156787504,2.399217021515946,2.273273226729196,2.077396365415952,1.7932596418999498
811.0,2.5499999989886497,2.549999998074093,2.549999993330765,2.5499999732765377,2.5499998903067835,2.549999555478377,2.5499982508743293,2.5499933819745437,2.5499760866301218,2.549917929056617,2.5497337328986345,2.549186909111353,2.5476725570460146,2.5437788597988695,2.53452598898162,2.5142863928309587,2.4736618058535007,2.398949040314903,2.2729236080378863,2.0769975568483123,1.7928682484989873
812.0,2.54999999897044,2.549999998040965,2.5499999932237953,2.549999972878502,2.549999888796313,2.5499995498500083,2.5499982306364295,2.5499933124997254,2.5499758607266596,2.549917237999408,2.5497317566139452,2.5491816587268272,2.5476596830060587,2.5437499220553685,2.53446678446273,2.5141769425917393,2.473480313323964,2.398681085245982,2.2725741709114518,2.0765990637214977,1.7924772039017887
813.0,2.5499999989519333,2.549999998007324,2.5499999931152932,2.549999972475226,2.549999887267683,2.549999544160314,2.5499982102005063,2.5499932424210763,2.549975633102228,2.549916542402946,2.5497297693670853,2.5491763844080344,2.54764676247945,2.5437209057997614,2.5344074687950875,2.5140673699377105,2.473298738460446,2.398413156566221,2.2722249152385388,2.0762008855033756,1.792086507391883
814.0,2.5499999989331257,2.5499999979731625,2.5499999930052395,2.5499999720666504,2.5499998857207085,2.549999538408741,2.549998189565003,2.5499931717345374,2.5499754037471978,2.5499158422468837,2.549727771120946,2.54917108609987,2.547633795408905,2.5436918110190314,2.5343480420820614,2.5139576751366355,2.4731170816321435,2.3981452545313005,2.271875840907499,2.0758030216630803,1.791696158255404
815.0,2.5499999989140125,2.549999997938473,2.549999992893614,2.549999971652715,2.549999884155203,2.5499995325947333,2.5499981687283544,2.549993100436033,2.5499751726519095,2.5499151375108347,2.549725761838405,2.549165763747304,2.547620781737379,2.5436626377005527,2.534288504427308,2.513847858455994,2.472935343207148,2.3978773793955526,2.2715269478063935,2.0754054716710137,1.791306155781073
816.0,2.5499999988945894,2.549999997903248,2.5499999927803985,2.5499999712333596,2.5499998825709786,2.5499995267177304,2.5499981476889864,2.5499930285214685,2.5499749398066736,2.549914428174377,2.549723741482325,2.5491604172953806,2.5476077214080686,2.543633385832089,2.5342288559347685,2.5137379201629804,2.472753523552448,2.397609531411968,2.2711782358229984,2.0750082349988426,1.7909164992601845
817.0,2.5499999988748523,2.549999997867481,2.549999992665572,2.549999970808523,2.549999880967847,2.5499995207771686,2.549998126445316,2.5499929559867316,2.54997470520177,2.5499137142170505,2.5497217100155565,2.54915504668922,2.5475946143644106,2.543604055401794,2.5341690967086667,2.5136278605245015,2.472571623033932,2.397341710832202,2.270829704844802,2.0746113111194964,1.7905271879865898
818.0,2.549999998854796,2.5499999978311645,2.549999992549115,2.5499999703781433,2.549999879345616,2.54999951477248,2.549998104995751,2.5499928828276914,2.549974468827448,2.549912995618359,2.549719667400936,2.5491496518740187,2.547581460550082,2.543574646398206,2.534109226853507,2.5135176798071757,2.4723896420163904,2.397073917906581,2.2704813547590117,2.0742146995071655,1.7901382212566823
819.0,2.549999998834416,2.549999997794291,2.5499999924310073,2.5499999699421583,2.5499998777040944,2.549999508703092,2.5499980833386906,2.549992809040199,2.5499742306739273,2.549912272357769,2.5497176136012873,2.549144232795049,2.547568259909002,2.5435451588102502,2.5340492464740714,2.5134073782773325,2.4722075808635195,2.39680615288411,2.270133185452556,2.0738183996373007,1.7897495983693825
820.0,2.5499999988137083,2.5499999977568524,2.549999992311228,2.549999969500505,2.549999876043088,2.54999950256843,2.549998061472525,2.549992734620088,2.5499739907313965,2.549911544414712,2.5497155485794214,2.549138789397661,2.5475550123853274,2.5435155926272364,2.5339891556754166,2.513296956201009,2.472025439937924,2.3965384160124774,2.269785196812086,2.0734224109866095,1.7893613186261224
821.0,2.549999998792668,2.5499999977188414,2.5499999921897563,2.54999996905312,2.5499998743624013,2.5499994963679136,2.5499980393956347,2.5499926595631734,2.5499737489900136,2.549910811768581,2.549713472298137,2.5491333216272807,2.547541717923458,2.543485947838858,2.5339289545628723,2.513186413843951,2.471843219601119,2.3962707075380636,2.269437388723979,2.0730267330330543,1.7889733813308313
822.0,2.54999999877129,2.5499999976802505,2.5499999920665717,2.54999996859994,2.549999872661837,2.549999490100959,2.5499980171063923,2.549992583865252,2.5499735054399078,2.549910074398735,2.5497113847202217,2.5491278294294126,2.5475283764680325,2.54345622443519,2.5338686432420396,2.5130757514716087,2.4716609202135342,2.3960030277059468,2.269089761074342,2.0726313652558526,1.7885857857899208
823.0,2.5499999987495694,2.5499999976410717,2.549999991941653,2.5499999681408996,2.549999870941197,2.549999483766979,2.5499979946031606,2.549992507522103,2.5499732600711766,2.549909332284495,2.5497092858084507,2.5491223127496396,2.547514987963931,2.5434264224066876,2.5338082218187865,2.5129649693491385,2.4714785421345153,2.395735376759909,2.2687423137490126,2.072236307135472,1.7881985313122701
824.0,2.5499999987275013,2.549999997601297,2.549999991814979,2.5499999676759337,2.5499998692002808,2.549999477365382,2.5499979718842933,2.5499924305294863,2.549973012873888,2.549908585405148,2.5497071755255893,2.5491167715336216,2.5475015523562727,2.5433965417441864,2.533747690399248,2.5128540677413986,2.471296085722328,2.395467754942443,2.2683950466335627,2.07184155815363,1.787811617209212
825.0,2.5499999987050814,2.549999997560918,2.549999991686528,2.5499999672049767,2.5499998674388866,2.5499994708955724,2.549997948948136,2.5499923528831445,2.5499727638380794,2.549907833739944,2.5497050538343906,2.5491112057270993,2.547488069590418,2.5433665824389005,2.533687049089821,2.512743046912951,2.47111355133416,2.3952001624947576,2.268047959613302,2.0714471177932916,1.7874250427945182
826.0,2.549999998682304,2.5499999975199272,2.5499999915562785,2.5499999667279614,2.5499998656568117,2.5499994643569504,2.5499979257930234,2.5499922745788015,2.549972512953759,2.5499070772680974,2.549702920697598,2.549105615275891,2.5474745396119665,2.5433365444824196,2.5336262979971647,2.5126319071280556,2.4709309393261245,2.3949325996567867,2.2677010525732797,2.0710529855386675,1.7870388073843848
827.0,2.549999998659165,2.549999997478316,2.549999991424208,2.549999966244822,2.5499998638538504,2.5499994577489127,2.5499979024172825,2.5499921956121625,2.5499722602109034,2.549906315968788,2.549700776077945,2.5491000001258968,2.5474609623667592,2.543306427866711,2.533565437228196,2.5125206486506744,2.4707482500532616,2.3946650666671925,2.2673543253982875,2.07065916087521,1.7866529102974196
828.0,2.5499999986356583,2.549999997436076,2.549999991290295,2.5499999657554904,2.549999862029796,2.5499994510708515,2.5499978788192306,2.549992115978916,2.54997200559946,2.54990554982116,2.549698619938155,2.549094360223094,2.547447337800876,2.5432762325841143,2.533504466890089,2.5124092717444664,2.4705654838695428,2.3943975637633734,2.2670077779728617,2.0702656432896145,1.7862673508546263
829.0,2.549999998611779,2.5499999973931997,2.549999991154516,2.549999965259898,2.5499998601844407,2.549999444322155,2.5499978549971756,2.54999203567473,2.549971749109346,2.5499047788043225,2.5496964522409415,2.5490886955135434,2.5474336658606385,2.5432459586273444,2.5334433870902706,2.512297776672787,2.470382641127873,2.3941300911814705,2.2666614101812868,2.0698724322698134,1.7858821283793924
830.0,2.549999998587522,2.5499999973496776,2.5499999910168487,2.5499999647579763,2.5499998583175745,2.5499994375022075,2.5499978309494162,2.5499919546952556,2.5499714907304485,2.5499040028973496,2.54969427294901,2.5490830059433844,2.5474199464926057,2.543215605989487,2.5333821979364197,2.5121861636986877,2.470199722180093,2.3938626491563726,2.2663152219075977,2.0694795273049764,1.7854972421974749
831.0,2.549999998562882,2.5499999973055014,2.5499999908772706,2.549999964249656,2.5499998564289856,2.549999430610389,2.5499978066742424,2.549991873036126,2.5499712304526247,2.5499032220792808,2.5496920820250573,2.5490772914588398,2.5474061796435787,2.543185174663999,2.5333208995364656,2.512074433084914,2.4700167273769837,2.3935952379217236,2.265969213035582,2.0690869278855075,1.7851126916369862
832.0,2.549999998537853,2.5499999972606626,2.5499999907357584,2.549999963734866,2.549999854518461,2.5499994236460752,2.549997782169934,2.549991790692954,2.549970968265701,2.5499024363291207,2.549689879431771,2.5490715520062124,2.547392365260597,2.5431546646447067,2.533259491998583,2.5119625850939036,2.4698336570682664,2.3933278577099286,2.2656233834487844,2.0686946335030423,1.7847284760283815
833.0,2.54999999851243,2.5499999972151524,2.5499999905922888,2.549999963213536,2.549999852585786,2.5499994166086384,2.5499977574347623,2.5499917076613365,2.5499707041594752,2.5499016456258397,2.549687665131831,2.549065787531888,2.5473785032909406,2.5431240759258045,2.5331979754311926,2.5118506199877877,2.469650511602608,2.3930605087521584,2.265277733030506,2.0683026436504464,1.7843445947044452
834.0,2.5499999984866077,2.5499999971689618,2.549999990446838,2.5499999626855954,2.549999850630744,2.5499994094974463,2.5499977324669887,2.54999162393685,2.5499704381237143,2.549900849948374,2.5496854390879102,2.5490599979823343,2.5473645936821283,2.543093408501853,2.533136349942957,2.5117385380283874,2.469467291327622,2.3927931912783578,2.2649322616638106,2.0679109578218124,1.7839610470002778
835.0,2.5499999984603803,2.5499999971220815,2.5499999902993817,2.5499999621509715,2.549999848653117,2.549999402311862,2.5499977072648656,2.5499915395150534,2.5499701701481556,2.5499000492756254,2.549683201262673,2.549054183304103,2.5473506363819194,2.54306266236778,2.5330746156427795,2.511626339477213,2.4692839965898723,2.39252590551725,2.2645869692315244,2.067519575512459,1.7835778322532823
836.0,2.549999998433742,2.5499999970745026,2.5499999901498964,2.549999961609591,2.549999846652684,2.549999395051245,2.549997681826636,2.549991454391487,2.5499699002225067,2.549899243586462,2.5496809516187775,2.5490483434438276,2.5473366313383123,2.543031837518877,2.533012772639801,2.5115140245954644,2.469100627734877,2.3922586516963436,2.264241855616241,2.0671284962189267,1.783194949803152
837.0,2.5499999984066872,2.5499999970262164,2.5499999899983576,2.549999961061382,2.5499998446292245,2.5499993877149505,2.549997656150533,2.5499913685616726,2.549969628336445,2.5498984328597176,2.5496786901188755,2.5490424783482264,2.547322578499545,2.543000933950798,2.5329508210433977,2.5114015936440266,2.468917185107108,2.3919914300419376,2.2638969207003226,2.0667377194389758,1.7828123989918576
838.0,2.54999999837921,2.549999996977213,2.5499999898447405,2.5499999605062698,2.549999842582515,2.5499993803023293,2.5499976302347807,2.5499912820211135,2.549969354479618,2.549897617074193,2.549676416725612,2.5490365879641015,2.547308477814094,2.5429699516595607,2.5328887609631803,2.5112890468834728,2.4687336690499975,2.3917242407791295,2.2635521643659025,2.066347244671585,1.7824301791636339
839.0,2.549999998351305,2.5499999969274834,2.54999998968902,2.5499999599441794,2.54999984051233,2.5499993728127284,2.549997604077594,2.5499911947652945,2.549969078641644,2.5498967962086554,2.5496741314016256,2.5490306722383393,2.5472943292306756,2.5429388906415413,2.5328265925089903,2.5111763845740604,2.468550079905938,2.3914570841318175,2.2632075864948877,2.065957071416949,1.7820482896649676
840.0,2.5499999983229658,2.5499999968770175,2.549999989531172,2.549999959375036,2.549999838418443,2.54999936524549,2.5499975776771775,2.5499911067896823,2.54996880081211,2.5498959702418382,2.549671834109551,2.5490247311179113,2.547280132698244,2.542907750893477,2.532764315790898,2.51106360697573,2.4683664180162856,2.3911899603227096,2.2628631869689624,2.0655671991764737,1.781666729844585
841.0,2.5499999982941866,2.5499999968258065,2.5499999893711696,2.549999958798763,2.5499998363006253,2.549999357599952,2.549997551031727,2.5499910180897243,2.5499685209805762,2.549895139152442,2.5496695248120154,2.5490187645498734,2.5472658881659944,2.542876532412463,2.5327019309192016,2.5109507143481062,2.4681826837213645,2.3909228695733287,2.262518965669589,2.06517762745103,1.781285497437204
842.0,2.5499999982649615,2.54999999677384,2.549999989208988,2.549999958215285,2.5499998341586467,2.5499993498754483,2.549997524139429,2.5499909286608498,2.549968239136571,2.549894302919134,2.549667203471642,2.5490127724813676,2.547251595583359,2.5428452351959505,2.5326394380044217,2.510837706950494,2.4679988773604675,2.3906558121040176,2.2621749224779815,2.0647883557323152,1.780904590203701
843.0,2.549999998235284,2.5499999967211084,2.5499999890446015,2.549999957624524,2.549999831992275,2.549999342071309,2.549997496998459,2.549990838498469,2.5499679552695933,2.5498934615205493,2.5496648700510507,2.549006754859622,2.547237254900009,2.5428138592417477,2.532576837157304,2.5107245850418805,2.46781499927186,2.390388788133945,2.2618310572750726,2.0643993835117502,1.7805240075309796
844.0,2.549999998205148,2.5499999966676024,2.5499999888779836,2.5499999570264014,2.5499998298012767,2.549999334186859,2.5499974696069847,2.5499907475979744,2.5499676693691127,2.5498926149352896,2.5496625245128555,2.54900071163195,2.5472228660658547,2.542782404548016,2.532514128488813,2.510611348880931,2.467631049792783,2.390121797881111,2.261487369941521,2.064010710282221,1.7801437488076934
845.0,2.549999998174547,2.549999996613311,2.549999988709108,2.549999956420839,2.549999827585416,2.5499993262214193,2.549997441963163,2.549990655954739,2.5499673814245694,2.5498917631419245,2.5496601668196663,2.5489946427457535,2.547208429031045,2.54275087111327,2.5324513121101315,2.5104979987259908,2.4674470292594552,2.3898548415623524,2.261143860357715,2.0636223355380703,1.7797638134242415
846.0,2.5499999981434756,2.549999996558224,2.5499999885379485,2.5499999558077575,2.549999825344455,2.549999318174306,2.5499974140651407,2.5499905635641182,2.549967091425373,2.549890906118991,2.549657796934091,2.548988548148519,2.547193943745966,2.542719258936377,2.532388388132659,2.5103845348350813,2.4672629380070745,2.3895879193933482,2.260800528403775,2.06323425877509,1.7793842007727625
847.0,2.549999998111926,2.549999996502332,2.5499999883644775,2.5499999551870767,2.5499998230781555,2.5499993100448317,2.549997385911057,2.5499904704214478,2.549966799360906,2.5498900438449943,2.549655414818733,2.548982427787822,2.5471794101612426,2.542687568016556,2.5323253566680077,2.5102709574659023,2.4670787763698243,2.3893210315886244,2.260457373959562,2.0628464794905157,1.7790049102471297
848.0,2.5499999980798926,2.5499999964456235,2.549999988188668,2.5499999545587158,2.549999820786276,2.549999301832304,2.54999735749904,2.549990376522045,2.5499665052205187,2.5498891762984073,2.5496530204361934,2.548976281611326,2.547164828227739,2.542655798353372,2.5322622178280025,2.5101572668758276,2.4668945446808728,2.3890541783615613,2.2601143969046773,2.0624589971830187,1.7786259412429462
849.0,2.5499999980473684,2.5499999963880886,2.5499999880104927,2.549999953922593,2.5499998184685735,2.5499992935360267,2.549997328827208,2.5499902818612084,2.549966208993533,2.549888303457671,2.5496506137490704,2.5489701095667807,2.547150197896555,2.542623949946742,2.532198971724678,2.510043463321906,2.4667102432723773,2.388787359924396,2.2597715971184686,2.0620718113526997,1.7782472931575393
850.0,2.549999998014347,2.5499999963297166,2.5499999878299238,2.549999953278627,2.5499998161248034,2.5499992851552977,2.5499972998936693,2.5499901864342185,2.549965910669243,2.5498874253011947,2.549648194719959,2.5489639116020255,2.5471355191190295,2.542592022796927,2.5321356184702757,2.509929547060861,2.4665258724754864,2.3885205764882294,2.259428974480034,2.061684921501081,1.7778689653899553
851.0,2.5499999979808217,2.549999996270497,2.5499999876469333,2.549999952626734,2.5499998137547193,2.549999276689412,2.5499972706965233,2.549990090236337,2.5499656102369106,2.5498865418073557,2.549645763311455,2.5489576876649886,2.547120791846739,2.5425600169045355,2.5320721581772427,2.5098155183490882,2.4663414326203434,2.388253828263032,2.2590865288682265,2.0612983271311003,1.7774909573409547
852.0,2.5499999979467853,2.5499999962104183,2.5499999874614927,2.5499999519668304,2.549999811358073,2.5499992681376598,2.5499972412338594,2.5499899932628054,2.5499653076857705,2.5498856529545013,2.5496433194861496,2.548951437703687,2.547106016031497,2.5425279322705197,2.5320085909582297,2.509701377442654,2.4661569240360883,2.3879871154576486,2.2587442601616563,2.0609120277471034,1.7771132684130067
853.0,2.549999997912231,2.54999999614947,2.5499999872735737,2.5499999512988323,2.5499998089346136,2.5499992594993266,2.549997211503757,2.5499898955088485,2.549965003005027,2.5498847587209466,2.5496408632066347,2.548945161666227,2.5470911916253547,2.542495768896175,2.531944916926088,2.5095871245972976,2.465972347050861,2.387720438279803,2.258402168238696,2.0605260228548388,1.7767358980102839
854.0,2.549999997877152,2.549999996087641,2.5499999870831473,2.5499999506226545,2.54999980648409,2.5499992507736935,2.549997181504286,2.549989796969671,2.5499646961838565,2.5498838590849755,2.5496383944355006,2.548938859500805,2.5470763185806007,2.5424635267831386,2.531881136193869,2.5094727600684266,2.4657877019918035,2.387453796936103,2.2580602529774856,2.06014031196145,1.7763588455386572
855.0,2.5499999978415415,2.54999999602492,2.5499999868901844,2.5499999499382113,2.5499998040062475,2.5499992419600366,2.549997151233506,2.54998969764046,2.5499643872114044,2.5498829540248416,2.5496359131353366,2.5489325311557067,2.54706139684976,2.542431205933389,2.5318172488748196,2.5093582841111184,2.4656029891850633,2.3871871916320475,2.257718514255933,2.059754894575469,1.7759821104056912
856.0,2.5499999978053918,2.5499999959612953,2.549999986694656,2.5499999492454157,2.5499998015008307,2.549999233057628,2.549997120689467,2.5499895975163827,2.549964076076788,2.549882043518767,2.549633419268732,2.548926176579309,2.5470464263855948,2.5423988063492438,2.5317532550823842,2.5092436969801186,2.4654182089557954,2.3869206225720303,2.2573769519517217,2.05936977020681,1.7756056920206378
857.0,2.549999997768696,2.549999995896756,2.5499999864965317,2.549999948544181,2.549999798967582,2.5499992240657354,2.549997089870209,2.549989496592587,2.5499637627690954,2.549881127544944,2.5496309127982775,2.5489197957200798,2.5470314071411035,2.5423663280333586,2.5316891549301985,2.5091289989298406,2.4652333616281656,2.386654089959345,2.2570355659423105,2.058984938366763,1.7752295897944312
858.0,2.549999997731446,2.54999999583129,2.549999986295782,2.5499999478344186,2.5499997964062415,2.5499992149836217,2.549997058773762,2.5499893948642045,2.5499634472773858,2.549880206081535,2.5496283936865622,2.5489133885265773,2.547016339069522,2.5423337709887264,2.531624948532089,2.509014190214364,2.4650484475253522,2.386387593996191,2.2566943561049406,2.058600398567987,1.7748538031396843
859.0,2.5499999976936354,2.549999995764886,2.5499999860923763,2.54999994711604,2.5499997938165473,2.5499992058105456,2.5499970273981467,2.549989292326345,2.549963129590689,2.549879279106671,2.5496258618961773,2.5489069549474515,2.547001222124321,2.542301135218676,2.5315606360020726,2.5088992710874334,2.4648634669695504,2.3861211348836786,2.256353322316638,2.0582161503245033,1.7744783314706813
860.0,2.5499999976552563,2.5499999956975317,2.549999985886284,2.5499999463889558,2.5499997911982364,2.54999919654576,2.5499969957413726,2.5499891889741013,2.5499628096980054,2.5498783465984536,2.5496233173897145,2.5489004949314435,2.546986056259209,2.5422684207268698,2.5314962174543516,2.508784241802459,2.4646784202819734,2.3858547128218337,2.256012464454217,2.057832193151692,1.7741031742033735
861.0,2.549999997616301,2.549999995629215,2.5499999856774744,2.5499999456530755,2.5499997885510433,2.549999187188514,2.54999696380144,2.549989084802547,2.549962487588308,2.5498774085349543,2.5496207601297662,2.548894008427388,2.546970841428129,2.5422356275173046,2.5314316930033143,2.5086691026125147,2.4644933077828557,2.3855883280096037,2.255671782394283,2.057448526566281,1.773728330755374
862.0,2.5499999975767618,2.549999995559925,2.5499999854659166,2.549999944908308,2.5499997858747006,2.549999177738053,2.5499969315763398,2.549988979806736,2.5499621632505387,2.549876464894215,2.549618190078928,2.5488874953842107,2.546955577585261,2.542202755594309,2.531367062763531,2.5085538537703385,2.4643081297914557,2.3853219806448602,2.2553312760132385,2.0570651500863444,1.7733538005459528
863.0,2.549999997536631,2.549999995489648,2.5499999852515787,2.5499999441545613,2.5499997831689387,2.5499991681936156,2.5499968990640514,2.5499888739817047,2.5499618366736128,2.549875515654248,2.5496156071997964,2.54888095575093,2.5469402646850203,2.542169804962542,2.531302326849755,2.50843849552833,2.464122886626059,2.3850556709244075,2.254990945187283,2.056682063231293,1.7729795829960309
864.0,2.549999997495901,2.5499999954183727,2.5499999850344293,2.5499999433917426,2.549999780433487,2.5499991585544377,2.549996866262545,2.54998876732247,2.5499615078464153,2.549874560793037,2.5496130114549707,2.548874389476658,2.5469249026820573,2.542136775626992,2.531237485376916,2.50832302813855,2.4639375786039794,2.384789399043986,2.2546507897924197,2.0562992655218704,1.7726056775281755
865.0,2.549999997454564,2.549999995346086,2.5499999848144363,2.5499999426197593,2.5499997776680714,2.5499991488197495,2.549996833169781,2.549988659824029,2.5499611767578023,2.549873600288535,2.549610402807052,2.5488677965106,2.546909491531258,2.5421036675929765,2.5311725384601225,2.508207451852722,2.4637522060415638,2.3845231651982757,2.254310809704457,2.055916756480145,1.7722320835665948
866.0,2.5499999974126113,2.549999995272776,2.549999984591567,2.549999941838516,2.5499997748724175,2.549999138988777,2.5499967997837087,2.549988551481362,2.549960843396602,2.5498726341186675,2.549607781218646,2.548861176802054,2.5468940311877426,2.5420704808661396,2.531107486214658,2.508091766922228,2.4635667692541925,2.3842569695809037,2.2539710047990127,2.055534535629506,1.7718588005371325
867.0,2.5499999973700356,2.5499999951984287,2.549999984365789,2.549999941047919,2.5499997720462475,2.549999129060741,2.5499967661022684,2.5499884422894277,2.549960507751613,2.54987166226133,2.5496051466523606,2.5488545303004133,2.5468785216068675,2.542037215452451,2.5310423287559782,2.5079759735981098,2.4633812685562835,2.3839908123844484,2.2536313749515173,2.055152602494656,1.7714858278672627
868.0,2.5499999973268284,2.5499999951230317,2.549999984137069,2.549999940247872,2.5499997691892826,2.5499991190348577,2.5499967321233896,2.5499883322431676,2.5499601698116066,2.5498706846943904,2.5496024990708075,2.548847856955164,2.5468629627442225,2.542003871358206,2.530977066199711,2.507860072131068,2.4631957042612953,2.3837246938004437,2.2532919200372166,2.0547709566016064,1.7711131649860845
869.0,2.549999997282981,2.549999995046572,2.5499999839053733,2.5499999394382784,2.549999766301241,2.5499991089103387,2.5499966978449917,2.5499882213375042,2.5499598295653243,2.549869701395686,2.549599838436602,2.5488411567158877,2.5468473545556325,2.5419704485900225,2.5309116986616536,2.5077440627714624,2.4630100766817282,2.3834586140193847,2.252952639931176,2.05438959747767,1.7707408113243177
870.0,2.5499999972384857,2.5499999949690366,2.549999983670669,2.549999938619041,2.549999763381839,2.5499990986863907,2.5499966632649835,2.5499881095673405,2.5499594870014795,2.549868712343029,2.5495971647123645,2.5488344295322607,2.546831696997157,2.5419369471548414,2.5308462262577693,2.507627945769308,2.4628243861291277,2.383192573230733,2.252613534508283,2.0540085246514566,1.7703687663142964
871.0,2.5499999971933334,2.549999994890412,2.5499999834329223,2.549999937790061,2.549999760430793,2.549999088362216,2.549996628381265,2.549987996927561,2.549959142108757,2.549867717514201,2.54959447786072,2.548827675354054,2.546815990025088,2.541903367059923,2.530780649104189,2.5075117213742777,2.4626386329140875,2.3829265716229195,2.2522746036432504,2.053627737652866,1.769997029389964
872.0,2.5499999971475154,2.5499999948106846,2.549999983192098,2.5499999369512394,2.5499997574478144,2.549999077937011,2.5499965931917243,2.549987883413031,2.5499587948758133,2.5498667168869553,2.549591777844297,2.5488208941311346,2.5468002335959534,2.541869708312849,2.530714967317205,2.5073953898356995,2.4624528173462514,2.3826606093833522,2.2519358472106195,2.0532472360130827,1.769625599986869
873.0,2.5499999971010237,2.549999994729841,2.5499999829481625,2.549999936102477,2.5499997544326143,2.5499990674099693,2.5499965576942403,2.5499877690185966,2.5499584452912765,2.5498657104390188,2.5495890646257306,2.548814085813464,2.546784427666513,2.541835970921519,2.5306491810132736,2.507278951402558,2.462266939734316,2.3823946866984187,2.251597265084763,2.052867019264571,1.7692544775421588
874.0,2.5499999970538485,2.5499999946478673,2.5499999827010806,2.549999935243673,2.5499997513849006,2.5499990567802775,2.5499965218866807,2.5499876537390853,2.5499580933437453,2.5498646981480904,2.549586338167661,2.5488072503511017,2.5467685721937605,2.5418021548941496,2.530583290309009,2.5071624063234914,2.4620810003860347,2.382128803753493,2.2512588571398893,2.0524870869410683,1.7688836614945742
875.0,2.549999997005982,2.54999999456475,2.5499999824508164,2.5499999343747257,2.5499997483043804,2.5499990460471182,2.5499964857669037,2.5499875375693053,2.549957739021792,2.549863679991841,2.5495835984327346,2.5488003876942016,2.546752667134923,2.541768260239274,2.5305172953211845,2.5070457548467915,2.4618949996082176,2.381862960732938,2.2509206232500443,2.052107438577581,1.7685131512844454
876.0,2.549999996957415,2.549999994480474,2.549999982197335,2.549999933495533,2.5499997451907577,2.549999035209669,2.5499964493327574,2.5499874205040456,2.5499573823139587,2.5498626559479143,2.5495808453836033,2.5487934977930142,2.5467367124474607,2.5417342869657396,2.530451196166729,2.506928997220404,2.4617089377067374,2.3815971578201127,2.250582563289114,2.0517280737103767,1.768142946353686
877.0,2.549999996908138,2.549999994395027,2.5499999819406005,2.5499999326059917,2.5499997420437346,2.5499990242671036,2.5499964125820784,2.549987302538077,2.5499570232087607,2.5498616259939273,2.549578078982926,2.548786580597888,2.546720708089066,2.5417002350827085,2.530384992962726,2.506812133691927,2.4615228149865285,2.3813313951973742,2.2502446771308287,2.051348991876981,1.7677730461457881
878.0,2.549999996858142,2.549999994308393,2.5499999816805765,2.549999931705998,2.5499997388630113,2.549999013218589,2.549996375512694,2.5499871836661505,2.5499566616946843,2.5498605901074693,2.5495752991933673,2.5487796360592685,2.5467046540176645,2.5416661045996545,2.530318685826411,2.5066951645086104,2.4613366317515926,2.3810656730460864,2.249906964648766,2.05097019261617,1.7674034501058171
879.0,2.5499999968074176,2.549999994220558,2.549999981417226,2.5499999307954457,2.5499997356482864,2.5499990020632888,2.5499963381224204,2.5499870638829982,2.549956297760188,2.5498595482661037,2.5495725059776007,2.5487726641276973,2.546688550191413,2.541631895526362,2.5302522748751706,2.506578089917357,2.4611503883050005,2.380799991546621,2.249569425716352,2.0505916754679663,1.7670341576804063
880.0,2.5499999967559557,2.549999994131507,2.549999981150512,2.5499999298742306,2.549999732399255,2.549998990800361,2.549996300409064,2.5499869431833333,2.5499559313937024,2.5498585004473666,2.5495696992983055,2.548765664753814,2.5466723965687015,2.5415976078729274,2.5301857602265403,2.506460910164718,2.460964084948893,2.380534350878363,2.249232060206866,2.0502134399736334,1.7666651683177519
881.0,2.5499999967037463,2.549999994041226,2.549999980880398,2.549999928942246,2.549999729115612,2.549998979428959,2.54999626237042,2.5499868215618497,2.549955562583629,2.5498574466287676,2.5495668791181694,2.5487586378883575,2.546656193108151,2.5415632416497536,2.530119141998202,2.506343625496897,2.4607777219844853,2.380268751219718,2.248894867993442,2.0498354856756698,1.7662964814676079
882.0,2.5499999966507803,2.549999993949699,2.549999980606846,2.5499999279993832,2.549999725797048,2.5499989679482304,2.5499962240042744,2.5499866990132225,2.5499551913183427,2.54985638678779,2.5495640453998885,2.5487515834821632,2.546639939768614,2.541528796867553,2.530052420307984,2.5062262361597467,2.46059129971207,2.3800031927481133,2.2485578489490736,2.049457812117804,1.765928096581281
883.0,2.5499999965970477,2.549999993856912,2.5499999803298183,2.549999927045535,2.549999722443253,2.5499989563573187,2.549996185308401,2.549986575532108,2.54995481758619,2.5498553209018904,2.5495611981061668,2.5487445014861665,2.546623636509175,2.5414942735373427,2.529985595273856,2.5061087423987685,2.4604048184310163,2.379737675640005,2.2482210029466136,2.0490804188449903,1.7655600131116251
884.0,2.549999996542539,2.549999993762849,2.549999980049276,2.549999926080592,2.5499997190539143,2.549998944655362,2.549996146280565,2.549986451113142,2.549954441375489,2.549854248948501,2.5495583371997164,2.5487373918514,2.546607283289149,2.541459671670447,2.529918667013931,2.505991144459112,2.460218278439778,2.379472200070881,2.2478843298587794,2.0487033054034014,1.7651922305130368
885.0,2.549999996487244,2.5499999936674946,2.549999979765181,2.5499999251044434,2.549999715628717,2.549998932841493,2.5499961069185195,2.5499863257509436,2.549954062674531,2.5498531709050276,2.5495554626432595,2.5487302545289956,2.546590880068082,2.541424991278492,2.529851635646461,2.5058734425855764,2.460031680035892,2.379206766215267,2.2475478295581546,2.048326471340425,1.7648247482414494
886.0,2.5499999964311524,2.5499999935708333,2.5499999794774943,2.549999924116979,2.549999712167344,2.5499989209148404,2.549996067220008,2.5499861994401107,2.549953681471578,2.5498520867488494,2.5495525743995264,2.5487230894701853,2.5465744268057504,2.5413902323734074,2.529784501289837,2.5057556370226077,2.4598450235159803,2.378941374246731,2.2472115019171923,2.047949916204658,1.7644575657543289
887.0,2.549999996374255,2.54999999347285,2.549999979186176,2.549999923118087,2.5499997086694757,2.5499989088745267,2.5499960271827624,2.549986072175223,2.549953297754866,2.5498509964573217,2.5495496724312576,2.5487158966263,2.546557923462161,2.5413553949674257,2.529717264062585,2.505637728014298,2.4596583091757567,2.378676024337886,2.246875346808217,2.0475736395459014,1.7640906825106677
888.0,2.5499999963165405,2.5499999933735276,2.549999978891186,2.5499999221076544,2.549999705134791,2.54999889671967,2.5499959868045052,2.549985943950841,2.5499529115126016,2.5498499000077732,2.5495467567012033,2.5487086759487703,2.5465413699975508,2.5413204790730783,2.5296499240833668,2.505519715804387,2.4594715373100255,2.378410716660396,2.2465393641034264,2.0471976409151558,1.7637240979709803
889.0,2.5499999962579993,2.549999993272851,2.549999978592485,2.5499999210855675,2.5499997015629665,2.549998884449383,2.549995946082948,2.549985814761506,2.549952522732965,2.549848797377508,2.549543827172124,2.548701427389127,2.5465247663723867,2.541285484703196,2.5295824814709764,2.50540160063626,2.4592847082126856,2.3781454513849822,2.246203553674897,2.046821919864615,1.763357811597298
890.0,2.5499999961986206,2.549999993170804,2.549999978290032,2.549999920051712,2.549999697953676,2.549998872062774,2.549995905015791,2.54998568460174,2.549952131404109,2.5498476885438053,2.5495408838067903,2.5486941508990006,2.5465081125473645,2.541250411870908,2.529514936344339,2.505283382752947,2.4590978221767332,2.377880228681424,2.245867915394584,2.0464464759476626,1.7629918228531638
891.0,2.549999996138394,2.5499999930673694,2.549999977983787,2.549999919005972,2.549999694306591,2.549998859558945,2.549995863600725,2.5499855534660463,2.5499517375141583,2.549846573483919,2.549537926567984,2.5486868464301224,2.5464914084834107,2.5412152605896394,2.52944728882251,2.505165062397125,2.4589108794942636,2.3776150487185657,2.2455324491343247,2.0460713087188656,1.7626261312036273
892.0,2.5499999960773088,2.549999992962531,2.549999977673708,2.549999917948231,2.549999690621382,2.5499988469369934,2.5499958218354295,2.549985421348909,2.5499513410512096,2.54984545217508,2.5495349554184976,2.548679513934325,2.546474654141679,2.5411800308731123,2.529379539024671,2.505046639811114,2.4587238804564744,2.3773499116643206,2.2451971547658407,2.0456964177339714,1.7622607361152396
893.0,2.549999996015354,2.549999992856272,2.5499999773597533,2.5499999168783716,2.5499996868977157,2.5499988341960114,2.5499957797175727,2.5499852882447924,2.549950942003333,2.549844324594493,2.5495319703211354,2.548672153363541,2.546457849483553,2.5411447227353423,2.529311687070131,2.504928115236878,2.4585368253536677,2.377084817685675,2.244862032160741,2.0453218025499003,1.7618956370560483
894.0,2.5499999959525184,2.549999992748576,2.5499999770418817,2.5499999157962763,2.5499996831352574,2.5499988213350857,2.5499957372448128,2.5499851541481426,2.5499505403585716,2.549843190719339,2.5495289712387126,2.548664764669804,2.546440994470645,2.5411093361906385,2.5292437330783217,2.504809488916025,2.4583497144752524,2.3768197669486937,2.2445270811905242,2.0449474627247435,1.7615308334955924
895.0,2.549999995888791,2.549999992639425,2.54999997672005,2.549999914701825,2.5499996793336694,2.549998808353299,2.5499956944147972,2.5499850190533864,2.54995013610494,2.549842050526776,2.549525958134057,2.5486573478052508,2.5464240890647947,2.541073871253601,2.529175677168799,2.504690761089807,2.4581625481097475,2.3765547596185232,2.2441923017265806,2.044573397817756,1.7611663249048977
896.0,2.5499999958241615,2.5499999925288024,2.549999976394216,2.549999913594898,2.549999675492613,2.5499987952497274,2.5499956512251627,2.5499848829549303,2.5499497292304265,2.5498409039939363,2.549522930970008,2.5486499027221186,2.54640713322807,2.541038327939123,2.52910751946124,2.5045719319991173,2.4579753265447843,2.376289795859397,2.2438576936401953,2.0441996073893525,1.7608021107564706
897.0,2.5499999957586175,2.5499999924166907,2.549999976064336,2.549999912475374,2.549999671611746,2.5499987820234424,2.5499956076735346,2.5499847458471634,2.549949319722992,2.54983975109793,2.5495198897094182,2.5486424293727463,2.546390126922767,2.5410027062623852,2.529039260075439,2.5044530018844924,2.457788050067108,2.3760248758346383,2.243523256802549,2.0438260910011037,1.7604381905242945
898.0,2.549999995692148,2.5499999923030723,2.5499999757303673,2.549999911343131,2.5499996676907246,2.5499987686735106,2.5499955637575287,2.5499846077244546,2.54994890757057,2.549838591815843,2.549516834315153,2.548634927709575,2.5463730701114087,2.540967006238858,2.52897089913131,2.50433397098611,2.4576007189625817,2.3757599997066667,2.243188991084723,2.04345284821573,1.7600745636838242
899.0,2.549999995624742,2.5499999921879293,2.5499999753922657,2.549999910198046,2.549999663729202,2.5499987551989927,2.549995519474749,2.5499844685811532,2.5499484927610667,2.549837426124737,2.5495137647500905,2.548627397685148,2.546355962756745,2.5409312278842986,2.528902436748882,2.5042148395437906,2.457413333516188,2.375495167637001,2.242854896357699,2.0430798785970974,1.7597112297119804
900.0,2.549999995556387,2.549999992071244,2.5499999750499867,2.549999909039995,2.5499996597268297,2.549998741598944,2.549995474822789,2.5499843284115906,2.5499480752823622,2.5498362540016526,2.549510680977123,2.548619839252113,2.5463388048217532,2.5408953712147504,2.528833873048298,2.504095607796995,2.4572258940120304,2.375230379786264,2.2425209724923625,2.0427071817102136,1.7593481880871455
901.0,2.5499999954870716,2.549999991952998,2.5499999747034856,2.549999907868853,2.5499996556832567,2.5499987278724148,2.5499954297992313,2.5499841872100784,2.5499476551223093,2.5498350754236054,2.549507582959155,2.5486122523632186,2.5463215962696366,2.5408594362465418,2.5287652081498146,2.503976275984824,2.4570384007333397,2.3749656363141867,2.242187219359504,2.0423347571181862,1.7589854354607088
902.0,2.549999995416784,2.549999991833173,2.5499999743527177,2.5499999066844947,2.5499996515981294,2.54999871401845,2.5499953844016474,2.5499840449709086,2.549947232268733,2.5498338903675895,2.5495044706591066,2.5486046369713167,2.546304337063825,2.5408234229962843,2.528696442173799,2.5038568443460205,2.4568508539624716,2.374700937379613,2.2418536368297683,2.0419626043672054,1.7586229685271813
903.0,2.5499999953455115,2.5499999917117506,2.5499999739976373,2.5499999054867923,2.549999647471092,2.54999870003609,2.5499953386275984,2.5499839016883548,2.549946806709433,2.549832698810575,2.549501344039911,2.5485969930293626,2.5462870271679745,2.5407873314808733,2.528627575240728,2.5037373131189655,2.4566632539809117,2.3744362831405015,2.241520224773601,2.041590723002012,1.7582607868241837
904.0,2.5499999952732426,2.5499999915887117,2.549999973638198,2.549999904275618,2.549999643301786,2.549998685924368,2.5499952924746343,2.5499837573566704,2.5499463784321805,2.5498315007295105,2.5494982030645166,2.5485893204904153,2.5462696665459665,2.540751161717485,2.5285586074711865,2.503617682541681,2.456475601069279,2.3741716737539322,2.241186983061252,2.041219112568921,1.7578988898900174
905.0,2.549999995199965,2.549999991464038,2.5499999732743546,2.5499999030508436,2.5499996390898514,2.5499986716823138,2.5499952459402935,2.5499836119700907,2.5499459474247215,2.549830296101322,2.549495047695887,2.548581619307637,2.546252255161908,2.5407149137235754,2.5284895389858653,2.503497952851828,2.4562878955073257,2.373907109376108,2.240853911562783,2.0408477726158107,1.7575372772636704
906.0,2.5499999951256656,2.5499999913377103,2.5499999729060594,2.5499999018123387,2.5499996348349248,2.549998657308951,2.5499951990221046,2.5499834655228315,2.549945513674774,2.549829084902914,2.549491877897,2.548573889434295,2.546234792980131,2.5406785875168807,2.52842036990556,2.5033781242867055,2.4561001375739417,2.3736425901623597,2.240521010148073,2.0404767026921085,1.757175948484824
907.0,2.5499999950503325,2.549999991209709,2.549999972533266,2.5499999005599725,2.549999630536641,2.549998642803297,2.5499951517175847,2.549983318009089,2.5499450771700305,2.549827867111167,2.5494886936308503,2.5485661308237586,2.546217279965192,2.5406421831154136,2.5283511003511694,2.503258197083252,2.4559123275471566,2.3733781162671477,2.2401882786868215,2.0401059023487798,1.7568149030938591
908.0,2.549999994973953,2.5499999910800155,2.5499999721559266,2.549999899293613,2.549999626194632,2.5499986281643645,2.54999510402424,2.549983169423041,2.5499446378981565,2.549826642702942,2.549485494860446,2.5485583434295034,2.546199716081872,2.5406057005374647,2.5282817304436933,2.5031381714780445,2.4557244657041415,2.3731136878440693,2.239855717048555,2.0397353711383164,1.7564541406318634
909.0,2.5499999948965137,2.5499999909486095,2.549999971773993,2.549999898013127,2.549999621808528,2.5499986133911614,2.5499950559395654,2.549983019758845,2.5499441958467908,2.5498254116550774,2.549482281548814,2.548550527205108,2.546182101295177,2.5405691398015997,2.5282122603042323,2.5030180477072967,2.4555365523212114,2.3728493050458583,2.2395233251026325,2.039365108614724,1.7560936606406365
910.0,2.5499999948180023,2.549999990815471,2.5499999713874164,2.5499998967183815,2.549999617377956,2.5499985984826887,2.549995007461045,2.5499828690106403,2.549943751003546,2.549824173944389,2.549479053658995,2.5485426821042565,2.5461644355703363,2.5405325009266586,2.528142690053986,2.5028978260068615,2.455348587673829,2.3725849680243916,2.239191102718248,2.03899511433351,1.755733462662696
911.0,2.5499999947384056,2.549999990680581,2.549999970996149,2.549999895409241,2.5499996129025413,2.5499985834379437,2.5499949585861525,2.5499827171725467,2.5499433033560077,2.5498229295476746,2.549475811154047,2.5485348080807384,2.5461467188728024,2.5404957839317555,2.5280730198142485,2.502777506612228,2.455160572036606,2.3723206769306917,2.2388590497644367,2.038625387851675,1.755373546241283
912.0,2.54999999465771,2.5499999905439177,2.5499999706001413,2.5499998940855697,2.549999608381906,2.5499985682559165,2.5499949093123493,2.549982564238665,2.5499428528917365,2.549821678441707,2.5494725539970466,2.548526905088447,2.5461289511682517,2.5404589888362756,2.528003249706411,2.502657089758523,2.454972505683305,2.3720564319149315,2.2385271661100803,2.038255928727697,1.7550139109203688
913.0,2.5499999945759027,2.5499999904054618,2.549999970199343,2.5499998927472305,2.54999960381567,2.549998552935593,2.5499948596370867,2.549982410203076,2.5499423995982657,2.54982042060324,2.5494692821510854,2.548518973081382,2.5461111324225834,2.540422115659876,2.527933379851959,2.502536575680509,2.4547843888868446,2.3717922331264356,2.23819545162391,2.0378867365215236,1.7546545562446598
914.0,2.5499999944929694,2.549999990265192,2.5499999697937055,2.549999891394085,2.549999599203451,2.5499985374759526,2.5499948095578047,2.549982255059842,2.5499419434631028,2.549819156009007,2.5494659955792733,2.5485110120136483,2.546093262601919,2.540385164422483,2.5278634103724693,2.5024159646125863,2.4545962219192976,2.3715280807136865,2.2378639061745127,2.037517810794561,1.7542954817596024
915.0,2.5499999944088967,2.5499999901230885,2.549999969383177,2.549999890025994,2.549999594544864,2.5499985218759695,2.5499947590719314,2.549982098803006,2.5499414844737287,2.54981788463572,2.549462694244738,2.5485030218394558,2.5460753416726027,2.5403481351442916,2.5277933413896094,2.50229525678879,2.454408005051897,2.371263974824328,2.2375325296303337,2.037149151109661,1.7539366870113882
916.0,2.549999994323671,2.5499999899791295,2.5499999689677066,2.5499998886428177,2.549999589839522,2.549998506134613,2.5499947081768854,2.5499819414265925,2.549941022617599,2.549816606460071,2.549459378110624,2.5484950025131208,2.546057369601201,2.540311027845765,2.5277231730251364,2.502174452442793,2.4542197385550364,2.370999915605167,2.2372013218596827,2.036780757031112,1.7535781715469596
917.0,2.5499999942372784,2.5499999898332937,2.5499999685472434,2.549999887244415,2.549999585087034,2.5499984902508452,2.5499946568700724,2.5499817829246054,2.5499405578821426,2.549815321458731,2.549456047140095,2.548486953989066,2.546039346354502,2.5402738425476317,2.527652905400895,2.502053551807902,2.454031422698274,2.370735903202179,2.236870282730737,2.0364126281246264,1.7532199349140145
918.0,2.5499999941497045,2.54999998968556,2.5499999681217353,2.5499998858306436,2.549999580287008,2.5499984742236252,2.549994605148888,2.5499816232910306,2.5499400902547626,2.5498140296083522,2.5494527012963344,2.54847887622182,2.546021271899514,2.5402365792708865,2.527582538638817,2.501932555117061,2.453843057750332,2.3704719377605112,2.2365394121115463,2.036044763957334,1.7528619766610105
919.0,2.549999994060935,2.5499999895359067,2.54999996769113,2.54999988440136,2.5499995754390485,2.549998458051904,2.549994553010717,2.5499814625198343,2.5499396197228363,2.549812730885566,2.5494493405425427,2.5484707691660176,2.5460031462034682,2.540199238036788,2.5275120728609175,2.501811462602847,2.4536546439791036,2.370208019424487,2.236208709870035,2.035677164097767,1.75250429633717
920.0,2.549999993970956,2.549999989384312,2.5499999672553746,2.549999882956419,2.549999570542758,2.549998441734628,2.549994500452932,2.549981300604963,2.549939146273715,2.5498114252669843,2.549445964841939,2.5484626327764004,2.5459849692338152,2.5401618188668578,2.5274415081892965,2.501690274497474,2.453466181651651,2.3699441483376074,2.23587817587401,2.0353098281158544,1.7521468934924844
921.0,2.549999993879753,2.5499999892307534,2.549999966814416,2.549999881495676,2.5499995655977368,2.5499984252707377,2.549994447472894,2.549981137540345,2.549938669894725,2.5498101127291997,2.5494425741577635,2.5484544670078173,2.545966740958227,2.5401243217828786,2.527370844746135,2.50156899103279,2.4532776710342112,2.3696803246425566,2.235547809991161,2.0349427555829074,1.7517897676777188
922.0,2.549999993787311,2.5499999890752094,2.549999966368201,2.5499998800189845,2.549999560603582,2.5499984086591687,2.549994394067955,2.5499809733198897,2.5499381905731657,2.5498087932487845,2.5494391684532753,2.5484462718152234,2.5459484613445946,2.5400867468068946,2.5273000826536944,2.501447612440277,2.453089112392194,2.369416548481206,2.235217612089066,2.0345759460716133,1.7514329184444155
923.0,2.549999993693615,2.549999988917657,2.5499999659166748,2.5499998785261964,2.549999555559888,2.54999839189885,2.549994340235453,2.5499808079374855,2.5499377082963117,2.549807466802293,2.549435747691753,2.548438047153681,2.5459301303610298,2.54004909396121,2.527229222034315,2.5013261389510517,2.4529005059901894,2.369152819994616,2.2348875820351957,2.034209399156024,1.7510763453448985
924.0,2.5499999935986506,2.5499999887580733,2.5499999654597834,2.549999877017163,2.549999550466247,2.5499983749887054,2.5499942859727165,2.549980641387003,2.549937223051412,2.5498061333662605,2.5494323118364957,2.54842979297836,2.545911747975863,2.5400113632683863,2.527158263010416,2.5012045707958657,2.4527118520919666,2.3688891393230413,2.234557719696916,2.0338431144115456,1.7507200479322773
925.0,2.5499999935024027,2.549999988596436,2.549999964997472,2.5499998754917343,2.5499995453222484,2.549998357927653,2.5499942312770623,2.549980473662294,2.5499367348256894,2.549804792917202,2.549428860850823,2.5484215092445375,2.545893314157644,2.539973554751243,2.5270872057044906,2.501082908205104,2.452523150960478,2.3686255066059343,2.2342280249414923,2.033477091414931,1.750364025760451
926.0,2.5499999934048554,2.549999988432721,2.549999964529684,2.549999873949759,2.5499995401274793,2.5499983407146045,2.5499941761457956,2.54998030475719,2.5499362436063424,2.549803445431615,2.549425394698075,2.5484131959075986,2.545874828875142,2.5399356684328556,2.527016050239108,2.500961151408784,2.45233440285786,2.368361921981948,2.2338984976360936,2.0331113297442687,1.7500082783841113
927.0,2.5499999933059936,2.5499999882669058,2.5499999640563638,2.5499998723910853,2.549999534881524,2.549998323348467,2.549994120576211,2.5499801346655038,2.549935749380543,2.549802090885978,2.5494219133416127,2.548404852923036,2.5458562920973433,2.5398977043365547,2.5269447967369114,2.500839300636559,2.4521456080454365,2.368098385588939,2.2335691376477955,2.0327458289789737,1.7496528053587475
928.0,2.5499999932058013,2.5499999880989663,2.5499999635774553,2.54999987081556,2.549999529583964,2.5499983058281415,2.549994064565591,2.549979963381029,2.5499352521354384,2.549800729256752,2.549418416744819,2.54839648024645,2.5458377037934534,2.5398596624859255,2.526873445320614,2.500717356117714,2.451956766783721,2.367834897563973,2.233239944843583,2.0323805886997794,1.7492976062406478
929.0,2.549999993104263,2.5499999879288793,2.5499999630929016,2.549999869223028,2.549999524234378,2.5499982881525223,2.549994008111207,2.5499797908975412,2.5499347518581508,2.549799360520379,2.549414904871097,2.54838807783355,2.5458190639328957,2.539821542904805,2.5268019961129995,2.5005953180811678,2.451767879332419,2.367571458043328,2.2329109190903567,2.0320156084887278,1.748942680586904
930.0,2.549999993001363,2.54999998775662,2.5499999626026453,2.5499998676133346,2.5499995188323425,2.549998270320499,2.5499939512103196,2.5499796172087947,2.5499342485357768,2.5497979846532832,2.5494113776838723,2.5483796456401526,2.54580037248531,2.5397833456172823,2.5267304492369225,2.500473186755473,2.451578945950431,2.367308067162497,2.2325820602549324,2.0316508879291604,1.7485880279554147
931.0,2.549999992897085,2.5499999875821646,2.5499999621066283,2.5499998659863223,2.5499995133774314,2.549998252330955,2.5499938938601767,2.549979442308526,2.549933742155388,2.549796601631871,2.5494078351465927,2.5483711836221827,2.5457816294205537,2.5397450706476974,2.5266588048153036,2.500350962368814,2.4513899668958516,2.3670447250561915,2.232253368204048,2.0312864266057096,1.7482336479048886
932.0,2.549999992791413,2.5499999874054886,2.5499999616047924,2.549999864341834,2.5499995078692157,2.5499982341827674,2.549993836058016,2.549979266190452,2.5499332327040305,2.549795211432532,2.5494042772227283,2.5483626917356754,2.545762834708701,2.539706718020639,2.526587062971131,2.5002286451490083,2.451200942425976,2.3667814318583464,2.2319248428043643,2.0309222241042892,1.747879539994846
933.0,2.5499999926843304,2.5499999872265673,2.5499999610970785,2.54999986267971,2.5499995023072635,2.5499982158748087,2.5499937778010637,2.549979088848271,2.549932720168727,2.5497938140316365,2.549400703875771,2.548354169936773,2.5457439883200426,2.5396682877609456,2.5265152238274573,2.500106235323506,2.4510118727973,2.366518187702122,2.2315964839224693,2.0305582800120883,1.7475257037856233
934.0,2.5499999925758208,2.549999987045376,2.5499999605834276,2.5499998609997907,2.5499994966911403,2.549998197405945,2.549993719086534,2.5499789102756614,2.549932204536473,2.5497924094055393,2.5493971150692363,2.5483456181817274,2.545725090225085,2.5396297798937018,2.5264432875073983,2.499983733119391,2.4508227582655224,2.3662549927199086,2.2312682914248816,2.03019459391756,1.7471721388383759
935.0,2.549999992465867,2.549999986861889,2.5499999600637797,2.5499998593019146,2.5499994910204093,2.549998178775035,2.54999365991163,2.549978730466283,2.549931685794241,2.549790997530577,2.549393510766663,2.5483370364268993,2.5457061403945507,2.5395911944442386,2.526371254134132,2.499861138763377,2.450633599085548,2.3659918470433303,2.2309402651780528,2.0298311654104126,1.7468188447150788
936.0,2.5499999923544525,2.549999986676081,2.5499999595380745,2.5499998575859193,2.549999485294631,2.5499981599809347,2.549993600273543,2.5499785494137766,2.5499311639289775,2.5497895783830695,2.5493898909316117,2.548328424628759,2.545687138799377,2.5395525314381326,2.526299123830898,2.499738452481812,2.45044439551149,2.365728750803247,2.2306124050483707,2.0294679940816054,1.746465820978532
937.0,2.54999999224156,2.549999986487926,2.5499999590062505,2.549999855851641,2.5499994795133616,2.549998141022491,2.5499935401694533,2.5499783671117635,2.5499306389276053,2.5497881519393206,2.5493862555276685,2.5483197827438855,2.545668085410716,2.5395137909012035,2.526226896720994,2.4996156745006752,2.4502551477966708,2.36546570412976,2.2302847109021635,2.0291050795233363,1.7461130671923606
938.0,2.5499999921271725,2.549999986297399,2.549999958468247,2.5499998540989144,2.549999473676157,2.5499981218985464,2.5499934795965293,2.5499781835538458,2.549930110777022,2.5497867181756173,2.549382604518442,2.5483111107289673,2.5456489801999354,2.5394749728595145,2.5261545729277786,2.4994928050455787,2.4500658561936253,2.3652027071522146,2.229957182605701,2.0287424213290355,1.7457605829210185
939.0,2.5499999920112724,2.549999986104473,2.549999957924002,2.549999852327574,2.5499994677825693,2.5499981026079372,2.5499934185519284,2.5499779987336066,2.5499295794641004,2.5497852770682288,2.5493789378675653,2.548302408540803,2.5456298231386167,2.5394360773393703,2.526082152574664,2.4993698443417665,2.449876520954104,2.3649397599992024,2.229629820025198,2.0283800190933574,1.7454083677297905
940.0,2.549999991893842,2.5499999859091216,2.549999957373453,2.549999850537452,2.549999461832147,2.5499980831494944,2.549993357032796,2.54997781264461,2.549929044975689,2.54978382859341,2.549375255538696,2.5482936761363013,2.5456106141985555,2.5393971043673167,2.5260096357851207,2.4992467926141133,2.449687142329074,2.364676862798566,2.229302623026819,2.0280178724121725,1.7450564211847943
941.0,2.5499999917748637,2.549999985711319,2.549999956816537,2.5499998487283806,2.5499994558244365,2.549998063522042,2.5499932950362663,2.549977625280401,2.549928507298612,2.5497823727273987,2.549371557495516,2.548284913472479,2.5455913533517602,2.539358053970139,2.5259370226826716,2.4991236500871263,2.4494977205687207,2.364414015677404,2.228975591476678,2.027655980882559,1.7447047428529825
942.0,2.5499999916543197,2.5499999855110373,2.5499999562531905,2.54999984690019,2.5499994497589817,2.5499980437243988,2.5499932325594616,2.549977436634506,2.5499279664196695,2.5497809094464174,2.5493678437017318,2.5482761205064652,2.5455720405704536,2.5393189261748605,2.5258643133908936,2.4990004169849445,2.4493082559224524,2.364151218762071,2.228648725240843,2.0272943441027964,1.744353332302145
943.0,2.549999991532192,2.5499999853082502,2.5499999556833504,2.549999845052709,2.5499994436353237,2.549998023755377,2.549993169599493,2.5499772467004314,2.549927422325637,2.549779438726672,2.5493641141210763,2.5482672971954976,2.5455526758270706,2.5392797210087426,2.5257915080334143,2.4988770935313385,2.4491187486389006,2.363888472178184,2.2283220241853403,2.0269329616723573,1.74400218910091
944.0,2.549999991408462,2.54999998510293,2.549999955106951,2.5499998431857653,2.549999437453,2.549998003613784,2.549993106153459,2.5499770554716648,2.549926875003265,2.549777960544353,2.549360368717306,2.548258443496925,2.545533259094258,2.539240438499282,2.5257186067339132,2.4987536799497105,2.4489291989659225,2.3636257760506245,2.2279954881761532,2.0265718331918987,1.7436513128187476
945.0,2.5499999912831113,2.5499999848950488,2.549999954523928,2.549999841299186,2.5499994312115466,2.549997983298419,2.5499930422184485,2.5499768629416746,2.5499263244392814,2.5497764748756366,2.5493566074542042,2.548249559368206,2.545513790344876,2.5392010786742123,2.5256456096161175,2.4986301764630943,2.4487396071506033,2.3633631305035427,2.2276691170792278,2.0262109582632575,1.74330070302597
946.0,2.5499999911561213,2.5499999846845784,2.5499999539342157,2.5499998393927963,2.549999424910495,2.549997962808077,2.5499929777915367,2.5499766691039105,2.5499257706203884,2.5497749816966824,2.54935283029558,2.548240644766911,2.5454942695519955,2.5391616415615,2.5255725168038023,2.498506583294154,2.4485499734392593,2.3631005356603607,2.2273429107604747,2.025850336489439,1.7429503592937337
947.0,2.5499999910274727,2.5499999844714916,2.5499999533377484,2.5499998374664203,2.5499994185493753,2.549997942141547,2.5499929128697882,2.5499764739518036,2.5499252135332657,2.549773480983636,2.549349037205268,2.548231699650719,2.5454746966889,2.5391221271893447,2.52549932842079,2.498382900665187,2.448360298077439,2.3628379916437745,2.2270168690857712,2.025489967474614,1.7426002811940409
948.0,2.549999990897147,2.5499999842557597,2.549999952734459,2.549999835519881,2.5499994121277143,2.54999792129761,2.5499928474502562,2.5499762774787644,2.549924653164568,2.549771972712628,2.549345228147129,2.548222723977421,2.5454550717290827,2.539082535586179,2.5254260445909478,2.4982591287981206,2.4481705813099257,2.36257549857576,2.226690991920965,2.0251298508241087,1.7422504682997415
949.0,2.5499999907651247,2.5499999840373535,2.549999952124281,2.549999833553,2.5499994056450355,2.549997900275043,2.5499927815299817,2.549976079678186,2.549924089500926,2.5497704568597737,2.5493414030850508,2.5482137177049196,2.5454353946462485,2.5390428667806657,2.525352665438187,2.4981352679145137,2.4479808233807403,2.3623130565775745,2.226365279131874,2.0247699861443977,1.7419009201845341
950.0,2.549999990631387,2.5499999838162446,2.5499999515071456,2.5499998315655983,2.54999939910086,2.549997879072616,2.549992715105994,2.549975880543441,2.5499235225289474,2.549768933401174,2.5493375619829486,2.5482046807912266,2.5454156654143114,2.539003120801697,2.525279191086462,2.498011318235557,2.4477910245331427,2.3620506657697606,2.2260397305842923,2.024410373043099,1.7415516364229677
951.0,2.5499999904959134,2.549999983592403,2.5499999508829854,2.5499998295574944,2.5499993924947058,2.549997857689093,2.5499926481753112,2.549975680067885,2.5499229522352156,2.5497674023129164,2.5493337048047637,2.548195613194467,2.545395884007397,2.538963297678396,2.5252056216597687,2.4978872799820717,2.447601185009634,2.3617883262721504,2.22571434614399,2.024051011128965,1.7412026165904424
952.0,2.5499999903586845,2.549999983365801,2.5499999502517317,2.5499998275285063,2.5499993858260885,2.549997836123231,2.5499925807349397,2.5499754782448525,2.549922378606291,2.5497658635710736,2.5493298315144655,2.5481865148728753,2.545376050399839,2.538923397440111,2.525131957282143,2.4977631533745113,2.4474113050519595,2.361526038203867,2.2253891256767155,2.0236919000118765,1.740853860263211
953.0,2.5499999902196806,2.5499999831364066,2.5499999496133143,2.54999982547845,2.5499993790945203,2.5499978143737825,2.5499925127818734,2.5499752750676605,2.549921801628709,2.5497643171517037,2.54932594207605,2.5481773857847987,2.5453561645661806,2.5388834201164188,2.52505819807766,2.4976389386329596,2.44722138490111,2.3612638016833305,2.2250640690482,2.023333039302836,1.7405053670183808
954.0,2.5499999900788812,2.5499999829041915,2.549999948967664,2.5499998234071417,2.5499993722995105,2.549997792439493,2.549992444313095,2.5499750705296056,2.549921221288983,2.5497627630308517,2.549322036453542,2.5481682258886953,2.5453362264811736,2.538843365737121,2.524984344170433,2.4975146359771316,2.4470314247973244,2.361001616828258,2.2247391761241584,2.0229744286139617,1.7401571364339132
955.0,2.5499999899362664,2.5499999826691244,2.5499999483147104,2.5499998213143953,2.549999365440565,2.5499977703191012,2.549992375325575,2.549974864623967,2.549920637573602,2.549761201184549,2.5493181146109936,2.5481590351431342,2.5453162361197794,2.538803234332244,2.524910395684611,2.4973902456263737,2.446841424980092,2.3607394837556708,2.2244144467702895,2.0226160675584786,1.739809168088626
956.0,2.5499999897918153,2.5499999824311756,2.549999947654382,2.549999819200023,2.5499993585171885,2.5499977480113407,2.549992305816274,2.549974657344003,2.5499200504690323,2.549759631588813,2.5493141765124863,2.5481498135067975,2.545296193457166,2.5387630259320377,2.5248363527443805,2.4972657677996635,2.446651385688155,2.3604774025818944,2.2240898808522824,2.0222579557507143,1.739461461562194
957.0,2.549999989645507,2.5499999821903137,2.549999946986608,2.5499998170638367,2.549999351528881,2.5499977255149386,2.5499922357821383,2.5499744486829545,2.5499194599617163,2.5497580542196485,2.549310222122128,2.5481405609384775,2.5452760984687095,2.538722740566975,2.5247622154739604,2.49714120271561,2.446461307159509,2.3602153734225637,2.2237654782358156,2.0219000928060913,1.7391140164351488
958.0,2.5499999894973207,2.549999981946508,2.549999946311315,2.549999814905646,2.549999344475139,2.549997702828615,2.5499921652201034,2.5499742386340434,2.5499188660380727,2.5497564690530465,2.5493062514040576,2.54813127739708,2.545255951129994,2.538682378267749,2.5246879839976035,2.4970165505924538,2.446271189631408,2.3599533963926254,2.2234412387865596,2.0215424783411216,1.7387668322888816
959.0,2.549999989347235,2.5499999816997265,2.5499999456284312,2.54999981272526,2.549999337355459,2.5499976799510846,2.5499920941270937,2.549974027190472,2.5499182686844986,2.549754876064986,2.5493022643224417,2.548121962841622,2.545235751416809,2.538641939065274,2.5246136584395944,2.496891811648065,2.446081033340364,2.3596914716063417,2.2231171623701798,2.0211851119733995,1.7384199087056427
960.0,2.549999989195229,2.549999981449938,2.549999944937883,2.549999810522486,2.5499993301693316,2.549997656881055,2.5499920225000214,2.549973814345423,2.5499176678873665,2.549753275231432,2.5492982608414767,2.5481126172312325,2.545215499305152,2.5386014229906846,2.5245392389242483,2.496766986099947,2.4458908385221503,2.3594295991772936,2.2227932488523376,2.020827993321595,1.7380732452685417
961.0,2.549999989041281,2.54999998119711,2.549999944239597,2.5499998082971307,2.5499993229162454,2.549997633617229,2.549991950335786,2.5499736000920623,2.549917063633027,2.5497516665283366,2.5492942409253883,2.5481032405251534,2.545195194771226,2.5385608300753315,2.52446472557591,2.4966420741652344,2.445700605411803,2.3591677792183843,2.2224694980986954,2.0204711220080354,1.737726843985967
962.0,2.5499999888853693,2.5499999809412106,2.5499999435334972,2.549999806048998,2.5499993155956866,2.549997610158302,2.5499918776312764,2.549973384423535,2.549916455907807,2.549750049931642,2.549290204538431,2.548093832682738,2.54517483779144,2.5385201603507843,2.5243901185189532,2.4965170760606914,2.445510334243624,2.3589060118418423,2.222145909974959,2.0201144976714813,1.7373807068316427
963.0,2.5499999887274716,2.5499999806822076,2.54999994281951,2.5499998037778915,2.5499993082071373,2.5499975865029625,2.5499918043833687,2.5499731673329675,2.549915844698011,2.549748425417275,2.5492861516448913,2.5480843936634523,2.545154428342408,2.5384794138488287,2.5243154178777787,2.496391992002715,2.445320025251183,2.3586442971592247,2.221822484346933,2.01975811995395,1.7370348333444676
964.0,2.5499999885675657,2.5499999804200684,2.549999942097559,2.549999801483614,2.549999300750077,2.5499975626498936,2.549991730588928,2.549972948813469,2.5499152299899204,2.5497467929611526,2.5492820822090834,2.5480749234268747,2.5451339664009485,2.5384385906014653,2.5242406237768127,2.4962668222073336,2.44512967866732,2.358382635281421,2.221499221080515,2.0194019884981267,1.7366892230648476
965.0,2.5499999884056295,2.549999980154759,2.549999941367568,2.549999799165965,2.549999293223983,2.549997538597772,2.549991656244807,2.549972728858128,2.5499146117697937,2.5497451525391783,2.549277996195354,2.548065421932697,2.545113451944086,2.5383976906409083,2.5241657363405072,2.496141566890207,2.4449392947241453,2.3581210263186576,2.2211761200416973,2.019046102947367,1.7363438755346872
966.0,2.5499999882416406,2.549999979886246,2.5499999406294602,2.549999796824745,2.5499992856283282,2.549997514345268,2.549991581347846,2.5499725074600144,2.5499139900238674,2.5497435041272447,2.5492738935680785,2.5480558891407226,2.5450928849490477,2.538356713999586,2.5240907556933383,2.4960162262666254,2.4447488736530443,2.3578594703805,2.2208531810965653,2.018690462945697,1.7359987902973792
967.0,2.5499999880755757,2.5499999796144968,2.549999939883158,2.5499997944597514,2.5499992779625833,2.5499974898910454,2.5499915058948757,2.5499722846121795,2.549913364738355,2.5497418477012332,2.549269774291665,2.5480463250108683,2.5450722653932663,2.538315660710138,2.5240156819598036,2.4958908005515124,2.444558415684678,2.3575979675758574,2.220530404111298,2.0183350681378145,1.7356539668977964
968.0,2.5499999879074116,2.5499999793394763,2.5499999391285835,2.549999792070781,2.5499992702262158,2.5499974652337616,2.5499914298827115,2.5499720603076557,2.5499127358994476,2.5497401832370126,2.5492656383305508,2.5480367295031634,2.545051593254376,2.538274530805416,2.5239405152644236,2.4957652899594214,2.444367921048986,2.357336518012986,2.2202077889521648,2.0179799181690887,1.7353094048822815
969.0,2.5499999877371256,2.549999979061151,2.5499999383656577,2.5499997896576287,2.5499992624186896,2.5499974403720675,2.5499913533081595,2.5499718345394573,2.5499121034933134,2.549738510710441,2.549261485649206,2.54802710257775,2.5450308685102145,2.5382333243184805,2.5238652557317387,2.495639694704539,2.444177389975189,2.3570751217994923,2.219885335485527,2.0176250126855617,1.7349651037986382
970.0,2.5499999875646937,2.5499999787794856,2.5499999375943014,2.5499997872200884,2.5499992545394665,2.5499974153046083,2.5499912761680124,2.5499716073005785,2.5499114675060994,2.5497368300973657,2.5492573162121324,2.5480174441948837,2.545010091138824,2.538192041282602,2.5237899034863087,2.495514015000683,2.4439868226917887,2.3568137790423367,2.2195630435778373,2.017270351333949,1.734621063196123
971.0,2.549999987390093,2.5499999784944456,2.549999936814435,2.5499997847579525,2.549999246588005,2.5499973900300215,2.5499911984590518,2.549971378583996,2.549910827923929,2.5497351413736227,2.549253129983861,2.548007754314933,2.5449892611184466,2.538150681731258,2.5237144586527114,2.495388251061303,2.4437962194265728,2.356552489847838,2.219240913095638,2.0169159337616396,1.734277282625435
972.0,2.549999987213299,2.549999978205996,2.5499999360259773,2.5499997822710125,2.5499992385637587,2.5499973645469387,2.549991120178047,2.5499711483826664,2.5499101847329046,2.5497334445150375,2.549248926928958,2.547998032898379,2.5449683784275274,2.5381092456981347,2.523638921355542,2.4952624030994808,2.443605580406615,2.3562912543216745,2.2189189439055603,2.016561759616696,1.7339337616387083
973.0,2.549999987034287,2.5499999779141005,2.5499999352288474,2.549999779759058,2.5499992304661805,2.549997338853986,2.5499910413217557,2.5499709166895284,2.5499095379191057,2.5497317394974246,2.54924470701202,2.547988279905817,2.544947443044712,2.5380677332171224,2.5235632917194133,2.4951364713279305,2.443414905858278,2.356030072568889,2.218597135874325,2.0162078285478557,1.7335904997895026
974.0,2.5499999868530336,2.5499999776187243,2.5499999344229636,2.5499997772218763,2.5499992222947188,2.549997312949782,2.5499909618869228,2.5499706834975018,2.54990888746859,2.5497300262965887,2.549240470197676,2.5479784952979547,2.5449264549488486,2.538026144322318,2.5234875698689505,2.4950104559589974,2.4432241960072156,2.3557689446938928,2.2182754888687426,2.015854140204531,1.7332474966327953
975.0,2.549999986669514,2.54999997731983,2.5499999336082437,2.549999774659255,2.5499992140488192,2.5499972868329386,2.549990881870282,2.5499704487994874,2.5499082333673933,2.5497283048883244,2.549236216450588,2.5479686790356144,2.544905414118985,2.537984479048021,2.523411755928794,2.49488435720466,2.4430334510783753,2.355507870800467,2.217954002755709,2.015500694236809,1.7329047517249714
976.0,2.5499999864837033,2.549999977017382,2.549999932784604,2.5499997720709793,2.549999205727924,2.5499972605020615,2.549990801268555,2.549970212588368,2.549907575601529,2.549726575248415,2.549231945735451,2.5479588310797303,2.544884320534369,2.5379427374287347,2.523335850023598,2.4947581752765293,2.4428426712959994,2.355246850991768,2.2176326774022104,2.0151474902954525,1.732562264623817
977.0,2.549999986295576,2.549999976711343,2.5499999319519606,2.549999769456833,2.549999197331473,2.5499972339557506,2.549990720078451,2.549969974857006,2.5499069141569892,2.549724837352635,2.549227658016993,2.5479489513913505,2.544863174174449,2.5379009194991644,2.523259852278027,2.4946319103858476,2.442651856883627,2.3549858853703296,2.2173115126753182,2.014794528031899,1.7322200348885102
978.0,2.5499999861051075,2.5499999764016765,2.54999993111023,2.5499997668165983,2.5499991888589015,2.549997207192598,2.549990638296667,2.549969735598247,2.549906249019745,2.5497230911767494,2.549223353259975,2.5479390399316375,2.544841975018872,2.5378590252942157,2.5231837628167577,2.494505562743491,2.442461008064097,2.3547249740380662,2.216990508442191,2.0144418070982626,1.7318780620796121
979.0,2.549999985912272,2.549999976088345,2.5499999302593266,2.5499997641500567,2.549999180309643,2.54999718021119,2.5499905559198885,2.5499694948049174,2.5499055801757438,2.549721336696513,2.5492190314291916,2.547929096661867,2.5448207230474855,2.5378170548489947,2.523107581764475,2.494379132559968,2.442270125059551,2.354464117096277,2.216669664570074,2.014089327147333,1.73153634575906
980.0,2.5499999857170437,2.5499999757713105,2.549999929399165,2.549999761456988,2.5499991716831265,2.549997153010106,2.5499904729447893,2.5499692524698236,2.5499049076109137,2.5497195738876703,2.5492146924894707,2.547919121543428,2.544799418240334,2.537775008198807,2.5230313092458734,2.494252620045419,2.442079208091432,2.354203314645647,2.216348980926299,2.0137370878325758,1.731194885490158
981.0,2.549999985519397,2.549999975450535,2.549999928529658,2.549999758737169,2.549999162978779,2.54999712558792,2.5499903893680305,2.549969008585755,2.5499042313111597,2.549717802725959,2.549210336405675,2.5479091145378243,2.5447780605776615,2.537732885379155,2.522954945385655,2.4941260254096185,2.441888257380491,2.353942566786254,2.2160284573782807,2.013385088808133,1.73085368083757
982.0,2.5499999853193045,2.54999997512598,2.5499999276507195,2.549999755990378,2.5499991541960236,2.5499970979431974,2.5499903051862605,2.5499687631454817,2.549903551262366,2.5497160231871057,2.5492059631427004,2.5478990756066726,2.5447566500399086,2.537690686425739,2.5228784903085284,2.493999348861973,2.4416972731467856,2.3536818736175684,2.215708093793522,2.013033329728822,1.7305127313673119
983.0,2.5499999851167408,2.549999974797607,2.5499999267622617,2.549999753216389,2.5499991453342803,2.549997070074499,2.5499902203961176,2.549968516141755,2.549902867450396,2.5497142352468294,2.5492015726654778,2.5478890047117035,2.5447351866077144,2.537648411374455,2.522801944139208,2.493872590611524,2.4415062556096827,2.353421235238458,2.215387890039609,2.0126818102501383,1.7301720366467421
984.0,2.549999984911679,2.549999974465377,2.549999925864196,2.549999750414976,2.549999136392966,2.549997041980377,2.5499901349942258,2.5499682675673077,2.5499021798610904,2.549712438880839,2.549197164938972,2.5478789018147623,2.5447136702619146,2.5376060602613943,2.5227253070024123,2.493745750866945,2.441315204987862,2.3531606517471904,2.215067845984212,2.0123305300282506,1.729831596244556
985.0,2.5499999847040917,2.54999997412925,2.549999924956434,2.5499997475859115,2.549999127371494,2.5499970136593784,2.5499900489771985,2.5499680174148542,2.5499014884802698,2.5497106340648363,2.549192739928184,2.5478687668778077,2.5446921009835415,2.5375636331228417,2.522648579022864,2.493618829836543,2.441124121499318,2.3529001232414366,2.2147479614950862,2.0119794887200055,1.729491409730777
986.0,2.5499999844939523,2.5499999737891863,2.549999924038885,2.5499997447289653,2.549999118269274,2.549996985110043,2.549989962341637,2.5499677656770903,2.5499007932937334,2.5497088207745136,2.5491882975981484,2.5478585998629124,2.5446704787538237,2.537521129995276,2.5225717603252877,2.493491827728259,2.4409330053613596,2.3526396498182733,2.214428236440071,2.011628685982925,1.7291514766767486
987.0,2.549999984281233,2.549999973445147,2.54999992311146,2.5499997418439073,2.549999109085714,2.549996956330904,2.5499898750841297,2.549967512346693,2.5499000942872594,2.5497069989855556,2.549183837913935,2.5478484007322635,2.544648803554186,2.537478550915367,2.52249485103441,2.4933647447496674,2.4407418567906154,2.352379231574188,2.2141086706870885,2.0112781214752076,1.7288117966551282
988.0,2.5499999840659067,2.54999997309709,2.549999922174066,2.5499997389305045,2.5499990998202167,2.549996927320488,2.5499897872012527,2.5499672574163212,2.5498993914466053,2.549705168673638,2.549179360840649,2.547838169448162,2.544627075366247,2.537435895919976,2.522417851274958,2.493237581107978,2.4405506760030327,2.352118868605079,2.213789264104145,2.010927794855726,1.7284723692398787
989.0,2.5499999838479446,2.549999972744976,2.549999921226613,2.5499997359885236,2.5499990904721828,2.549996898077315,2.5499896986895707,2.5499670008786146,2.549898684757507,2.5497033298144305,2.5491748663434324,2.547827905973024,2.5446052941718227,2.537393165046155,2.522340761171659,2.493110337010033,2.4403594632138823,2.351858561006261,2.213470016559329,2.0105777057840286,1.7281331940062612
990.0,2.549999983627319,2.5499999723887625,2.549999920269008,2.549999733017729,2.5499990810410096,2.5499968685998975,2.5499896095456362,2.5499667427261947,2.54989797420568,2.5497014823835937,2.5491703543874613,2.5478176102693784,2.5445834599529222,2.537350358331145,2.522263580849237,2.4929830126623096,2.4401682186377593,2.3515983088724672,2.213150927920813,2.0102278539203398,1.7277942705308278
991.0,2.5499999834040006,2.549999972028409,2.549999919301158,2.5499997300178836,2.54999907152609,2.549996838886742,2.5499895197659894,2.549966482951665,2.54989725977682,2.5496996263567806,2.549165824937949,2.547807282299869,2.544561572691749,2.537307475812375,2.5221863104324163,2.49285560827092,2.4399769424885847,2.351338112297852,2.2128319980568505,2.0098782389255585,1.7274555983914148
992.0,2.549999983177962,2.549999971663874,2.5499999183229694,2.5499997269887493,2.5499990619268154,2.5499968089363487,2.549989429347158,2.549966221547609,2.549896541456601,2.5496977617096377,2.5491612779601445,2.547796922027255,2.5445396323706997,2.5372645175274604,2.5221089500459155,2.49272812404161,2.4397856349796077,2.351077971375994,2.21251322683578,2.0095288604612582,1.7271171771671352
993.0,2.549999982949173,2.5499999712951147,2.549999917334347,2.5499997239300862,2.5499990522425717,2.54999677874721,2.5499893382856578,2.5499659585065935,2.5498958192306755,2.5496958884178027,2.549156713419333,2.5477865294144086,2.5445176389723656,2.5372214835142044,2.5220314998144504,2.4926005601797607,2.439594296323409,2.3508178861999,2.21219461412602,2.009179718189686,1.7267790064383712
994.0,2.5499999827176048,2.5499999709220886,2.549999916335196,2.5499997208416523,2.5499990424727432,2.5499967483178123,2.5499892465779923,2.549965693821166,2.549895093084678,2.5496940064569085,2.5491521312808367,2.5477761044243166,2.54449559247953,2.537178373810595,2.5219539598627305,2.492472916890389,2.4394029267319004,2.3505578568620056,2.211876159796072,2.008830811773764,1.7264410857867678
995.0,2.549999982483228,2.5499999705447527,2.5499999153254205,2.549999717723205,2.54999903261671,2.549996717646635,2.549989154220653,2.549965427483856,2.5498943630042206,2.549692115802579,2.549147531510015,2.547765647020081,2.5444734928751687,2.5371351884548043,2.52187633031546,2.4923451943781463,2.4392115264163294,2.3502978834541817,2.2115578637145195,2.0084821408770868,1.7261034147952257
996.0,2.5499999822460127,2.549999970163064,2.5499999143049235,2.549999714574499,2.549999022673849,2.5499966867321504,2.5499890612101197,2.549965159487174,2.549893628974896,2.5496902164304327,2.5491429140722635,2.547755157164918,2.5444513401424502,2.5370919274851884,2.5217986112973354,2.4922173928473192,2.4390200955872796,2.3500379660677337,2.2112397257500276,2.0081337051639228,1.7257659930478944
997.0,2.5499999820059287,2.5499999697769784,2.549999913273608,2.549999711395288,2.5499990126435343,2.549996655572824,2.5499889675428586,2.5499648898236122,2.5498928909822767,2.549688308316081,2.549138278933015,2.5477446348221577,2.544429134264734,2.537048590940285,2.5217208029330456,2.49208951250183,2.438828634454673,2.3497781047934065,2.2109217457713433,2.007785504299213,1.7254288201301653
998.0,2.549999981762946,2.5499999693864526,2.5499999122313763,2.5499997081853247,2.5499990025251353,2.549996624167115,2.5499888732153253,2.549964618485645,2.549892149011914,2.549686391435129,2.5491336260577406,2.547734079955246,2.544406875225572,2.5370051788588146,2.5216429053472695,2.4919615535452366,2.4386371432277723,2.349518299721386,2.210603923647295,2.0074375379485714,1.7250918956286652
999.0,2.5499999815170344,2.549999968991442,2.5499999111781286,2.5499997049443595,2.5499989923180184,2.5499965925134753,2.5499887782239616,2.5499643454657277,2.549891403049341,2.549684465763176,2.549128955411948,2.5477234925277426,2.5443845630087054,2.5369616912796773,2.5215649186646774,2.4918335161807343,2.4384456221151827,2.3492585509413044,2.210286259246793,2.007089805778282,1.7247552191312496
1000.0,2.549999981268162,2.549999968591902,2.5499999101137663,2.549999701672141,2.549998982021547,2.5499965606103503,2.5499886825651985,2.549964070756298,2.549890653080069,2.5496825312758142,2.5491242669611824,2.5477128725033213,2.5443621975980664,2.536918128241953,2.521486843009928,2.4917054006111528,2.4382540713248546,2.3489988585422394,2.2099687524388285,2.0067423074553012,1.7244187902269956
1001.0,2.549999981016298,2.549999968187787,2.5499999090381884,2.5499996983684166,2.5499989716350817,2.549996528456178,2.549988586235454,2.5499637943497744,2.54988989908959,2.549680587948631,2.549119560671029,2.547702219845772,2.5443397789777777,2.5368744897849007,2.5214086785076684,2.4915772070389592,2.4380624910640845,2.3487392226127204,2.2096514030924737,2.0063950426472568,1.724082608506196
1002.0,2.5499999807614118,2.549999967779052,2.5499999079512947,2.5499996950329322,2.549998961157978,2.54999649604939,2.5499884892311337,2.549963516238558,2.549889141063377,2.5496786357572074,2.5491148365071084,2.547691534518998,2.5443173071321517,2.5368307759479563,2.521330425282532,2.4914489356662575,2.4378708815395167,2.3484796432407293,2.209334211076882,2.006048011022445,1.7237466735603524
1003.0,2.549999980503471,2.5499999673656513,2.5499999068529826,2.549999691665432,2.5499989505895893,2.5499964633884113,2.5499883915486308,2.549963236415032,2.5498883789868816,2.5496766746771193,2.549110094435082,2.5476808164870177,2.544294782045689,2.5367869867707338,2.5212520834591405,2.491320586694788,2.437679242957148,2.348220120513703,2.209017176261288,2.0057012122498326,1.7234109849821688
1004.0,2.549999980242444,2.5499999669475386,2.54999990574315,2.549999688265659,2.5499989399292646,2.5499964304716585,2.5499882931843274,2.54996295487156,2.5498876128455374,2.5496747046839365,2.5491053344206485,2.547670065713965,2.5442722037030796,2.5367431222930223,2.5211736531620996,2.4911921603259275,2.437487575522326,2.347960654518538,2.2087002985150077,2.0053546459990557,1.7230755423655457
1005.0,2.5499999799782977,2.549999966524667,2.5499999046216937,2.5499996848333533,2.5499989291763496,2.549996397297543,2.549988194134592,2.5499626716004875,2.5498868426247574,2.5496727257532243,2.5491005564295453,2.5476592821640875,2.544249572089202,2.5366991825547864,2.521095134516,2.4910636567606916,2.4372958794397546,2.3477012453415917,2.2083835777074383,2.005008311940418,1.7227403453055734
1006.0,2.5499999797110005,2.5499999660969896,2.5499999034885095,2.5499996813682544,2.549998918330187,2.5499963638644685,2.549988094395782,2.5499623865941428,2.549886068309935,2.5496707378605423,2.5490957604275493,2.547648465801749,2.5442268871891223,2.536655167596164,2.5210165276454166,2.490935076199732,2.4371041549134924,2.3474418930686847,2.208067013708057,2.004662209744892,1.7224053933985255
1007.0,2.549999979440519,2.549999965664459,2.549999902343493,2.5499996778700997,2.549998907390116,2.5499963301708313,2.5499879939642414,2.5499620998448354,2.549885289886445,2.549668740981445,2.549090946380476,2.547637616591426,2.544204148988094,2.536611077457467,2.520937832674907,2.49080641884334,2.436912402146957,2.3471825977851046,2.2077506063864223,2.0043163390841157,1.7220706862418536
1008.0,2.5499999791668206,2.5499999652270278,2.5499999011865384,2.5499996743386255,2.5499988963554716,2.5499962962150216,2.5499878928363024,2.5499618113448563,2.5498845073396423,2.549666735091484,2.54908611425418,2.5476267344977117,2.544181357471558,2.536566912179178,2.5208590497290095,2.4906776848914434,2.4367206213429276,2.3469233595756087,2.2074343556121736,2.0039706996303943,1.72173622343418
1009.0,2.5499999788898715,2.5499999647846474,2.5499999000175393,2.549999670773566,2.549998885225586,2.5499962619954224,2.549987791008285,2.549961521086479,2.549883720654863,2.5496647201662035,2.5490812640145566,2.5476158194853133,2.544158512625142,2.536522671801954,2.5207801789322457,2.490548874543608,2.4365288127035445,2.3466641785244255,2.2071182612550317,2.003625291056699,1.7214020045752925
1010.0,2.5499999786096383,2.5499999643372697,2.5499998988363886,2.5499996671746543,2.549998873999788,2.5499962275104098,2.5499876884764965,2.5499612290619584,2.549882929817423,2.5496626961811453,2.5490763956275395,2.547604871519053,2.5441356144346594,2.5364783563666187,2.520701220409116,2.4904199879990396,2.436336976430313,2.346405054715258,2.2068023231847973,2.003280113036666,1.721068029266138
1011.0,2.549999978326087,2.5499999638848454,2.5499998976429787,2.5499996635416204,2.549998862677402,2.549996192758352,2.5499875852372327,2.549960935263532,2.54988213481262,2.5496606631118466,2.5490715090591025,2.547593890563868,2.5441126628861097,2.5364339659141675,2.5206221742841004,2.4902910254565818,2.436145112724105,2.346145988231286,2.206486541271353,2.002935165244595,1.7207342971088169
1012.0,2.5499999780391827,2.5499999634273247,2.549999896437201,2.549999659874194,2.5499988512577483,2.549996157737611,2.549987481286776,2.5499606396834187,2.549881335625733,2.54965862093384,2.5490666042752603,2.5475828765848103,2.544089657965678,2.5363895004857637,2.5205430406816576,2.4901619871147176,2.4359532217851596,2.345886979155171,2.206170915384661,2.002590447355449,1.7204008077065767
1013.0,2.5499999777488913,2.549999962964659,2.5499998952189458,2.5499996561721026,2.549998839740146,2.5499961224465415,2.549987376621397,2.5499603423138186,2.549880532242021,2.549656569622654,2.5490616812420672,2.5475718295470466,2.544066599659734,2.536344960122738,2.5204638197262237,2.4900328731715686,2.4357613038130874,2.3456280275690538,2.205855445394766,2.002245959044855,1.7200675606638065
1014.0,2.5499999774551783,2.549999962496797,2.5499998939881032,2.5499996524350723,2.549998828123908,2.549996086883491,2.5499872712373546,2.549960043146915,2.549879724646725,2.549654509153814,2.5490567399256174,2.547560749415859,2.5440434879548315,2.5363003448665884,2.520384511542212,2.4899036838248962,2.43556935900687,2.3453691335545623,2.205540131171792,2.0019016999890997,1.7197345555860313
1015.0,2.549999977158008,2.5499999620236884,2.5499998927445624,2.549999648662827,2.549998816408346,2.549996051046801,2.549987165130894,2.5499597421748725,2.5498789128250667,2.5496524395028417,2.5490517802920465,2.5475496361566443,2.5440203228377096,2.5362556547589787,2.5203051162540118,2.489774419272102,2.4353773875648645,2.345110297192811,2.205224972585946,2.0015576698651327,1.7194017920799056
1016.0,2.549999976857345,2.5499999615452826,2.5499998914882114,2.5499996448550895,2.5499988045927657,2.549996014934805,2.549987058298249,2.549959439389838,2.5498780967622494,2.5496503606452547,2.54904680230753,2.547538489734914,2.5439971042952907,2.5362108898417373,2.5202256339859863,2.4896450797102276,2.435185389684803,2.344851518564404,2.204909969507513,2.0012138683505634,1.7190692697532088
1017.0,2.5499999765531536,2.5499999610615283,2.5499998902189374,2.5499996410115804,2.549998792676471,2.549995978545829,2.549986950735641,2.5499591347839408,2.549877276443458,2.549648272556567,2.5490418059382853,2.5475273101162945,2.54397383231468,2.536166050156857,2.520146064862475,2.4895156653359547,2.434993365563795,2.3445927977494385,2.2045951218068622,2.00087029512366,1.7187369882148382
1018.0,2.5499999762453975,2.5499999605723733,2.5499998889366275,2.549999637132019,2.5499987806587616,2.549995941878193,2.5499868424392784,2.5499588283492907,2.5498764518538586,2.549646175212291,2.549036791150571,2.5475160972665276,2.543950506883166,2.5361211357464932,2.52006640900779,2.4893861763456058,2.4348013153983317,2.344334134827506,2.2042804293544416,2.0005269498633496,1.7184049470748046
1019.0,2.5499999759340404,2.5499999600777654,2.5499998876411674,2.5499996332161223,2.5499987685389334,2.5499959049302086,2.5499867334053583,2.5499585200779813,2.5498756229785986,2.5496440685879347,2.549031757910686,2.5475048511514697,2.5439271279882187,2.5360761466529644,2.5199866665462167,2.4892566129351437,2.4346092393842844,2.344075529877696,2.203965892020781,2.0001838322492165,1.7180731459442264
1020.0,2.5499999756190457,2.549999959577652,2.549999886332442,2.549999629263606,2.5499987563162785,2.5499958677001815,2.549986623630064,2.5499582099620874,2.5498747898028076,2.5496419526590044,2.549026706184971,2.547493571737093,2.5439036956174914,2.5360310829187496,2.519906837602011,2.4891269753001732,2.434417137716909,2.3438169829785975,2.203651509676492,1.999840941961502,1.7177415844353237
1021.0,2.549999975300376,2.54999995907198,2.549999885010335,2.5499996252741832,2.549998743990086,2.5499958301864094,2.549986513109568,2.549957897993666,2.5498739523115965,2.549639827401003,2.549021635939809,2.547482258989483,2.543880209758818,2.5359859445864887,2.519826922299401,2.48899726363594,2.434225010590846,2.343558494208302,2.2033372821922685,1.9994982786833877,1.717410264316479
1022.0,2.5499999749779945,2.5499999585606963,2.54999988367473,2.5499996212475673,2.5499987315596404,2.549995792387183,2.549986401840029,2.5499575841647566,2.5498731104900583,2.5496376927894304,2.549016547141624,2.5474709128748416,2.543856670400214,2.535940731698981,2.519746920762585,2.488867478137332,2.4340328582001245,2.343300063644406,2.203023209438925,1.9991558421122861,1.7170791873257538
1023.0,2.549999974651863,2.5499999580437467,2.5499998823255097,2.549999617183468,2.5499987190242237,2.5499957543007863,2.549986289817594,2.549957268467381,2.5498722643232683,2.5496355487997855,2.5490114397568826,2.547459533359485,2.543833077529875,2.535895444299185,2.51966683311573,2.488737618998878,2.4338406807381627,2.343041691364013,2.20270929128744,1.998813631948207,1.716748353037262
1024.0,2.5499999743219433,2.5499999575210763,2.549999880962556,2.5499996130815936,2.549998706383113,2.5499957159254962,2.549986177038398,2.5499569508935416,2.549871413796283,2.549633395407564,2.5490063137520926,2.547448120409844,2.5438094311361787,2.5358500824302164,2.5195866594829726,2.488607686414751,2.433648478397769,2.3427833774437374,2.2023955276089535,1.998471647891476,1.716417761026766
1025.0,2.5499999739881978,2.549999956992631,2.5499998795857497,2.5499996089416515,2.5499986936355823,2.5499956772595818,2.5499860634985625,2.5499566314352253,2.549870558894141,2.54963123258826,2.5490011690938053,2.547436673992465,2.54378573120768,2.535804646135348,2.5195063999884173,2.488477680578764,2.4334562513711466,2.3425251219597065,2.2020819182747644,1.9981298896427402,1.716087410871661
1026.0,2.5499999736505874,2.5499999564583553,2.5499998781949706,2.549999604763346,2.5499986807809023,2.549995638301305,2.549985949194198,2.5499563100843994,2.5498696996018637,2.5496290603173652,2.5489960057486143,2.5474251940740094,2.543761977733115,2.5357591354580094,2.5194260547561353,2.4883476016843757,2.433263999849893,2.3422669249875634,2.2017684631563283,1.9977883569029733,1.7157573021509642
1027.0,2.5499999733090735,2.5499999559181936,2.549999876790098,2.549999600546381,2.549998667818339,2.5499955990489216,2.549985834121401,2.5499559868330146,2.5498688359044546,2.54962687857037,2.5489908236831553,2.547413680621253,2.5437381707013977,2.5357135504417845,2.5193456239101644,2.488217449924686,2.4330717240250017,2.3420087866024697,2.201455162125255,1.9974470493734795,1.715427434445299
1028.0,2.549999972963616,2.5499999553720896,2.5499998753710105,2.5499995962904576,2.5499986547471547,2.5499955595006782,2.549985718276256,2.5499556616730032,2.5498679677868985,2.5496246873227637,2.548985622864107,2.5474021336010866,2.543714310101622,2.535667891130412,2.5192651075745083,2.4880872254924395,2.4328794240868663,2.3417507068791092,2.2011420150533074,1.9971059667558988,1.7150978073368826
1029.0,2.549999972614176,2.5499999548199868,2.5499998739375855,2.549999591995275,2.5499986415666096,2.5499955196548156,2.549985601654837,2.54995533459628,2.5498670952341644,2.549622486550033,2.5489804032581915,2.547390552980516,2.5436903959230595,2.5356221575677838,2.519184505873134,2.4879569285800236,2.43268710022528,2.3414926858916885,2.2008290218123987,1.9967651087522105,1.714768420409512
1030.0,2.549999972260713,2.5499999542618283,2.5499998724896993,2.549999587660532,2.5499986282759584,2.549995479509567,2.5499854842532033,2.549955005594743,2.549866218231202,2.5496202762276643,2.5489751648321737,2.5473789387266623,2.5436664281551584,2.5355763497979447,2.5191038189299753,2.4878265593794704,2.4324947526294394,2.3412347237139417,2.2005161822745904,1.9964244750647382,1.7144392732485525
1031.0,2.549999971903187,2.549999953697557,2.549999871027228,2.5499995832859237,2.5499986148744522,2.5499954390631587,2.5499853660674026,2.549954674660271,2.549865336762945,2.5496180563311426,2.5489699075528613,2.547367290806761,2.5436424067875456,2.535530467865091,2.519023046868927,2.487696118082457,2.4323023814879443,2.340976820419131,2.2002034963120924,1.9960840653961542,1.7141103654409235
1032.0,2.5499999715415576,2.5499999531271147,2.549999869550046,2.5499995788711445,2.5499986013613394,2.549995398313809,2.54998524709347,2.549954341784726,2.549864450814309,2.549615826835952,2.548964631387107,2.547355609188162,2.543618331810024,2.53548451181357,2.5189421898138473,2.4875656048803036,2.4321099869888023,2.3407189760800504,2.199890963797258,1.9957438794494833,1.7137816965750867
1033.0,2.549999971175783,2.5499999525504427,2.549999868058028,2.549999574415887,2.5499985877358635,2.5499953572597294,2.549985127327428,2.5499540069599522,2.5498635603701927,2.5496135877175754,2.5489593363018055,2.547343893838332,2.5435942032125727,2.5354384816878794,2.518861247888556,2.4874350199639776,2.431917569319428,2.3404611907690294,2.1995785846025835,1.9954039169281064,1.7134532662410324
1034.0,2.549999970805823,2.5499999519674823,2.5499998665510466,2.5499995699198412,2.5499985739972644,2.5499953158991238,2.549985006765287,2.549953670177777,2.549862665415477,2.549611338951496,2.5489540222638962,2.5473321447248494,2.5435700209853476,2.5353923775326654,2.5187802212168346,2.48730436352409,2.4317251286666464,2.340203464557933,2.1992663586007075,1.995064177535765,1.7131250740302688
1035.0,2.549999970431635,2.549999951378174,2.549999865028975,2.549999565382696,2.549998560144779,2.5499952742301892,2.549984885403045,2.549953331430009,2.549861765935027,2.5496090805131955,2.5489486892403623,2.5473203618154097,2.54354578511868,2.535346199392723,2.5186991099224243,2.4871736357508976,2.4315326652166935,2.3399457975181654,2.1989542856644086,1.9947246609765648,1.7127971195358085
1036.0,2.5499999700531775,2.5499999507824587,2.5499998634916836,2.549999560804138,2.549998546177639,2.549995232251115,2.5499847632366865,2.5499529907084404,2.549860861913689,2.5496068123781566,2.548943337198232,2.547308545077823,2.543521495603075,2.5352999473129945,2.518617914129026,2.4870428368343047,2.4313401791552196,2.3396881897206736,2.1986423656666023,1.9943853669549796,1.7124694023521572
1037.0,2.549999969670407,2.5499999501802755,2.5499998619390434,2.5499995561838524,2.5499985320950738,2.549995189960083,2.5499846402621857,2.549952648004845,2.549859953336294,2.54960453452186,2.548937966104576,2.5472966944800133,2.543497152429215,2.5352536213385695,2.5185366339603004,2.486911966963861,2.4311476706672908,2.339430641235948,2.198330598480342,1.9940462951758549,1.7121419220753011
1038.0,2.549999969283282,2.549999949571564,2.549999860370924,2.5499995515215224,2.549998517896307,2.5499951473552676,2.549984516475502,2.54995230331098,2.549859040187656,2.5496022469197883,2.5489325759265107,2.54728480999002,2.543472755587954,2.535207221514682,2.5184552695398654,2.4867810263287633,2.4309551399373897,2.339173152134026,2.1980189839788156,1.9937074453444112,1.7118146783026966
1039.0,2.549999968891759,2.549999948956264,2.549999858787194,2.549999546816829,2.5499985035805612,2.549995104434837,2.549984391872585,2.549951956618585,2.549858122452571,2.5495999495474226,2.5489271666311972,2.5472728915759966,2.5434483050703207,2.535160747886712,2.5183738209912963,2.486650015117854,2.4307625871494176,2.3389157224844936,2.1977075220353446,1.9933688171662478,1.711487670633257
1040.0,2.5499999684957944,2.5499999483343125,2.5499998571877214,2.5499995420694512,2.549998489147052,2.54999506119695,2.549984266449368,2.549951607919381,2.5498572001158197,2.5495976423802453,2.548921738185841,2.5472609392062124,2.543423800867518,2.5351142005001837,2.5182922884381256,2.4865189335196245,2.4305700124866987,2.338658352356488,2.197396212523382,1.9930304103473457,1.7111608986673423
1041.0,2.5499999680953445,2.549999947705648,2.549999855572373,2.549999537279067,2.5499984745949935,2.5499950176397608,2.549984140201776,2.5499512572050733,2.5498562731621655,2.549595325393739,2.548916290557692,2.5472489528490505,2.5433992429709207,2.5350675794007644,2.518210672003842,2.4863877817222138,2.430377416131978,2.3384010418187016,2.1970850553165113,1.9926922245940717,1.7108343620067474
1042.0,2.549999967690365,2.5499999470702073,2.549999853941015,2.549999532445352,2.5499984599235943,2.549994973761413,2.549984013125719,2.5499509044673485,2.549855341576355,2.549592998563387,2.548910823714046,2.5472369324730084,2.5433746313720773,2.5350208846342634,2.5181289718118895,2.486256559913408,2.430184798267426,2.3381437909393807,2.196774050288446,1.9923542596131805,1.710508060254691
1043.0,2.549999967280811,2.5499999464279277,2.5499998522935123,2.549999527567979,2.54999844513206,2.5499949295600457,2.5499838852170944,2.5499505496978765,2.5498544053431202,2.5495906618646735,2.548905337622244,2.5472248780466993,2.5433499660627072,2.534974116246633,2.5180471879856667,2.486125268280643,2.429992159074639,2.3378865997863314,2.1964631973130264,1.9920165151118185,1.7101819930158049
1044.0,2.549999966866639,2.5499999457787457,2.5499998506297294,2.5499995226466203,2.549998430219593,2.5499948850337883,2.5499837564717884,2.54995019288831,2.549853464447174,2.5495883152730827,2.5488998322496714,2.54721278953885,2.543325247034702,2.5349272742839637,2.5179653206485257,2.485993907011002,2.4297994987346425,2.337629468426921,2.1961524962642205,1.9916789907975267,1.7098561598961228
1045.0,2.549999966447802,2.549999945122597,2.549999848949529,2.549999517680946,2.549998415185389,2.5499948401807644,2.5499836268856737,2.5499498340302846,2.549852518873216,2.549585958764101,2.54889430756376,2.5472006669183016,2.5433004742801244,2.5348803587924884,2.5178833699237724,2.485862476291218,2.429606817427891,2.337372396928078,2.1958419470161203,1.9913416863782438,1.70953056050307
1046.0,2.5499999660242554,2.5499999444594175,2.549999847252774,2.5499995126706225,2.5499984000286426,2.549994794999089,2.5499834964546118,2.549949473115418,2.5498515686059275,2.549583592313215,2.5488887635319877,2.5471885101540113,2.543275647791208,2.5348333698185783,2.5178013359346654,2.4857309763076736,2.4294141153342714,2.337115385356298,2.195531549442942,1.991004601562309,1.7092051944454518
1047.0,2.5499999655959527,2.5499999437891416,2.5499998455393253,2.549999507615317,2.5499983847485437,2.5499947494868698,2.54998336517445,2.549949110135311,2.5498506136299746,2.549581215895914,2.5488832001218773,2.547176319215049,2.543250767560357,2.534786307408743,2.5177192188044146,2.4855994072464003,2.4292213926331034,2.3368584337776426,2.195221303419025,1.9906677360584648,1.708880061333445
1048.0,2.5499999651628475,2.549999943111704,2.549999843809044,2.549999502514693,2.549998369344278,2.549994703642208,2.5499832330410244,2.5499487450815472,2.5498496539300075,2.5495788294876873,2.548877617300998,2.5471640940706,2.543225833580145,2.5347391716096292,2.5176370186561825,2.4854677692930816,2.429028649503143,2.336601542257744,2.19491120881883,1.9903310895758595,1.708555160778585
1049.0,2.5499999647248934,2.5499999424270388,2.5499998420617893,2.549999497368413,2.5499983538150266,2.549994657463196,2.549983100050158,2.549948377945693,2.5498486894906605,2.549576433064027,2.548872015036965,2.547151834689964,2.543200845843315,2.5346919624680213,2.5175547356130807,2.485336062633049,2.428835886122583,2.3363447108618054,2.194601265516938,1.9899946618240496,1.7082304923937581
1050.0,2.549999964282043,2.5499999417350794,2.5499998402974198,2.549999492176136,2.5499983381599676,2.54999461094792,2.549982966197662,2.549948008719298,2.5498477202965515,2.5495740266004265,2.5488663932974394,2.547139541042555,2.54317580434278,2.534644680030839,2.5174723697981713,2.4852042874512876,2.428643102669055,2.3360879396546057,2.194291473388049,1.9896584525130032,1.7079060557931898
1051.0,2.5499999638342485,2.5499999410357583,2.549999838515793,2.549999486937521,2.549998322378275,2.5499945640944577,2.5499828314793342,2.549947637393894,2.5498467463322836,2.5495716100723813,2.5488607520501296,2.547127213097901,2.5431507090716208,2.5345973243451363,2.517389921334466,2.485072443932432,2.4284502993196315,2.3358312287004983,2.193981832306982,1.9893224613531022,1.7075818505924356
1052.0,2.5499999633814623,2.5499999403290086,2.5499998367167653,2.549999481652224,2.5499983064691185,2.5499945169008793,2.5499826958909604,2.5499472639609966,2.5498457675824437,2.549569183455389,2.54885509126279,2.547114850825644,2.543125560023086,2.5345498954581025,2.517307390344926,2.4849405322607683,2.428257476250827,2.3355745780634156,2.1936723421486723,1.9889866880551443,1.707257876408371
1053.0,2.549999962923636,2.5499999396147617,2.549999834900193,2.549999476319899,2.549998290431663,2.5499944693652483,2.5499825594283134,2.5499468884121033,2.5498447840316034,2.5495667467249494,2.5488494109032214,2.5471024541955414,2.543100357190593,2.5345023934170605,2.5172247769524576,2.484808552620236,2.4280646336386007,2.335317987806871,2.193363002788172,1.9886511323303457,1.7069341328591816
1054.0,2.5499999624607206,2.5499999388929493,2.549999833065931,2.5499994709401985,2.5499982742650715,2.54999442148562,2.5499824220871545,2.5499465107386956,2.549843795664319,2.5495642998565646,2.548843710939272,2.5470900231774642,2.5430751005677266,2.534454818269465,2.5171420812799172,2.4846765051944253,2.4278717716583578,2.3350614579939593,2.193053814100648,1.9883157938903435,1.706610619564354
1055.0,2.5499999619926674,2.549999938163502,2.549999831213833,2.549999465512772,2.549998257968501,2.549994373260042,2.549982283863231,2.5499461309322373,2.5498428024651303,2.5495618428257396,2.5488379913388375,2.5470775577413978,2.5430497901482374,2.534407170062903,2.5170593034501065,2.4845443901665805,2.427678890484951,2.334804988687361,2.1927447759613816,1.987980672447198,1.7062873361446658
1056.0,2.5499999615194264,2.54999993742635,2.549999829343751,2.5499994600372684,2.5499982415411053,2.5499943246865544,2.5499821447522795,2.5499457489841757,2.5498418044185636,2.549559375607982,2.5488322520698596,2.5470650578574405,2.5430244259260433,2.534359448845094,2.5169764435857744,2.4844122077195987,2.4274859902926824,2.3345485799493426,2.1924358882457673,1.9876457677133939,1.7059642822221768
1057.0,2.5499999610409483,2.5499999366814237,2.5499998274555375,2.5499994545133333,2.5499982249820343,2.5499942757631904,2.5499820047500226,2.549945364885941,2.549840801509129,2.549556898178802,2.5488264931003273,2.547052523495806,2.5429990078952276,2.5343116546638846,2.516893501809614,2.4842799580360295,2.4272930712553054,2.3342922318417605,2.1921271508293114,1.9873110794018438,1.705641457420219
1058.0,2.5499999605571824,2.549999935928652,2.5499998255490435,2.549999448940611,2.549998208290433,2.5499942264879754,2.549981863852171,2.5499449786289468,2.5498397937213215,2.549554410513713,2.548820714398278,2.5470399546268228,2.54297353605004,2.5342637875672542,2.5168104782442637,2.484147641298078,2.4271001335460265,2.3340359444260605,2.191818563587632,1.9869766072258894,1.7053188613633883
1059.0,2.549999960068078,2.549999935167964,2.5499998236241184,2.5499994433187436,2.5499981914654435,2.549994176858926,2.549981722054423,2.549944590204589,2.5498387810396212,2.5495519125882313,2.548814915931796,2.547027351220931,2.5429480103848947,2.5342158476033085,2.5167273730123063,2.4840152576876022,2.4269071773375073,2.333779717763283,2.1915101263964587,1.9866423508993034,1.7049964936775353
1060.0,2.5499999595735843,2.5499999343992874,2.5499998216806112,2.5499994376473714,2.549998174506203,2.5499941268740534,2.5499815793524645,2.5499441996042473,2.549837763448494,2.5495494043778772,2.548809097669013,2.5470147132486862,2.5429224308943708,2.5341678348202823,2.516644186236268,2.4838828073861157,2.4267142028018647,2.333523551914061,2.1912018391316295,1.9863083101362922,1.704674353989756
1061.0,2.549999959073649,2.54999993362255,2.54999981971837,2.5499994319261323,2.5499981574118444,2.5499940765313593,2.549981435741968,2.5499438068192846,2.5498367409323897,2.549546885858174,2.548803259578109,2.547002040680758,2.5428967975732117,2.5341197492665373,2.516560918038618,2.4837502905747866,2.4265212101106743,2.3332674469386268,2.1908937016690917,1.9859744846514966,1.7043524419283835
1062.0,2.549999958568221,2.5499999328376792,2.549999817737242,2.549999426154662,2.549998140181497,2.5499940258288385,2.549981291218595,2.5499434118410464,2.5498357134757437,2.5495443570046477,2.5487974016273123,2.5469893334879288,2.5428711104163244,2.5340715909905613,2.516477568541768,2.483617707434438,2.4263281994349724,2.3330114028968096,2.1905857138849014,1.9856408741599947,1.7040307571229787
1063.0,2.5499999580572474,2.549999932044601,2.549999815737072,2.549999420332594,2.5499981228142863,2.5499939747644778,2.5499811457779926,2.549943014660862,2.5498346810629773,2.54954181779283,2.5487915237848977,2.546976591641096,2.5428453694187803,2.534023360040969,2.5163941378680708,2.4834850581455497,2.426135170945255,2.332755419848041,2.190277875655222,1.9853074783773033,1.7037092992043223
1064.0,2.5499999575406758,2.5499999312432426,2.5499998137177053,2.5499994144595615,2.549998105309333,2.549993923336257,2.549980999415797,2.549942615270045,2.5498336436784967,2.5495392681982554,2.5487856260191903,2.54696381511127,2.5428195745758124,2.5339750564664976,2.5163106261398216,2.483352342888258,2.4259421248114834,2.332499497851354,2.189970186856323,1.9849742970193787,1.7033880678044064
1065.0,2.5499999570184526,2.5499999304335286,2.5499998116789864,2.5499994085351934,2.5499980876657533,2.549993871542148,2.549980852127631,2.5499422136598895,2.549832601306694,2.5495367081964617,2.5487797082985626,2.5469510038695744,2.5427937258828175,2.5339266803160103,2.5162270334792547,2.483219561842354,2.4257490612030823,2.3322436369653863,2.1896626473645804,1.98464132980262,1.7030670625564255
1066.0,2.5499999564905247,2.5499999296153844,2.5499998096207572,2.5499994025591177,2.5499980698826605,2.549993819380114,2.5499807039091054,2.5499418098216755,2.5498315539319467,2.5495341377629925,2.5487737705914353,2.546938157887248,2.5427678233353537,2.5338782316384925,2.5161433600085457,2.4830867151872877,2.425555980288944,2.3319878372483838,2.1893552570564756,1.9843085764438688,1.7027462830947686
1067.0,2.549999955956838,2.5499999287887336,2.54999980754286,2.5499993965309597,2.549998051959163,2.5499937668481123,2.549980554755818,2.549941403746666,2.549830501538618,2.549531556873394,2.5487678128662776,2.5469252771356414,2.542741866929141,2.5338297104830527,2.5160596058498084,2.4829538031021654,2.4253628822374282,2.331732098758199,2.189048015808594,1.9839760366604124,1.702425729055011
1068.0,2.549999955417337,2.549999927953501,2.5499998054451356,2.5499993904503433,2.5499980338943655,2.549993713944091,2.549980404663354,2.549940995426106,2.5498294441110567,2.5495289655032183,2.5487618350916086,2.5469123615862204,2.54271585666006,2.5337811168989206,2.5159757711250963,2.482820825765752,2.425169767216366,2.3314764215522965,2.188740923497626,1.9836437101699844,1.7021054000739064
1069.0,2.5499999548719683,2.549999927109609,2.5499998033274234,2.5499993843168896,2.5499980156873674,2.549993660665992,2.5499802536272873,2.5499405848512255,2.5498283816335983,2.549526363628021,2.5487558372359946,2.5468994112105623,2.542689792524154,2.533732450935447,2.5158918559564007,2.4826877833564702,2.4249766353930586,2.3312208056877513,2.1884339800003647,1.983311596690766,1.7017852957893784
1070.0,2.5499999543206755,2.549999926256981,2.5499998011895624,2.5499993781302184,2.5499979973372646,2.5499936070117473,2.5499801016431776,2.5499401720132373,2.549827314090563,2.5495237512233637,2.5487498192680524,2.5468864259803596,2.542663674517625,2.533683712642103,2.5158078604656504,2.4825546760524007,2.4247834869342824,2.330965251221254,2.1881271851937063,1.982979695941388,1.701465415840513
1071.0,2.549999953763403,2.549999925395539,2.54999979903139,2.5499993718899465,2.5499979788431495,2.5499935529792834,2.5499799487065733,2.5499397569033375,2.549826241466257,2.5495211282648116,2.5487437811564475,2.5468734058674167,2.5426375026368353,2.5336349020684796,2.515723784774712,2.4824215040312847,2.424590322006287,2.330709758209111,2.1878205389546492,1.9826480076409314,1.7011457598675506
1072.0,2.5499999532000954,2.549999924525204,2.549999796852743,2.549999365595689,2.5499979602041094,2.5499934985665176,2.54997979481301,2.5499393395127057,2.5498251637449743,2.549518494727936,2.548737722869894,2.5468603508436525,2.542611276878307,2.533586019264286,2.515639629005388,2.482288267470521,2.4243971407748006,2.3304543267072457,2.187514041160293,1.9823165315089293,1.7008263275118785
1073.0,2.5499999526306953,2.549999923645898,2.5499997946534565,2.549999359247059,2.5499979414192273,2.5499934437713603,2.5499796399580106,2.5499389198325058,2.5498240809109936,2.549515850588312,2.5487316443771566,2.5468472608810986,2.542584997238721,2.533537064279349,2.515555393279417,2.48215496654717,2.424203943405028,2.3301989567712016,2.18720769168784,1.9819852672653677,1.7005071184160234
1074.0,2.549999952055146,2.5499999227575407,2.5499997924333653,2.5499993528436673,2.5499979224875826,2.5499933885917137,2.5499794841370846,2.5499384978538844,2.54982299294858,2.5495131958215222,2.548725545647048,2.546834135951899,2.542558663714917,2.5334880371636133,2.5154710777184732,2.482021601437951,2.4240107300616547,2.3299436484561435,2.18690149041459,1.981654214630687,1.700188132223643
1075.0,2.5499999514733895,2.549999921860052,2.549999790192303,2.549999346385123,2.54999790340825,2.549993333025472,2.549979327345731,2.549938073567972,2.549821899841986,2.549510530403153,2.5487194266484314,2.5468209760283123,2.542532276303893,2.53343893796714,2.515386682444165,2.4818881723192447,2.4238175009088483,2.32968840181686,2.1865954372179464,1.981323373325783,1.6998693685795196
1076.0,2.549999950885368,2.549999920953351,2.5499997879301013,2.549999339871032,2.5499978841803,2.5499932770705223,2.5499791695794345,2.549937646965884,2.5498208015754495,2.5495078543087963,2.54871328735022,2.5468077810827086,2.542505835002805,2.533389766740105,2.5153022075780362,2.481754679367093,2.4236242561102594,2.329433216907764,2.18628953197541,1.9809927430720073,1.6995508271295523
1077.0,2.549999950291023,2.5499999200373566,2.5499997856465924,2.5499993333009985,2.549997864802799,2.5499932207247435,2.5499790108336686,2.549937218038717,2.5498196981331955,2.549505167514051,2.5487071277213764,2.546794551087572,2.542479339808965,2.5333405235328,2.515217653241563,2.4816211227571983,2.4234309958290234,2.3291780937828954,2.1859837745645816,1.98066232359117,1.6992325075207495
1078.0,2.549999949690296,2.549999919111987,2.5499997833416055,2.549999326674625,2.549997845274809,2.549993163986007,2.5499788511038934,2.5499367867775535,2.549818589499435,2.54950246999452,2.548700947730913,2.5467812860154986,2.542452790719844,2.5332912083956307,2.5151330195561554,2.4814875026649257,2.4232377202277626,2.3289230324959225,2.1856781648631602,1.9803321146055393,1.698914409401222
1079.0,2.549999949083127,2.5499999181771593,2.54999978101497,2.5499993199915116,2.5499978255953883,2.5499931068521757,2.549978690385557,2.5499363531734587,2.549817475658367,2.549499761725815,2.5486947473478927,2.5467679858391983,2.5424261877330685,2.5332418213791166,2.515048306643157,2.481353819265303,2.423044429468587,2.3286680331001444,2.185372702748944,1.9800021158378425,1.6985965324201762
1080.0,2.5499999484694564,2.5499999172327907,2.5499997786665145,2.549999313251256,2.54999780576359,2.5499930493211056,2.5499785286740946,2.5499359172174816,2.549816356594176,2.5494970426835506,2.548688526541429,2.5467546505314926,2.5423995308464202,2.5331923625338892,2.514963514623842,2.4812200727330205,2.4228511237130963,2.3284130956484925,2.185067388099828,1.979672327011268,1.6982788762279055
1081.0,2.549999947849224,2.5499999162787974,2.549999776296066,2.549999306453454,2.5499977857784626,2.5499929913906443,2.549978365964929,2.549935478900656,2.549815232291034,2.5494943128433505,2.5486822852806847,2.5467412800653166,2.542372820057838,2.5331428319106926,2.5148786436194177,2.481086263242431,2.422657803122383,2.3281582201935307,2.1847622207938024,1.9793427478454921,1.6979614367043725
1082.0,2.5499999472223696,2.5499999153150945,2.549999773903449,2.5499992995976983,2.5499977656390516,2.5499929330586317,2.5499782022534707,2.5499350382139983,2.5498141027331007,2.549491572180843,2.5486760235348744,2.5467278744137176,2.5423460553654147,2.533093229560382,2.514793693751021,2.4809523909675515,2.422464467857031,2.327903406787459,2.1844572007088874,1.9790133780370405,1.6976442097853028
1083.0,2.549999946588832,2.5499999143415977,2.549999771488489,2.549999292683581,2.549997745344397,2.5499928743229,2.5499780375351175,2.5499345951485095,2.549812967904521,2.549488820671664,2.548669741273262,2.5467144335498553,2.542319236767398,2.533043555533923,2.514708665139721,2.480818456082063,2.4222711180771204,2.327648655482114,2.184152327723055,1.9786842172795205,1.6973271951962607
1084.0,2.5499999459485485,2.5499999133582207,2.54999976905101,2.549999285710691,2.5499977248935353,2.549992815181273,2.549977871805255,2.5499341496951744,2.549811827789429,2.5494860582914565,2.548663438465163,2.546700957447002,2.5422923642621917,2.5329938098823916,2.514623557906515,2.4806844587593107,2.422077753942226,2.3273939663289696,2.183847601714237,1.9783552652675855,1.6970103926628888
1085.0,2.549999945301458,2.549999912364878,2.5499997665908345,2.5499992786786145,2.549997704285498,2.5499927556315676,2.549977705059255,2.5499337018449615,2.549810682371945,2.549483285015869,2.5486571150799437,2.546687446078542,2.542265437848351,2.532943992656972,2.514538372172331,2.480550399172305,2.4218843756114206,2.327139339379139,2.183543022560327,1.9780265216969253,1.6966938019109161
1086.0,2.5499999446474972,2.5499999113614824,2.5499997641077834,2.549999271586937,2.549997683519313,2.549992695671592,2.5499775372924796,2.549933251588824,2.5498095316361766,2.549480500820558,2.54865077108702,2.5466738994179727,2.5422384575245855,2.532894103908958,2.5144531080580266,2.4804162774937217,2.421690983243278,2.3268847746833736,2.1832385901391844,1.9776979862642565,1.6963774226661659
1087.0,2.5499999439866032,2.549999910347947,2.549999761601677,2.54999926443524,2.549997662594003,2.5499926352991467,2.5499773685002753,2.5499327989176974,2.549808375566219,2.549477705681187,2.5486444064558604,2.5466603174389033,2.542211423289759,2.5328441436897497,2.5143677656843866,2.480282093895902,2.421497576995871,2.326630272292067,2.1829343043286373,1.9773696586673146,1.6960612546545635
1088.0,2.5499999433187126,2.549999909324183,2.549999759072334,2.549999257223104,2.5499976415085874,2.549992574512024,2.5499771986779787,2.5499323438225034,2.5498072141461554,2.549474899573426,2.548638021155984,2.546646700115055,2.5421843351428857,2.532794112050855,2.5142823451721243,2.4801478485508537,2.421304157026777,2.3263758322552532,2.182630165006487,1.9770415386048434,1.6957452976021445
1089.0,2.5499999426437614,2.5499999082901024,2.549999756519573,2.549999249950106,2.5499976202620793,2.54999251330801,2.5499770278209115,2.549931886294147,2.549806047360056,2.5494720824729535,2.548631615156961,2.5466330474202605,2.542157193083134,2.532744009043887,2.514196846641881,2.480013541630251,2.4211107234930753,2.3261214546226103,2.1823261720505114,1.976713625776588,1.6954295512350621
1090.0,2.5499999419616843,2.5499999072456156,2.5499997539432107,2.5499992426158227,2.5499975988534898,2.54999245168488,2.5499768559243843,2.549931426323517,2.5498048751919793,2.549469254355455,2.548625188428413,2.5466193593284663,2.542129997109823,2.5326938347205665,2.5141112702142245,2.4798791733054353,2.420917276551352,2.3258671394434596,2.1820223253384654,1.9763859198832847,1.6951140152795943
1091.0,2.549999941272417,2.549999906190633,2.549999751343063,2.549999235219827,2.5499975772818235,2.549992389640404,2.549976682983696,2.5499309639014864,2.5498036976259706,2.5494664151966244,2.548618740940013,2.546605635813729,2.542102747222423,2.532643589132717,2.5140256160096497,2.4797447437474154,2.4207238163577003,2.325612886766768,2.181718624748089,1.9760584206266534,1.694798689462151
1092.0,2.5499999405758937,2.5499999051250635,2.549999748718944,2.549999227761689,2.5499975555460823,2.5499923271723426,2.549976508994131,2.5499304990189127,2.5498025146460637,2.549463564972162,2.5486122726614866,2.5465918768502176,2.542075443420556,2.532593272332267,2.5139398841485767,2.4796102531268676,2.420530343067722,2.325358696641148,2.1814150701571053,1.9757311277093885,1.6944835735092822
1093.0,2.5499999398720488,2.5499999040488155,2.5499997460706676,2.5499992202409785,2.549997533645262,2.549992264278449,2.5499763339509625,2.549930031666637,2.5498013262362806,2.549460703657777,2.5486057835626097,2.5465780824122133,2.542048085703994,2.5325428843712485,2.513854074751352,2.4794757016141378,2.4203368568365295,2.32510456911486,2.1811116614432273,1.9754040408351512,1.6941686671476839
1094.0,2.549999939160815,2.5499999029617983,2.5499997433980455,2.5499992126572617,2.549997511578355,2.549992200956468,2.5499761578494513,2.5499295618354862,2.549800132380631,2.5494578312291876,2.5485992736132106,2.546564252474108,2.542020674072659,2.5324924253017955,2.513768187938247,2.4793410893792394,2.4201433578187466,2.3248505042358136,2.1808083984841593,1.9750771597085608,1.6938539701042052
1095.0,2.549999938442126,2.549999901863919,2.5499997407008896,2.5499992050101024,2.5499974893443493,2.5499921372041365,2.549975980684845,2.5499290895162696,2.5497989330631134,2.549454947662118,2.54859274278317,2.5465503870104054,2.541993208526622,2.5324418951761447,2.5136822238294574,2.4792064165918557,2.41994984616851,2.324596502051567,2.1805052811576,1.9747504840351864,1.6935394821058558
1096.0,2.549999937715914,2.5499999007550835,2.549999737979009,2.549999197299063,2.5499974669422283,2.5499920730191845,2.54997580245238,2.549928614699782,2.5497977282677136,2.549452052932302,2.5485861910424195,2.5465364859957216,2.5419656890661035,2.532391294046634,2.5135961825451036,2.4790716834213398,2.419756322039471,2.3243425626093304,2.1802023093412446,1.9744240135215403,1.693225202879811
1097.0,2.5499999369821102,2.549999899635199,2.5499997352322126,2.549999189523702,2.5499974443709705,2.5499920083993333,2.5499756231472785,2.549928137376803,2.5497965179784057,2.549449147015483,2.548579618360944,2.546522549404783,2.5419381156914738,2.5323406219657025,2.5135100642052284,2.478936890036714,2.4195627855847985,2.3240886859559646,2.17989948291279,1.9740977478750688,1.6929111321534194
1098.0,2.549999936240647,2.5499998985041703,2.5499997324603076,2.549999181683578,2.5499974216295507,2.5499919433422957,2.5499754427647514,2.5499276575380945,2.549795302179153,2.5494462298874114,2.5485730247087797,2.5465085772124283,2.54191048840325,2.5322898789858876,2.5134238689298,2.478802036606673,2.4193692369571784,2.3238348721379847,2.1795968017499345,1.9737716868041446,1.6925972696542089
1099.0,2.549999935491455,2.5499998973619027,2.549999729663101,2.5499991737782453,2.5499973987169384,2.549991877845777,2.549975261299997,2.5499271751744046,2.549794080853906,2.549443301523847,2.548566410056016,2.5464945693936065,2.541882807202098,2.5322390651598274,2.5133375968387077,2.478667123299582,2.4191756763088152,2.3235811212015602,2.1792942657303827,1.97344583001806,1.6922836151098928
1100.0,2.549999934734465,2.5499998962083,2.549999726840398,2.5499991658072556,2.549997375632099,2.549991811907474,2.549975078748201,2.5499266902764663,2.5497928539866064,2.549440361900558,2.5485597743727935,2.546480525923378,2.5418550720888304,2.5321881805402584,2.513251248051763,2.478532150283476,2.4189821037914347,2.323327433192516,2.178991874731847,1.9731201772270186,1.6919701682483756
1101.0,2.5499999339696062,2.5499998950432663,2.5499997239920025,2.5499991577701597,2.5499973523739934,2.549991745525077,2.5499748951045365,2.5499262028349956,2.5497916215611816,2.5494374109933227,2.5485531176293064,2.546466446776915,2.5418272830644084,2.5321372251800143,2.5131648226887005,2.4783971177260637,2.418788519556285,2.3230738081563342,2.1786896286320503,1.9727947281421285,1.6916569287977596
1102.0,2.5499999331968084,2.549999893866704,2.5499997211177168,2.5499991496665055,2.549997328941578,2.5499916786962666,2.5499747103641646,2.549925712840694,2.549790383561549,2.549434448777927,2.548546439795801,2.5464523319294994,2.5417994401299375,2.5320861991320265,2.5130783208691754,2.478262025794726,2.418594923754137,2.3228202461381553,2.17838752730873,1.9724694824753943,1.6913438964863499
1103.0,2.5499999324160005,2.5499998926785152,2.549999718217343,2.5499991414958383,2.549997305333804,2.549991611418716,2.5499745245222334,2.5499252202842473,2.549789139971615,2.549431475230168,2.548539740842577,2.5464381813565247,2.5417715432866714,2.5320351024493224,2.512991742712764,2.478126874656516,2.4184013165352876,2.322566747182778,2.178085570639637,1.9721444399397103,1.6910310710426604
1104.0,2.5499999316271107,2.5499998914786017,2.549999715290681,2.549999133257701,2.549997281549619,2.54999154369009,2.549974337573879,2.549924725156326,2.549787890775275,2.5494284903258504,2.5485330207399857,2.546423995033495,2.541743592536008,2.531983935185026,2.5129050883389636,2.4779916644781608,2.4182076980495597,2.322313311334663,2.1777837585025437,1.971819600248854,1.6907184521954195
1105.0,2.549999930830067,2.5499998902668644,2.5499997123375304,2.5499991249516345,2.549997257587966,2.5499914755080466,2.5499741495142247,2.549924227447585,2.5497866359564134,2.54942549404079,2.5485262794584327,2.5464097729360256,2.5417155878794917,2.531932697392356,2.5128183578671908,2.4778563954260604,2.418014068446305,2.322059938637931,2.17748209077524,1.9714949631174776,1.6904060396735754
1106.0,2.549999930024796,2.5499998890432027,2.5499997093576887,2.5499991165771774,2.5499972334477823,2.549991406870234,2.549973960338382,2.549923727148665,2.5497853754989026,2.5494224863508115,2.548519516968376,2.546395515039841,2.5416875293188115,2.531881389124626,2.512731551416782,2.4777210676662897,2.4178204278744033,2.3218066291363675,2.177180567335541,1.9711705282611027,1.6900938332063014
1107.0,2.549999929211225,2.5499998878075165,2.549999706350953,2.549999108133865,2.5499972091280023,2.5499913377742938,2.5499737700414493,2.5499232242501897,2.549784109386606,2.549419467231749,2.5485127332403263,2.5463812213207775,2.5416594168557998,2.5318300104352427,2.5126446691069932,2.4775856813645984,2.4176267764822668,2.321553382873422,2.176879188061285,1.9708462953961126,1.689781832523001
1108.0,2.5499999283892794,2.5499998865597044,2.549999703317119,2.549999099621231,2.549997184627555,2.549991268217859,2.5499735786185127,2.5499227187427684,2.5497828376033747,2.5494164366594476,2.548505928244848,2.5463668917547815,2.541631250492434,2.531778561377706,2.5125577110569988,2.4774502366864106,2.4174331144178383,2.321300199892209,2.1765779528303395,1.9705222642397455,1.6894700373533136
1109.0,2.5499999275588854,2.549999885299665,2.54999970025598,2.549999091038807,2.5499971599453644,2.549991198198554,2.5499733860646465,2.5499222106169954,2.54978156013305,2.5494133946097617,2.548499101952559,2.5463525263179094,2.5416030302308354,2.53172704200561,2.512470677385892,2.477314733796826,2.4172394418285954,2.32104708023551,2.1762768615206003,1.9701984345100885,1.6891584474271186
1110.0,2.5499999267199684,2.5499998840272946,2.5499996971673298,2.5499990823861207,2.54999713508035,2.5499911277139957,2.5499731923749116,2.5499216998634497,2.5497802769594626,2.5494103410585565,2.5484922543341297,2.546338124986329,2.5415747560732678,2.5316754523726384,2.5123835682126834,2.477179172860622,2.4170457588615504,2.3207940239457745,2.175975914009996,1.9698748059260704,1.6888470624745409
1111.0,2.5499999258724526,2.549999882742491,2.5499996940509595,2.5499990736626996,2.5499971100314274,2.549991056761793,2.5499729975443572,2.5499211864726954,2.549778988066433,2.549407275981707,2.5484853853602853,2.5463236877363156,2.541546428022138,2.5316237925325664,2.5122963836563015,2.4770435540422495,2.4168520656632526,2.320541031065122,2.175675110176488,1.969551378207456,1.6885358822259553
1112.0,2.5499999250162624,2.5499998814451486,2.5499996909066605,2.5499990648680666,2.5499970847975066,2.549990985339546,2.54997280156802,2.5499206704352817,2.5497776934377705,2.549404199355098,2.5484784950018033,2.5463092145442565,2.5415180460799953,2.5315720625392615,2.512209123835592,2.4769078775058393,2.4166583623797884,2.320288101635342,2.1753744498980745,1.9692281510748393,1.6882249064119914
1113.0,2.5499999241513205,2.5499998801351635,2.549999687734221,2.5499990560017434,2.5499970593774943,2.549990913444848,2.5499726044409234,2.5499201517417416,2.5497763930572748,2.5494011111546278,2.548471583229516,2.5462947053866487,2.54148961024953,2.531520262446679,2.512121788869317,2.476772143415198,2.4164646491567847,2.320035235697896,2.1750739330527917,1.9689051242496372,1.6879141347635385
1114.0,2.54999992327755,2.54999987881243,2.549999684533429,2.549999047063249,2.5499970337702913,2.5499908410752825,2.54997240615808,2.549919630382594,2.549775086908735,2.549398011356202,2.5484646500143087,2.546280160240099,2.541461120533575,2.531468392308865,2.512034378876155,2.4766363519338097,2.416270926139408,2.319782433293919,2.1747735595187145,1.9685822974540832,1.6876035670117493
1115.0,2.5499999223948735,2.549999877476842,2.5499996813040724,2.5499990380521,2.549997007974794,2.5499907682284264,2.549972206714489,2.549919106348343,2.54977377497593,2.5493948999357383,2.5484576953271207,2.546265579081323,2.5414325769351045,2.5314164521799527,2.511946893974701,2.4765005032248384,2.416077193472368,2.31952969446422,2.174473329173961,1.9682596704112219,1.6872932028880445
1116.0,2.5499999215032125,2.5499998761282927,2.5499996780459355,2.54999902896781,2.549996981989895,2.549990694901847,2.5499720061051376,2.549918579629477,2.5497724572426304,2.549391776869166,2.5484507191389456,2.546250961887147,2.541403979457232,2.5313644421141643,2.5118593342834648,2.4763645974511252,2.4158834512999166,2.3192770192492844,2.174173241896692,1.967937242844902,1.6869830421241179
1117.0,2.549999920602488,2.549999874766674,2.5499996747588027,2.549999019809891,2.549996955814481,2.5499906210931047,2.549971804325,2.5499180502164704,2.549771133692594,2.5493886421324246,2.5484437214208304,2.5462363086345063,2.541375328103212,2.5313123621658096,2.511771699920871,2.476228634775192,2.4156896997658515,2.3190244076892745,2.1738732975651147,1.9676150144797722,1.6866730844519395
1118.0,2.549999919692621,2.549999873391877,2.549999671442457,2.549999010577852,2.5499969294474347,2.549990546799752,2.5499716013690397,2.549917518099782,2.549769804309571,2.5493854957014657,2.548436702143877,2.546221619300446,2.5413466228764388,2.531260212389283,2.5116839910052593,2.476092615359239,2.4154959390135167,2.3187718598240306,2.173573496057483,1.9672929850412726,1.68636332960376
1119.0,2.549999918773531,2.5499998720037937,2.54999966809668,2.5499990012711993,2.549996902887634,2.5499904720193314,2.549971397232205,2.549916983269856,2.5497684690773004,2.549382337552252,2.5484296612792408,2.5462068938621196,2.541317863780446,2.531207992839067,2.511596207654884,2.4759565393651477,2.415302169185803,2.318519375693073,2.1732738372520997,1.9669711542556316,1.686053777312115
1120.0,2.549999917845138,2.5499998706023135,2.5499996647212515,2.5499989918894377,2.5499968761339527,2.549990396749379,2.5499711919094348,2.5499164457171215,2.549767127979513,2.5493791676607565,2.5484225987981315,2.546192132296791,2.5412890508189063,2.5311557035697287,2.511508349987913,2.475820406954479,2.415108390425151,2.3182669553356026,2.17297432102732,1.966649521849859,1.6857444273098285
1121.0,2.54999991690736,2.549999869187326,2.549999661315951,2.5499989824320677,2.5499968491852583,2.549990320987422,2.5499709853956536,2.549915905431994,2.5497657809999286,2.5493759860029654,2.548415514671814,2.5461773345818313,2.5412601839956306,2.5311033446359197,2.511420418122428,2.475684218288476,2.4149146028735515,2.3180145987905028,2.17267494726155,1.96632808755174,1.6854352793300178
1122.0,2.5499999159601163,2.5499998677587192,2.549999657880556,2.5499989728985892,2.549996822040415,2.54999024473098,2.5499707776857745,2.549915362404874,2.5497644281222582,2.5493727925548764,2.5484084088716066,2.546162500694723,2.5412312633145677,2.531050916092376,2.5113324121764236,2.475547973528063,2.414720806672547,2.3177623060963404,2.17237571583325,1.9660068510898303,1.685126333106095
1123.0,2.5499999150033243,2.5499998663163814,2.549999654414843,2.549998963288499,2.549996794698282,2.549990167977564,2.549970568774698,2.549914816626146,2.549763069330204,2.549369587292498,2.548401281368883,2.5461476306130555,2.5412022887798047,2.530998417993917,2.511244332267807,2.475411672833846,2.4145270019632328,2.3175100772913675,2.1720766266209384,1.9656858121934506,1.684817588371773
1124.0,2.549999914036901,2.5499998648602,2.5499996509185867,2.549998953601291,2.5499967671577135,2.5499900907246764,2.549970358657313,2.549914268086181,2.5497617046074574,2.5493663701918523,2.548394132135071,2.5461327243145284,2.5411732603955657,2.5309458503954447,2.5111561785143985,2.475275316366114,2.4143331888862587,2.3172579124135217,2.1717776795031885,1.965364970592681,1.684509044861068
1125.0,2.5499999130607627,2.549999863390061,2.549999647391561,2.5499989438364556,2.5499967394175593,2.5499900129698116,2.5499701473284944,2.549913716775335,2.5497603339377015,2.5493631412289717,2.548386961141653,2.5461177817769487,2.541144178166212,2.5308932133519435,2.5110679510339295,2.475138904284839,2.414139367581831,2.317005811500428,2.171478874358633,1.9650443260183557,1.6842007023083025
1126.0,2.549999912074825,2.54999986190585,2.5499996438335386,2.549998933993483,2.549996711476664,2.549989934710456,2.549969934783106,2.54991316268395,2.549758957304611,2.5493599003799017,2.548379768360167,2.5461028029782327,2.5411150420962407,2.530840506918479,2.5109796499440438,2.475002436749675,2.4139455381897115,2.316753774589401,2.171180211065966,1.9647238782020577,1.6838925604481103
1127.0,2.549999911079004,2.5499998604074516,2.54999964024429,2.5499989240718595,2.5499966833338674,2.5499898559440886,2.5499697210159997,2.5499126058023527,2.5497575746918497,2.5493566476207006,2.548372553762205,2.546087787896405,2.541085852190285,2.5307877311501987,2.5108912753622956,2.474865913919962,2.4137517008492217,2.3165018017174446,2.170881689503944,1.964403626876114,1.6835846190154378
1128.0,2.549999910073214,2.54999985889475,2.549999636623585,2.5499989140710686,2.5499966549880053,2.549989776668178,2.549969506022014,2.549912046120856,2.549756186083074,2.5493533829274386,2.5483653173194143,2.5460727365095983,2.5410566084531134,2.5307348861023287,2.5108028274061516,2.474729335954723,2.4135578556992425,2.3162498929212547,2.170583309551385,1.96408357177359,1.683276877745549
1129.0,2.549999909057369,2.549999857367629,2.549999632971192,2.5499989039905917,2.549996626437908,2.5499896968801865,2.5499692897959756,2.549911483629758,2.549754791461931,2.549350106276199,2.5483580590034967,2.5460576487960536,2.541027310889631,2.5306819718301767,2.510714306192988,2.4745927030126667,2.413364002878216,2.315998048237219,2.170285071087174,1.9637637126282848,1.682969336374027
1130.0,2.549999908031383,2.54999985582597,2.5499996292868787,2.549998893829908,2.5499965976824006,2.5499896165775677,2.5499690723326984,2.5499109183193425,2.5497533908120587,2.5493468176430767,2.5483507787862103,2.5460425247341205,2.540997959504876,2.5306289883891284,2.5106257118400905,2.4744560152521853,2.4131701425241463,2.3157462677014204,2.169986973990261,1.9634440491747256,1.6826619946367793
1131.0,2.549999906995169,2.549999854269656,2.54999962557041,2.5499988835884926,2.549996568720305,2.549989535757767,2.5499688536269853,2.5499103501798794,2.549751984117086,2.5493435170041803,2.548343476639367,2.546027364302256,2.5409685543040217,2.5305759358346482,2.5105370444646566,2.474319272831359,2.4129762747746013,2.3154945513496354,2.1696890181396644,1.963124581148164,1.6823548522700387
1132.0,2.549999905948638,2.549999852698567,2.5499996218215504,2.5499988732658196,2.549996539550436,2.5499894544182213,2.549968633673626,2.5499097792016236,2.5497505713606343,2.5493402043356315,2.5483361525348354,2.5460121674790246,2.5409390952923756,2.5305228142222784,2.5104483041837917,2.474182475907953,2.4127823997667144,2.315242899217339,2.1693912034144707,1.9628053082845696,1.682047909010367
1133.0,2.5499999048917026,2.5499998511125836,2.549999618040063,2.5499988628613606,2.549996510171606,2.5499893725563596,2.5499684124673974,2.5499092053748162,2.5497491525263163,2.5493368796135645,2.548328806444538,2.5459969342430995,2.5409095824753782,2.530469623607639,2.5103594911145106,2.474045624639419,2.412588517637185,2.314991311339702,2.1690935296938374,1.9624862303206267,1.6817411645946587
1134.0,2.5499999038242738,2.5499998495115848,2.549999614225709,2.5499988523745833,2.5499964805826205,2.5499892901696017,2.5499681900030655,2.5499086286896833,2.549747727597735,2.5493335428141273,2.5483214383404538,2.5459816645732607,2.540880015858603,2.5304163640464252,2.5102706053737376,2.4739087191828975,2.41239462852228,2.3147397877515967,2.1687959968569936,1.9621673469937284,1.6814346187601423
1135.0,2.549999902746262,2.549999847895449,2.5499996103782494,2.5499988418049533,2.5499964507822814,2.5499892072553605,2.549967966275383,2.549908049136438,2.5497462965584865,2.5493301939134803,2.5483140481946163,2.5459663584483967,2.5408503954477566,2.5303630355944104,2.510181647078305,2.473771759695214,2.412200732557835,2.314488328487594,2.1684986047832413,1.9618486580419727,1.6811282712443842
1136.0,2.5499999016575763,2.5499998462640545,2.549999606497442,2.5499988311519344,2.5499964207693857,2.5499891238110397,2.549967741279091,2.549907466705278,2.549744859392158,2.5493268328877985,2.548306635979115,2.5459510158475025,2.5408207212486773,2.530309638307442,2.510092616344954,2.473634746332884,2.4120068298792567,2.314236933581967,2.1682013533519555,1.9615301632041573,1.6808221217852908
1137.0,2.5499999005581264,2.5499998446172776,2.5499996025830454,2.549998820414986,2.549996390542725,2.5499890398340352,2.549967515008918,2.5499068813863883,2.5497434160823285,2.54932345971327,2.548299201666095,2.545935636749681,2.540790993267336,2.5302561722414425,2.5100035132903322,2.4734976792521115,2.4118129206215224,2.3139856030686925,2.1679042424425874,1.9612118622197754,1.6805161701211113
1138.0,2.5499998994478204,2.549999842954995,2.5499995986348143,2.5499988095935677,2.5499963601010864,2.549988955321734,2.54996728745958,2.5499062931699386,2.5497419666125687,2.549320074366096,2.548291745227757,2.545920221134142,2.540761211509834,2.5302026374524087,2.509914338030996,2.473360558608788,2.411619004919183,2.3137343369814514,2.1676072719346653,1.9608937548290113,1.6802104159904403
1139.0,2.5499998983265666,2.549999841277082,2.549999594652504,2.5499987986871333,2.5499963294432515,2.5499888702715157,2.5499670586257808,2.5499057020460847,2.549740510966442,2.5493166768224924,2.5482842666363585,2.5459047689802015,2.5407313759824044,2.5301490339964112,2.5098250906834076,2.473223384558497,2.411425082906362,2.3134831353536303,2.1673104417077935,1.9605758407727358,1.67990485913222
1140.0,2.549999897194272,2.549999839583413,2.5499995906358675,2.5499987876951358,2.5499962985679985,2.54998878468075,2.549966828502213,2.549905108004969,2.549739049127503,2.549313267058688,2.5482767658642107,2.5458892802672843,2.540701486691411,2.5300953619295936,2.5097357713639377,2.47308615725651,2.41123115471676,2.3132319982183227,2.1670137516416554,1.960258119792502,1.6795994992857435
1141.0,2.549999896050843,2.549999837873862,2.549999586584657,2.5499987766170253,2.5499962674740986,2.5499886985468008,2.5499665970835563,2.5499045110367193,2.5497375810792993,2.549309845050927,2.548269242883683,2.545873754974921,2.540671543643348,2.530041621308172,2.509646380188862,2.472948876857789,2.4110372204836534,2.31298092560833,2.1667172016160174,1.9599405916350527,1.6792943405008953
1142.0,2.5499998948961853,2.549999836148301,2.549999582498623,2.549998765452249,2.54999623616032,2.5499886118670214,2.549966364364478,2.5499039111314508,2.54973610680537,2.549306410775466,2.548261697667199,2.545858193082749,2.540641546844838,2.529987812188434,2.509556917274364,2.4728115435169884,2.4108432803398965,2.3127299175561644,2.166420791510803,1.9596232560746283,1.6789893867657288
1143.0,2.5499998937302046,2.5499998344066026,2.549999578377514,2.5499987542002516,2.5499962046254248,2.549988524638758,2.5499661303396333,2.549903308279263,2.5497346262892475,2.549302964208578,2.5482541301872392,2.5458425945705114,2.5406114963026334,2.5299339346267393,2.5094673827365304,2.472674157388453,2.4106493344179225,2.312478974094048,2.166124521206181,1.9593061128899818,1.678684637738671
1144.0,2.5499998925528056,2.549999832648638,2.549999574221078,2.549998742860475,2.54999617286817,2.549988436859348,2.549965895003665,2.5499027024702428,2.549733139514456,2.5492995053265477,2.5482465404163404,2.5458269594180596,2.540581392023617,2.5298799886795176,2.5093777766913563,2.4725367186262193,2.4104553828497464,2.3122280952539187,2.1658283905825564,1.9589891618598736,1.6783800930796198
1145.0,2.5499998913638917,2.549999830874278,2.5499995700290605,2.549998731432358,2.549996140887309,2.549988348526121,2.549965658351205,2.5499020936944627,2.5497316464645117,2.549296034105677,2.5482389283270948,2.5458112876053494,2.540551234014799,2.529825974403269,2.5092880992547406,2.472399227384016,2.4102614257669632,2.311977281067428,2.1655323995205724,1.958672402763078,1.678075752449929
1146.0,2.5499998901633667,2.5499998290833914,2.549999565801207,2.549998719915337,2.5499961086815897,2.5499882596363976,2.5499654203768714,2.549901481941982,2.549730147122924,2.54929255052228,2.548231293892151,2.5457955791124443,2.540521022283317,2.5297718918545633,2.509198350542487,2.472261683815266,2.4100674633007517,2.311726531565947,2.165236547901102,1.9583558353783914,1.677771615512394
1147.0,2.5499998889511324,2.549999827275847,2.5499995615372604,2.5499987083088467,2.549996076249754,2.5499881701874907,2.549965181075271,2.549900867202846,2.549728641473195,2.5492890545526876,2.5482236370842144,2.545779833919513,2.540490756836438,2.529717741090039,2.5091085306703045,2.4721240880730835,2.409873495581875,2.311475846780565,2.1649408356052473,1.9580394594846386,1.6774676819312382
1148.0,2.5499998877270915,2.549999825451513,2.5499995572369625,2.5499986966123176,2.5499960435905407,2.5499880801767043,2.549964940440998,2.549900249467086,2.5497271294988195,2.549285546173244,2.5482159578760464,2.5457640520068305,2.540460437681555,2.5296635221664032,2.509018639753806,2.4719864403102783,2.4096795227406806,2.3112252267420925,2.1646452625143358,1.9577232748606792,1.6771639513720977
1149.0,2.549999886491145,2.549999823610256,2.5499995529000534,2.549998684825178,2.5499960107026816,2.5499879896013335,2.5499646984686355,2.5498996287247206,2.549725611183286,2.5492820253603092,2.548208256240465,2.545748233354778,2.540430064826188,2.529609235140431,2.5089286779085085,2.4718487406793535,2.4094855449071053,2.310974671481065,2.1643498285099168,1.9574072812854146,1.6768604235020086
1150.0,2.5499998852431935,2.5499998217519426,2.5499995485262725,2.549998672946854,2.549995977584905,2.549987898458667,2.549964455152753,2.549899004965754,2.5497240865100737,2.549278492090258,2.5482005321503443,2.5457323779438417,2.540399638277985,2.5295548800689645,2.508838645249833,2.471710989332507,2.409291562210671,2.310724181027742,2.1640545334737586,1.9570914785377946,1.6765570979893931
1151.0,2.549999883983137,2.5499998198764375,2.549999544115357,2.5499986609767675,2.5499959442359335,2.549987806745983,2.549964210487909,2.5498983781801767,2.5497225554626572,2.5492749463394806,2.5481927855786153,2.545716485754614,2.540369158044718,2.5295004570089126,2.5087485418931035,2.471573186421632,2.409097574780491,2.3104737554121106,2.163759377287846,1.9567758663968242,1.676253974504046
1152.0,2.5499998827108743,2.549999817983606,2.5499995396670427,2.54999864891434,2.5499959106544847,2.5499877144605536,2.5499639644686494,2.5498977483579663,2.5497210180245027,2.549271388084382,2.5481850164982656,2.545700556767792,2.540338624134286,2.5294459660172497,2.508658367953547,2.4714353320983173,2.4089035827452676,2.310223394663886,2.1634643598343763,1.9564604446415685,1.6759510527171215
1153.0,2.549999881426304,2.549999816073311,2.549999535181064,2.5499986367589886,2.5499958768392714,2.54998762159964,2.549963717089508,2.549897115489087,2.5497194741790703,2.549267817301383,2.5481772248823393,2.545684590964179,2.5403080365547126,2.5293914071510173,2.5085681235462935,2.4712974265138477,2.408709586233297,2.3099730988125153,2.163169480995758,1.9561452130511603,1.6756483323011204
1154.0,2.549999880129324,2.549999814145415,2.5499995306571543,2.5499986245101276,2.549995842789002,2.549987528160497,2.5499634683450068,2.5498964795634884,2.5497179239098133,2.54926423396692,2.548169410703938,2.545668588324683,2.540277395314147,2.5293367804673204,2.508477808786376,2.471159469819205,2.408515585372466,2.309722867887177,2.162874740654605,1.9558301714048052,1.6753458129298768
1155.0,2.5499998788198317,2.5499998121997804,2.549999526095045,2.549998612167169,2.5499958085023793,2.5499874341403697,2.549963218229655,2.5498958405711085,2.549716367200178,2.549260638057444,2.5481615739362184,2.5456525488303177,2.5402467004208615,2.529282086023329,2.5083874237887294,2.4710214621650683,2.4083215802902576,2.309472701916784,2.162580138693738,1.9555153194817876,1.675043494278546
1156.0,2.5499998774977235,2.5499998102362675,2.549999521494466,2.5499985997295225,2.5499957739781,2.5499873395364956,2.5499629667379513,2.5498951985018707,2.549714804033605,2.5492570295494237,2.5481537145523956,2.5456364724622005,2.5402159518832543,2.5292273238762775,2.50829696866819,2.4708834037018135,2.4081275711137495,2.309222600929986,2.1622856749961787,1.955200657061477,1.6747413760235914
1157.0,2.549999876162895,2.5499998082547366,2.549999516855146,2.5499985871965936,2.5499957392148573,2.5499872443461036,2.5499627138643803,2.549894553345686,2.549713234393528,2.5492534084193417,2.5481458325257407,2.5456203592015547,2.540185149709846,2.529172494083463,2.508206443539497,2.4707452945795154,2.4079335579696166,2.308972564955168,2.1619913494451484,1.9548861839233334,1.6744394578427728
1158.0,2.549999874815241,2.5499998062550473,2.5499995121768118,2.5499985745677867,2.5499957042113395,2.549987148566414,2.5499624596034165,2.5498939050924507,2.5497116582633734,2.5492497746436977,2.5481379278295826,2.5456042090297086,2.540154293909281,2.5291175967022452,2.5081158485172903,2.470607134947946,2.4077395409841316,2.308722594020456,2.1616971619240646,1.9545718998469117,1.6741377394151336
1159.0,2.549999873454656,2.549999804237057,2.5499995074591886,2.549998561842502,2.549995668966228,2.549987052194639,2.549962203949521,2.54989325373205,2.5497100756265625,2.549246128199007,2.5481300004373066,2.545588021928094,2.5401233844903257,2.5290626317900466,2.5080251837161107,2.470468924956578,2.4075455202831666,2.3084726881537168,2.1614031123165396,1.9542578046118693,1.6738362204209893
1160.0,2.5499998720810333,2.549999802200624,2.5499995027020015,2.549998549020137,2.5499956334782015,2.5499869552279826,2.5499619468971435,2.549892599254354,2.54970848646651,2.5492424690618014,2.548122050322355,2.5455717978782473,2.54009242146187,2.5290075994043515,2.5079344492504005,2.4703306647545826,2.4073514959921947,2.3082228473825586,2.161109200506377,1.9539438979979697,1.6735349005419158
1161.0,2.549999870694266,2.5499998001456037,2.549999497904972,2.549998536100088,2.5499955977459314,2.5499868576636397,2.549961688440721,2.549891941649221,2.549706890766625,2.5492387972086283,2.5481140774582274,2.54555553686181,2.540061404832925,2.5289524996027044,2.507843645234502,2.470192354490831,2.407157468236291,2.307973071734335,2.16081542637757,1.9536301797850883,1.6732337794607375
1162.0,2.549999869294247,2.5499997980718527,2.5499994930678214,2.5499985230817463,2.549995561768086,2.5499867594987973,2.5499614285746794,2.549891280906495,2.5497052885103098,2.5492351126160524,2.54810608181848,2.5455392388605276,2.540030334612624,2.5288973324427113,2.507752771782658,2.470053994313895,2.4069634371401327,2.3077233612361443,2.1605217898142985,1.9533166497532175,1.6729328568615152
1163.0,2.5499998678808664,2.5499997959792253,2.549999488190269,2.549998509964502,2.5499955255433266,2.5499866607306334,2.549961167293432,2.549890617016008,2.549703679680961,2.549231415260654,2.548098063376728,2.5455229038562486,2.5399992108102216,2.528842097982038,2.5076618290090122,2.469915584372047,2.4067694028280027,2.3074737159148317,2.160228290700928,1.9530033076824713,1.6726321324295363
1164.0,2.5499998664540158,2.549999793867575,2.5499994832720323,2.549998496747742,2.5499954890703114,2.549986561356319,2.5499609045913805,2.5498899499675787,2.5497020642619694,2.5492277051190313,2.5480900221066416,2.5455065318309265,2.5399680334350925,2.528786796278409,2.507570817027607,2.4697771248132616,2.406575365423788,2.307224135796992,2.1599349289220044,1.9526901533530905,1.6723316058513025
1165.0,2.549999865013585,2.5499997917367545,2.549999478312828,2.54999848343085,2.5499954523476913,2.549986461373014,2.5499606404629143,2.549889279751013,2.54970044223672,2.5492239821677973,2.54808195798195,2.5454901227666182,2.539936802496732,2.52873142738961,2.5074797359523853,2.469638615785215,2.4063813250509836,2.3069746209089694,2.159641704362256,1.9523771865454478,1.672031276814519
1166.0,2.5499998635594627,2.549999789586616,2.549999473312371,2.5499984700132066,2.549995415374114,2.549986360777873,2.549960374902411,2.5498886063561024,2.5496988135885927,2.549220246383584,2.548073870976439,2.5454736766454844,2.5399055180047565,2.5286759913734826,2.5073885858971883,2.469500057435285,2.4061872818326915,2.3067251712768604,2.1593486169065885,1.952064407040052,1.6717311450080832
1167.0,2.549999862091538,2.549999787417011,2.5499994682703746,2.54999845649419,2.5499953781482203,2.5499862595680405,2.5499601079042358,2.5498879297726282,2.5496971783009603,2.5492164977430383,2.548065761063952,2.545457193449789,2.539874179968901,2.5286204882879275,2.507297366975757,2.469361449910554,2.405993235891624,2.306475786926514,2.159055666440083,1.9517518146175525,1.6714312101220752
1168.0,2.549999860609698,2.549999785227788,2.54999946318655,2.5499984428731755,2.549995340668648,2.549986157740652,2.549959839462743,2.5498872499903573,2.549695536357192,2.549212736222826,2.54805762821839,2.5454406731618993,2.539842788399019,2.528564918190903,2.50720607930173,2.469222793357805,2.405799187350104,2.3062264678835347,2.1587628528479947,1.9514394090587444,1.6711314718477464
1169.0,2.54999985911383,2.549999783018797,2.549999458060608,2.5499984291495355,2.5499953029340277,2.5499860552928366,2.5499595695722745,2.5498865669990436,2.5496938877406494,2.5492089617996285,2.548049472413712,2.545424115764286,2.539811343305085,2.5285092811404235,2.507114722988647,2.469084087923527,2.405605136330065,2.305977214173282,2.1584701760157508,1.951127190144572,1.6708319298775087
1170.0,2.5499998576038205,2.549999780789886,2.5499994528922563,2.5499984153226394,2.5499952649429862,2.5499859522217125,2.5499592982271597,2.5498858807884286,2.5496922324346913,2.5492051744501456,2.5480412936239327,2.5454075212395235,2.53977984469719,2.5284535771945604,2.507023298149943,2.4689453337539136,2.405411082953054,2.305728025820874,2.1581776358289484,1.9508151576561341,1.6705325839049254
1171.0,2.5499998560795554,2.5499997785409034,2.5499994476812025,2.5499984013918535,2.549995226694145,2.549985848524391,2.5499590254217166,2.5498851913482414,2.5496905704226687,2.5492013741510937,2.548033091823127,2.545390889570288,2.5397482925855446,2.5283978064114403,2.5069318048989535,2.468806530994861,2.405217027340233,2.305478902851187,2.157885232173353,1.9505033113746875,1.6702334336247002
1172.0,2.549999854540919,2.5499997762716937,2.549999442427151,2.549998387356542,2.549995188186119,2.549985744197975,2.5499587511502515,2.549884498668198,2.5496889016879294,2.549197560879207,2.548024866985426,2.545374220739359,2.539716686980475,2.528341968849246,2.50684024334891,2.468667679791972,2.405022969612378,2.3052298452888578,2.1575929649348953,1.9501916510816513,1.6699344787326669
1173.0,2.549999852987795,2.5499997739821034,2.5499994371298067,2.549998373216066,2.54999514941752,2.549985639239558,2.549958475407058,2.5498838027380017,2.549687226213815,2.5491937346112374,2.548016619085018,2.545357514729619,2.539685027892427,2.5282860645662133,2.506748613612942,2.468528780290556,2.4048289098898827,2.3049808531582845,2.157300833999671,1.949880176558611,1.6696357189257804
1174.0,2.549999851420067,2.5499997716719767,2.549999431788871,2.5499983589697828,2.549995110386954,2.5499855336462254,2.5499581981864186,2.549883103547344,2.5496855439836623,2.549189895323954,2.5480083480961504,2.545340771524053,2.5396533153319614,2.5282300936206346,2.506656915804078,2.468389832635627,2.404634848292758,2.304731926483628,2.1570088392539377,1.9495688875873223,1.669337153902107
1175.0,2.549999849837617,2.5499997693411567,2.549999426404045,2.5499983446170473,2.54999507109302,2.5499854274150544,2.5499579194826034,2.5498824010859034,2.5496838549808034,2.5491860429941435,2.548000053993128,2.5453239911057484,2.539621549309756,2.5281740560708537,2.506565150035241,2.4682508369719063,2.4044407849406344,2.304483065288814,2.156716980584114,1.9492577839497154,1.6690387833608136
1176.0,2.549999848240327,2.549999766989486,2.5499994209750274,2.549998330157212,2.549995031534314,2.5499853205431138,2.5499576392898713,2.5498816953433456,2.5496821591885652,2.5491821775986114,2.5479917367503124,2.545307173457894,2.539589729836605,2.5281179519752692,2.5064733164192523,2.4681117934438226,2.404246719952762,2.3042342695975346,2.1564252578767777,1.948946865427898,1.6687406070021595
1177.0,2.549999846628078,2.549999764616806,2.5499994155015155,2.5499983155896255,2.549994991709426,2.549985213027463,2.549957357602469,2.549880986309325,2.5496804565902704,2.5491782991141805,2.547983396342125,2.5452903185637825,2.5395578569234183,2.528061781392332,2.50638141506883,2.4679727021955125,2.4040526534480127,2.303985539433247,2.156133671018664,1.9486361318041598,1.6684426245274868
1178.0,2.54999984500075,2.5499997622229573,2.5499994099832053,2.549998300913634,2.5499949516169407,2.5499851048651543,2.549957074414632,2.5498802739734816,2.549678747169237,2.549174407517692,2.547975032743043,2.5452734264068066,2.539525930581221,2.5280055443805445,2.5062894460965883,2.46783356337082,2.4038585855448815,2.3037368748191778,2.155842219896663,1.9483255828609756,1.6681448356392103
1179.0,2.5499998433582225,2.549999759807779,2.5499994044197907,2.549998286128581,2.5499949112554376,2.5499849960532304,2.549956789720582,2.5498795583254448,2.549677030908777,2.549170502786005,2.5479666459276036,2.5452564969704623,2.5394939508211523,2.5279492409984616,2.5061974096150377,2.467694377113298,2.4036645163614865,2.3034882757783226,2.1555509043978196,1.9480152183810089,1.6678472400408098
1180.0,2.5499998417003735,2.5499997573711104,2.5499993988109644,2.5499982712338065,2.549994870623491,2.5499848865887262,2.5499565035145313,2.549878839354831,2.5496753077921994,2.5491665848959975,2.547958235870401,2.545239530238347,2.539461917654467,2.527892871304689,2.506105305736584,2.46755514356621,2.4034704460155716,2.3032397423334485,2.155259724409331,1.9477050381471155,1.6675498374368198
1181.0,2.5499998400270814,2.5499997549127884,2.5499993931564173,2.549998256228648,2.54999482971967,2.549984776468668,2.549956215790679,2.549878117051245,2.5496735778028095,2.5491626538245646,2.547949802546087,2.5452225261941592,2.5394298310925327,2.527836435357883,2.5060131345735295,2.4674158628725262,2.403276374624506,2.302991274507094,2.154968679818545,1.9473950419423471,1.6672526275328219
1182.0,2.5499998383382225,2.54999975243265,2.549999387455838,2.54999824111244,2.5499947885425387,2.5499846656900726,2.549955926543213,2.549877391404278,2.5496718409239056,2.5491587095486214,2.5479413459293725,2.545205484821699,2.539397691146833,2.52777993321675,2.5059208962380715,2.4672765351749293,2.4030823023052874,2.3027428723215704,2.154677770512959,1.9470852295499539,1.6669556100354348
1183.0,2.5499998366336736,2.5499997499305307,2.549999381708915,2.549998225884513,2.549994747090655,2.5499845542499497,2.549955635766309,2.54987666240351,2.549670097138784,2.549154752045101,2.5479328659950258,2.5451884061048684,2.5393654978289617,2.527723364940046,2.505828590842303,2.4671371606158115,2.402888229174541,2.3024945357989646,2.1543869963802194,1.9467756007533883,1.6666587846523064
1184.0,2.5499998349133097,2.549999747406265,2.5499993759153328,2.5499982105441963,2.5499947053625727,2.5499844421453,2.5499553434541316,2.549875930038509,2.549668346430736,2.5491507812909546,2.547924362717874,2.5451712900276697,2.5393332511506284,2.527666730586577,2.5057362184982117,2.466997739337277,2.402694155348523,2.302246264961138,2.1540963573081178,1.9464661553363087,1.6663621510921058
1185.0,2.5499998331770057,2.549999744859687,2.5499993700747767,2.5499981950908146,2.54999466335684,2.549984329373116,2.549955049600833,2.549875194298831,2.549666588783049,2.5491467972631527,2.547915836072802,2.545154136574207,2.5393009511236535,2.5276100302151967,2.505643779317681,2.46685827148114,2.402500080943119,2.30199805982973,2.1538058531845916,1.9461568930825812,1.6660657090645137
1186.0,2.5499998314246346,2.549999742290628,2.549999364186929,2.5499981795236906,2.549994621071999,2.5499842159303805,2.5499547542005536,2.549874455174019,2.5496648241790068,2.5491427999386844,2.5479072860347527,2.545136945728685,2.53926859775997,2.5275532638848066,2.5055512734124887,2.466718757188928,2.4023060060738484,2.3017499204261562,2.153515483897723,1.9458478137762836,1.665769458280215
1187.0,2.5499998296560697,2.549999739698921,2.5499993582514713,2.5499981638421434,2.5499945785065874,2.549984101814069,2.549954457247423,2.5498737126536044,2.549663052601888,2.5491387892945587,2.5478987125787285,2.5451197174754085,2.5392361910716224,2.527496431654357,2.505458700894306,2.466579196601881,2.4021119308558627,2.3015018467716137,2.1532252493357347,1.9455389172017081,1.6654733984508903
1188.0,2.5499998278711833,2.5499997370843954,2.549999352268082,2.549998148045489,2.5499945356591374,2.549983987021148,2.5499541587355585,2.549872966727108,2.549661274034968,2.549134765307803,2.547890115679788,2.5451024517987837,2.5392037310707676,2.527439533582845,2.5053660618747,2.466439589860951,2.4019178554039486,2.3012538388870785,2.152935149386992,1.9452302031433644,1.6651775292892077
1189.0,2.549999826069847,2.5499997344468817,2.5499993462364388,2.549998132133042,2.549994492528175,2.549983871548576,2.5499538586590655,2.549872217384036,2.549659488461519,2.5491307279554634,2.547881495313051,2.545085148683317,2.539171217769672,2.5273825697293133,2.50527335646513,2.466299937106805,2.4017237798325284,2.301005896793308,2.1526451839399994,1.9449216713859816,1.6648818505088154
1190.0,2.5499998242519304,2.5499997317862078,2.5499993401562175,2.549998116104111,2.5499944491122224,2.549983755393302,2.549953557012038,2.549871464613885,2.549657695864809,2.5491266772146064,2.5478728514536932,2.5450678081136147,2.539138651180714,2.527325540152853,2.505180584776951,2.466160238479823,2.401529704255661,2.300758020510843,2.152355352883401,1.9446133217145127,1.6645863618243333
1191.0,2.5499998224173037,2.549999729102201,2.5499993340270923,2.549998099958004,2.549994405409796,2.549983638552267,2.5499532537885585,2.54987070840614,2.5496558962281033,2.549122613062317,2.54786418407695,2.545050430074384,2.5391060313163814,2.527268444912599,2.50508774692141,2.4660204941200994,2.401335628787043,2.300510210060007,2.1520656561059774,1.9443051539141354,1.6642910629513454
1192.0,2.5499998205658354,2.5499997263946885,2.549999327848736,2.549998083694025,2.5499943614194063,2.5499835210224044,2.5499529489826975,2.549869948750272,2.5496540895346618,2.5491185354756998,2.5478554931581145,2.545033014550431,2.539073358189272,2.527211284067732,2.5049948430096496,2.465880704167444,2.4011415535400102,2.30026246546091,2.1517760934966463,1.943997167770256,1.6639959536063922
1193.0,2.5499998186973936,2.549999723663495,2.5499993216208185,2.549998067311475,2.5499943171395585,2.5499834028006374,2.5499526425885137,2.5498691856357416,2.5496522757677424,2.549114444431879,2.547846778672539,2.5450155615266628,2.5390406318120933,2.527154057677478,2.5049018731527033,2.465740868761382,2.4009474786275393,2.300014786733445,2.15148666494446,1.9436893630685117,1.663701033506963
1194.0,2.5499998168118454,2.549999720908445,2.54999931534301,2.549998050809652,2.5499942725687528,2.549983283883881,2.549952334600055,2.549868419051998,2.5496504549105996,2.549110339907999,2.5478380405956345,2.5449980709880857,2.539007852197661,2.527096765801106,2.504808837461499,2.4656009880411545,2.400753404162248,2.2997671738972953,2.1511973703386054,1.9433817395947723,1.6634063023714891
1195.0,2.549999814909057,2.549999718129362,2.5499993090149773,2.5499980341878508,2.549994227705484,2.5499831642690425,2.5499520250113568,2.549867648988478,2.549648626946484,2.549106221881223,2.5478292789028694,2.544980542919806,2.5389750193589014,2.52703940849793,2.5047157360468573,2.4654610621457187,2.4005593302563963,2.2995196269719305,2.1509082095684016,1.943074297135144,1.663111759919335
1196.0,2.5499998129888937,2.5499997153260683,2.549999302636386,2.5499980174453634,2.5499941825482417,2.5499830439530204,2.549951713816444,2.5498668754346077,2.549646791858644,2.549102090328735,2.547820493569772,2.544962977307028,2.538942133308846,2.526981985827307,2.5046225690194914,2.465321091213749,2.400365257021888,2.2992721459766092,2.1506191825233,1.9427670354759707,1.662817405870793
1197.0,2.54999981105122,2.549999712498385,2.5499992962068996,2.549998000581479,2.54999413709551,2.5499829229327045,2.549951401009328,2.549866098379801,2.549644949630324,2.549097945227739,2.5478116845719283,2.544945374135057,2.5389091940606376,2.5269244978486367,2.5045293364900076,2.465181075383637,2.400171184570272,2.2990247309303817,2.1503302890928824,1.942459954403837,1.6625232399470742
1198.0,2.5499998090959,2.549999709646132,2.549999289726181,2.5499979835954827,2.5499940913457673,2.549982801204976,2.5499510865840107,2.54986531781346,2.549643100244766,2.5490937865554577,2.5478028518849833,2.544927733389296,2.538876201627524,2.5268669446213616,2.5044360385689033,2.4650410147934925,2.399977113012743,2.2987773818520876,2.150041529166861,1.9421530537055702,1.6622292618703032
1199.0,2.5499998071227967,2.549999706769129,2.54999928319389,2.5499979664866577,2.5499940452974865,2.5499826787667077,2.549950770534482,2.5498645337249766,2.549641243685208,2.5490896142891355,2.547793995484641,2.5449100550552486,2.538843156022862,2.5268093262049653,2.5043426753665696,2.4649009095811434,2.399783042460143,2.2985300987603603,2.1497529026350763,1.9418463331682423,1.6619354713635095
1200.0,2.5499998051317716,2.5499997038671935,2.549999276609685,2.5499979492542826,2.549993998949136,2.549982555614764,2.549950452854719,2.54986374610373,2.549639379934886,2.5490854284060367,2.5477851153466635,2.5448923391185154,2.5388100572601138,2.5267516426589736,2.504249246993288,2.464760759884137,2.399588973022962,2.298282881673625,2.149464409387497,1.9415397925791726,1.6616418681506215
1201.0,2.549999803122686,2.5499997009401425,2.549999269973224,2.549997931897634,2.549993952299178,2.5499824317460003,2.549950133538689,2.5498629549390883,2.5496375089770345,2.549081228883445,2.5477762114468723,2.544874585564797,2.538776905352848,2.5266938940429524,2.5041557535592336,2.4646205658397395,2.3993949048113383,2.298035730610103,2.149176049314215,1.9412334317210236,1.661348447242078
1202.0,2.5499998010953995,2.549999697987792,2.5499992632841613,2.549997914415986,2.5499939053460694,2.5499823071572636,2.549949812580346,2.5498621602204086,2.5496356307948824,2.5490770156986646,2.547767283761147,2.5448567943798923,2.538743700314741,2.526636080416509,2.504062195174471,2.4644803275849365,2.3992008379350627,2.2977886455878096,2.1488878223053667,1.9409272503475452,1.661055203716882
1203.0,2.5499997990497723,2.549999695009957,2.5499992565421503,2.5499978968086072,2.5499938580882624,2.5499821818453925,2.549949489973634,2.5498613619370367,2.5496337453716587,2.549072788829022,2.5477583322654263,2.544838965549698,2.5387104421595725,2.52657820183929,2.5039685719489575,2.4643400452564346,2.399006772503576,2.297541626624556,2.148599728251036,1.9406212482085585,1.6607621373907904
1204.0,2.5499997969856625,2.54999969200645,2.549999249746843,2.5499978790747657,2.5499938105242026,2.5499820558072166,2.549949165712485,2.549860560078307,2.549631852690588,2.5490685482518622,2.5477493569357077,2.544821099060209,2.5386771309012293,2.526520258370982,2.5038748839925415,2.464199718990661,2.398812708625973,2.297294673737949,2.148311767041262,1.940315425054852,1.6604692480792285
1205.0,2.5499997949029276,2.549999688977085,2.549999242897889,2.549997861213725,2.549993762652331,2.549981929039558,2.5499488397908197,2.5498597546335424,2.549629952734894,2.5490642939445523,2.5477403577480477,2.544803194897519,2.5386437665537014,2.526462250071311,2.5037811314149634,2.4640593489237643,2.3986186464110006,2.2970477869453907,2.1480239385660456,1.9400097806381704,1.6601765355973022
1206.0,2.5499997928014246,2.549999685921673,2.549999235994936,2.549997843224746,2.549993714471082,2.549981801539229,2.549948512202547,2.5498589455920553,2.5496280454877964,2.5490600258844793,2.5477313346785615,2.5447852530478197,2.538610349131085,2.526404177000042,2.503687314325853,2.463918935191615,2.398424585967062,2.29680096626408,2.147736242715349,1.9397043147112059,1.659883999759809
1207.0,2.549999790681009,2.549999682840024,2.5499992290376308,2.549997825107085,2.549993665978887,2.5499816733030345,2.5499481829415642,2.5498581329431467,2.5496261309325137,2.5490557440490518,2.5477222877034236,2.544767273497399,2.5385768786475795,2.5263460392169765,2.503593432834732,2.4637784779298055,2.398230527402215,2.2965542117110127,2.1474486793791017,1.9393990270275867,1.659591640381249
1208.0,2.5499997885415353,2.549999679731948,2.5499992220256176,2.5499978068599978,2.549993617174169,2.54998154432777,2.549947852001758,2.549857316676106,2.549624209052262,2.5490514484156983,2.5477132167988663,2.544749256232645,2.5385433551174885,2.5262878367819552,2.5034994870510117,2.463637977273651,2.3980364708241755,2.2963075233029806,2.147161248447205,1.9390939173418686,1.659299457275836
1209.0,2.5499997863828585,2.549999676597253,2.549999214958539,2.5499977884827345,2.5499935680553474,2.549981414610222,2.5499475193770027,2.5498564967802126,2.549622279830255,2.54904713896187,2.547704121941182,2.5447312012400403,2.538509778555219,2.526229569754856,2.503405477083995,2.4634974333581905,2.3978424163403167,2.296060901056572,2.1468739498095344,1.9387889854095248,1.6590074502575083
1210.0,2.5499997842048314,2.5499996734357455,2.549999207836036,2.5499977699745435,2.5499935186208362,2.549981284147169,2.549947185061162,2.549855673244734,2.5496203432497047,2.5490428156650373,2.5476950031067216,2.544713108506167,2.53847614897528,2.526171238195593,2.5033114030428743,2.4633568463181863,2.397648364057672,2.2958143449881727,2.1465867833559424,1.9384842309869357,1.6587156191399395
1211.0,2.5499997820073057,2.549999670247232,2.549999200657748,2.5499977513346694,2.549993468869043,2.5499811529353824,2.5499468490480877,2.549854846058928,2.5496183992938213,2.549038478502694,2.547685860271895,2.544694978017704,2.538442466392284,2.526112842164118,2.5032172650367324,2.463216216288125,2.397454314082933,2.2955678551139664,2.1462997489762636,1.938179653831381,1.6584239637365479
1212.0,2.5499997797901326,2.5499996670315173,2.5499991934233113,2.549997732562354,2.54999341879837,2.5499810209716225,2.549946511331621,2.54985401521204,2.5496164479458128,2.549034127452353,2.547676693413172,2.5446768097614267,2.5384087308209464,2.5260543817204173,2.503123063174542,2.463075543402217,2.3972602665224554,2.2953214314499344,2.1460128465603168,1.9378752537010289,1.658132483860508
1213.0,2.549999777553163,2.5499996637884044,2.5499991861323617,2.5499977136568353,2.5499933684072147,2.5499808882526427,2.549946171905591,2.5498531806933054,2.5496144891888854,2.5490297624915508,2.547667502507079,2.5446586037242076,2.5383749422760835,2.5259958569245136,2.5030287975651664,2.4629348277944,2.3970662214822545,2.2950750740118564,2.1457260759979087,1.9375710303549285,1.6578411793247596
1214.0,2.5499997752962456,2.5499996605176967,2.549999178784533,2.5499976946173484,2.549993317693968,2.549980754775187,2.5499458307638156,2.5498523424919486,2.5496125230062434,2.5490253835978436,2.5476582875302043,2.544640359893015,2.5383411007726133,2.5259372678364644,2.5029344683173576,2.4627940695983352,2.39687217906801,2.29482878281531,2.1454394371788377,1.937266983553,1.6575500499420177
1215.0,2.5499997730192296,2.549999657219195,2.549999171379457,2.5499976754431253,2.549993266657016,2.549980620535991,2.549945487900102,2.549851500597184,2.54961054938109,2.5490209907488097,2.5476490484591934,2.544622078254916,2.538307206325555,2.525878614516362,2.502840075539757,2.462653268947412,2.3966781393850662,2.294582557875674,2.145152929992897,1.9369631130560263,1.6572590955247828
1216.0,2.5499997707219624,2.5499996538927006,2.5499991639167634,2.5499976561333946,2.54999321529474,2.5499804855317825,2.5499451433082445,2.549850654998214,2.549608568296626,2.5490165839220498,2.5476397852707517,2.544603758797072,2.5382732589500288,2.525819897024333,2.5027456193408963,2.4625124259747446,2.3964841025384325,2.294336399208124,2.1448665543298753,1.9366594186256436,1.6569683158853492
1217.0,2.5499997684042905,2.5499996505380116,2.54999915639608,2.5499976366873818,2.549993163605514,2.5499803497592795,2.5499447969820284,2.5498498056842314,2.5496065797360523,2.5490121630951856,2.5476304979416438,2.5445854015067413,2.538239258661255,2.525761115420537,2.502651099829196,2.462371540813175,2.3962900686327844,2.294090306827637,2.1445803100795637,1.936355900024334,1.6566777108358157
1218.0,2.5499997660660596,2.549999647154926,2.549999148817034,2.549997617104309,2.549993111587708,2.5499802132151923,2.549944448915226,2.549848952644418,2.5496045836825667,2.5490077282458614,2.547621186448692,2.5445670063712784,2.5382052054745547,2.5257022697651683,2.5025565171129664,2.462230613595274,2.3960960377724647,2.2938442807489894,2.1442941971317557,1.9360525570154163,1.6563872801880937
1219.0,2.549999763707114,2.5499996437432415,2.549999141179248,2.549997597383395,2.5499930592396858,2.5499800758962223,2.5499440991015985,2.5498480958679446,2.5496025801193665,2.549003279351742,2.5476118507687797,2.544548573378134,2.538171099405348,2.525643360118453,2.5024618713004054,2.4620896444533384,2.3959020100614854,2.2935983209867596,2.144008215376252,1.935749389363038,1.6560970237539168
1220.0,2.549999761327298,2.549999640302753,2.5499991334823457,2.5499975775238557,2.549993006559805,2.5499799377990624,2.549943747534897,2.549847235343972,2.5496005690296477,2.548998816390516,2.5476024908788486,2.544530102514854,2.5381369404691547,2.5255843865406504,2.5023671624996005,2.4619486335193956,2.3957079856035275,2.2933524275553268,2.143722364702861,1.9354463968321671,1.6558069413448488
1221.0,2.549999758926455,2.549999636833255,2.5499991257259476,2.5499975575249034,2.5499929535464188,2.549979798920397,2.54994339420886,2.549846371061651,2.5495985503966048,2.5489943393398935,2.5475931067558992,2.5445115937690796,2.5381027286815927,2.5255253490920513,2.5022723908185283,2.4618075809252007,2.395513964501942,2.293106600468871,2.1434366450014046,1.9351435791885843,1.6555170327722937
1222.0,2.549999756504426,2.5499996333345414,2.549999117909672,2.549997537385747,2.5499929001978745,2.5499796592569015,2.549943039117216,2.549845503010121,2.5495965242034315,2.5489898481776057,2.5475836983769917,2.5444930471285487,2.5380684640583793,2.5254662478329784,2.502177556365053,2.461666486802239,2.3953199468597512,2.2928608397413752,2.143151056161718,1.9348409361988743,1.655227297847503
1223.0,2.549999754061052,2.5499996298064036,2.549999110033136,2.549997517105593,2.549992846512514,2.549979518805243,2.5499426822536817,2.549844631178512,2.549594490433321,2.5489853428814078,2.5475742657192457,2.5444744625810936,2.5380341466153307,2.5254070828237856,2.502082659246928,2.461525351281726,2.3951259327796506,2.292615145386625,2.142865598073654,1.9345384676304194,1.6549377363815847
1224.0,2.549999751596173,2.549999626248633,2.5499991020959545,2.549997496683643,2.549992792488673,2.5499793775620803,2.5499423236119623,2.549843755555943,2.5495924490694644,2.5489808234290763,2.547564808759839,2.544455840114642,2.537999776368359,2.5253478541248575,2.501987699571794,2.461384174494607,2.3949319223640084,2.2923695174182095,2.142580270627086,1.9342361732513906,1.654648348185511
1225.0,2.5499997491096282,2.5499996226610193,2.5499990940977404,2.549997476119097,2.5499927381246823,2.549979235524063,2.5499419631857525,2.5498428761315224,2.5495904000950533,2.5489762897984103,2.5475553274760103,2.544437179717217,2.537965353333476,2.5252885617966094,2.5018926774471817,2.4612429565715592,2.3947379157148676,2.2921239558495206,2.142295073711908,1.9339340528307407,1.654359133070127
1226.0,2.5499997466012556,2.549999619043351,2.549999086038105,2.5499974554111504,2.549992683418867,2.5499790926878325,2.5499416009687357,2.549841992894349,2.5495883434932773,2.5489717419672315,2.5475458218450555,2.544418481376936,2.5379308775267893,2.5252292058994863,2.5017975929805085,2.4611016976429907,2.394543912933946,2.2918784606937557,2.142010007218041,1.9336321061381965,1.6540700908461583
1227.0,2.549999744070892,2.549999615395415,2.5499990779166577,2.549997434558996,2.5499926283695458,2.549978949050022,2.5499412369545844,2.549841105833512,2.5495862792473263,2.5489671799133844,2.5475362918443314,2.5443997450820106,2.5378963489645034,2.5251697864939624,2.5017024462790793,2.4609603978390413,2.3943499141226376,2.2916330319639164,2.1417250710354314,1.9333303329442517,1.6537812213242187
1228.0,2.549999741518374,2.5499996117169985,2.5499990697330053,2.5499974135618237,2.5499925729750332,2.5499788046072553,2.549940871136959,2.5498402149380888,2.5495842073403887,2.548962603614736,2.5475267374512534,2.544380970820748,2.5378617676629194,2.525110303640542,2.501607237450088,2.4608190572895845,2.3941559193820146,2.2913876696728095,2.1414402650540567,1.9330287330201597,1.6534925243148177
1229.0,2.549999738943536,2.549999608007886,2.5499990614867536,2.549997392418819,2.549992517233637,2.549978659356148,2.5499405035095095,2.549839320197148,2.549582127755653,2.5489580130491762,2.5475171586432963,2.5443621585815492,2.537827133638434,2.5250507573997565,2.501511966600615,2.4606776761242255,2.393961928812826,2.2911423738330483,2.141155589163925,1.9327273061379264,1.6532039996283687
1230.0,2.549999736346212,2.549999604267861,2.5499990531775056,2.549997371129164,2.5499924611436593,2.5499785132933073,2.549940134065875,2.5498384215997474,2.549580040476308,2.548953408194618,2.547507555397994,2.5443433083529094,2.537792446907541,2.524991147832167,2.501416633837629,2.4605362544723035,2.3937679425155007,2.2908971444570527,2.1408710432550797,1.9324260520703034,1.6529156470751953
1231.0,2.5499997337262355,2.549999600496707,2.549999044804863,2.5499973496920387,2.5499924047033975,2.5499783664153313,2.549939762799684,2.5498375191349356,2.54957794548554,2.548948789028997,2.5474979276929397,2.5443244201234183,2.5377577074868274,2.524931474998362,2.5013212392679858,2.4603947924628917,2.393573960590148,2.2906519815570494,2.1405866272175995,1.9321249705907804,1.6526274664655392
1232.0,2.5499997310834384,2.5499995966942044,2.5499990363684257,2.5499973281066186,2.5499923479111426,2.5499782187188105,2.5499393897045524,2.5498366127917507,2.5495758427665365,2.548944155530271,2.547488275505786,2.5443054938817586,2.5377229153929775,2.5248717389589577,2.5012257829984295,2.4602532902247973,2.3933799831365574,2.2904068851450727,2.1403023409416027,1.9318240614735793,1.6523394576095674
1233.0,2.5499997284176517,2.549999592860134,2.5499990278677913,2.5499973063720764,2.5499922907651804,2.549978070200326,2.549939014774086,2.549835702559221,2.5495737323024845,2.548939507676423,2.5474785988142457,2.5442865296167083,2.5376880706427687,2.524811939774597,2.5011302651355893,2.460111747886563,2.3931860102542015,2.2901618552329657,2.140018184317247,1.9315233244936474,1.652051620317379
1234.0,2.5499997257287057,2.5499995889942744,2.5499990193025552,2.549997284487582,2.5499922332637905,2.54997792085645,2.54993863800188,2.549834788426365,2.5495716140765716,2.548934845445457,2.5474688975960893,2.544267527317137,2.537653173253073,2.5247520775059495,2.5010346857859833,2.4599701655764656,2.3929920420422346,2.2899168918323802,2.139734157234735,1.93122275942665,1.6517639543990117
1235.0,2.549999723016429,2.549999585096403,2.5499990106723116,2.5499972624523,2.5499921754052477,2.5499777706837468,2.5499382593815176,2.549833870382191,2.5495694880719837,2.5489301688154016,2.5474591718291477,2.544248486972009,2.537618223240856,2.5246921522137113,2.5009390450560156,2.459828543422519,2.3927980785994953,2.289671994954778,2.1394502595843115,1.9309223660489647,1.6514764596644491
1236.0,2.5499997202806504,2.549999581166296,2.549999001976652,2.549997240265394,2.549992117187821,2.549977619678772,2.5499378789065728,2.5498329484156974,2.5495673542719084,2.5489254777643082,2.5474494214913106,2.5442294085703816,2.537583220623178,2.524632163958604,2.5008433430519776,2.459686881552473,2.392604120024507,2.28942716461143,2.1391664912562702,1.9306221441376747,1.651189135923627
1237.0,2.5499997175211964,2.5499995772037294,2.5499989932151657,2.549997217926023,2.5499920586097726,2.549977467838073,2.5499374965706063,2.5498320225158744,2.549565212659532,2.5489207722702525,2.5474396465605276,2.544210292101405,2.5375481654171916,2.524572112801375,2.5007475798800476,2.459545180093814,2.39241016641548,2.2891824008134196,2.138882852140952,1.930322093470563,1.6509019829864398
1238.0,2.549999714737893,2.549999573208477,2.549998984387441,2.5499971954333422,2.549991999669361,2.5499773151581873,2.54993711236717,2.5498310926717007,2.549563063218042,2.5489160523113323,2.5474298470148073,2.5441911375543227,2.537513057640142,2.5245119988027964,2.50065175564629,2.4594034391737662,2.3922162178703092,2.2889377035716407,2.1385993421287495,1.9300222138261045,1.650615000662747
1239.0,2.5499997119305653,2.549999569180311,2.5499989754930636,2.549997172786504,2.549991940364837,2.549977161635645,2.5499367262898036,2.5498301588721466,2.5495609059306257,2.54891131786567,2.5474200228322186,2.544171944918471,2.5374778973093677,2.524451822023665,2.500555870456656,2.459261658919291,2.3920222744865782,2.2886930728967996,2.1383159611101066,1.9297225049834623,1.6503281887623789
1240.0,2.549999709099037,2.5499995651190033,2.549998966531618,2.5499971499846574,2.549991880694447,2.5499770072669676,2.549936338332036,2.549829221106172,2.5495587407804705,2.548906568911412,2.547410173990888,2.5441527141832783,2.5374426844422984,2.524391582524803,2.5004599244169827,2.4591198394570877,2.3918283363615584,2.288448508799415,2.1380327089755222,1.9294229667224803,1.650041547095144
1241.0,2.549999706243131,2.549999561024324,2.5499989575026856,2.549997127026948,2.549991820656431,2.549976852048667,2.5499359484873856,2.549828279362727,2.5495565677507646,2.548901805426727,2.5474003004690027,2.544133445338266,2.537407419056456,2.524331280367055,2.5003639176329946,2.4589779809135948,2.3916344035922115,2.2882040112898197,2.1377495856155506,1.9291235988236768,1.6497550754708339
1242.0,2.54999970336267,2.5499995568960414,2.5499989484058463,2.5499971039125175,2.549991760249024,2.549976695977248,2.54993555674936,2.5498273336307533,2.549554386824697,2.5488970273898084,2.5473904022448086,2.544114138373047,2.5373721011694546,2.5242709156112895,2.5002678502103017,2.45883608341499,2.391440476275189,2.28795958037816,2.1374665909208046,1.9288244010682394,1.6494687736992297
1243.0,2.5499997004574735,2.549999552733924,2.5499989392406777,2.549997080640505,2.549991699470455,2.549976539049205,2.549935163111455,2.5498263838991826,2.5495521979854563,2.548892234778874,2.5473804792966113,2.5440947932773272,2.5373367307989985,2.5242104883183982,2.5001717222544007,2.45869414708719,2.3912465545068335,2.2877152160743983,2.137183724781955,1.9285253732380196,1.6491826415901074
1244.0,2.5499996975273618,2.549999548537738,2.549998930006756,2.5499970572100445,2.5499916383189465,2.549976381261026,2.5499347675671573,2.549825430156937,2.5495500012162324,2.5488874275721645,2.547370531602776,2.5440754100409038,2.5373013079628826,2.5241499985492952,2.5000755338706733,2.4585521720558527,2.39105263838318,2.2874709183883115,2.136900987089735,1.9282265151155262,1.648896678953244
1245.0,2.5499996945721537,2.549999544307248,2.549998920703655,2.549997033620269,2.549991576792717,2.549976222609188,2.5499343701099413,2.5498244723929298,2.549547796500216,2.5488826057479455,2.547360559141727,2.5440559886536667,2.537265832678993,2.5240894463649175,2.499979285164388,2.458410158446376,2.3908587279999565,2.2872266873294924,2.1366183777349397,1.92792782648392,1.6486108855984225
1246.0,2.5499996915916663,2.5499995400422173,2.5499989113309467,2.5499970098703066,2.549991514889978,2.549976063090162,2.549933970733271,2.5498235105960645,2.549545583820598,2.5488777692845064,2.5473505618919483,2.5440365291055964,2.537230304965305,2.524028831826224,2.499882976240698,2.458268106383898,2.3906648234525845,2.2869825229073517,2.1363358966084283,1.9276293071270083,1.6483252613354382
1247.0,2.5499996885857166,2.5499995357424092,2.5499989018882,2.549996985959282,2.5499914526089364,2.549975902700408,2.5499335694306,2.5498225447552354,2.5495433631605704,2.54887291816016,2.547340539831983,2.544017031386766,2.537194724839884,2.523968154994195,2.4997866072046437,2.4581260159933005,2.39047092483618,2.286738425131117,2.1360535436011263,1.92733095682924,1.6480398059741037
1248.0,2.5499996855541203,2.549999531407585,2.5499988923749837,2.5499969618863165,2.5499913899477917,2.5499757414363793,2.5499331661953706,2.549821574859328,2.549541134503327,2.548868052353245,2.5473304929404335,2.543997495487339,2.537159092320885,2.5239074159298314,2.4996901781611505,2.4579838873992053,2.3902770322455558,2.286494394009835,2.135771318604026,1.9270327753756993,1.647754519324254
1249.0,2.549999682496691,2.5499995270375044,2.549998882790863,2.549996937650528,2.5499913269047383,2.5499755792945193,2.549932761021015,2.549820600897218,2.5495388978320612,2.5488631718421235,2.5473204211959617,2.54397792139757,2.537123407426552,2.5238466146941554,2.499593689215029,2.457841720725977,2.3900831457752205,2.2862504295523696,2.135489221508188,1.9267347625521007,1.6474694011957518
1250.0,2.5499996794132427,2.5499995226319263,2.5499988731354017,2.549996913251031,2.5499912634779656,2.5499754162712636,2.5499323539009544,2.5498196228577727,2.5495366531299686,2.548858276605182,2.5473103245772895,2.543958309107806,2.5370876701752167,2.52378575134821,2.499497140470976,2.4576995160977235,2.38988926551938,2.2860065317674065,2.1352072522047436,1.9264369181447842,1.6471844513984928
1251.0,2.549999676303588,2.5499995181906074,2.5499988634081614,2.5499968886869366,2.549991199665657,2.549975252363039,2.5499319448285984,2.5498186407298493,2.5495344003802454,2.5488533666208317,2.547300203063197,2.5439386586084827,2.5370518805853,2.5237248259530576,2.499400532033573,2.4575572736382965,2.389695391571939,2.285762700663451,2.1349254105848954,1.9261392419407102,1.6468996697424103
1252.0,2.549999673167537,2.549999513713304,2.5499988536087015,2.549996863957352,2.5499911354659894,2.5499750875662635,2.5499315337973476,2.549817654502297,2.5495321395660886,2.5488484418675084,2.5472900566325247,2.5439189698901283,2.5370160386753104,2.5236638385697803,2.499303864007287,2.457414993471291,2.389501524026501,2.285518936248829,2.1346436965399183,1.9258417337274532,1.6466150560374804
1253.0,2.5499996700049006,2.549999509199771,2.5499988437365797,2.5499968390613814,2.5499910708771347,2.549974921877347,2.549931120800591,2.5498166641639552,2.5495298706706975,2.5488435023236717,2.5472798852641723,2.5438992429433607,2.5369801444638442,2.5236027892594803,2.4992071364964703,2.4572726757200463,2.38930766297637,2.2852752385316886,2.134362109961162,1.9255443932931984,1.6463306100937265
1254.0,2.5499996668154874,2.5499995046497608,2.5499988337913515,2.5499968139981246,2.549991005897259,2.5499747552926904,2.5499307058317062,2.5498156697036554,2.549527593677272,2.5488385479678075,2.5472696889370985,2.5438794777588885,2.5369441979695853,2.5235416780832773,2.499110349605361,2.4571303205076465,2.3891138085145505,2.285031607520001,2.134080650740051,1.925247220426736,1.6460463317212244
1255.0,2.5499996635991056,2.5499995000630262,2.5499988237725697,2.549996788766679,2.5499909405245225,2.5499745878086864,2.549930288884062,2.549814671110219,2.5495253085690144,2.5488335787784258,2.5472594676303215,2.54385967432751,2.536908199211304,2.523480505102311,2.4990135034380807,2.4569879279569213,2.3889199607337495,2.2847880432215604,2.1337993187680873,1.924950214917456,1.6457622207301068
1256.0,2.5499996603555615,2.5499994954393173,2.549998813679786,2.5499967633661376,2.549990874757079,2.5499744194217184,2.5499298699510144,2.5498136683724595,2.5495230153291275,2.548828594734061,2.547249221322919,2.543839832640114,2.536872148207857,2.5234192703777385,2.498916598098637,2.456845498190446,2.3887261197263756,2.284544545643985,2.13351811393685,1.9246533765553446,1.6454782769305678
1257.0,2.549999657084661,2.549999490778384,2.54999880351255,2.549996737795591,2.549990808593077,2.5499742501281624,2.5499294490259112,2.5498126614791814,2.5495207139408165,2.5488235958132726,2.5472389499940284,2.543819952687679,2.536836044978188,2.5233579739707346,2.498819633690923,2.4567030313305422,2.388532285584542,2.2843011147947174,2.133237036137998,1.9243567051309782,1.645194500132867
1258.0,2.549999653786209,2.5499994860799737,2.5499987932704076,2.549996712054125,2.5499907420306602,2.5499740799243846,2.5499290261020877,2.5498116504191795,2.5495184043872876,2.548818581994645,2.547228653622846,2.543800034461273,2.536799889541326,2.523296615942492,2.498722610318715,2.4565605274992786,2.3883384584000655,2.2840577506810265,2.1329560852632703,1.9240602004355192,1.6449108901473346
1259.0,2.5499996504600078,2.5499994813438334,2.5499987829529047,2.5499966861408225,2.5499906750679653,2.5499739088067437,2.54992860117287,2.5498106351812417,2.54951608665175,2.548813553256789,2.547218332188628,2.543780077952054,2.5367636819163866,2.52323519635422,2.498625528085675,2.4564179868184697,2.388144638264469,2.283814453310006,2.132675261204487,1.9237638622607118,1.6446274467843751
1260.0,2.5499996471058606,2.549999476569708,2.5499987725595834,2.549996660054763,2.5499906077031227,2.5499737367715887,2.5499281742315727,2.5498096157541457,2.5495137607174128,2.548808509578339,2.54720798567069,2.543760083151269,2.5367274221225684,2.5231737152671454,2.4985283870953494,2.4562754094096784,2.3879508252689807,2.283571222688578,2.1323945638535506,1.923467690398877,1.6443441698544716
1261.0,2.5499996437235684,2.5499994717573413,2.549998762089985,2.5499966337950215,2.549990539934259,2.5499735638152607,2.5499277452715,2.549808592126661,2.5495114265674883,2.5488034509379545,2.5471976140484065,2.543740050050254,2.536691110179157,2.5231121727425108,2.4984311874511693,2.4561327953942156,2.3877570195045363,2.2833280588234923,2.132113993102449,1.9231716846443014,1.6440610605151724
1262.0,2.5499996403129312,2.5499994669064763,2.5499987515436477,2.549996607360671,2.549990471759493,2.549973389934093,2.549927314285946,2.5498075642875495,2.549509084185191,2.5487983773143212,2.547187217301211,2.5437199786404343,2.536654746105522,2.5230505688415747,2.4983339292564506,2.455990144893142,2.3875632210617788,2.2830849617213267,2.1318335488432774,1.922875844800124,1.6437781199048696
1263.0,2.549999636873748,2.5499994620168542,2.5499987409201084,2.549996580750779,2.5499904031769383,2.549973215124409,2.5499268812681937,2.549806532225563,2.5495067335537365,2.54879328868615,2.547176795408597,2.5436998689133246,2.536618329921118,2.5229889036256115,2.4982366126143933,2.4558474580272645,2.387369430031061,2.2828419313884885,2.131553230968266,1.922580170671236,1.6434953478089516
1264.0,2.549999633405817,2.5499994570882145,2.5499987302189013,2.549996553964412,2.5499903341847037,2.5499730393825244,2.5499264462115168,2.549805495929446,2.549504374656343,2.548788185032177,2.547166348350118,2.5436797208605277,2.5365818616454807,2.522927177155911,2.4981392376280818,2.455704734917142,2.387175646502444,2.282598967831215,2.1312730393697814,1.922284662062887,1.6432127440132416
1265.0,2.5499996299089336,2.5499994521202956,2.5499987194395586,2.54999652700063,2.5499902647808907,2.5499728627047458,2.5499260091091775,2.549804455387934,2.5495020074762316,2.548783066331164,2.547155876105385,2.5436595344737345,2.5365453412982326,2.522865389493778,2.4980418044004846,2.4555619756830827,2.3869818705656995,2.2823560710555753,2.130992973940322,1.9219893187806842,1.642930308303997
1266.0,2.549999626382894,2.5499994471128344,2.5499987085816103,2.549996499858491,2.5499901949635957,2.549972685087371,2.549925569954428,2.549803410589755,2.5494996319966248,2.5487779325618978,2.5471453786540708,2.543639309744725,2.5365087688990777,2.5228035407005316,2.4979443130344556,2.4554191804451446,2.3867881023103115,2.2821132410674707,2.1307130345725214,1.9216941406305912,1.6426480404679076
1267.0,2.549999622827493,2.549999442065567,2.5499986976445848,2.5499964725370496,2.549990124730909,2.5499725065266907,2.54992512874051,2.549802361523627,2.549497248200747,2.5487727837031917,2.547134855975905,2.5436190466653685,2.536472144467803,2.522741630837505,2.4978467636327313,2.4552763493231367,2.3865943418254747,2.281870477872636,2.1304332211591457,1.9213991274189275,1.642365940292094
1268.0,2.5499996192425223,2.549999436978227,2.5499986866280073,2.5499964450353563,2.549990054080916,2.5499723270189856,2.5499246854606548,2.5498013081782616,2.549494856071827,2.5487676197338844,2.5471243080506785,2.54359874522762,2.536435468024279,2.5226796599660455,2.497749156297933,2.455133482436619,2.386400589200097,2.28162778147664,2.130153533593094,1.9211042789523678,1.6420840075641079
1269.0,2.549999615627775,2.549999431850548,2.5499986755314015,2.5499964173524576,2.5499899830116943,2.549972146560528,2.5499242401080835,2.549800250542361,2.5494924555930933,2.5487624406328395,2.54711373485824,2.5435784054235233,2.536398739588457,2.5226176281475143,2.4976514911325665,2.4549905799049045,2.3862068445228,2.281385151884887,2.129873971767399,1.920809595037941,1.6418022420719287
1270.0,2.5499996119830417,2.5499994266822608,2.549998664354289,2.5499963894873976,2.5499899115213176,2.549971965147583,2.5499237926760068,2.549799188604619,2.5494900467477795,2.5487572463789476,2.5471031363784986,2.543558027245211,2.5363619591803706,2.522555535443285,2.497553768239021,2.4548476418470573,2.3860131078819213,2.281142589102617,2.1295945355752233,1.9205150754830294,1.6415206436039642
1271.0,2.549999608308112,2.549999421473095,2.5499986530961887,2.5499963614392156,2.549989839607853,2.5499717827764052,2.5499233431576247,2.5497981223537227,2.5494876295191204,2.5487520369511247,2.5470925125914223,2.543537610684902,2.5363251268201363,2.522493381914745,2.49745598771957,2.4547046683818943,2.385819379365512,2.2809000931349064,2.129315224909864,1.9202207200953683,1.6412392119490482
1272.0,2.549999604602774,2.5499994162227804,2.5499986417566176,2.549996333206948,2.549989767269362,2.549971599443242,2.5499228915461276,2.54979705177835,2.549485203890354,2.5487468123283126,2.547081863477039,2.543517155734903,2.53628824252795,2.522431167623294,2.49735814967637,2.4545616596279856,2.38562565906134,2.280657663986671,2.129036039664749,1.9199265286830447,1.6409579468964401
1273.0,2.549999600866816,2.5499994109310435,2.5499986303350908,2.5499963047896266,2.549989694503899,2.5499714151443316,2.5499224378346956,2.5497959768671707,2.5494827698447216,2.5487415724894795,2.5470711890154347,2.5434966623876076,2.5362513063240897,2.5223688926303436,2.4972602542114632,2.454418615703655,2.3854319470568903,2.2804153016626647,2.1287569797334367,1.9196325010544968,1.640676848235823
1274.0,2.5499995971000224,2.54999940559761,2.549998618831121,2.5499962761862807,2.549989621309514,2.5499712298759043,2.5499219820164973,2.549794897608847,2.549480327365466,2.5487363174136197,2.547060489186755,2.5434761306354976,2.5362143182289136,2.522306556997317,2.4971623014267736,2.454275536726981,2.3852382434393666,2.2801730061674803,2.1284780450096177,1.919338637018513,1.6403959157573027
1275.0,2.5499995933021795,2.549999400222204,2.5499986072442193,2.5499962473959354,2.549989547684251,2.5499710436341814,2.5499215240846924,2.5497938139920335,2.5494778764358337,2.5487310470797535,2.5470497639712057,2.5434555604711404,2.5361772782628598,2.52224416078565,2.4970642914241097,2.4541324228157952,2.385044548295691,2.2799307775055526,2.1281992353871115,1.9190449363842317,1.6401151492514066
1276.0,2.54999958947307,2.5499993948045487,2.549998595573893,2.5499962184176126,2.549989473626147,2.5499708564153756,2.54992106403243,2.5497927260053754,2.549475417039075,2.5487257614669274,2.5470390133490506,2.543434951887191,2.536140186446447,2.5221817040567873,2.4969662243051642,2.4539892740876854,2.3848508617125033,2.2796886156811573,2.1279205507598693,1.9187513989611393,1.6398345485090826
1277.0,2.549999585612477,2.5499993893443658,2.5499985838196486,2.5499961892503293,2.549989399133234,2.5499706682156913,2.5499206018528486,2.549791633637512,2.549472949158442,2.5487204605542138,2.547028237300614,2.5434143048763893,2.536103042800272,2.522119186872187,2.496868100171513,2.453846090659994,2.3846571837761665,2.279446520698412,2.1276419910219717,1.9184580245590708,1.6395541133216978
1278.0,2.5499995817201815,2.549999383841375,2.54999857198099,2.5499961598931,2.5499893242035383,2.5499704790313245,2.549920137539077,2.5497905368770737,2.5494704727771897,2.548715144320712,2.547017435806278,2.5433936194315643,2.536065847345013,2.5220566092933163,2.496769919124615,2.4537028726498202,2.384463514572764,2.279204492561278,2.127363556067629,1.918164812988208,1.6392738434810372
1279.0,2.5499995777959636,2.5499993782952943,2.5499985600574187,2.549996130344935,2.5499892488350793,2.549970288858462,2.549919671084234,2.549789435712683,2.549467987878578,2.548709812745548,2.547006608846485,2.5433728955456294,2.5360286001014263,2.521993971381653,2.4966716812658136,2.453559620174018,2.3842698541881004,2.278962531273561,2.127085245791181,1.9178717640590797,1.6389937387793032
1280.0,2.549999573839602,2.549999372705842,2.5499985480484337,2.5499961006048415,2.5499891730258715,2.5499700976932833,2.5499192024814277,2.5497883301329547,2.549465494445869,2.548704465807873,2.546995756401736,2.543352133211584,2.5359913010903457,2.5219312731986845,2.4965733866963347,2.4534163333491996,2.3840762027077034,2.2787206368389112,2.126807060087096,1.9175788775825595,1.6387137990091127
1281.0,2.549999569850875,2.5499993670727323,2.5499985359535327,2.5499960706718223,2.549989096773923,2.5499699055319582,2.549918731723756,2.5497872201264973,2.5494629924623275,2.5486991034868662,2.5469848784525912,2.5433313324225146,2.5359539503326842,2.521868514805908,2.4964750355172884,2.4532730122917337,2.383882560216825,2.278478809260825,2.1265289988499716,1.9172861533698664,1.6384340239634985
1282.0,2.5499995658295584,2.5499993613956806,2.5499985237722105,2.549996040544877,2.5499890200772364,2.5499697123706486,2.5499182588043077,2.54978610568191,2.5494604819112237,2.548693725761733,2.5469739749796707,2.543310493171592,2.535916547849433,2.5218056962648294,2.4963766278296684,2.453129657117747,2.383688926800442,2.278237048542645,2.1262510619745343,1.9169935912325633,1.6381544134359056
1283.0,2.549999561775427,2.549999355674399,2.5499985115039596,2.549996010223001,2.549988942933808,2.5499695182055073,2.5499177837161606,2.5497849867877855,2.5494579627758296,2.5486883326117047,2.546963045963653,2.543289615452074,2.5358790936616615,2.521742817636964,2.4962781637343507,2.4529862679431247,2.3834953025432553,2.2779953546875618,2.125973249355637,1.9167011909825566,1.637874967220192
1284.0,2.5499995576882557,2.5499993499085982,2.5499984991482703,2.549995979705186,2.549988865341628,2.5499693230326796,2.5499173064523823,2.549783863432708,2.5494554350394214,2.54868292401604,2.5469520913852763,2.5432686992573026,2.535841587790515,2.5216798789838353,2.4961796433320953,2.45284284488351,2.383301687529692,2.2777537276986144,2.125695560888262,1.9164089524320946,1.6375956851106261
1285.0,2.5499995535678166,2.549999344097989,2.5499984867046313,2.549995948990421,2.5499887872986813,2.5499691268483016,2.549916827006031,2.5497827356052554,2.5494528986852782,2.5486774999540245,2.546941111225337,2.5432477445807056,2.535804030257216,2.5216168803669747,2.496081066723546,2.452699388054304,2.3831080818439077,2.277512167578691,2.125417996467518,1.9161168753937678,1.6373165669018868
1286.0,2.549999549413881,2.5499993382422788,2.549998474172528,2.5499959180776903,2.549988708802946,2.5499689296485006,2.5499163453701548,2.549781603293997,2.549450353696684,2.5486720604049706,2.5469301054646913,2.5432267514157956,2.5357664210830646,2.5215538218479225,2.4959824340092283,2.4525558975706705,2.3829144855697844,2.2772706743305298,2.1251405559886414,1.915824959680508,1.6370376123890613
1287.0,2.5499995452262194,2.5499993323411747,2.5499984615514437,2.5499958869659745,2.549988629852395,2.5499687314293964,2.5499158615377913,2.5497804664874955,2.5494478000569267,2.548666605348217,2.5469190740842547,2.5432057197561706,2.5357287602894365,2.521490703488226,2.495883745289552,2.45241237354753,2.3827208987909327,2.27702924795672,2.124863239346996,1.915533205105586,1.6367588213676445
1288.0,2.5499995410046004,2.5499993263943814,2.54999844884086,2.5499958556542506,2.5499885504449953,2.5499685321870995,2.549915375501969,2.5497793251743057,2.549445237749296,2.54866113476313,2.5469080170650016,2.5431846495955126,2.5356910478977843,2.5214275253494387,2.4957850006648097,2.452268816099565,2.3825273215906937,2.276787888459702,2.1245860464380724,1.9152416114826132,1.636480193633538
1289.0,2.5499995367487918,2.549999320401603,2.5499984360402568,2.549995824141492,2.5499884705787075,2.5499683319177118,2.5499148872557056,2.5497781793429763,2.5494426667570886,2.5486556486291025,2.546896934387965,2.5431635409275883,2.535653283929635,2.5213642874931232,2.4956862002351774,2.4521252253412187,2.382333754052137,2.2765465958417685,2.124308977157486,1.9149501786255387,1.6362017289830488
1290.0,2.54999953245856,2.549999314362542,2.5499984231491095,2.549995792426668,2.5499883902514857,2.5499681306173274,2.5499143967920093,2.549777028982047,2.549440087063602,2.548650146925555,2.546885826034237,2.5431423937462494,2.5356154684065917,2.5213009899808467,2.4955873441007137,2.451981601386695,2.382140196258065,2.276305370105067,2.1240320314009797,1.9146589063486503,1.6359234272128877
1291.0,2.5499995281336703,2.549999308276899,2.5499984101668933,2.5499957605087444,2.5499883094612796,2.5499679282820313,2.549913904103878,2.5497758740800522,2.5494374986521393,2.5486446296319354,2.5468746919849696,2.5431212080454317,2.535577601350333,2.521237632874184,2.4954884323613604,2.4518379443499603,2.381946648291011,2.276064211251597,2.1237552090644223,1.914367794466572,1.6356452881201688
1292.0,2.549999523773886,2.5499993021443728,2.54999839709308,2.549995728386684,2.549988228206032,2.5499677249079005,2.5499134091843003,2.5497747146255176,2.5494349015060087,2.548639096727717,2.5468635322213724,2.543099983819155,2.5355396827826118,2.5211742162347153,2.495389465116942,2.4516942543447424,2.381753110233241,2.2758231192832143,2.1234785100438067,1.9140768427942645,1.6353673115024085
1293.0,2.5499995193789706,2.549999295964662,2.54999838392714,2.549995696059444,2.5499881464836798,2.549967520491003,2.5499129120262545,2.5497735506069623,2.549432295608521,2.548633548192403,2.546852346724715,2.543078721061522,2.5355017127252553,2.5211107401240263,2.4952904424671676,2.4515505314845325,2.3815595821667537,2.2755820942016305,2.1232019342352526,1.913786051147024,1.635089497157524
1294.0,2.5499995149486847,2.5499992897374617,2.54999837066854,2.549995663525979,2.5499880642921537,2.5499673150273985,2.549912412622709,2.5497723820128986,2.5494296809429926,2.548627984005522,2.5468411354763254,2.54305741976672,2.5354636912001656,2.521047204603709,2.495191364511627,2.451406775882584,2.3813660641732834,2.2753411360084126,2.1229254815350043,1.9134954193404812,1.634811844883832
1295.0,2.549999510482788,2.549999283462467,2.5499983573167455,2.5499956307852405,2.5499879816293793,2.549967108513139,2.5499119109666224,2.5497712088318316,2.5494270574927422,2.5486224041466303,2.546829898457591,2.5430360799290206,2.535425618229318,2.5209836097353593,2.495092231349794,2.4512629876519147,2.3811725563342985,2.2751002447049857,2.122649151839431,1.9132049471906012,1.634534354480048
1296.0,2.5499995059810403,2.5499992771393707,2.54999834387122,2.5499955978361744,2.549987898493275,2.549966900944267,2.5499114070509443,2.5497700310522595,2.549424425241095,2.548616808595312,2.546818635649958,2.543014701542777,2.5353874938347616,2.520919955580579,2.4949930430810254,2.4511191669053063,2.380979058731003,2.274859420292633,2.122372945045025,1.912914634513682,1.6342570257452853
1297.0,2.549999501443198,2.5499992707678643,2.549998330331423,2.5499955646777237,2.5499878148817543,2.549966692316817,2.549910900868613,2.549768848662674,2.54942178417138,2.548611197331179,2.5468073470349317,2.542993284602427,2.535349318038618,2.520856242200973,2.4948937998045615,2.4509753137553036,2.3807855714443384,2.274618662772495,2.122096861048404,1.9126244811263544,1.6339798584790535
1298.0,2.549999496869018,2.549999264347638,2.549998316696813,2.549995531308828,2.549987730792724,2.549966482626815,2.549910392412559,2.549767661651559,2.5494191342669303,2.54860557033387,2.546796032594076,2.5429718291024908,2.535311090863083,2.5207924696581516,2.4947945016195234,2.450831428314218,2.380592094554983,2.2743779721455737,2.1218208997463104,1.9123344868455803,1.6337028524812578
1299.0,2.5499994922582547,2.54999925787838,2.5499983029668463,2.549995497728423,2.5499876462240847,2.5499662718702782,2.5499098816757013,2.5497664700073925,2.549416475511084,2.548599927583052,2.546784692309013,2.542950335037572,2.535272812330424,2.520728638013728,2.4946951486249165,2.450687510694125,2.380398628143353,2.2741373484127307,2.1215450610356084,1.9120446514886527,1.6334260075521976
1300.0,2.5499994876106618,2.549999251359777,2.5499982891409756,2.5499954639354403,2.549987561173732,2.549966060043216,2.5499093686509493,2.549765273718645,2.549413807887184,2.5485942690584187,2.546773326161425,2.542928802402357,2.53523448246298,2.52066474732932,2.494595740919629,2.450543561006866,2.380205172289604,2.273896791574688,2.1212693448132867,1.911754974873195,1.6331493234925656
1301.0,2.549999482925991,2.549999244791515,2.5499982752186527,2.5499954299288077,2.549987475639555,2.5499658471416287,2.5499088533312038,2.549764072773781,2.549411131378578,2.5485885947396927,2.546761934133052,2.542907231191614,2.5351961012831645,2.520600797666548,2.4944962786024316,2.4503995793640496,2.380011727073631,2.2736563016320304,2.120993750976457,1.9114654568171598,1.6328728001034465
1302.0,2.549999478203993,2.5499992381732772,2.549998261199326,2.5499953957074486,2.549987389619437,2.5499656331615084,2.5499083357093553,2.5497628671612578,2.5494084459686177,2.548582904606624,2.546750516205693,2.542885621400194,2.53515766881346,2.5205367890870347,2.4943967617719776,2.45025556587705,2.37981829257507,2.273415878585204,2.120718279422354,1.9111760971388285,1.6325964371863166
1303.0,2.5499994734444176,2.5499992315047457,2.5499982470824425,2.5499953612702835,2.549987303111254,2.549965418098839,2.5499078157782846,2.549761656869526,2.5494057516406605,2.54857719863899,2.546739072361207,2.5428639730230302,2.535119185076422,2.5204727216524065,2.4942971905268028,2.4501115206570083,2.379624868873298,2.27317552243452,2.1204429300483354,1.91088689565681,1.632320234543042
1304.0,2.549999468647013,2.549999224785601,2.5499982328674453,2.5499953266162287,2.549987216112878,2.549965201949596,2.5499072935308633,2.54976044188703,2.5494030483780685,2.548571476816596,2.5467276025815093,2.5428422860551376,2.535080650094676,2.520408595424292,2.4941975649653267,2.449967443814834,2.3794314560474334,2.2729352331801516,2.1201677027518806,1.9105978521900404,1.6320441919758777
1305.0,2.549999463811526,2.549999218015522,2.5499982185537764,2.549995291744197,2.5499871286221736,2.549964984709746,2.5499067689599526,2.5497592222022076,2.549400336164209,2.5485657391192755,2.5467161068485766,2.5428205604916134,2.535042063890919,2.520344410464322,2.49409788518585,2.4498233354612036,2.3792380541763385,2.2726950108221375,2.1198925974305913,1.9103089665577824,1.6317683092874664
1306.0,2.5499994589377026,2.5499992111941867,2.549998204140875,2.5499952566530957,2.549987040637,2.5499647663752474,2.5499062420584044,2.54975799780349,2.5493976149824538,2.548559985526891,2.5467045851444423,2.5427987963276366,2.535003426487918,2.5202801668341275,2.493998151286558,2.449679195706563,2.3790446633386186,2.2724548553603827,2.1196176139821916,1.9100202385796239,1.6314925862808383
1307.0,2.5499994540252864,2.54999920432127,2.5499981896281776,2.5499952213418307,2.5499869521552108,2.5499645469420504,2.549905712819062,2.5497567686793023,2.5493948848161803,2.5485542160193306,2.5466930374511993,2.5427769935584674,2.5349647379085103,2.520215864595343,2.4938983633655165,2.449535024661126,2.3788512836126237,2.272214766794658,2.119342752304527,1.9097316680754781,1.6312170227594087
1308.0,2.5499994490740208,2.549999197396446,2.5499981750151193,2.5499951858093026,2.549986863174652,2.5499643264060965,2.5499051812347577,2.5497555348180625,2.5493921456487714,2.548548430576513,2.546681463750999,2.5427551521794474,2.534925998175603,2.5201515038096036,2.4937985215206755,2.4493908224348764,2.378657915076449,2.2719747451246,2.1190680122955645,1.909443254865582,1.6309416185269787
1309.0,2.549999444083646,2.549999190419388,2.549998160301132,2.549995150054408,2.5499867736931643,2.549964104763319,2.549904647298315,2.549754296208183,2.549389397463615,2.548542629178383,2.5466698640260517,2.542733272185999,2.534887207312172,2.5200870845385444,2.493698625849867,2.4492465891375668,2.3784645578079346,2.271734790349714,2.1187933938533923,1.909154998770496,1.6306663733877322
1310.0,2.549999439053903,2.5499991833897666,2.549998145485645,2.54999511407604,2.549986683708583,2.5499638820096426,2.549904111002548,2.5497530528380694,2.5493866402441046,2.5485368118049156,2.5466582382586256,2.5427113535736274,2.5348483653412646,2.5200226068438023,2.4935986764508056,2.449102324878721,2.378271211884669,2.2714949024693736,2.1185188968762194,1.9088668996111031,1.6303912871462363
1311.0,2.5499994339845307,2.5499991763072516,2.5499981305680857,2.549995077873088,2.5499865932187378,2.549963658140983,2.5499035723402614,2.5497518046961214,2.549383873973638,2.548530978436113,2.5466465864310486,2.5426893963379165,2.5348094722859944,2.519958070787014,2.493498673421089,2.4489580297676325,2.3780778773839875,2.2712550814828205,2.118244521262376,1.9085789572086078,1.6301163596074395
1312.0,2.549999428875266,2.54999916917151,2.5499981155478784,2.5499950414444372,2.5499865022214503,2.549963433153249,2.54990303130425,2.549750551770732,2.54938109863562,2.548525129052005,2.546634908525706,2.542667400474532,2.534770528169545,2.5198934764298158,2.4933986168581965,2.4488137039133666,2.3778845543829727,2.2710153273891676,2.1179702669103126,1.908291171384536,1.6298415905766712
1313.0,2.549999423725845,2.549999161982208,2.549998100424446,2.5499950047889692,2.5499864107145376,2.5499632070423397,2.5499024878872985,2.5497492940502893,2.5493783142134605,2.548519263632651,2.5466232045250417,2.5426453659792205,2.5347315330151683,2.5198288238338447,2.4932985068594906,2.448669347424759,2.377691242958458,2.2707756401873964,2.1176961337185993,1.9080035419607344,1.6295669798596404
1314.0,2.5499994185360024,2.5499991547390106,2.5499980851972084,2.5499949679055613,2.5499863186958103,2.5499629798041465,2.549901942082184,2.5497480315231735,2.549375520690574,2.5485133821581387,2.546611474411559,2.542623292847807,2.534692486846184,2.5197641130607367,2.493198343522217,2.4485249604104182,2.377497943187024,2.2705360198763613,2.117422121585928,1.9077160687593682,1.6292925272624343
1315.0,2.5499994133054713,2.5499991474415795,2.5499980698655826,2.549994930793087,2.5499862261630732,2.5499627514345526,2.5499013938816733,2.5497467641777596,2.5493727180503822,2.5485074846085833,2.546599718167819,2.5426011810761997,2.5346533896859795,2.5196993441721265,2.493098126943503,2.4483805429787253,2.3773046551450046,2.2702964664547873,2.1171482304111082,1.9074287516029222,1.6290182325915186
1316.0,2.549999408033983,2.5499991400895765,2.5499980544289835,2.5499948934504157,2.549986133114125,2.549962521929432,2.5499008432785235,2.549745492002417,2.5493699062763113,2.5485015709641297,2.5465879357764414,2.542579030660384,2.5346142415580095,2.5196345172296484,2.492997857220359,2.4482360952378333,2.3771113789084826,2.270056979921272,2.1168744600930705,1.907141590314199,1.6287440956537345
1317.0,2.5499994027212685,2.549999132682661,2.5499980388868244,2.549994855876413,2.549986039546758,2.549962291284651,2.5499002902654824,2.549744214985509,2.5493670853517942,2.5484956412049504,2.546576127220104,2.542556841596427,2.534575042485796,2.5195696322949352,2.4928975344496775,2.4480916172956686,2.376918114553294,2.2698175602742867,2.1166008105308647,1.906854584716319,1.6284701162562996
1318.0,2.5499993973670563,2.5499991252204914,2.549998023238514,2.5499948180699414,2.5499859454587583,2.5499620594960666,2.549899734835289,2.549742933115392,2.549364255260269,2.5484896953112472,2.5465642924815435,2.5425346138804747,2.5345357924929273,2.5195046894296182,2.4927971587282336,2.447947109259931,2.376724862155027,2.2695782075121755,2.1163272816236596,1.9065677346327186,1.6281962942068053
1319.0,2.5499993919710744,2.5499991177027233,2.549998007483462,2.5499947800298584,2.549985850847907,2.5499618265595285,2.5498991769806727,2.5497416463804172,2.5493614159851803,2.54848373326325,2.5465524315435544,2.5425123475087528,2.534496491603059,2.5194396886953263,2.4926967301526854,2.447802571238095,2.3765316217890247,2.269338921633158,2.1160538732707423,1.9062810398871506,1.6279226293132174
1320.0,2.5499993865330484,2.5499991101290114,2.5499979916210713,2.5499947417550173,2.5499857557119787,2.549961592470878,2.5498986166943536,2.5497403547689306,2.5493585675099784,2.548477755041218,2.5465405443889897,2.5424900424775663,2.5344571398399127,2.5193746301536866,2.492596248819573,2.447658003337409,2.3763383935303826,2.2690997026353283,2.1157805853715197,1.905994500303683,1.6276491213838737
1321.0,2.5499993810527037,2.5499991024990085,2.549997975650746,2.5499947032442685,2.5499856600487405,2.5499613572259467,2.549898053969043,2.549739058269272,2.54935570981812,2.548471760625439,2.5465286310007613,2.542467698783299,2.5344177372272756,2.519309513866324,2.4924957148253197,2.4475134056648975,2.3761451774539517,2.2688605505166564,2.1155074178255187,1.9057081157105766,1.6273757739990775
1322.0,2.5499993755297634,2.549999094812365,2.5499979595718854,2.5499946644964577,2.549985563855955,2.54996112082056,2.5498974887974413,2.5497377568697748,2.549352842893067,2.5484657499962284,2.5465166913618384,2.5424453164224143,2.5343782837890014,2.51924433989486,2.49239512826623,2.4473687783273594,2.3759519736343395,2.268621465274989,2.11523437053245,1.9054218859594667,1.6271025906858811
1323.0,2.54999936996395,2.549999087068732,2.5499979433838873,2.5499946255104273,2.549985467131379,2.549960883250533,2.5498969211722424,2.5497364505587674,2.549349966718289,2.548459723133933,2.5465047254552493,2.5424228953914545,2.534338779549008,2.519179108300913,2.4922944892384935,2.447224121431369,2.375758782145909,2.2683824469080505,2.1149614433922794,1.9051358109056136,1.626829571183076
1324.0,2.5499993643549823,2.5499990792677556,2.5499979270861473,2.549994586285015,2.5499853698727613,2.5499606445116743,2.5498963510861286,2.5497351393245724,2.54934708127726,2.5484536800189255,2.5464927332640794,2.5424004356870404,2.534299224531279,2.519113819146099,2.4921937978381794,2.447079435083277,2.3755656030627814,2.268143495413444,2.114688636305224,1.9048498904040323,1.6265567152307654
1325.0,2.549999358702581,2.5499990714090828,2.549997910678058,2.5499945468190552,2.5499852720778464,2.5499604045997817,2.5498957785317744,2.5497338231555067,2.549344186553462,2.54844762063161,2.5464807147714734,2.5423779373058712,2.534259618759863,2.5190484724920297,2.492093054161241,2.446934719389212,2.375372436458835,2.2679046107886527,2.1144159491717467,1.9045641243095013,1.6262840225703499
1326.0,2.549999353006463,2.5499990634923577,2.5499978941590093,2.5499945071113777,2.549985173744372,2.5499601635106472,2.549895203501845,2.5497325020398818,2.549341282530383,2.5484415449524187,2.5464686699606336,2.5423554002447237,2.534219962258872,2.518983068400314,2.491992258303514,2.446789974455078,2.3751792824077067,2.267665793031042,2.1141433818925517,1.9042785124765707,1.6260114929445122
1327.0,2.5499993472663443,2.549999055517223,2.549997877528389,2.549994467160808,2.54998507487007,2.549959921240053,2.549894625988996,2.549731175966004,2.549338369191517,2.548435452961813,2.54645659881482,2.5423328245004546,2.5341802550524832,2.518917606932555,2.491891410360716,2.4466452003865573,2.3749861409827933,2.26742704213786,2.113870934368583,1.9039930547595711,1.6257391260972034
1328.0,2.5499993414819397,2.54999904748332,2.549997860785582,2.549994426966169,2.549984975452666,2.5499596777837734,2.549894045985874,2.5497298449221737,2.5493354465203644,2.548429344640283,2.5464445013173513,2.542310210069997,2.534140497164938,2.518852088150353,2.4917905104284483,2.446500397289111,2.374793012257252,2.2671883581062375,2.113598606501018,1.903707751012622,1.625466921773628
1329.0,2.549999335652963,2.5499990393902876,2.5499978439299715,2.5499943865262784,2.5499848754898795,2.5499594331375746,2.549893463485117,2.549728508896686,2.5493325145004326,2.548423219968348,2.5464323774516044,2.5422875569503627,2.53410068862054,2.518786512115304,2.4916895586021943,2.4463555652679765,2.3745998963040003,2.2669497409331916,2.1133263981912664,1.9034226010896387,1.6251948797202298
1330.0,2.5499993297791255,2.549999031237763,2.549997826960937,2.5499943458399503,2.5499847749794236,2.5499591872972136,2.549892878479353,2.5497271678778306,2.5493295731152363,2.548417078926557,2.5464202272010135,2.5422648651386406,2.5340608294436575,2.5187208788889976,2.4915885549773193,2.446210704428172,2.374406793195718,2.266711190615624,2.113054309340965,1.903137604844342,1.6249229996846788
1331.0,2.5499993238601375,2.549999023025383,2.5499978098778553,2.5499943049059945,2.5499846739190057,2.54995894025844,2.549892290961202,2.549725821853892,2.5493266223482953,2.5484109214954875,2.5464080505490716,2.542242134631998,2.534020919658721,2.5186551885330193,2.4914874996490717,2.446065814874494,2.3742137030048474,2.266472707150325,2.1127823398519747,1.9028527621302647,1.6246512814158567
1332.0,2.5499993178957077,2.5499990147527813,2.5499977926801023,2.549994263723218,2.549984572306327,2.549958692016996,2.549891700923275,2.5497244708131497,2.5493236621831374,2.5484047476557468,2.5463958474793285,2.542219365427678,2.5339809592902243,2.518589441108949,2.4913863927125823,2.4459208967115185,2.3740206258035927,2.2662342905339723,2.1125104896263776,1.90256807280076,1.6243797246638436
1333.0,2.5499993118855433,2.54999900641959,2.54999777536705,2.549994222290421,2.5499844701390826,2.549958442568613,2.5498911083581737,2.549723114743877,2.549320692603297,2.548398557387972,2.5463836179753927,2.542196557523003,2.5339409483627224,2.5185236366783608,2.491285234262865,2.445775950043602,2.3738275616639233,2.2659959407631334,2.1122387585664733,1.9022835367090083,1.6241083291799048
1334.0,2.549999305829351,2.549998998025439,2.549997757938068,2.549994180606403,2.5499843674149614,2.549958191909016,2.54989051325849,2.5497217536343433,2.5493177135923153,2.5483923506728283,2.5463713620209307,2.54217371091537,2.533900886900834,2.518457775302823,2.491184024394816,2.4456309749748812,2.373634510657573,2.265757657834265,2.111967146574775,1.9019991537080254,1.623837094716478
1335.0,2.549999299726834,2.549998989569959,2.549997740392524,2.5499941386699576,2.549984264131646,2.549957940033921,2.5498899156168076,2.549720387472812,2.5493147251337396,2.5483861274910113,2.5463590795996662,2.542150825602255,2.5338607749292397,2.5183918570438983,2.491082763203214,2.4454859716092745,2.3734414728560407,2.2655194417437166,2.1116956535540075,1.9017149236506694,1.62356602102716
1336.0,2.5499992935776965,2.5499989810527754,2.5499977227297825,2.5499940964798746,2.5499841602868134,2.5499576869390363,2.5498893154257023,2.5497190162475416,2.549311727211126,2.5483798878232453,2.546346770695381,2.542127901581209,2.5338206124726805,2.5183258819631424,2.49098145078272,2.4453409400504804,2.3732484483305916,2.265281292487729,2.1114242794071036,1.9014308463896479,1.6232951078666944
1337.0,2.5499992873816386,2.5499989724735146,2.549997704949206,2.5499940540349395,2.5499840558781344,2.5499574326200616,2.549888712677739,2.549717639946786,2.549308719808036,2.5483736316502847,2.546334435291915,2.5421049388498607,2.5337803995559596,2.5182598501221043,2.4908800872278785,2.44519588040198,2.373055437152258,2.2650432100624363,2.111153024037201,1.9011469217775245,1.6230243549909582
1338.0,2.549999281138361,2.5499989638317992,2.5499976870501535,2.549994011333934,2.549983950903273,2.5499571770726877,2.5498881073654758,2.5497162585587936,2.54930570290804,2.5483673589529134,2.546322073373165,2.542081937405914,2.5337401362039405,2.518193761582326,2.490778672633115,2.445050792767037,2.3728624393918394,2.264805194463867,2.1108818873476394,1.9008631496667263,1.6227537621569508
1339.0,2.5499992748475617,2.549998955127252,2.549997669031982,2.5499939683756367,2.5499838453598875,2.5499569202925985,2.54988749948146,2.549714872071808,2.549302676494714,2.548361069711945,2.5463096849230866,2.54205889724715,2.5336998224415486,2.5181276164053434,2.4906772070927405,2.4449056772486966,2.3726694551199037,2.264567245687945,2.110610869241957,1.900579529909551,1.6224833291227807
1340.0,2.5499992685089374,2.5499989463594925,2.549997650894046,2.5499939251588204,2.54998373924563,2.5499566622754686,2.5498868890182322,2.549713480474068,2.5492996405516415,2.548354763908222,2.546297269925693,2.5420358183714247,2.5336594582937684,2.5180614146526836,2.490575690700946,2.444760533949788,2.3724764844067883,2.2643293637304893,2.110339969623889,1.9002960623581717,1.6222130556476542
1341.0,2.549999262122184,2.549998937528139,2.5499976326356975,2.549993881682255,2.549983632558147,2.549956403016965,2.549886275968322,2.5497120837538083,2.549296595062414,2.5483484415226174,2.5462848283650534,2.5420127007766706,2.533619043785645,2.5179951563858674,2.490474123551806,2.444615362972924,2.3722835273226006,2.264091548587216,2.110069188397363,1.900012746864646,1.621942941491863
1342.0,2.549999255686995,2.549998928632808,2.549997614256285,2.549993837944706,2.5499835252950778,2.5499561425127455,2.5498856603242515,2.549710681899257,2.54929354001063,2.5483421025360333,2.546272360225296,2.5419895444608964,2.5335785789422847,2.5179288416664063,2.4903725057392787,2.4444701644205,2.3720905839372173,2.2638538002537403,2.1097985254664975,1.89972958328092,1.6216729864167732
1343.0,2.549999249203062,2.5499989196731137,2.549997595755155,2.5499937939449344,2.5499834174540568,2.5499558807584615,2.5498850420785337,2.549709274898639,2.549290475379896,2.5483357469294017,2.5462598654906063,2.5419663494221854,2.533538063788852,2.5178624705558055,2.490270837357204,2.444324938394697,2.3718976543202883,2.263616118725574,2.1095279807356,1.8994465714588362,1.6214031901848136
1344.0,2.5499992426700766,2.5499989106486693,2.5499975771316516,2.549993749681698,2.549983309032711,2.549955617749754,2.5498844212236738,2.5497078627401737,2.549287401153825,2.548329374683685,2.5462473441452276,2.541943115658696,2.533497498350571,2.5177960431155597,2.490169118499304,2.4441796849974806,2.371704738541234,2.26337850399813,2.109257554109163,1.8991637112501387,1.6211335525594643
1345.0,2.549999236087728,2.549998901559086,2.549997558385116,2.54999370515375,2.549983200028662,2.5499553534822574,2.549883797752167,2.549706445412076,2.549284317316038,2.5483229857798744,2.5462347961734597,2.541919843168662,2.533456882652725,2.5177295594071567,2.490067349259185,2.4440344043306013,2.371511836669249,2.2631409560667195,2.1089872454918597,1.89888100250648,1.6208640733052457
1346.0,2.549999229455704,2.5499988924039734,2.5499975395148873,2.549993660359839,2.5499830904395253,2.549955087951597,2.5498831716564996,2.549705022902557,2.5492812238501643,2.5483165801989918,2.546222221559661,2.541896531950393,2.533416216720656,2.517663019492075,2.4899655297303354,2.443889096495595,2.3713189487733,2.2629034749265564,2.1087170547885465,1.8985984450794262,1.6205947521877073
1347.0,2.54999922277369,2.5499988831829388,2.549997520520301,2.549993615298711,2.5499829802629095,2.5499548211533902,2.549882542929151,2.549703595199822,2.54927812073984,2.5483101579220886,2.5462096202882463,2.541873182002272,2.533375500579765,2.517596423431783,2.4898636600061264,2.4437437615937845,2.371126074922129,2.2626660605727564,2.108446981904256,1.898316038820463,1.620325588973417
1348.0,2.5499992160413707,2.5499988738955874,2.5499975014006906,2.549993569969106,2.5499828694964184,2.5499545530832464,2.549881911562591,2.549702162292072,2.54927500796871,2.5483037189302467,2.546196992343688,2.5418497933227577,2.533334734255511,2.5175297712877414,2.489761740179812,2.443598399726278,2.370933215184252,2.262428713000337,2.108177026744196,1.8980337835810015,1.6200565834299507
1349.0,2.5499992092584294,2.5499988645415232,2.5499974821553866,2.5499935243697607,2.549982758137648,2.5499542837367666,2.5498812775492805,2.5497007241675047,2.549271885520425,2.5482972632045775,2.546184337710516,2.5418263659103832,2.5332939177734106,2.5174630631214003,2.4896597703445296,2.4434530109939714,2.3707403696279625,2.2621914322042183,2.107907189213748,1.8977516792123843,1.6197877353258816
1350.0,2.549999202424547,2.5499988551203483,2.5499974627837174,2.5499934784994083,2.5499826461841897,2.5499540131095433,2.549880640881672,2.549699280814312,2.5492687533786462,2.548290790726222,2.546171656373318,2.541802899763755,2.5332530511590385,2.5173962989942,2.489557750593298,2.4433075954975467,2.3705475383213286,2.261954218179226,2.107637469218465,1.8974697255658899,1.6195190444307699
1351.0,2.549999195539404,2.549998845631662,2.549997443285008,2.5499934323567772,2.5499825336336275,2.549953741197162,2.5498800015522103,2.5496978322206822,2.5492656115270407,2.548284301476352,2.546158948316738,2.541779394881555,2.5332121344380263,2.51732947896757,2.489455681019021,2.4431621533374748,2.3703547213321965,2.2617170709200907,2.1073678666640663,1.8971879224927388,1.619250510515152
1352.0,2.5499991886026785,2.549998836075064,2.5499974236585814,2.549993385940591,2.54998242048354,2.549953467995198,2.54987935955333,2.549696378374799,2.549262459949284,2.5482777954361695,2.546146213525478,2.541755851262538,2.533171167636064,2.517262603102932,2.489353561714484,2.4430166846140144,2.3701619187281904,2.2614799904214467,2.107098381456439,1.8969062698440993,1.6189821333505316
1353.0,2.5499991816140466,2.5499988264501496,2.5499974039037574,2.5499933392495713,2.5499823067314993,2.5499531934992206,2.5498787148774587,2.5496949192648417,2.5492592986290608,2.548271272586906,2.5461334519842964,2.5417322689055335,2.533130150778897,2.517195671461695,2.4892513927723554,2.4428711894272133,2.3699691305767128,2.2612429766778357,2.106829013501634,1.896624767471091,1.6187139127093686
1354.0,2.549999174573184,2.549998816756514,2.549997384019853,2.549993292282433,2.549982192375071,2.5499529177047897,2.5498780675170143,2.5496934548789856,2.5492561275500623,2.548264732909824,2.546120663678009,2.5417086478094437,2.5330890838923277,2.517128684105258,2.4891491742851866,2.442725667876907,2.3697763569449455,2.2610060296837062,2.106559762705864,1.896343415224792,1.6184458483650705
1355.0,2.5499991674797644,2.5499988069937496,2.5499973640061837,2.549993245037889,2.549982077411815,2.5499526406074575,2.5498774174644074,2.5496919852054014,2.549252946695989,2.548258176386215,2.5461078485914888,2.541684987973244,2.5330479670022155,2.5170616410950086,2.4890469063454126,2.442580120062721,2.3695835978998505,2.260769149433414,2.106290628975503,1.896062212956242,1.6181779400919818
1356.0,2.549999160333459,2.5499987971614475,2.549997343862061,2.549993197514646,2.549981961839286,2.549952362202768,2.5498767647120397,2.549690510232256,2.549249756050549,2.5482516029974023,2.546095006709666,2.5416612893959853,2.5330068001344754,2.5169945424923243,2.488944589045351,2.4424345460840713,2.369390853508171,2.260532335921223,2.1060216122170803,1.8957811605164492,1.6179101876653748
1357.0,2.5499991531339385,2.549998787259197,2.549997323586794,2.549993149711409,2.5499818456550303,2.5499520824862567,2.5498761092523043,2.549689029947712,2.5492465555974593,2.5482450127247382,2.5460821380175274,2.541637552076789,2.5329655833150784,2.5169273883585697,2.488842222477203,2.442288946040163,2.369198123836431,2.2602955891413052,2.105752712337283,1.8955002577563926,1.6176425908614402
1358.0,2.5499991458808715,2.5499987772865844,2.5499973031796896,2.549993101626876,2.5499817288565896,2.5499518014534517,2.549875451077586,2.5496875443399287,2.549243345320445,2.548238405549606,2.5460692425001166,2.541613776014851,2.53292431657005,2.516860178755098,2.488739806733051,2.4421433200299925,2.3690054089509367,2.2600589090877437,2.1054839292429515,1.8952195045270295,1.6173751494572786
1359.0,2.5499991385739254,2.5499987672431956,2.549997282640051,2.5499930532597426,2.5499816114414986,2.549951519099872,2.5498747901802616,2.5496860533970604,2.549240125203239,2.548231781453419,2.546056320142535,2.5415899612094397,2.532882999925473,2.5167929137432523,2.4886373419048633,2.441997668152347,2.3688127089177784,2.25982229575453,2.1052152628410785,1.8949389006792978,1.6171078632308897
1360.0,2.5499991312127652,2.5499987571286136,2.5499972619671802,2.5499930046087003,2.5499814934072864,2.5499512354210294,2.5498741265526994,2.5496845571072577,2.549236895229584,2.548225140417622,2.5460433709299397,2.5415661076598957,2.5328416334074833,2.5167255933843613,2.4885348280844894,2.4418519905058056,2.368620023802829,2.2595857491355673,2.104946713038807,1.8946584460641216,1.6168407319611657
1361.0,2.5499991237970554,2.5499987469424203,2.549997241160375,2.549992955672436,2.5499813747514763,2.5499509504124274,2.549873460187259,2.5496830554586674,2.549233655383229,2.5482184824236884,2.546030394847546,2.5415422153656326,2.5328002170422725,2.5166582177397427,2.488432265363663,2.4417062871887385,2.3684273536717457,2.2593492692246695,2.1046782797434287,1.8943781405324158,1.61657375542788
1362.0,2.5499991163264575,2.5499987366841954,2.5499972202189314,2.549992906449632,2.549981255471584,2.549950664069561,2.5498727910762917,2.5496815484394326,2.5492304056479345,2.5482118074531237,2.5460173918806244,2.541518284326136,2.532758750856086,2.516590786870701,2.488329653834,2.441560558299309,2.368234698589972,2.2591128560155624,2.104409962862381,1.8940979839350904,1.6163069334116806
1363.0,2.549999108800632,2.549998726353516,2.549997199142142,2.549992856938967,2.5499811355651207,2.549950376387917,2.549872119212141,2.5496800360376923,2.549227146007467,2.548205115487463,2.5460043620145036,2.541494314540963,2.5327172348752245,2.5165233008385286,2.4882269935870007,2.441414803935473,2.3680420586227355,2.258876509501884,2.104141762303247,1.8938179761230547,1.6160402656940798
1364.0,2.5499991012192385,2.549998715949958,2.5499971779292974,2.5499928071391156,2.5499810150295903,2.5499500873629755,2.5498714445871427,2.5496785182415818,2.5492238764456037,2.5481984065082726,2.545991305234568,2.5414703060097446,2.5326756691260415,2.5164557597045043,2.4881242847140483,2.4412690241949786,2.367849433835051,2.2586402296771864,2.103873677973753,1.893538116947221,1.6157737520574469
1365.0,2.5499990935819334,2.5499987054730955,2.5499971565796846,2.5499927570487477,2.5499808938624904,2.549949796990207,2.5498707671936227,2.549676995039232,2.549220596946129,2.5481916804971485,2.5459782215262594,2.541446258732181,2.5326340536349448,2.516388163529894,2.488021527306409,2.441123219175369,2.367656824291721,2.258404016534933,2.103605709781766,1.8932584062585092,1.6155073922849992
1366.0,2.5499990858883734,2.5499986949225,2.549997135092589,2.549992706666529,2.549980772061313,2.549949505265074,2.549870087023901,2.549675466418772,2.5492173074928366,2.548184937435718,2.545965110875075,2.541422172708046,2.532592388428395,2.51632051237595,2.4879187214552325,2.4409773889739808,2.367464230057335,2.2581678700685033,2.1033378576352946,1.8929788439078512,1.6152411861607943
1367.0,2.549999078138212,2.549998684297742,2.5499971134672914,2.549992655991121,2.549980649623543,2.5499492121830323,2.5498694040702867,2.5496739323683255,2.54921400806953,2.548178177305639,2.54595197326657,2.541398047937184,2.532550673532907,2.5162528063039105,2.4878158672515527,2.4408315336879443,2.3672716511962713,2.25793179027119,2.103070121442484,1.8926994297461943,1.6149751334697213
1368.0,2.5499990703311015,2.5499986735983895,2.549997091703072,2.549992605021181,2.5499805265466606,2.549948917739528,2.549868718325083,2.5496723928760128,2.54921069866002,2.5481714000886,2.5459388086863552,2.541373884419511,2.532508908975047,2.5161850453750008,2.4877129647862857,2.440685653414185,2.367079087772698,2.2576957771362016,2.1028025011116163,1.8924201636245057,1.6147092339974936
1369.0,2.5499990624666924,2.5499986628240086,2.5499970697992067,2.5499925537553634,2.549980402828139,2.549948621930001,2.5498680297805842,2.5496708479299515,2.5492073792481276,2.5481646057663205,2.545925617120098,2.5413496821550137,2.5324670947814356,2.5161172296504315,2.4876100141502318,2.440539748249424,2.3668865398505727,2.257459830656662,2.1025349965511104,1.8921410453937755,1.6144434875306402
1370.0,2.5499990545446343,2.5499986519741635,2.5499970477549696,2.5499925021923158,2.549980278465445,2.549948324749881,2.5498673384290766,2.5496692975182547,2.5492040498176824,2.5481577943205505,2.5459123985535226,2.5413254411437505,2.532425230978744,2.516049359191399,2.487507015434075,2.4403938182901777,2.366694007493644,2.2572239508256113,2.102267607669517,1.8918620749050208,1.6141778938564981
1371.0,2.5499990465645737,2.5499986410484166,2.549997025569631,2.5499924503306834,2.5499801534560396,2.549948026194591,2.549866644262838,2.5496677416290328,2.5492007103525234,2.54815096573307,2.5458991529724093,2.54130116138585,2.5323833175936965,2.5159814340590856,2.487403968728382,2.4402478636327585,2.366501490765451,2.256988137636006,2.1020003343755205,1.8915832520092901,1.6139124527632058
1372.0,2.5499990385261566,2.549998630046328,2.5499970032424595,2.5499923981691066,2.549980027797377,2.549947726259546,2.5498659472741383,2.549666180250392,2.549197360836498,2.5481441199856913,2.545885880362595,2.541276842881511,2.5323413546530693,2.515913454314658,2.487300874123604,2.4401018843732754,2.3663089897293252,2.2567523910807195,2.1017331765779357,1.8913045765576657,1.6136471640396937
1373.0,2.549999030429027,2.549998618967456,2.5499969807727196,2.549992345706222,2.549979901486905,2.549947424940153,2.5498652474552403,2.5496646133704366,2.5491940012534635,2.5481372570602567,2.5458725807099722,2.5412524856310044,2.53229934218369,2.5158454200192693,2.4871977317100757,2.4399558806076347,2.3661165044483914,2.256516711152543,2.101466134185707,1.891026048401268,1.6133820274756783
1374.0,2.5499990222728273,2.549998607811357,2.549996958159674,2.549992292940661,2.549979774522067,2.54994712223181,2.5498645447983974,2.549663040977266,2.5491906315872863,2.548130376938639,2.5458592540004905,2.5412280896346693,2.532257280212437,2.5157773312340557,2.4870945415780152,2.4398098524315386,2.3659240349855666,2.256281097844186,2.101199207107906,1.8907476673912589,1.613117042861654
1375.0,2.5499990140571973,2.5499985965775855,2.549996935402583,2.5499922398710515,2.5499796469002978,2.549946818129908,2.5498638392958566,2.5496614630589765,2.5491872518218415,2.548123479602743,2.5458459002201552,2.541203654892916,2.5322151687662404,2.5157091880201397,2.4869913038175238,2.4396637999404884,2.365731581403563,2.2560455511482767,2.100932395253733,1.8904694333788452,1.6128522099888858
1376.0,2.5499990057817765,2.5499985852656946,2.549996912500703,2.5499921864960173,2.549979518619028,2.5499465126298304,2.5498631309398556,2.549659879603662,2.5491838619410148,2.548116565034504,2.545832519355028,2.5411791814062252,2.532173007872081,2.5156409904386274,2.4868880185185875,2.4395177232297836,2.3655391437648867,2.255810071057361,2.1006656985325125,1.8901913462152815,1.6125875286494031
1377.0,2.5499989974462016,2.549998573875234,2.549996889453288,2.549992132814177,2.549979389675681,2.5499462057269513,2.5498624197226247,2.549658290599413,2.5491804619287004,2.5481096332158875,2.5458191113912263,2.5411546691751465,2.5321307975569907,2.5155727385506097,2.4867846857710765,2.4393716223945208,2.36534672213184,2.2555746575639057,2.100399116853693,1.8899134057518743,1.6123229986359913
1378.0,2.549998989050109,2.5499985624057526,2.5499968662595895,2.5499920788241464,2.5499792600676736,2.5499458974166376,2.5498617056363866,2.549656696034316,2.5491770517688024,2.548102684128891,2.545805676314924,2.5411301182002997,2.5320885378480504,2.5155044324171603,2.4866813056647437,2.4392254975295966,2.36515431656652,2.255339310660296,2.1001326501268465,1.889635611839984,1.6120586197421858
1379.0,2.5499989805931316,2.549998550856796,2.5499968429188553,2.5499920245245353,2.5499791297924173,2.5499455876942485,2.549860988673355,2.5496550958964557,2.549173631445234,2.5480957177555426,2.5457922141123515,2.541105528482374,2.5320462287723924,2.5154360720993383,2.4865778782892267,2.4390793487297064,2.364961927130822,2.255104030338838,2.0998662982616674,1.8893579643310296,1.6117943917622648
1380.0,2.549998972074901,2.5499985392279103,2.5499968194303313,2.54999196991395,2.5499789988473167,2.5499452765551345,2.5498602688257375,2.5496534901739123,2.549170200941919,2.5480887340779024,2.5457787247697934,2.5410809000221275,2.5320038703571974,2.5153676576581856,2.4864744037340465,2.4389331760893462,2.3647695538864375,2.2548688165917588,2.099600061167969,1.8890804630764906,1.6115303144912423
1381.0,2.549998963495048,2.5499985275186368,2.5499967957932603,2.549991914990992,2.5499788672297705,2.549944963994639,2.5498595460857327,2.5496518788547644,2.5491667602427888,2.54808173307806,2.5457652082735915,2.5410562328203876,2.5319614626296967,2.5152991891547276,2.4863708820886083,2.438786979702811,2.3645771968948566,2.254633669411206,2.099333938755682,1.888803107921574,1.611266381528602
1382.0,2.5499989548532014,2.5499985157285163,2.5499967720068817,2.5499918597542606,2.5499787349371714,2.549944650008097,2.549858820445532,2.549650261927087,2.549163309331787,2.548074714738137,2.5457516646101443,2.541031526878051,2.531919005617171,2.515230666649973,2.4862673134422013,2.4386407596641972,2.364384856217368,2.25439858878925,2.0990679309347495,1.8885258986738849,1.6110025865622257
1383.0,2.5499989461489876,2.5499985038570876,2.549996748070433,2.549991804202348,2.549978601966905,2.549944334590835,2.5498580918973186,2.549648639378952,2.549159848192865,2.548067679040286,2.5457380937659044,2.5410067821960824,2.531876499346949,2.515162090204913,2.486163697883999,2.438494516067402,2.3641925319150596,2.2541635747178796,2.0988020376150067,1.8882488351356832,1.6107389295048367
1384.0,2.5499989373820315,2.5499984919038865,2.5499967239831483,2.549991748333844,2.549978468316352,2.549944017738173,2.549857360433268,2.5496470111984286,2.549156376809984,2.548060625966691,2.545724495727381,2.5409819987755164,2.5318339438464097,2.515093459880523,2.4860600355030593,2.4383482490061237,2.36400022404882,2.253928627189006,2.0985362587061895,1.887971917110208,1.6104754102683323
1385.0,2.5499989285519566,2.5499984798684476,2.5499966997442587,2.549991692147333,2.549978333982886,2.5499436994454223,2.549856626045548,2.5496453773735834,2.549152895167117,2.5480535554995667,2.545710870481139,2.5409571766174555,2.531791339142979,2.5150247757377593,2.485956326388324,2.438201958573863,2.3638079326793373,2.2536937461944597,2.098270594117941,1.8876951444016656,1.6102120287638015
1386.0,2.5499989196583845,2.5499984677503043,2.549996675352993,2.5499916356413954,2.549978198963874,2.5499433797078854,2.5498558887263187,2.5496437378924792,2.549149403248246,2.5480464676211603,2.545697218013799,2.5409323157230697,2.5317486852641324,2.514956037837562,2.485852570628619,2.4380556448639217,2.3636156578671015,2.253458931725989,2.098005043759814,1.8874185168152162,1.6099487849015401
1387.0,2.5499989107009347,2.549998455548986,2.5499966508085756,2.5499915788146077,2.549978063256678,2.5499430585208582,2.549855148467733,2.5496420927431775,2.5491459010373614,2.5480393623137485,2.545683538312037,2.540907416093598,2.5317059822373924,2.5148872462408525,2.4857487683126545,2.437909307969405,2.3634233996724046,2.2532241837752625,2.097739607541278,1.8871420341569625,1.609685678591067
1388.0,2.5499989016792255,2.549998443264021,2.5499966261102305,2.5499915216655413,2.5499779268586527,2.5499427358796285,2.5498544052619363,2.5496404419137364,2.549142388518466,2.5480322395596406,2.5456698313625847,2.5408824777303476,2.53166323009033,2.5148184010085353,2.4856449195290256,2.437762947983221,2.3632311581553407,2.252989502333866,2.0974742853717223,1.8868656962339374,1.6094227097411395
1389.0,2.5499988925928725,2.549998430894936,2.5499966012571766,2.549991464192764,2.5499777897671465,2.5499424117794764,2.5498536591010654,2.5496387853922116,2.549138865675571,2.548025099341177,2.545656097152229,2.5408575006346923,2.5316204288505633,2.5147495022014956,2.485541024366211,2.4376165649980814,2.3630389333758073,2.252754887393303,2.0972090771604615,1.886589502854093,1.6091598782597691
1390.0,2.549998883441491,2.5499984184412554,2.5499965762486307,2.549991406394839,2.549977651979503,2.5499420862156734,2.54985290997725,2.5496371231666557,2.549135332492698,2.548017941640729,2.545642335667813,2.540832484808075,2.5315775785457584,2.5146805498806013,2.485437082912574,2.437470159106501,2.362846725393506,2.2525203389449953,2.0969439828167387,1.8863134538262885,1.6088971840542352
1391.0,2.549998874224693,2.549998405902501,2.5499965510838076,2.5499913482703245,2.549977513493058,2.549941759183483,2.5498521578826123,2.5496354552251193,2.549131788953879,2.5480107664406995,2.5456285468962347,2.540807430252005,2.5315346792036277,2.514611544106701,2.485333095256363,2.4373237304007995,2.3626545342679424,2.25228585698028,2.096679002249732,1.8860375489602783,1.6086346270311014
1392.0,2.5499988649420895,2.549998393278193,2.5499965257619177,2.5499912898177755,2.5499773743051417,2.5499414306781625,2.549851402809267,2.54963378155565,2.5491282350431574,2.548003573723523,2.5456147308244477,2.54078233696806,2.531491730851931,2.5145424849406246,2.485229061485711,2.4371772789731003,2.362462360058427,2.252051441490412,2.096414135368556,1.8857617880667024,1.608372207096229
1393.0,2.5499988555932895,2.549998380567849,2.5499965002821696,2.549991231035742,2.5499772344130784,2.5499411006949595,2.5498506447493217,2.549632102146293,2.549124670744585,2.547996363471665,2.545600887439461,2.5407572049578837,2.5314487335184737,2.514473372443184,2.4851249816886356,2.4370308049153335,2.3622702028240754,2.251817092466561,2.0961493820822685,1.885486170957074,1.6081099241547916
1394.0,2.5499988461779006,2.549998367770986,2.549996474643768,2.5499911719227697,2.5499770938141855,2.5499407692291145,2.5498498836948755,2.549630416985092,2.5491210960422244,2.5479891356676236,2.545587016728338,2.540732034223187,2.531405687231109,2.5144042066751706,2.485020855953038,2.436884308319233,2.36207806262381,2.2515828098998134,2.095884742299873,1.8852106974437692,1.6078477781112896
1395.0,2.5499988366955275,2.5499983548871175,2.5499964488459153,2.5499911124774,2.5499769525057747,2.5499404362758606,2.549849119638021,2.5496287260600865,2.549117510920149,2.547981890293927,2.545573118678199,2.5407068247657483,2.531362592017735,2.514334987697358,2.4849166843667048,2.436737789276339,2.3618859395163594,2.2513485937811715,2.0956202159303228,1.8849353673400164,1.6075857688695634
1396.0,2.5499988271457745,2.549998341915755,2.549996422887811,2.54999105269817,2.549976810485151,2.5499401018304226,2.5498483525708426,2.5496270293593155,2.5491139153624434,2.5479746273331356,2.5455591932762176,2.5406815765874122,2.531319447906296,2.5142657155704993,2.4848124670173077,2.4365912478779976,2.3616938335602597,2.2511144441015514,2.0953558028825254,1.884660180459886,1.6073238963328071
1397.0,2.5499988175282438,2.549998328856408,2.5499963967686523,2.549990992583613,2.549976667749613,2.549939765888017,2.5498475824854174,2.5496253268708142,2.549110309353201,2.5479673467678414,2.545545240509624,2.5406562896900895,2.531276254924782,2.5141963903553277,2.4847082039924033,2.436444684215363,2.361501744813855,2.2508803608517853,2.0950915030653467,1.8843851366182796,1.607062160403582
1398.0,2.5499988078425346,2.549998315708585,2.549996370487632,2.549990932132256,2.5499765242964543,2.549939428443854,2.5498468093738165,2.5496236185826167,2.549106692876527,2.5479600485806677,2.5455312603657028,2.5406309640757585,2.5312330131012275,2.5141270121125574,2.4846038953794327,2.4362980983793947,2.361309673335297,2.25064634402262,2.094827316387614,1.8841102356309203,1.6068005609838298
1399.0,2.5499987980882453,2.549998302471791,2.54999634404394,2.5499908713426236,2.549976380122961,2.549939089493134,2.5498460332281017,2.5496219044827546,2.549103065916536,2.5479527327542693,2.545517252831793,2.5406055997464625,2.5311897224637137,2.5140575809028824,2.484499541265722,2.43615149046086,2.361117619182547,2.2504123936047162,2.094563242758119,1.8838354773143429,1.6065390979748861
1400.0,2.5499987882649724,2.54999828914553,2.549996317436765,2.5499908102132354,2.549976235226414,2.5499387490310514,2.549845254040328,2.549620184559257,2.5490994284573545,2.5479453992713323,2.54550321789529,2.540580196704311,2.5311463830403658,2.513988096786976,2.4843951417384824,2.436004860550334,2.360925582413376,2.25017850958865,2.0942992820856237,1.883560861485883,1.6062777712774918
1401.0,2.54999877837231,2.5499982757293025,2.549996290665291,2.549990748742606,2.5499760896040864,2.5499384070527924,2.5498444718025435,2.549618458800151,2.5490957804831194,2.5479380481145757,2.5454891555436427,2.5405547549514793,2.5311029948593533,2.5139185598254925,2.4842906968848104,2.435858208738201,2.3607335630853648,2.2499446919649104,2.0940354342788607,1.8832863879636688,1.6060165807918068
1402.0,2.5499987684098513,2.549998262222608,2.5499962637287004,2.549990686929246,2.5499759432532465,2.549938063553535,2.5498436865067897,2.5496167271934618,2.549092121977978,2.547930679266749,2.5454750657643563,2.540529274490209,2.531059557948891,2.5138489700790636,2.4841862067916876,2.435711535114652,2.360541561255904,2.249710940723902,2.0937716992465396,1.8830120565666106,1.6057555264174217
1403.0,2.549998758377187,2.549998248624944,2.5499962366261713,2.549990624771663,2.549975796171156,2.5499377185284495,2.5498428981451,2.5496149897272122,2.549088452926088,2.547923292710634,2.5454609485449895,2.5405037553228067,2.531016072337237,2.513779327608301,2.4840816715459804,2.435564839769689,2.360349576982196,2.249477255855942,2.093508076897349,1.882737867114392,1.6054946080533705
1404.0,2.549998748273906,2.5499982349358055,2.5499962093568795,2.549990562268358,2.5499756483550704,2.5499373719726988,2.5498421067095,2.549613246389424,2.5490847733116193,2.5479158884290434,2.545446803873157,2.5404781974516446,2.530972538052693,2.5137096324737964,2.4839770912344408,2.435418122793122,2.360157610321255,2.2492436373512614,2.093244567139959,1.88246381942746,1.605233825598142
1405.0,2.5499987380995957,2.5499982211546843,2.5499961819199983,2.5499904994178277,2.5499754998022386,2.5499370238814376,2.549841312192009,2.5496114971681156,2.5490810831187516,2.5479084664048233,2.5454326317365266,2.54045260087916,2.5309289551236054,2.5136398847361194,2.4838724659437066,2.4352713842745715,2.3599656613299067,2.249010085200006,2.092981169883026,1.882189913327017,1.6049731789496917
1406.0,2.5499987278538407,2.549998207281072,2.5499961543146967,2.5499904362185664,2.549975350509903,2.5499366742498135,2.549840514584639,2.5496097420513046,2.5490773823316752,2.5479010266208495,2.545418432122822,2.5404269656078546,2.530885323578364,2.513570084455819,2.4837677957602997,2.435124624303467,2.359773730064791,2.2487765993922344,2.0927178850351944,1.8819161486350107,1.6047126680054535
1407.0,2.549998717536225,2.5499981933144564,2.5499961265401416,2.5499903726690625,2.5499752004753007,2.5499363230729655,2.5498397138793947,2.5496079810270063,2.5490736709345927,2.547893569060031,2.545404205019821,2.5404012916402965,2.5308416434454015,2.513500231693422,2.483663080770629,2.4349778429690505,2.3595818165823594,2.248543179917919,2.0924547125051016,1.881642525174126,1.6044522926623508
1408.0,2.54999870714633,2.5499981792543247,2.5499960985954977,2.5499903087678004,2.5499750496956626,2.5499359703460263,2.5498389100682735,2.5496062140832345,2.549069948911717,2.547886093705308,2.5453899504153563,2.5403755789791167,2.5307979147531934,2.513430326509434,2.4835583210609875,2.4348310403603732,2.3593899209388787,2.2483098267669455,2.092191652201379,1.8813690427677763,1.6041920528168077
1409.0,2.549998696683735,2.54999816510016,2.549996070479925,2.5499902445132596,2.549974898168212,2.54993561606412,2.549838103143266,2.549604441208001,2.549066216247272,2.5478786005396525,2.5453756682973148,2.5403498276270127,2.530754137530258,2.5133603689643396,2.483453516717555,2.434684216566298,2.3591980431904283,2.2480765399291136,2.091928704032654,1.8810957012400948,1.6039319483647603
1410.0,2.549998686148018,2.5499981508514455,2.5499960421925816,2.549990179903915,2.549974745890167,2.549935260222362,2.549837293096356,2.549602662389315,2.5490624729254927,2.547871089546069,2.5453613586536377,2.540324037586744,2.530710311805156,2.513290359118599,2.4833486678263963,2.4345373716755003,2.359006183392903,2.247843319394136,2.0916658679075573,1.8808225004159267,1.6036719792016674
1411.0,2.5499986755387547,2.5499981365076607,2.549996013732622,2.5499901149382382,2.54997459285874,2.549934902815862,2.5498364799195197,2.549600877615186,2.549058718930626,2.547863560707593,2.5453470214723204,2.5402982088611363,2.5306664376064907,2.5132202970326527,2.483243774473462,2.434390505776467,2.3588143416020135,2.24761016515164,2.0914031437347216,1.8805494401208203,1.6034121452225205
1412.0,2.5499986648555186,2.5499981220682835,2.549995985099198,2.5499900496146957,2.5499744390711356,2.549934543839721,2.549835663604726,2.5495990868736205,2.5490549542469294,2.5478560140072917,2.545332656741413,2.5402723414530786,2.530622514962907,2.513150182766918,2.4831388367445886,2.4342436189574967,2.3586225178732856,2.2473770771911648,2.091140531422785,1.8802765201810185,1.6031524463218554
1413.0,2.5499986540978825,2.549998107532789,2.549995956291458,2.5499899839317495,2.549974284524553,2.549934183289033,2.549834844143938,2.549597290152624,2.5490511788586714,2.547848449428266,2.5453182644490204,2.5402464353655243,2.530578543903093,2.5130800163817897,2.4830338547254978,2.434096711306703,2.3584307122620625,2.247144055502165,2.090878030880396,1.8800037404234522,1.6028928823937614
1414.0,2.5499986432654165,2.5499980929006507,2.5499959273085486,2.549989917887857,2.549974129216186,2.549933821158884,2.5498340215291107,2.5495954874402,2.5490473927501327,2.547840866953646,2.5453038445833007,2.54022049060149,2.5305345244557764,2.51300979793764,2.4829288285017985,2.433949782912011,2.3582389248235027,2.2469111000740076,2.0906156420162127,1.8797311006757313,1.6026334533318918
1415.0,2.549998632357688,2.5499980781713396,2.549995898149612,2.549989851481471,2.5499739731432207,2.549933457444351,2.5498331957521927,2.54959367872435,2.549043595905605,2.547833266566597,2.5452893971324664,2.5401945071640553,2.5304904566497273,2.512939527494818,2.4828237581589843,2.4338028338611593,2.3580471556125833,2.2466782108959737,2.090353364738908,1.8794586007661374,1.6023741590294744
1416.0,2.549998621374264,2.5499980633443253,2.549995868813788,2.549989784711041,2.549973816302838,2.5499330921405057,2.5498323668051257,2.549591863993075,2.5490397883093916,2.5478256482503134,2.5452749220847846,2.540168485056364,2.5304463405137567,2.5128692051136503,2.482718643782436,2.433655864241701,2.357855404684099,2.2464453879572583,2.09009119895717,1.8791862405236162,1.602114999379321
1417.0,2.5499986103147085,2.5499980484190736,2.549995839300213,2.5499897175750106,2.5499736586922115,2.5499327252424107,2.5498315346798437,2.549590043234374,2.5490359699458067,2.547818011988023,2.5452604194285757,2.540142424281624,2.530402176076717,2.51279883085444,2.4826134854574198,2.4335088741410047,2.3576636720926616,2.24621263124697,2.0898291445797077,1.8789140197777696,1.6018559742738359
1418.0,2.5499985991785845,2.5499980333950494,2.54999580960802,2.5499896500718195,2.5499735003085093,2.5499323567451215,2.5498306993682753,2.5495882164362462,2.5490321407991767,2.547810357762985,2.545245889152215,2.5401163248431047,2.5303579633674995,2.512728404777467,2.482508283269088,2.433361863646252,2.3574719578927033,2.2459799407541325,2.08956720151525,1.878641938358849,1.6015970836050268
1419.0,2.549998587965452,2.5499980182717157,2.5499957797363404,2.549989582199904,2.5499733411488936,2.5499319866436863,2.5498298608623413,2.549586383586687,2.549028300853839,2.547802685558491,2.545231331244131,2.540090186744139,2.5303137024150386,2.5126579269429876,2.4824030373024795,2.4332148328444405,2.357280262138475,2.2457473164676824,2.0893053696725485,1.8783699960977476,1.601338327264514
1420.0,2.5499985766748696,2.5499980030485316,2.5499957496843013,2.549989513957694,2.54997318121052,2.549931614933145,2.549829019153956,2.549584544673692,2.5490244500941435,2.5477949953578647,2.5452167456928065,2.540064009988123,2.530269393248308,2.512587397411234,2.48229774764252,2.433067781822383,2.3570885848840475,2.2455147583764714,2.089043648960382,1.8780981928259928,1.6010797051435388
1421.0,2.549998565306394,2.549997987724956,2.5499957194510268,2.5499894453436154,2.5499730204905373,2.54993124160853,2.549828174235026,2.549582699685256,2.5490205885044506,2.5477872871444616,2.5452021324867777,2.5400377945785144,2.5302250358963194,2.512516816242416,2.48219241437402,2.4329207106667092,2.3568969261833113,2.245282266469265,2.088782039287557,1.8778265283757405,1.600821217132973
1422.0,2.54999855385958,2.549997972300444,2.549995689035638,2.549989376356091,2.549972858986089,2.549930866664867,2.549827326097453,2.549580848609371,2.5490167160691333,2.54777956090167,2.5451874916146346,2.5400115405188344,2.530180630388127,2.5124461834967184,2.482087037581678,2.432773619463864,2.356705286089978,2.2450498407347435,2.0885205405629095,1.877555002579767,1.600562863123328
1423.0,2.54999854233398,2.5499979567744493,2.549995658437253,2.5499893069935373,2.5499726966943115,2.5499304900971733,2.5498264747331305,2.549578991434028,2.549012832772576,2.547771816612909,2.5451728230650215,2.539985247812666,2.530136176752823,2.5123754992343015,2.481981617350079,2.4326265083001086,2.356513664657581,2.244817481161503,2.0882591526953083,1.8772836152714623,1.6003046430047625
1424.0,2.5499985307291446,2.549997941146423,2.549995627654988,2.5499892372543678,2.5499725336123356,2.549930111900459,2.5498256201339453,2.549577128147219,2.5490089385991754,2.547764054261631,2.5451581268266357,2.5399589164636547,2.5300916750195395,2.512304763515302,2.481876153763693,2.432479377261523,2.3563220619394745,2.2445851877380525,2.087997875593657,1.8770123662848237,1.6000465566670927
1425.0,2.5499985190446233,2.5499979254158136,2.5499955966879537,2.5499891671369905,2.5499723697372856,2.5499297320697263,2.5498247622917787,2.5495752587369327,2.54900503353334,2.5477562738313204,2.545143402888228,2.5399325464755074,2.530047125217447,2.512233976399832,2.4817706469068797,2.4323322264340033,2.3561304779888355,2.244352960452818,2.087736709166894,1.8767412554544494,1.599788603999799
1426.0,2.5499985072799625,2.549997909582068,2.5499955655352595,2.5499890966398095,2.54997220506628,2.549929350599971,2.5498239011985038,2.5495733831911576,2.549001117559489,2.5477484753054926,2.5451286512386035,2.539906137851993,2.530002527375755,2.512163137947979,2.481665096863882,2.432185055903263,2.3559389128586634,2.2441207992941394,2.087475653323998,1.8764702826155313,1.599530784892036
1427.0,2.5499984954347066,2.549997893644631,2.5499955341960114,2.5499890257612243,2.54997203959643,2.5499289674861796,2.549823036845988,2.5495715014978813,2.548997190662055,2.5477406586676965,2.54511387186662,2.5398796905969427,2.5299578815237127,2.512092248219806,2.481559503718832,2.4320378657548347,2.3557473666017805,2.2438887042502738,2.0872147079739864,1.8761994476038493,1.5992730992326385
1428.0,2.549998483508399,2.5499978776029444,2.5499955026693115,2.549988954499629,2.5499718733248415,2.5499285827233322,2.549822169226092,2.5495696136450907,2.5489932528254826,2.5477328239015127,2.5450990647611893,2.5398532047142477,2.529913187690607,2.512021307275351,2.481453867555748,2.4318906560740694,2.3555558392708336,2.243656675309392,2.0869538730259203,1.8759287502557644,1.5990155469101324
1429.0,2.5499984715005803,2.5499978614564482,2.54999547095426,2.5499888828534143,2.5499717062486136,2.549928196306402,2.54982129833067,2.549567719620771,2.5489893040342273,2.5477249709905534,2.5450842299112764,2.539826680207862,2.529868445905763,2.5119503151746256,2.481348188458535,2.431743426946136,2.3553643309182926,2.243424712459582,2.086693148388903,1.875658190408213,1.5987581278127398
1430.0,2.5499984594107894,2.5499978452045804,2.5499954390499533,2.5499888108209663,2.5499715383648396,2.549927808230354,2.5498204241515694,2.549565819412907,2.5489853442727575,2.5477170999184646,2.5450693673058993,2.5398001170818008,2.5298236561985434,2.5118792719776177,2.4812424665109862,2.4315961784560245,2.355172841596452,2.243192815688848,2.086432533972085,1.8753877678987003,1.5985008418283886
1431.0,2.549998447238563,2.549997828846776,2.549995406955484,2.5499887384006654,2.5499713696706072,2.549927418490145,2.5498195466806313,2.549563913009483,2.5489813735255535,2.5477092106689234,2.545054476934129,2.539773515340139,2.5297788185983494,2.5118081777442893,2.481136701796781,2.431448910688543,2.3549813713574324,2.2429609849851104,2.086172029684664,1.8751174825652948,1.5982436888447193
1432.0,2.5499984349834364,2.549997812382468,2.549995374669943,2.549988665590889,2.549971200162996,2.549927027080726,2.5498186659096898,2.549562000398482,2.5489773917771084,2.547701303225639,2.5450395587850907,2.539746874987013,2.529733933134619,2.5117370325345774,2.4810308943994857,2.4313016237283196,2.354789920253179,2.242729220336206,2.0859116354358864,1.8748473342466214,1.5979866687490931
1433.0,2.5499984226449417,2.549997795811087,2.549995342192417,2.5499885923900094,2.549971029839081,2.5499266339970386,2.549817781830573,2.5495600815678863,2.5489733990119263,2.547693377572353,2.5450246128479614,2.5397201960266207,2.529688999836828,2.511665836408392,2.4809250444025546,2.431154317659804,2.3545984883354625,2.242497521729889,2.0856513511350503,1.8745773227818572,1.5977297814285987
1434.0,2.54999841022261,2.549997779132062,2.54999530952199,2.549988518796394,2.5499708586959304,2.5499262392340185,2.549816894435103,2.5495581565056775,2.5489693952145247,2.54768543369284,2.545009639111973,2.5396934784632195,2.5296440187344893,2.511594589425619,2.480819151889329,2.4310069925672653,2.3544070756558813,2.2422658891538303,2.085391176691506,1.874307448010724,1.5974730267700596
1435.0,2.5499983977159704,2.5499977623448187,2.5499952766577425,2.5499884448084065,2.5499706867306062,2.549925842786594,2.549816003715095,2.5495562251998374,2.548965380369433,2.5476774715709056,2.5449946375664085,2.5396667223011273,2.5295989898571527,2.5115232916461174,2.480713216943038,2.430859648534794,2.354215682265859,2.242034322595619,2.085131112014657,1.874037709773484,1.5972164046600419
1436.0,2.549998385124549,2.549997745448781,2.5499952435987527,2.549988370424405,2.549970513940164,2.549925444649685,2.5498151096623576,2.549554287638346,2.548961354461193,2.5476694911903897,2.5449796082006046,2.539639927544723,2.529553913234404,2.5114519431297198,2.4806072396467975,2.4307122856463033,2.354024308216648,2.241802822042761,2.0848711570139646,1.873768107910933,1.5969599149848606
1437.0,2.549998372447871,2.5499977284433712,2.549995210344095,2.5499882956427427,2.5499703403216527,2.549925044818205,2.549814212268693,2.549552343809184,2.548957317474359,2.5476614925351626,2.5449645510039516,2.5396130941984447,2.5295087888958667,2.5113805439362324,2.4805012200836116,2.430564903985526,2.353832953559328,2.2415713874826806,2.0846113115989455,1.8734986422643962,1.596703557630587
1438.0,2.549998359685459,2.549997711328008,2.54999517689284,2.5499882204617705,2.5499701658721166,2.549924643287059,2.549813311525897,2.54955039370033,2.5489532693934973,2.5476534755891276,2.5449494659658916,2.53958622226679,2.5294636168711992,2.5113090941254357,2.480395158336372,2.4304175036360185,2.3536416183448066,2.2413400189027213,2.0843515756791753,1.8732293126757218,1.5964473324830553
1439.0,2.549998346836834,2.5499976941021076,2.5499951432440566,2.5499881448798325,2.5499699905885924,2.549924240051145,2.5498124074257595,2.5495484372997637,2.5489492102031877,2.5476454403362205,2.544934353075919,2.5395593117543185,2.529418397190097,2.511237593757083,2.4802890544878577,2.43027008468116,2.3534503026238203,2.2411087162901437,2.0840919491642906,1.8729601189872762,1.5961912394278692
1440.0,2.549998333901514,2.5499976767650856,2.5499951093968094,2.5499880688952694,2.5499698144681107,2.549923835105355,2.5498114999600645,2.549546474595463,2.548945139888022,2.5476373867604094,2.5449192123235833,2.5395323626656467,2.529373129882291,2.5111660428909017,2.480182908620736,2.430122647204152,2.3532590064469345,2.240877479632129,2.0838324319639887,1.8726910610419387,1.5959352783504088
1441.0,2.549998320879016,2.549997659316354,2.5499950753501603,2.549987992506417,2.549969637507697,2.549923428444571,2.549810589120589,2.549544505575406,2.5489410584326038,2.547629314845695,2.5449040436984838,2.5395053750054517,2.529327814977547,2.5110944415865917,2.480076720817563,2.4299751912880185,2.3530677298645446,2.2406463089157755,2.083573023988032,1.8724221386865199,1.595679452503407
1442.0,2.5499983077688535,2.5499976417553225,2.549995041103168,2.549987915711606,2.5499694597043687,2.5499230200636704,2.5498096748991044,2.5495425302275714,2.54893696582155,2.54762122457611,2.544888847190274,2.5394783487784705,2.529282452505668,2.511022789903825,2.4799704911607803,2.4298277170156086,2.352876472926876,2.2404152041281034,2.083313725146304,1.8721533517886906,1.5954237650919578
1443.0,2.54999829457054,2.549997624081399,2.5499950066548873,2.5499878385091637,2.549969281055138,2.5499226099575214,2.5498087572873747,2.549540548539936,2.5489328620394915,2.5476131159357203,2.5448736227886606,2.5394512839894974,2.5292370424964905,2.510951087902248,2.4798642197327196,2.429680224469595,2.352685235683984,2.2401841652560512,2.083054535348874,1.871884700219547,1.595168215938304
1444.0,2.5499982812835853,2.549997606293988,2.549994972004371,2.549987760897412,2.5499691015570116,2.549922198120986,2.549807836277159,2.5495385605004772,2.54892874707107,2.5476049889086227,2.544858370483401,2.539424180643388,2.5291915849798867,2.5108793356414796,2.4797579066156006,2.4295327137324745,2.352494018185755,2.239953192286481,2.0827954545059946,1.8716161838501906,1.594912804865316
1445.0,2.5499982679074975,2.5499975883924932,2.5499949371506676,2.549987682874668,2.5499689212069883,2.5499217845489177,2.5498069118602094,2.549536566097172,2.5489246209009404,2.5475968434789484,2.544843090264305,2.5393970387450553,2.529146079985763,2.5108075331811106,2.4796515518915303,2.4293851848865677,2.3523028204819076,2.2397222852061742,2.0825364825280985,1.8713478025517312,1.594657531696486
1446.0,2.549998254441783,2.5499975703763145,2.549994902092823,2.5499876044392455,2.549968740002062,2.5499213692361637,2.5498059840282723,2.5495345653179973,2.548920483513771,2.5475886796308593,2.544827782121237,2.5393698582994713,2.5291005275440606,2.5107356805807046,2.4795451556425046,2.429237638014022,2.3521116426219915,2.239491444001838,2.0822776193257972,1.8710795561952893,1.5944023962559215
1447.0,2.5499982408859463,2.54999755224485,2.5499948668298797,2.5499875255894526,2.54996855793922,2.5499209521775636,2.5498050527730887,2.5495325581509296,2.5489163348942423,2.5475804973485507,2.5448124460441104,2.539342639311666,2.529054927684755,2.510663777899797,2.4794387179504076,2.429090073196809,2.351920484655389,2.2392606686601013,2.082018864809878,1.8708114446520008,1.5941473983683405
1448.0,2.5499982272394885,2.549997533997496,2.549994831360878,2.5499874463235925,2.5499683750154434,2.5499205333679495,2.5498041180863917,2.549530544583946,2.5489121750270485,2.5475722966162504,2.544797082022894,2.539315381786728,2.5290092804378568,2.510591825197896,2.4793322388970123,2.428942490516726,2.3517293466313145,2.2390299591675182,2.0817602188913034,1.8705434677930188,1.593892537859065
1449.0,2.54999821350191,2.5499975156336454,2.5499947956848525,2.549987366639965,2.549968191227707,2.549920112802147,2.5498031799599103,2.549528524605022,2.548908003896896,2.5475640774182184,2.544781690047607,2.539288085729805,2.528963585833409,2.510519822534481,2.47922571856398,2.428794890055397,2.3515382285988164,2.238799315510569,2.081501681481209,1.8702756254895176,1.5936378145540147
1450.0,2.5499981996727086,2.549997497152689,2.5499947598008372,2.549987286536864,2.5499680065729784,2.5499196904749737,2.5498022383853662,2.5495264982021353,2.5489038214885045,2.547555839738747,2.544766270108321,2.539260751146101,2.528917843901489,2.510447769969004,2.47911915703286,2.4286472718942713,2.3513471306067766,2.2385687376756587,2.0812432524909013,1.8700079176126954,1.5933832282797025
1451.0,2.5499981857513796,2.549997478554016,2.5499947237078615,2.549987206012579,2.5499678210482215,2.54991926638124,2.549801293354476,2.5495244653632616,2.5488996277866067,2.547547583562162,2.54475082219516,2.539233378040879,2.528872054672208,2.510375667560889,2.479012554385091,2.4284996361146267,2.3511560527039106,2.238338225649121,2.0809849318318556,1.869740344033777,1.5931287788632282
1452.0,2.5499981717374167,2.549997459837012,2.549994687404952,2.549987125065397,2.5499676346503914,2.549918840515749,2.549800344858949,2.549522426076378,2.548895422775948,2.54753930887282,2.5447353462982996,2.53920596641946,2.5288262181757095,2.51030351536953,2.4789059107020006,2.428351982797567,2.3509649949387694,2.238107779417215,2.0807267194157153,1.8694729046240173,1.5928744661322738
1453.0,2.549998157630311,2.549997441001061,2.549994650891131,2.5499870436935974,2.549967447376438,2.549918412873297,2.5497993928904896,2.549520380329461,2.548891206441288,2.5475310156551116,2.5447198424079676,2.5391785162872216,2.528780334442171,2.5102313134542946,2.4787992260648046,2.428204312024024,2.350773957359738,2.23787739896613,2.08046861515429,1.8692055992547034,1.592620289915097
1454.0,2.549998143429552,2.5499974220455446,2.5499946141654193,2.549986961895457,2.5499672592233065,2.5499179834486725,2.5497984374407965,2.5495183281104876,2.5488869787673982,2.54752270389346,2.544704310514443,2.5391510276495994,2.528734403501803,2.51015906187452,2.478692500554609,2.428056623874757,2.3505829400150375,2.237647084281984,2.080210618959552,1.8689384277971584,1.5923662500405265
1455.0,2.5499981291346274,2.549997402969842,2.5499945772268333,2.549986879669247,2.549967070187933,2.549917552236658,2.549797478501562,2.5495162694074347,2.5488827397390637,2.54751437357232,2.544688750608057,2.539123500512087,2.528688425384848,2.510086760689515,2.4785857342524076,2.427908918430353,2.3503919429527254,2.2374168353508246,2.079952730743638,1.8686713901227425,1.592112346337957
1456.0,2.5499981147450215,2.549997383773329,2.5499945400743864,2.549986797013234,2.5499668802672493,2.549917119232027,2.549796516064472,2.54951420420828,2.5488784893410834,2.547506024676179,2.544673162679193,2.539095934880233,2.5286424001215813,2.510014409958561,2.4784789272390837,2.427761195771229,2.3502009662206946,2.2371866521586297,2.079694950418844,1.868404486102858,1.5918585786373434
1457.0,2.549998100260218,2.5499973644553795,2.549994502707089,2.5499867139256813,2.54996668945818,2.5499166844295473,2.5497955501212086,2.5495121325010004,2.5488742275582683,2.5474976571895582,2.544657546718286,2.539068330759645,2.5285963277423105,2.5099420097409078,2.47837207959541,2.4276134559776295,2.350010009866675,2.236956534691309,2.0794372778976262,1.8681377156089496,1.5916049467691962
1458.0,2.5499980856796967,2.549997345015366,2.549994465123948,2.5499866304048457,2.549966497757645,2.549916247823979,2.5497945806634457,2.549510054273574,2.5488699543754443,2.54748927109701,2.5446419027158216,2.539040688155986,2.528550208277375,2.5098695600957774,2.478265191402049,2.427465699129629,2.349819073938235,2.236726482934704,2.079179713092598,1.867871078512509,1.591351450564576
1459.0,2.5499980710029364,2.5499973254526576,2.5499944273239668,2.5499865464489804,2.549966305162556,2.549915809410076,2.5497936076828522,2.549507969513979,2.548865669777449,2.54748086638312,2.5446262306623373,2.539013007074976,2.528504041757146,2.5097970610823626,2.478158262739551,2.4273179253071318,2.3496281584827803,2.2364964968745884,2.07892225591653,1.8676045746850756,1.5910980898550893
1460.0,2.5499980562294136,2.5499973057666208,2.5499943893061454,2.5499864620563337,2.5499661116698205,2.5499153691825827,2.5497926311710923,2.5495058782101943,2.5488613737491352,2.547472443032507,2.544610530548423,2.5389852875223924,2.5284578282120274,2.5097245127598264,2.478051293688358,2.4271701345898706,2.349437263547554,2.2362665764966687,2.078664906282347,1.8673382039982405,1.5908448644728828
1461.0,2.5499980413586028,2.5499972859566205,2.549994351069482,2.5499863772251494,2.5499659172763374,2.5499149271362382,2.5497916511198238,2.5495037803501988,2.5488570662753673,2.5474640010298213,2.544594802364719,2.5389575295040676,2.528411567672453,2.509651915187302,2.477944284328799,2.42702232705741,2.349246389179639,2.236036721786586,2.0784076641031257,1.867071966323648,1.5905917742506388
1462.0,2.5499980263899755,2.549997266022018,2.549994312612969,2.5499862919536667,2.549965721979002,2.5499144832657743,2.5497906675206976,2.549501675921972,2.5488527473410247,2.547455540359746,2.544579046101918,2.538929733025891,2.528365260168889,2.509579268423893,2.4778372347410955,2.4268745027891447,2.3490555354259572,2.235806932729916,2.0781505292920968,1.8668058615329983,1.590338819021571
1463.0,2.549998011323002,2.5499972459621727,2.549994273935598,2.5499862062401197,2.549965525774702,2.549914037565916,2.549789680365361,2.549499564913494,2.548848416930999,2.547447061006998,2.544563261750763,2.538901898093808,2.5283189057318323,2.509506572528673,2.477730145005356,2.4267266618643,2.34886470233327,2.2355772093121686,2.07789350176264,1.8665398894980505,1.5900859986194193
1464.0,2.5499979961571495,2.5499972257764423,2.549994235036355,2.5499861200827385,2.5499653286603183,2.5499135900313803,2.549788689645454,2.5494974473127456,2.5488440750301966,2.5474385629563256,2.544547449302048,2.538874024713819,2.5282725043918104,2.5094338275606867,2.4776230152015803,2.4265788043619327,2.348673889948179,2.23534755151879,2.077636581428285,1.8662740500906236,1.5898333128784448
1465.0,2.549997980891884,2.5499972054641806,2.5499941959142243,2.549986033479748,2.549965130632727,2.5499131406568774,2.5497876953526117,2.5494953231077075,2.5488397216235366,2.54743004619251,2.5445316087466194,2.538846112891981,2.528226056179382,2.5093610335789474,2.477515845409658,2.4264309303609313,2.348483098317126,2.235117959335163,2.077379768202708,1.8660083431825993,1.5895807616334259
1466.0,2.5499979655266687,2.5499971850247403,2.5499941565681867,2.549985946429369,2.549964931688798,2.5499126894371105,2.5497866974784644,2.549493192286362,2.548835356695952,2.5474215107003655,2.5445157400753735,2.538818162634407,2.5281795611251363,2.509288190642439,2.4774086357093688,2.426283039940017,2.3482923274863943,2.2348884327466068,2.0771230619997327,1.865742768645925,1.589328344719654
1467.0,2.5499979500609644,2.54999716445747,2.5499941169972193,2.5499858589298174,2.5499647318253933,2.549912236366776,2.5497856960146352,2.5494910548366914,2.548830980232389,2.547412956464738,2.544499843279259,2.538790173947264,2.528133019259692,2.5092152988101137,2.477301386180382,2.426135133177741,2.348101577502109,2.2346589717383774,2.0768664627333266,1.865477326352614,1.5890760619729283
1468.0,2.5499979344942303,2.549997143761718,2.549994077200296,2.5499857709793043,2.549964531039371,2.5499117814405623,2.549784690952742,2.549488910746679,2.5488265922178095,2.5474043834705076,2.5444839183492736,2.5387621468367745,2.528086430613698,2.509142358140895,2.4771940969022577,2.42598721015249,2.347910848410237,2.2344295762956703,2.0766099703176017,1.8652120161747505,1.5888239132295519
1469.0,2.549997918825923,2.549997122936828,2.549994037176387,2.549985682576036,2.5499643293275804,2.5499113246531526,2.549783682284398,2.549486760004309,2.548822192637187,2.5473957917025856,2.5444679652764677,2.5387340813092174,2.528039795217834,2.509069368693675,2.4770867679544453,2.425839270942482,2.3477201402565875,2.2342002464036184,2.0763535846668124,1.8649468379844891,1.5885718983263275
1470.0,2.5499979030554973,2.549997101982143,2.54999399692446,2.5499855937182145,2.5499641266868673,2.549910865999222,2.5497826700012114,2.549484602597566,2.5488177814755097,2.547387181145917,2.5444519840519417,2.5387059773709257,2.5279931131028084,2.508996330527315,2.4769793994162854,2.4256913156257687,2.3475294530868123,2.2339709820472944,2.0760973056953533,1.864681791654058,1.5883200171005531
1471.0,2.549997887182405,2.549997080897002,2.549993956443479,2.549985504404037,2.5499639231140696,2.5499104054734376,2.549781654094783,2.5494824385144357,2.548813358717779,2.5473785517854797,2.5444359746668472,2.5386778350282864,2.5279463842993595,2.5089232437006457,2.476871991367009,2.4255433442802357,2.3473387869464073,2.23374178321171,2.07584113331776,1.8644168770557608,1.5880682693900174
1472.0,2.5499978712060964,2.5499970596807415,2.549993915732404,2.549985414631696,2.5499637186060196,2.5499099430704613,2.54978063455671,2.5494802677429047,2.548808924349011,2.5473699036062833,2.5444199371123855,2.5386496542877426,2.527899608838255,2.508850108272467,2.476764543885737,2.4253953569836018,2.347148141880712,2.233512649881818,2.075585067448707,1.8641520940619785,1.5878166550329966
1473.0,2.549997855126019,2.5499970383326973,2.5499938747901925,2.5499853243993793,2.549963513159543,2.549909478784947,2.549779611378583,2.54947809027096,2.5488044783542354,2.5473612365933707,2.54440387137981,2.538621435155791,2.5278527867502913,2.5087769243015465,2.4766570570514816,2.425247353813421,2.3469575179349103,2.2332835820425108,2.075329108003005,1.8638874425451717,1.5875651738682495
1474.0,2.549997838941619,2.5499970168522004,2.5499938336157983,2.54998523370527,2.5499633067714593,2.549909012611541,2.549778584551987,2.549475906086591,2.5488000207184958,2.547352550731817,2.544387777460424,2.538593177638983,2.527805918066294,2.5087036918466223,2.4765495309431453,2.4250993348470824,2.3467669151540305,2.233054579678623,2.0750732548956035,1.8636229223778813,1.5873138257350135
1475.0,2.5499978226523394,2.549996995238581,2.5499937922081717,2.5499851425475466,2.5499630994385827,2.549908544544885,2.5497775540685037,2.5494737151777858,2.54879555142685,2.547343846006731,2.544371655345581,2.5385648817439246,2.5277590028171173,2.5086304109664006,2.4764419656395216,2.424951300161809,2.3465763335829464,2.2328256427749302,2.074817508041585,1.8633585334327323,1.5870626104730012
1476.0,2.549997806257621,2.5499969734911656,2.5499937505662604,2.549985050924383,2.549962891157721,2.5499080745796117,2.549776519919707,2.549471517532536,2.5487910704643695,2.547335122403253,2.544355505026685,2.5385365474772743,2.5277120410336438,2.5085570817195553,2.4763343612192945,2.424803249834659,2.3463857732663773,2.2325967713161514,2.0745618673561674,1.8630942755824333,1.586811527922396
1477.0,2.5499977897569024,2.5499969516092795,2.5499937086890077,2.549984958833948,2.549962681925675,2.549907602710347,2.549775482097167,2.549469313138833,2.54878657781614,2.5473263799065577,2.5443393264951912,2.538508174845746,2.5276650327467847,2.50848370416473,2.47622671776104,2.4246551839425274,2.346195234248889,2.2323679652869473,2.074306332754701,1.8628301486997805,1.5865605779238487
1478.0,2.5499977731496206,2.5499969295922438,2.549993666575354,2.5499848662744062,2.5499624717392395,2.5499071289317103,2.549774440592448,2.5494671019846686,2.5487820734672617,2.5473176185018507,2.544323119742604,2.538479763856107,2.5276179779874797,2.508410278360536,2.4761190353432236,2.4245071025621443,2.3460047165748943,2.2321392246719216,2.074050904152668,1.8625661526576578,1.5863097603184733
1479.0,2.5499977564352094,2.549996907439378,2.549993624224237,2.549984773243917,2.549962260595204,2.549906653238314,2.5497733953971093,2.5494648840580374,2.548777557402848,2.547308838174371,2.5443068847604793,2.5384513145151777,2.527570876786695,2.5083368043655527,2.4760113140442033,2.4243590057700763,2.345814220288652,2.2319105494556224,2.0737955814656828,1.8623022873290391,1.586059074947843
1480.0,2.5499977396131013,2.5499968851499992,2.549993581634589,2.549984679740636,2.5499620484903516,2.5499061756247645,2.5497723465027056,2.5494626593469345,2.5487730296080278,2.5473000389093907,2.544290621540422,2.5384228268298323,2.5275237291754267,2.5082632822383277,2.4759035539422274,2.4242108936427273,2.345623745434269,2.231681939622542,2.0735403646094888,1.8620385525869907,1.585808521653987
1481.0,2.549997722682726,2.5499968627234217,2.549993538805341,2.5499845857627133,2.549961835421458,2.5499056960856596,2.5497712939007844,2.549460427839356,2.548768490067943,2.5472912206922147,2.5442743300740878,2.5383943008069987,2.5274765351846966,2.5081897120373773,2.475795755115436,2.424062766256338,2.345433292055701,2.2314533951571165,2.073285253499958,1.8617749483046708,1.5855581002793873
1482.0,2.549997705643511,2.549996840158957,2.5499934957354196,2.549984491308294,2.5499616213852945,2.549905214615591,2.54977023758289,2.5494581895232984,2.5487639387677508,2.54728238350818,2.5442580103531824,2.538365736453657,2.5274292948455543,2.5081160938211844,2.4756879176418614,2.423914623686986,2.34524286019675,2.231224916043728,2.073030248053092,1.8615114743553336,1.5853078106669736
1483.0,2.5499976884948814,2.549996817455914,2.5499934524237484,2.5499843963755193,2.549961406378625,2.5499047312091436,2.549769177540561,2.5494559443867617,2.5487593756926215,2.5472735273426563,2.5442416623694615,2.538337133776841,2.527382008189077,2.5080424276482005,2.4755800415994256,2.4237664660105867,2.345052449901069,2.230996502266704,2.072775348185017,1.8612481306123296,1.585057652660121
1484.0,2.5499976712362598,2.5499967946136,2.5499934088692475,2.549984300962526,2.549961190398208,2.549904245860896,2.54976811376533,2.5494536924177456,2.5487548008277408,2.5472646521810476,2.54422528611473,2.538308492783637,2.5273346752463692,2.5079687135768447,2.4754721270659443,2.423618293302894,2.3448620612121602,2.2307681538103172,2.0725205538119864,1.8609849169491066,1.5848076261026467
1485.0,2.5499976538670666,2.5499967716313185,2.5499933650708333,2.5499842050674446,2.5499609734407946,2.549903758565419,2.549767046248726,2.549451433604252,2.5487502141583085,2.5472557580087885,2.544208881580844,2.5382798134811835,2.527287296048561,2.5078949516655036,2.4753641741191235,2.423470105639499,2.3446716941733743,2.230539870658787,2.0722658648503796,1.8607218332392124,1.5845577308388052
1486.0,2.5499976363867205,2.549996748508371,2.5499933210274195,2.549984108688402,2.5499607555031316,2.5499032693172774,2.549765974982272,2.549449167934284,2.5487456156695387,2.547246844811348,2.5441924487597083,2.538251095876673,2.5272398706268104,2.5078211419725314,2.4752561828365613,2.4233219030958324,2.3444813488279133,2.2303116527962805,2.072011281216698,1.860458879356295,1.584307966713286
1487.0,2.5499976187946376,2.5499967252440565,2.549993276737915,2.5499840118235206,2.549960536581959,2.549902778111029,2.549764899957486,2.5494468953958456,2.5487410053466597,2.5472379125742273,2.544175987643278,2.5382223399773496,2.5271923990123013,2.5077472845562494,2.475148153295748,2.4231736857471637,2.34429102521883,2.230083500206911,2.071756802827568,1.8601960551741061,1.5840583335712102
1488.0,2.5499976010902308,2.549996701837671,2.549993232201227,2.5499839144709173,2.5499603166740092,2.549902284941224,2.5497638211658815,2.549444615976943,2.5487363831749144,2.5472289612829604,2.5441594982235576,2.538193545790509,2.5271448812362434,2.5076733794749457,2.475040085574065,2.423025453668602,2.3441007233890274,2.22985541287474,2.0715024295997373,1.8599333605664996,1.5838088312581262
1489.0,2.5499975832729116,2.549996678288508,2.549993187416258,2.5499838166287048,2.5499600957760102,2.549901789802407,2.5497627385989667,2.549442329665584,2.5487317491395602,2.547219990923114,2.5441429804926012,2.5381647133235,2.5270973173298734,2.507599426786876,2.474931979748787,2.4228772069350955,2.3439104433812616,2.2296273907837763,2.0712481614500753,1.8596707954074352,1.5835594596200078
1490.0,2.5499975653420894,2.549996654595859,2.5499931423819073,2.549983718294991,2.5499598738846836,2.5499012926891145,2.549761652248245,2.549440036449778,2.54872710322587,2.547211001480287,2.544126434442513,2.538135842583723,2.5270497073244536,2.5075254265502633,2.47482383589708,2.4227289456214325,2.3437201852381393,2.2293994339179783,2.070993998295572,1.859408359570979,1.5833102185032497
1491.0,2.549997547297171,2.5499966307590123,2.549993097097072,2.5499836194678793,2.549959650996744,2.5499007935958775,2.549760562105214,2.549437736317535,2.5487224454191297,2.547201992940112,2.5441098600654457,2.5381069335786295,2.527002051251271,2.507451378823297,2.4747156540960034,2.4225806698022425,2.3435299490021206,2.2291715422612524,2.070739940053338,1.8591460529313049,1.583061107754665
1492.0,2.5499975291375603,2.549996606777253,2.549993051560644,2.549983520145468,2.5499594271089006,2.54990029251722,2.5497594681613682,2.549435429256868,2.5487177757046413,2.547192965288255,2.5440932573536017,2.5380779863157237,2.5269543491416395,2.5073772836641335,2.4746074344225075,2.422432379551994,2.3433397347155185,2.2289437157974543,2.070485986640601,1.8588838753626955,1.5828121272214823
1493.0,2.549997510862659,2.549996582649865,2.5499930057715123,2.5499834203258507,2.5499592022178565,2.5498997894476583,2.549758370408195,2.5494331152557907,2.54871309406772,2.5471839185104126,2.544076626299234,2.538049000802561,2.526906601026898,2.5073031411308957,2.474499176953436,2.422284074944997,2.3431495424204996,2.22871595451039,2.070232137974708,1.858621826739544,1.582563276751342
1494.0,2.549997492471867,2.549996558376128,2.549992959728563,2.5499833200071156,2.549958976320308,2.549899284381703,2.5497572688371792,2.5494307943023196,2.548708400493697,2.547174852592316,2.5440599668946424,2.5380199770467478,2.5268588069384093,2.507228951281673,2.474390881765525,2.4221357560554044,2.342959372159084,2.2284882583838157,2.0699783939731233,1.8583599069363552,1.582314556192293
1495.0,2.549997473964582,2.549996533955321,2.549992913430678,2.5499832191873475,2.549958749412946,2.549898777313858,2.549756163439799,2.5494284663844717,2.5487036949679176,2.547165767519729,2.544043279132178,2.5379909150559414,2.526810966907563,2.507154714174522,2.474282548935403,2.4219874229572085,2.342769223973146,2.2282606274014363,2.069724754553427,1.858098115827746,1.582065965392791
1496.0,2.5499974553401987,2.5499965093867187,2.549992866876736,2.549983117864626,2.5499585214924547,2.54989826823862,2.549755054207529,2.549426131490267,2.548698977475742,2.547156663278447,2.5440265630042402,2.5379618148378515,2.526763080965773,2.507080429867465,2.4741741785395908,2.421839075724244,2.342579097904415,2.2280330615469093,2.0694712196333165,1.8578364532884482,1.581817504201694
1497.0,2.549997436598109,2.5499964846695944,2.5499928200656132,2.5499830160370256,2.549958292555513,2.549897757150479,2.549753941131838,2.549423789607727,2.548694248002545,2.5471475398542993,2.5440098185032776,2.5379326764002377,2.526715149144477,2.5070060984184903,2.4740657706545033,2.4216907144301896,2.3423889939944758,2.2278055608038425,2.0692177891306027,1.8575749191933075,1.5815691724682601
1498.0,2.5499974177377043,2.549996459803217,2.5499927729961804,2.549982913702616,2.5499580625987925,2.5498972440439185,2.549752824204192,2.549421440724875,2.548689506533716,2.547138397233148,2.5439930456217876,2.5379034997509105,2.526667171475138,2.506931719885553,2.4739573253564475,2.421542339148564,2.342198912284769,2.2275781251557945,2.0689644629632107,1.8573135134172867,1.5813209700421447
1499.0,2.549997398758371,2.5499964347868542,2.5499927256673067,2.549982810859463,2.5499578316189595,2.549896728913416,2.549751703416049,2.5494190848297356,2.54868475305466,2.5471292354008876,2.543976244352317,2.5378742848977307,2.526619147989243,2.506857294326574,2.473848842721624,2.421393949952731,2.34200885281659,2.2273507545862774,2.06871124104918,1.8570522358354653,1.581072896773397
1500.0,2.5499973796594957,2.549996409619771,2.5499926780778566,2.5499827075056265,2.549957599612674,2.549896211753441,2.5497505787588657,2.5494167219103363,2.5486799875507975,2.5471200543434454,2.543959414687461,2.5378450318486103,2.526571078718302,2.50678282179944,2.4737403228261257,2.421245546915896,2.3418188156310924,2.2271234490787544,2.0684581233066632,1.8567910863230412,1.5808249525124578
1501.0,2.5499973604404604,2.549996384301229,2.5499926302266918,2.5499826036391617,2.5499573665765904,2.549895692558457,2.549749450224092,2.5494143519547063,2.548675210007562,2.5471108540467817,2.543942556619864,2.537815740611512,2.5265229636938513,2.506708302362004,2.473631765745939,2.4210971301111086,2.341628800769285,2.2268962086166413,2.0682051096539227,1.8565300647542422,1.5805771360325225
1502.0,2.5499973411006462,2.549996358830488,2.54999258211267,2.54998249925812,2.549957132507356,2.5498951713229214,2.549748317803174,2.549411974950877,2.548670420410403,2.5471016344968898,2.5439256701422184,2.537786411194447,2.5264748029474484,2.506633736072085,2.473523171556944,2.420948699611263,2.341438808272036,2.2266690331833066,2.0679522000093153,1.8562691709969383,1.5803294461222788
1503.0,2.5499973216394314,2.5499963332068045,2.549992533734646,2.5499823943605477,2.5499568974016125,2.5498946480412847,2.5497471814875534,2.5494095908868815,2.5486656187447854,2.5470923956797953,2.543908755247266,2.5377570436054775,2.5264265965106762,2.506559122987466,2.4734145403349146,2.420800255489096,2.341248838180071,2.2264419227620724,2.0676993942912714,1.8560084049181886,1.5800818826532352
1504.0,2.5499973020561915,2.5499963074294323,2.5499924850914697,2.549982288944486,2.5499566612559956,2.54989412270799,2.5497460412686666,2.5494071997507555,2.5486608049961887,2.5470831375815566,2.5438918119277973,2.5377276378527163,2.5263783444151398,2.506484463165898,2.473305872155517,2.42065179781719,2.3410588905339718,2.226214877336214,2.0674466924182924,1.855747766385329,1.5798344454970195
1505.0,2.5499972823503003,2.5499962814976227,2.5499924361819892,2.5499821830079714,2.549956424067135,2.5498935953174753,2.5497448971379457,2.549404801530536,2.5486559791501073,2.547073860188265,2.543874840176651,2.537698193944325,2.5263300466924683,2.5064097566650956,2.473197167094312,2.4205033266679727,2.340868965374182,2.225987896888959,2.067194094308955,1.8554872552659705,1.579587134525378
1506.0,2.5499972625211287,2.5499962554106244,2.549992387005049,2.5499820765490355,2.549956185831654,2.5498930658641705,2.5497437490868187,2.5494023962142633,2.548651141192051,2.547064563486045,2.5438578399867136,2.5376687118885144,2.526281703374313,2.5063350035427394,2.473088425226753,2.4203548421137158,2.340679062741002,2.22576098140349,2.06694159988191,1.8552268714279978,1.5793399496101785
1507.0,2.549997242568045,2.5499962291676828,2.549992337559489,2.5499819695657058,2.5499559465461696,2.5498925343425,2.549742597106709,2.54939998378998,2.5486462911075445,2.5470552474610537,2.543840811350921,2.5376391916935463,2.5262333144923486,2.506260203856476,2.472979646628189,2.4202063442265365,2.340489182674593,2.225534130862943,2.0666892090558817,1.854966614739568,1.5790928906234105
1508.0,2.5499972224904157,2.5499962027680416,2.5499922878441454,2.5499818620560046,2.5499557062072937,2.5498920007468815,2.549741441189035,2.549397564245729,2.548641428882128,2.5470459120994806,2.5438237542622564,2.5376096333677305,2.5261848800782727,2.5061853576639157,2.4728708313738608,2.4200578330783986,2.3402993252149757,2.225307345250406,2.0664369217496708,1.8547064850691084,1.5788459574371865
1509.0,2.5499972022876043,2.549996176210941,2.549992237857852,2.5499817540179492,2.5499554648116307,2.5498914650717257,2.5497402813252115,2.549395137569558,2.548636554501357,2.5470365573875484,2.5438066687137524,2.5375800369194264,2.5261364001638045,2.5061104650226347,2.4727619795389053,2.4199093087411114,2.3401094904020314,2.225080624548924,2.066184737882152,1.8544464822853155,1.5785991499237428
1510.0,2.5499971819589726,2.5499961494956196,2.5499921875994396,2.5499816454495523,2.5499552223557798,2.5498909273114374,2.5497391175066477,2.549392703749516,2.5486316679508016,2.547027183311512,2.5437895546984897,2.537550402357042,2.5260878747806865,2.5060355259901743,2.472653091198352,2.419760771286331,2.3399196782755025,2.224853968741493,2.0659326573722754,1.854186606257153,1.5783524679554413
1511.0,2.549997161503879,2.5499961226213115,2.549992137067733,2.549981536348822,2.549954978836334,2.5498903874604144,2.5497379497247494,2.549390262773654,2.548626769216048,2.54701778985766,2.543772412209596,2.537520729689035,2.526039303960683,2.5059605406240406,2.4725441664271255,2.4196122207855595,2.3397298888749924,2.2246273778110663,2.0656806801390664,1.853926856853851,1.578105911404769
1512.0,2.54999714092168,2.5499960955872494,2.5499920862615557,2.5499814267137615,2.54995473424988,2.5498898455130483,2.549736777970918,2.5493878146300264,2.5486218582826963,2.5470083770123133,2.543755241240248,2.537491018923912,2.52599068773558,2.505885508981705,2.4724352053000436,2.4194636573101467,2.339540122239966,2.22440085174055,2.065428806101628,1.8536672339449036,1.5778594801443415
1513.0,2.5499971202117293,2.549996068392663,2.5499920351797267,2.549981316542369,2.5499544885929994,2.5498893014637245,2.549735602236551,2.549385359306689,2.5486169351363634,2.5469989447618255,2.5437380417836706,2.5374612700702266,2.5259420261371854,2.5058104311206026,2.47232620789182,2.4193150809312898,2.3393503784097507,2.224174390512805,2.065177035179138,1.8534077374000684,1.5776131740469013
1514.0,2.5499970993733787,2.5499960410367786,2.5499919838210614,2.5499812058326383,2.5499542418622663,2.5498887553068212,2.5497344225130396,2.5493828967917005,2.5486119997626817,2.546989493092583,2.5437208138331355,2.537431483136583,2.5258933191973294,2.5057353070981336,2.472217174277062,2.4191664917200337,2.339160657423536,2.2239479941106484,2.0649253672908516,1.853148367089364,1.5773669929853202
1515.0,2.549997078405977,2.549996013518821,2.5499919321843727,2.5499810945825576,2.5499539940542495,2.5498882070367106,2.5497332387917724,2.5493804270731224,2.548607052147298,2.546980021991006,2.5437035573819626,2.5374016581316314,2.5258445669478626,2.5056601369716622,2.472108104530271,2.419017889747271,2.3389709593203754,2.2237216625168506,2.0646738023561007,1.8528891228830695,1.5771209368326005
1516.0,2.549997057308871,2.549995985838011,2.5499918802684682,2.5499809827901116,2.5499537451655114,2.549887656647759,2.549732051064134,2.549377950139019,2.5486020922758748,2.5469705314435456,2.5436862724235203,2.537371795064072,2.5257957694206574,2.505584920798518,2.4719989987258444,2.4188692750837433,2.3387812841391837,2.223495395714138,2.064422340294294,1.8526300046517228,1.5768750054618745
1517.0,2.5499970360814044,2.5499959579935676,2.5499918280721534,2.5499808704532794,2.549953495192609,2.5498871041343247,2.5497308593215036,2.5493754659774557,2.5485971201340902,2.5469610214366867,2.543668958951224,2.5373418939426524,2.525746926647608,2.505509658635995,2.471889856938073,2.4187206478000394,2.338591631918742,2.2232691936851934,2.0641709810249185,1.8523710122661188,1.5766291987464074
1518.0,2.549997014722919,2.5499959299847066,2.5499917755942296,2.549980757570035,2.5499532441320927,2.549886549490761,2.549729663555257,2.5493729745765026,2.5485921357076378,2.546951491956947,2.5436516169585373,2.5373119547761678,2.525698038660628,2.5054343505413508,2.4717806792411436,2.4185720079665978,2.338402002697694,2.2230430564126538,2.063919724467538,1.8521121455973086,1.5763835165595959
1519.0,2.5499969932327544,2.549995901810641,2.5499917228334947,2.5499806441383477,2.549952991980507,2.5498859927114146,2.549728463756766,2.5493704759242313,2.5485871389822266,2.5469419429908773,2.5436342464389705,2.537281977573461,2.5256491054916532,2.505358996571807,2.4716714657091376,2.4184233556537067,2.338212396514548,2.2228169838791128,2.063668570541794,1.8518534045165975,1.5761379587749709
1520.0,2.549996971610246,2.549995873470581,2.549991669788743,2.549980530156183,2.54995273873439,2.5498854337906254,2.549727259917397,2.5493679700087166,2.5485821299435814,2.5469323745250603,2.5436168473860827,2.537251962343423,2.52560012717264,2.50528359678455,2.471562216416032,2.4182746909315034,2.3380228134076777,2.222590976067119,2.0634175191674067,1.8515947888955446,1.5758925252661977
1521.0,2.5499969498547292,2.5499958449637345,2.549991616458765,2.5499804156215014,2.549952484390274,2.549884872722727,2.549726052028513,2.5493654568180353,2.548577108577442,2.5469227865461117,2.5435994197934786,2.537221909094993,2.5255511037355642,2.50520815123673,2.4714529314356977,2.418126013869975,2.337833253415322,2.2223650329591784,2.0631665702641744,1.8513362986059603,1.5756472159070765
1522.0,2.549996927965535,2.5499958162893064,2.5499915628423473,2.549980300532257,2.5499522289446857,2.549884309502047,2.549724840081474,2.549362936340268,2.548572074869565,2.546913179040681,2.543581963654812,2.537191817837155,2.5255020352124227,2.5051326599854606,2.471343610841902,2.4179773245389593,2.337643716575586,2.222139154537753,2.062915723751974,1.8510779335199061,1.575402030571543
1523.0,2.5499969059419922,2.5499957874464982,2.5499915089382745,2.5499801848864005,2.5499519723941453,2.5498837441229067,2.5497236240676346,2.5493604085634973,2.548567028805721,2.5469035519954493,2.5435644789637837,2.5371616885789425,2.525452921635232,2.5050571230878194,2.471234254708308,2.417828623008144,2.3374542029264407,2.2219133407852616,2.0626649795507617,1.8508196935096926,1.5751569691336704
1524.0,2.5499968837834284,2.549995758434509,2.549991454745326,2.5499800686818777,2.549951714735167,2.54988317657962,2.549722403978346,2.549357873475809,2.5485619703716984,2.5468939053971305,2.5435469657141403,2.537131521329435,2.5254037630360298,2.5049815406008484,2.4711248631084732,2.4176799093470676,2.3372647125057235,2.221687591684079,2.062414337580571,1.850561578447878,1.5749120314676692
1525.0,2.549996861489167,2.549995729252536,2.5499914002622783,2.549979951916629,2.5499514559642593,2.549882606866497,2.5497211798049544,2.5493553310652923,2.5485568995532994,2.546884239232472,2.543529423899677,2.53710131609776,2.5253545594468716,2.504905912581553,2.471015436115851,2.41753118362512,2.3370752453511394,2.2214619072165367,2.062163797761517,1.8503035882072678,1.5746672174478877
1526.0,2.549996839058529,2.5499956998997724,2.5499913454879035,2.5499798345885907,2.5499511960779238,2.549882034977838,2.5497199515388034,2.5493527813200383,2.5485518163363428,2.546874553488253,2.543511853514236,2.5370710728930894,2.525305310899834,2.5048302390869015,2.4709059738037906,2.4173824459115423,2.33688580150026,2.2212362873649245,2.0619133600137913,1.8500457226609128,1.5744225269488137
1527.0,2.5499968164908347,2.549995670375409,2.549991290420971,2.5499797166956935,2.549950935072657,2.5498814609079403,2.5497187191712314,2.549350224228142,2.548546720706663,2.546864848151286,2.5434942545517054,2.537040791724644,2.525256017427013,2.5047545201738264,2.470796476245537,2.417233696275428,2.3366963809905257,2.2210107321114894,2.0616630242576677,1.8497879816821083,1.5741779598450742
1528.0,2.5499967937854,2.5499956406786337,2.5499912350602463,2.5499795982358644,2.5499506729449495,2.5498808846510927,2.5497174826935742,2.5493476597777005,2.548541612650111,2.546855123208416,2.543476627006022,2.53701047260169,2.525206679060523,2.504678755899223,2.4706869435142322,2.4170849347857217,2.336506983859244,2.220785241438435,2.061412790413499,1.8495303651443922,1.573933516011437
1529.0,2.5499967709415383,2.549995610808632,2.5499911794044916,2.5499794792070243,2.5499504096912844,2.5498803062015787,2.5497162420971624,2.5493450879568154,2.5485364921525515,2.546845378646521,2.5434589708711672,2.5369801155335407,2.525157295832499,2.5046029463199506,2.4705773756829124,2.4169361615112206,2.3363176101435914,2.220559815327923,2.061162658401716,1.849272872921544,1.5736891953228103
1530.0,2.5499967479585615,2.549995580764586,2.5499911234524646,2.54997935960709,2.5499501453081406,2.549879725553675,2.5497149973733233,2.54934250875359,2.5485313591998677,2.546835614452512,2.5434412861411713,2.5369497205295546,2.5251078677750933,2.5045270914928315,2.4704677728245104,2.4167873765205754,2.3361282598806143,2.2203344537620735,2.0609126281428325,1.8490155048875845,1.5734449976542444
1531.0,2.549996724835779,2.5499955505456753,2.5499910672029205,2.549979239433973,2.54994987979199,2.5498791427016534,2.5497137485133807,2.5493399221561313,2.5485262137779565,2.546825830613333,2.5434235728101102,2.536919287599136,2.5250583949204786,2.5044511914746503,2.470358135011856,2.4166385798822883,2.335938933107227,2.220109156722964,2.06066269955744,1.8487582609167734,1.5732009228809316
1532.0,2.5499967015724962,2.5499955201510764,2.5499910106546095,2.549979118685581,2.5499496131392987,2.549878557639778,2.549712495508654,2.549337328152549,2.5485210558727323,2.546816027115959,2.5434058308721075,2.536888816751737,2.525008877300845,2.5043752463221565,2.4702484623176746,2.4164897716647156,2.335749629860214,2.2198839241926303,2.0604128725662125,1.8485011408836094,1.5729569708782076
1533.0,2.5499966781680174,2.5499954895799637,2.5499909538062795,2.549978997359816,2.5499493453465267,2.5498779703623073,2.5497112383504588,2.549334726730957,2.5485158854701244,2.5468062039473987,2.5433880603213317,2.536858307996854,2.5249593149484015,2.504299256092061,2.470138754814588,2.416340951936067,2.3355603501762303,2.2196587561530667,2.0601631470899022,1.8482441446628275,1.5727131415215512
1534.0,2.5499966546216433,2.549995458831508,2.549990896656674,2.549978875454575,2.5499490764101287,2.5498773808634936,2.5497099770301075,2.5493321178794717,2.5485107025560785,2.546796361094694,2.543370261151999,2.5368277613440284,2.5249097078953757,2.504223220841038,2.470029012575116,2.4161921207644057,2.3353710940918013,2.2194336525862273,2.0599135230493437,1.8479872721293988,1.572469434686585
1535.0,2.549996630932673,2.549995427904877,2.5499908392045336,2.5499787529677507,2.5499488063265523,2.549876789137583,2.5497087115389077,2.5493295015862123,2.5485055071165568,2.546786498544919,2.543352433358372,2.5367971768028488,2.5248600561740133,2.5041471406257254,2.469919235671673,2.4160432782176504,2.3351818616433233,2.2192086134740237,2.0596640003654523,1.8477305231585297,1.5722258502490774
1536.0,2.549996607100402,2.5499953967992366,2.549990781448594,2.549978629897231,2.54994853509224,2.549876195178816,2.5497074418681644,2.549326877839302,2.5485002991375363,2.5467766162851806,2.5433345769347593,2.536766554382948,2.524810359816578,2.5040710155027224,2.469809424176571,2.415894424363573,2.3349926528670633,2.2189836387983273,2.059414578959223,1.8474738976256602,1.5719823880849406
1537.0,2.5499965831241242,2.549995365513749,2.5499907233875883,2.549978506240899,2.5499482627036274,2.5498755989814255,2.5497061680091786,2.5493242466268673,2.5484950786050113,2.5467667143026183,2.5433166918755163,2.5367358940940044,2.524760618855351,2.503994845528592,2.469699578162019,2.4157455592698,2.334803467799161,2.2187587285409682,2.0591652587517335,1.8472173954064628,1.5717390480702338
1538.0,2.54999655900313,2.549995334047574,2.5499906650202457,2.5499783819966315,2.549947989157145,2.5498750005396396,2.5497048899532473,2.549321607937038,2.548489845504992,2.5467567925844037,2.543298778175044,2.5367051959457414,2.524710833322632,2.5039186307598595,2.469589697700123,2.415596683003814,2.3346143064756277,2.2185338826837366,2.0589160396641417,1.8469610163768415,1.571495830081162
1539.0,2.5499965347367084,2.5499953023998687,2.5499906063452915,2.549978257162303,2.549947714449217,2.54987439984768,2.5497036076916637,2.549318961757947,2.548484599823504,2.5467468511177427,2.5432808358277903,2.5366744599479274,2.524661003250737,2.5038423712530125,2.469479782862885,2.415447795632952,2.3344251689323463,2.218309101208382,2.0586669216176863,1.846704760412931,1.5712527339940765
1540.0,2.549996510324144,2.5499952705697866,2.549990547361448,2.5499781317357813,2.549947438576262,2.549873796899762,2.549702321215719,2.549316308077731,2.5484793415465896,2.546736889889872,2.5432628648282485,2.5366436861103754,2.5246111286720008,2.5037660670645017,2.4693698337222054,2.415298897224407,2.334236055205074,2.2180843840966142,2.0584179045336883,1.846448627391095,1.571009759685477
1541.0,2.5499964857647206,2.5499952385564786,2.5499904880674324,2.5499780057149297,2.549947161534692,2.5498731916900947,2.549701030516698,2.54931364688453,2.548474070660307,2.5467269088880626,2.543244865170958,2.5366128744429433,2.524561209618774,2.5036897182507394,2.4692598503498817,2.415149987845229,2.3340469653294402,2.217859731330102,2.05816898833355,1.846192617187926,1.5707669070320105
1542.0,2.5499964610577184,2.549995206359093,2.54999042846196,2.5499778790976073,2.5499468833209127,2.5498725842128818,2.5496997355858846,2.549310978166488,2.548468787150731,2.5467169080996173,2.5432268368505055,2.5365820249555333,2.524511246123426,2.5036133248681,2.469149832817608,2.415001067562323,2.3338578993409484,2.217635142890476,2.057920172938755,1.8459367296802434,1.5705241759104722
1543.0,2.5499964362024152,2.549995173976775,2.549990368543741,2.5499777518816678,2.549946603931325,2.5498719744623206,2.5496984364145576,2.5493083019117515,2.5484634910039525,2.546706887511871,2.5432087798615215,2.5365511376580923,2.5244612382183416,2.5035368869729213,2.4690397811969773,2.4148521364424504,2.3336688572749753,2.217410618759326,2.0576714582708693,1.8456809647450936,1.570281566197806
1544.0,2.5499964111980864,2.549995141408667,2.5499903083114828,2.54997762406496,2.549946323362324,2.549871362432602,2.549697132993993,2.549305618108472,2.5484581822060783,2.5466968471121922,2.5431906941986835,2.5365202125606108,2.524411185935923,2.503460404621502,2.468929695559478,2.4147031945522306,2.3334798391667726,2.2171861589182034,2.0574228442515397,1.8454253222597474,1.5700390777711055
1545.0,2.5499963860440045,2.5499951086539085,2.5499902477638883,2.5499774956453276,2.549946041610297,2.549870748117912,2.5496958253154625,2.549302926744803,2.548452860743232,2.5466867868879817,2.543172579856715,2.5364892496731244,2.5243610893085893,2.503383877870104,2.4688195759764984,2.414554241958139,2.333290845051466,2.2169617633486194,2.057174330802496,1.8451698021017005,1.5697967105076138
1546.0,2.5499963607394394,2.549995075711636,2.5499901868996577,2.5499773666206105,2.549945758671627,2.549870131512429,2.549694513370236,2.5493002278089034,2.548447526601553,2.546676706826673,2.5431544368303842,2.536458249005712,2.524310948368776,2.5033073067749507,2.468709422519323,2.41440527872651,2.333101874964057,2.2167374320320468,2.0569259178455486,1.8449144041486716,1.5695544642847234
1547.0,2.549996335283658,2.5499950425809828,2.5499901257174873,2.549977236988643,2.54994547454269,2.5498695126103263,2.5496931971495775,2.549297521288934,2.5484421797671977,2.546666606915732,2.543136265114506,2.536427210568496,2.5242607631489333,2.503230691392227,2.4685992352591346,2.414256304923533,2.3329129289394213,2.2165131649499203,2.0566776053025912,1.8446591282786018,1.5693123389799783
1548.0,2.5499963096759255,2.54999500926108,2.5499900642160687,2.5499771067472548,2.5499451892198577,2.549868891405771,2.54969187664475,2.54929480717306,2.548436820226338,2.5466564871426574,2.5431180647039398,2.536396134371644,2.5242105336815297,2.50315403177808,2.4684890142670146,2.414107320615259,2.332724007012312,2.216288962083635,2.0564293930955992,1.844403974369653,1.5690703344710726
1549.0,2.5499962839155037,2.5499949757510554,2.549990002394091,2.54997697589427,2.549944902699494,2.5498682678929248,2.5496905518470117,2.5492920854494514,2.5484314479651635,2.5466463474949803,2.543099835593591,2.5363650204253654,2.524160259999049,2.503077327988619,2.468378759613941,2.4139583258675947,2.332535109217357,2.216064823414549,2.0561812811466296,1.8441489423002082,1.568828450635852
1550.0,2.549996258001652,2.5499949420500334,2.549989940250239,2.549976844427509,2.5499446149779574,2.549867642065942,2.549689222747618,2.5492893561062804,2.548426062969879,2.546636187960265,2.54308157777841,2.5363338687399137,2.524109942133991,2.5030005800799144,2.4682684713707923,2.4138093207463065,2.332346235589062,2.2158407489239806,2.0559332693778223,1.8438940319488695,1.568586687352314
1551.0,2.549996231933627,2.5499949081571365,2.5499898777831937,2.5499767123447867,2.5499443260516017,2.549867013918973,2.549687889337821,2.549286619131724,2.5484206652267063,2.5466260085261077,2.5430632912533935,2.5363026793255865,2.52405958011887,2.502923788107999,2.4681581496083433,2.41366030531702,2.332157386161808,2.2156167385932113,2.0556853577113996,1.8436392431944573,1.5683450444986078
1552.0,2.5499962057106833,2.5499948740714835,2.549989814991633,2.5499765796439133,2.549944035916773,2.549866383446161,2.5496865516088696,2.5492838745139625,2.548415254721883,2.546615809180137,2.5430449760135825,2.536271452192723,2.524009173986218,2.5028469521288654,2.4680477943972683,2.4135112796452187,2.3319685609698544,2.2153927924034846,2.0554375460696654,1.8433845759160095,1.5681035219530348
1553.0,2.549996179332071,2.5499948397921908,2.54998975187423,2.549976446322694,2.549943744569813,2.5498657506416427,2.549685209552009,2.549281122241181,2.5484098314416643,2.546605589910015,2.543026632054064,2.536240187351707,2.52395872376858,2.5027700721984703,2.4679374058081396,2.4133622437962474,2.3317797600473376,2.215168910336007,2.055189834375007,1.8431300299927806,1.5678621195940496
1554.0,2.54999615279704,2.549994805318371,2.549989688429655,2.5499763123789285,2.5499434520070565,2.54986511549955,2.5496838631584806,2.5492783623015676,2.5484043953723217,2.5465953507034356,2.543008259369969,2.536208884812964,2.523908229498518,2.50269314837273,2.467826983911428,2.4132131978353093,2.3315909834282724,2.2149450923719463,2.0549422225498932,1.8428756053042414,1.5676208373002596
1555.0,2.5499961261048356,2.549994770649134,2.549989624656575,2.5499761778104135,2.5499431582248326,2.5498644780140087,2.549682512419524,2.5492755946833143,2.548398946500143,2.5465850915481254,2.5429898579564747,2.536177544586963,2.523857691208608,2.502616180707523,2.4677165287775034,2.4130641418274688,2.3314022311465514,2.2147213384924345,2.054694710516876,1.8426213017300763,1.5673796749504254
1556.0,2.549996099254702,2.549994735783588,2.5499895605536516,2.549976042614939,2.5499428632194645,2.549863838179139,2.549681157326375,2.5492728193746177,2.548393484811432,2.5465748124318437,2.5429714278088023,2.5361461666842153,2.523807108931442,2.5025391692586885,2.4676060404766345,2.4129150758376494,2.3312135032359467,2.2144976486785657,2.0544472981985904,1.842367119150185,1.5671386324234617
1557.0,2.5499960722458788,2.549994700720837,2.5499894961195437,2.549975906790291,2.5499425669872697,2.549863195989055,2.5496797978702666,2.5492700363636787,2.548388010292509,2.546564513342382,2.542952968922218,2.5361147511152744,2.5237564826996257,2.5024621140820273,2.467495519078989,2.4127659999306363,2.331024799730108,2.214274022911398,2.054199985517753,1.8421130574446787,1.5668977095984367
1558.0,2.549996045077604,2.549994665459981,2.5499894313529072,2.549975770334251,2.5499422695245597,2.549862551437864,2.5496784340424274,2.549267245638701,2.548382522929713,2.5465541942675647,2.542934481292034,2.536083297890737,2.5237058125457805,2.5023850152333016,2.4673849646546335,2.412616914171076,2.330836120662566,2.2140504611719534,2.053952772397163,1.8418591164938818,1.5666569063545728
1559.0,2.549996017749114,2.5499946300001204,2.549989366252393,2.549975633244594,2.54994197082764,2.5498619045196684,2.5496770658340844,2.549264447187893,2.5483770227093974,2.5465438551952486,2.542915964913606,2.536051807021241,2.523655098502542,2.5023078727682337,2.4672743772735335,2.412467818623475,2.3306474660667296,2.213826963441216,2.053705658759703,1.8416052961783294,1.5664162225712475
1560.0,2.54999599025964,2.5499945943403493,2.5499893008166485,2.549975495519092,2.5499416708928107,2.5498612552285653,2.5496756932364604,2.5492616409994677,2.548371509617933,2.546533496113323,2.5428974197823346,2.5360202785174675,2.5236043406025592,2.502230686742508,2.467163757005554,2.4123187133522026,2.330458835975889,2.2136035297001353,2.0534586445283383,1.8413515963787672,1.5661756581279926
1561.0,2.5499959626084125,2.54999455847976,2.549989235044318,2.549975357155511,2.549941369716365,2.5498606035586446,2.549674316240776,2.5492588270616423,2.548365983641708,2.546523117009709,2.5428788458936658,2.5359887123901386,2.5235535388784966,2.50215345721177,2.4670531039204597,2.412169598421489,2.3302702304232144,2.213380159929624,2.0532117296261165,1.841098016976557,1.5659352133086122
1562.0,2.5499959347946586,2.5499945224174425,2.5499891689340406,2.549975218151612,2.5499410672945917,2.549859949503992,2.549672934838248,2.549256005362637,2.5483604447671264,2.5465127178723614,2.5428602432430885,2.5359571086500186,2.5235026933630325,2.5020761842316253,2.4669424180879145,2.412020473895427,2.3300816494417567,2.2131568541105593,2.052964913976175,1.8408445578556847,1.5656948883914266
1563.0,2.5499959068176024,2.549994486152483,2.549989102484454,2.5499750785051525,2.5499407636237725,2.549859293058686,2.5496715490200907,2.5492531758906782,2.5483548929806097,2.5465022986892665,2.542841611826138,2.5359254673079135,2.523451804088858,2.50199886785764,2.4668316995774813,2.411871339837972,2.329893093064448,2.212933612223783,2.0527181975017483,1.8405912189006925,1.5654546832490006
1564.0,2.5499958786764654,2.549994449683965,2.54998903569419,2.5499749382138837,2.549940458700184,2.5498586342168,2.5496701587775155,2.549250338633994,2.548349328268596,2.5464918594484436,2.5428229516383927,2.5358937883746706,2.5234008710886795,2.5019215081453425,2.4667209484586237,2.4117221963129416,2.3297045613241014,2.212710434250101,2.0524715801261673,1.8403379999962723,1.5652145977541523
1565.0,2.549995850370467,2.5499944130109684,2.5499889685618773,2.549974797275553,2.549940152520096,2.5498579729724016,2.5496687641017304,2.549247493580819,2.5483437506175393,2.5464814001379446,2.5428042626754754,2.535862071861179,2.523349894395216,2.5018441051502207,2.466610164800704,2.411573043384017,2.329516054253413,2.212487320170286,2.0522250617728592,1.8400849010272657,1.5649746317799513
1566.0,2.5499958218988232,2.5499943761325707,2.549988901086141,2.5499746556879015,2.5499398450797734,2.549857309319553,2.5496673649839408,2.5492446407193916,2.5483381600139117,2.546470920745853,2.542785544933054,2.5358303177783696,2.523298874041201,2.5017666589277234,2.466499348672986,2.411423881114742,2.3293275718849595,2.212264269965074,2.051978642365346,1.8398319218786643,1.5647347851997184
1567.0,2.5499957932607478,2.5499943390478466,2.5499888332656027,2.5499745134486673,2.5499395363754753,2.54985664325231,2.5496659614153487,2.5492417800379537,2.548332556444201,2.546460421260286,2.54276679840684,2.535798526137213,2.52324781005938,2.5016891695332606,2.4663885001446317,2.411274709568525,2.3291391142512015,2.2120412836151684,2.0517323218272456,1.8395790624356094,1.5644950578870238
1568.0,2.549995764455451,2.5499943017558673,2.5499887650988793,2.549974370555582,2.549939226403454,2.549855974764724,2.5496645533871543,2.549238911524752,2.5483269398949133,2.546449901669391,2.5427480230925887,2.535766696948722,2.5231967024825126,2.5016116370222017,2.4662776192847042,2.4111255288086366,2.328950681384482,2.211818361101237,2.051486100082271,1.8393263225833931,1.564255449715686
1569.0,2.5499957354821405,2.5499942642557016,2.5499886965845846,2.549974227006373,2.5499389151599567,2.5498553038508387,2.549663140890554,2.549236035168038,2.5483213103525704,2.546439361961351,2.5427292189861004,2.5357348302239497,2.523145551343372,2.5015340614498776,2.466166706162167,2.4109763388982133,2.3287622733170275,2.211595502403914,2.05123997705423,1.8390737022074575,1.5640159605597705
1570.0,2.549995706340022,2.5499942265464144,2.549988627721329,2.549974082798763,2.5499386026412245,2.549854630504694,2.5496617239167416,2.5492331509560677,2.5483156678037115,2.5464288021243786,2.5427103860832183,2.5357029259739905,2.5230943566747426,2.501456442871579,2.466055760845883,2.4108271399002548,2.328573890080947,2.2113727075038,2.050993952667024,1.8388212011933949,1.5637765902935894
1571.0,2.5499956770282974,2.549994188627068,2.549988558507718,2.5499739379304693,2.5499382888434927,2.5498539547203234,2.5496603024569082,2.5492302588771016,2.5483100122348925,2.5464182221467198,2.5426915243798303,2.535670984209979,2.523043118509423,2.5013787813425576,2.4659447834046166,2.4106779318776264,2.3283855317082347,2.211149976381462,2.050748026844649,1.8385688194269483,1.5635373387916998
1572.0,2.549995647546167,2.5499941504967216,2.5499884889423545,2.549973792399205,2.549937973762991,2.5498532764917545,2.5496588765022423,2.5492273589194037,2.5483043436326867,2.546407622016653,2.5426726338718675,2.5356390049430906,2.522991836880224,2.5013010769180246,2.4658337739070326,2.4105287148930574,2.328197198230768,2.2109273090174346,2.050502199511195,1.8383165567940112,1.563298205928902
1573.0,2.549995617892827,2.5499941121544314,2.549988419023837,2.549973646202677,2.5499376573959434,2.549852595813009,2.549657446043929,2.5492244510712436,2.5482986619836843,2.546397001722489,2.5426537145553056,2.535606988184541,2.522940511819969,2.501223329653152,2.4657227324216953,2.4103794890091432,2.3280088896803095,2.210704705392219,2.050256470590844,1.8380644131806279,1.5630591915802399
1574.0,2.549995588067472,2.549994073599251,2.5499883487507597,2.549973499338589,2.5499373397385674,2.549851912678105,2.549656011073152,2.549221535320896,2.548292967274492,2.546386361252571,2.542634766426163,2.5355749339455858,2.5228891433614926,2.5011455396030717,2.4656116590170707,2.410230254288344,2.3278206060885065,2.210482165486283,2.0500108400078725,1.837812388472993,1.5628202956209984
1575.0,2.549995558069293,2.54999403483023,2.549988278121714,2.549973351804639,2.5499370207870755,2.5498512270810516,2.5496545715810903,2.549218611656638,2.548287259491734,2.5463757005952745,2.542615789480502,2.535542842237521,2.522837731537644,2.5010677068228757,2.4655005537615255,2.4100810107929864,2.3276323474868916,2.210259689280063,2.0497653076866484,1.837560482557453,1.5625815179267037
1576.0,2.5499955278974786,2.549993995846416,2.549988207135286,2.5499732035985194,2.549936700537674,2.549850539015856,2.5496531275589223,2.549215680066754,2.548281538622052,2.546365019739007,2.542596783714429,2.535510713071683,2.5227862763812823,2.500989831367616,2.4653894167233283,2.409931758585263,2.3274441139068833,2.210037276753962,2.049519873551633,1.8373086953205038,1.5623428583731211
1577.0,2.5499954975512145,2.5499939566468526,2.54998813579006,2.5499730547179196,2.549936378986563,2.549849848476517,2.5496516789978227,2.5492127405395313,2.548275804652104,2.5463543186722086,2.542577749124093,2.5354785464594474,2.5227347779252796,2.500911913292305,2.465278247970647,2.4097824977272326,2.327255905379786,2.209814927888352,2.049274537527379,1.8370570266487931,1.5621043168362547
1578.0,2.549995467029684,2.5499939172305806,2.549988064084615,2.549972905160523,2.549936056129937,2.5498491554570295,2.5496502258889637,2.5492097930632625,2.548270057568565,2.546343597383351,2.5425586857056874,2.5354463424122295,2.52268323620252,2.5008339526519148,2.4651670475715526,2.4096332282808213,2.327067721936789,2.209592642663573,2.0490292995385317,1.8368054764291195,1.561865893192346
1579.0,2.5499954363320665,2.549993877596638,2.5499879920175266,2.549972754924007,2.5499357319639855,2.549848459951382,2.549648768223515,2.549206837626245,2.548264297358128,2.54633285586094,2.5425395934554484,2.535414100941485,2.522631651245898,2.500755949501377,2.4650558155940154,2.409483950307821,2.3268795636089705,2.209370421059932,2.0487841595098266,1.8365540445484325,1.5616275873178727
1580.0,2.5499954054575396,2.5499938377440605,2.549987919587367,2.549972604006046,2.5499354064848916,2.5498477619535587,2.549647305992643,2.5492038742167815,2.5482585240075024,2.5463220940935116,2.542520472369655,2.535381822058708,2.522580023088321,2.5006779038955833,2.4649445521059086,2.409334663869892,2.326691430427294,2.209148263057707,2.0485391173660914,1.8363027308938324,1.5613893990895482
1581.0,2.549995374405278,2.5499937976718785,2.5499878467927037,2.549972452404308,2.5499350796888325,2.549847061457536,2.549645839187513,2.549200902823178,2.5482527375034154,2.5463113120696352,2.54250132244463,2.5353495057754327,2.522528351762707,2.5005998158893856,2.4648332571750067,2.409185369028561,2.326503322422611,2.2089261686371437,2.0482941730322444,1.836051535352571,1.5611513283843204
1582.0,2.549995343174453,2.5499937573791214,2.549987773632101,2.549972300116458,2.5499347515719797,2.549846358457287,2.549644367799287,2.5491979234337467,2.548246937832611,2.546300509777912,2.5424821436767386,2.5353171521032323,2.522476637301985,2.500521685537595,2.464721930868985,2.4090360658452235,2.32631523962566,2.2087041377784566,2.048049326433295,1.835800457812051,1.5609133750793702
1583.0,2.549995311764233,2.5499937168648144,2.549987700104119,2.5499721471401537,2.5499344221304994,2.5498456529467783,2.5496428918191243,2.5491949360368045,2.5482411249818506,2.5462896872069756,2.5424629360623903,2.535284761053719,2.5224248797390967,2.5004435128949827,2.4646105732554213,2.4088867543811423,2.326127182067068,2.2084821704618296,2.0478045774943414,1.8355494981598264,1.5606755390521116
1584.0,2.549995280173785,2.54999367612798,2.5499876262073147,2.5499719934730503,2.5499340913605515,2.549844944919972,2.549641411238182,2.549191940620673,2.5482352989379122,2.546278844345492,2.542443699598037,2.535252332638544,2.522373079106993,2.500365298016279,2.4644991844017956,2.408737434697449,2.3259391497773505,2.208260266667417,2.0475599261405737,1.835298656283602,1.5604378201801898
1585.0,2.549995248402272,2.5499936351676378,2.54998755194024,2.549971839112796,2.5499337592582902,2.549844234370823,2.549639926047615,2.5491889371736782,2.548229459687592,2.546267981182158,2.5424244342801723,2.5352198668693977,2.5223212354386364,2.5002870409561746,2.464387764375489,2.408588106855144,2.3257511427869106,2.2080384263753423,2.04731537229727,1.835047932071234,1.5602002183414798
1586.0,2.5499952164488535,2.549993593982804,2.5499874773014444,2.5499716840570352,2.5499334258198645,2.5498435212932824,2.549638436238576,2.549185925684152,2.5482236072177034,2.5462570977057055,2.5424051401053345,2.5351873637580087,2.522269348767,2.500208741769318,2.4642763132437846,2.408438770915095,2.3255631611260412,2.207816649565698,2.0470709158897997,1.83479732541073,1.5599627334140869
1587.0,2.549995184312688,2.5499935525724915,2.5499874022894717,2.549971528303408,2.549933091041417,2.549842805681295,2.549636941802214,2.5491829061404307,2.548217741515076,2.5462461939048957,2.5423858170701035,2.5351548233161445,2.522217419125067,2.500130400510319,2.4641648310738686,2.4082894269380413,2.3253752048249248,2.2075949362185483,2.04682655684362,1.8345468361902482,1.5597253652763448
1588.0,2.5499951519929294,2.5499935109357104,2.549987326902864,2.549971371849548,2.549932754919084,2.5498420875288006,2.5496354427296772,2.549179878530856,2.5482118625665584,2.5462352697685233,2.542366465171102,2.535122245555611,2.5221654465458325,2.500052017233746,2.464053317932829,2.4081400749845896,2.325187273913632,2.2073732863139273,2.046582295084278,1.8342964642980981,1.5594881138068146
1589.0,2.5499951194887296,2.5499934690714676,2.5499872511401582,2.549971214693085,2.5499324174489986,2.5498413668297335,2.5496339390121108,2.549176842843775,2.548205970359015,2.5462243252854155,2.542347084404996,2.5350896304882515,2.5221134310623,2.4999735919941264,2.4639417738876555,2.407990715115217,2.3249993684221244,2.2071516998318392,2.0463381305374084,1.834046209622741,1.5592509788842848
1590.0,2.5499950867992376,2.5499934269787667,2.5499871749998877,2.549971056831644,2.549932078627285,2.549840643578023,2.549632430640657,2.5491737990675385,2.548200064879329,2.5462133604444306,2.5423276747684924,2.535056978125949,2.5220613727074848,2.4998951248459473,2.463830199005242,2.4078413473902707,2.3248114883802544,2.2069301767522593,2.0460940631287357,1.8337960720527886,1.5590139603877686
1591.0,2.5499950539235994,2.549993384656609,2.5499870984805817,2.5499708982628446,2.549931738450064,2.5498399177675926,2.549630917606457,2.549170747190504,2.5481941461143998,2.546202375234459,2.542308236258343,2.535024288480624,2.522009271514411,2.4998166158436557,2.463718593352383,2.4076919718699683,2.324623633817764,2.206708717055134,2.0458500927840717,1.833546051477004,1.5587770581965048
1592.0,2.5499950208609583,2.5499933421039915,2.549987021580766,2.5499707389843014,2.5499313969134496,2.5498391893923604,2.5496293999006494,2.5491676872010327,2.548188214051145,2.5461913696444247,2.5422887688713396,2.5349915615642344,2.5219571275161137,2.4997380650416567,2.463606956995777,2.4075425886143975,2.3244358047642857,2.2064873207203806,2.0456062194293163,1.8332961477843008,1.558540272189956
1593.0,2.5499949876104537,2.549993299319908,2.549986944298962,2.549970578993625,2.54993105401355,2.549838458446239,2.54962787751437,2.5491646190874926,2.548182268676499,2.546180343663282,2.542269272604318,2.5349587973887764,2.5219049407456366,2.499659472494315,2.4634952900020255,2.407393197683517,2.3242480012493445,2.2062659877278885,2.045362442990457,1.8330463608637448,1.5583036022478076
1594.0,2.549994954171224,2.5499932563033507,2.549986866633688,2.54997041828842,2.549930709746468,2.5498377249231368,2.549626350438753,2.549161542838256,2.5481763099774146,2.5461692972800183,2.542249747454155,2.534925995966284,2.5218527112360345,2.499580838255955,2.463383592437632,2.4072437991371562,2.324060223302356,2.2060447180575182,2.045118763393569,1.8327966906045519,1.558067048249968
1595.0,2.5499949205424035,2.5499932130533076,2.5499867885834573,2.549970256866287,2.549930364108301,2.5498369888169554,2.54962481866493,2.5491584584417,2.548170337940861,2.5461582304836528,2.5422301934177707,2.5348931573088285,2.52180043902037,2.499502162380858,2.4632718643690037,2.407094393035017,2.3238724709526277,2.205823511689102,2.0448751805648135,1.8325471368960893,1.5578306100765653
1596.0,2.5499948867231237,2.549993169568763,2.5499867101467806,2.5499700947248205,2.5499300170951407,2.5498362501215923,2.549623282184031,2.5491553658862083,2.5481643525538247,2.5461471432632368,2.5422106104921265,2.5348602814285184,2.521748124131717,2.4994234449232677,2.463160105862451,2.406944979436671,2.3236847442293604,2.2056023686024435,2.0446316944304406,1.8322976996278755,1.5575942876079496
1597.0,2.549994852712513,2.5499931258486996,2.5499866313221635,2.5499699318616114,2.549929668703072,2.549835508830939,2.549621740987183,2.5491522651601684,2.5481583538033115,2.5461360356078533,2.542190998674226,2.5348273683375,2.5216957666031568,2.4993446859373836,2.463048316984187,2.406795558401563,2.323497043161646,2.20538128877732,2.0443883049167857,1.8320483786895791,1.5573580807246898
1598.0,2.5499948185096972,2.5499930818920955,2.5499865521081087,2.5499697682742455,2.5499293189281755,2.5498347649388826,2.5496201950655117,2.549149156251975,2.548152341676343,2.5461249075066177,2.542171357961115,2.534794418047957,2.5216433664677806,2.499265885477366,2.462936497800329,2.4066461299890096,2.3233093677784695,2.20516027219348,2.044145011950271,1.8317991739710202,1.5571219893075736
1599.0,2.5499947841138,2.5499930376979263,2.5499864725031145,2.5499696039603035,2.5499289677665256,2.549834018439304,2.549618644410141,2.549146039150026,2.5481463161599596,2.546113758948677,2.5421516883498816,2.53476143057211,2.5215909237586893,2.4991870435973333,2.462824648376897,2.4064966942582005,2.32312171810871,2.204939318830645,2.0439018154574047,1.8315500853621693,1.5568860132376068
1600.0,2.5499947495239406,2.549992993265164,2.549986392505675,2.5499694389173606,2.5499286152141907,2.5498332693260792,2.549617089012191,2.549142913842726,2.548140277241218,2.546102589923211,2.5421319898376544,2.5347284059222157,2.521538438508992,2.4991081603513625,2.4627127687798147,2.4063472512681967,2.3229340941811385,2.2047184286685093,2.0436587153647823,1.831301112753148,1.5566501523960115
1601.0,2.549994714739236,2.5499929485927777,2.549986312114281,2.5499692731429873,2.549928261267234,2.5498325175930794,2.549615528862782,2.549139780318485,2.548134224907193,2.54609140041943,2.542112262421605,2.534695344110568,2.521485910751806,2.4990292357934902,2.46260085907491,2.4061978010779326,2.3227464960244215,2.2044976016867404,2.043415711599083,1.8310522560342284,1.5564144066642265
1602.0,2.549994679758801,2.5499929036797337,2.54998623132742,2.5499691066347503,2.549927905921713,2.5498317632341703,2.5496139639530315,2.549136638565719,2.5481281591449774,2.546080190426578,2.542092506098945,2.534662245149499,2.5214333405202587,2.498950269977711,2.4624889193279142,2.406048343746216,2.3225589236671187,2.2042768378649784,2.043172804087073,1.8308035150958333,1.556178775923906
1603.0,2.5499946445817465,2.5499928585249947,2.5499861501435737,2.54996893939021,2.5499275491736793,2.549831006243212,2.549612394274054,2.5491334885728474,2.5481220799416815,2.5460689599339297,2.5420727208669307,2.534629109051375,2.5213807278474847,2.4988712629579783,2.462376949604463,2.405898879331729,2.3223713771376837,2.2040561371828367,2.042929992755604,1.8305548898285355,1.5559432600569187
1604.0,2.5499946092071806,2.5499928131275196,2.5499860685612212,2.549968771406923,2.549927191019179,2.5498302466140603,2.549610819816963,2.5491303303282975,2.5481159872844334,2.546057708930792,2.5420529067228563,2.5345959358286003,2.5213280727666274,2.4987922147882045,2.462264949970096,2.4057494078930253,2.3221838564644655,2.2038354996199025,2.0426872775316114,1.8303063801230592,1.5557078589453468
1605.0,2.549994573634209,2.5499927674862652,2.5499859865788377,2.54996860268244,2.5499268314542523,2.5498294843405658,2.5496092405728707,2.549127163820501,2.548109881160378,2.546046437406504,2.54203306366406,2.5345627254936147,2.5212753753108377,2.49871312552226,2.4621529204902566,2.4055999294885346,2.321996361675708,2.2036149251557373,2.0424446583421165,1.8300579858702783,1.5554725724714853
1606.0,2.5499945378619335,2.5499927216001845,2.549985904194894,2.5499684332143078,2.5499264704749347,2.5498287194165727,2.5496076565328862,2.549123989037896,2.5481037615566793,2.546035145350436,2.5420131916879196,2.534529478058895,2.5212226355132765,2.4986339952139747,2.4620408612302924,2.40545044417656,2.3218088927995506,2.2033944137698747,2.0422021351142257,1.8298097069612171,1.5552374005178418
1607.0,2.549994501889454,2.5499926754682276,2.5499858214078572,2.5499682630000673,2.549926108077255,2.549827951835922,2.549606067688117,2.5491208059689243,2.5480976284605177,2.546023832751991,2.541993290791856,2.534496193536954,2.5211698534071108,2.4985548239171353,2.4619287722554564,2.4053009520152795,2.321621449864028,2.203173965441824,2.0419597077751286,1.8295615432870505,1.5550023429671347
1608.0,2.549994465715866,2.549992629089342,2.5499857382161903,2.5499680920372554,2.5499257442572363,2.5498271815924483,2.5496044740296693,2.549117614602036,2.5480914818590916,2.546012499600603,2.5419733609733304,2.534462871940339,2.521117029025516,2.498475611685489,2.4618166536309043,2.4051514530627456,2.3214340328970713,2.202953580151068,2.0417173762521004,1.829313494739103,1.5547673997022933
1609.0,2.549994429340264,2.54999258246247,2.5499856546183532,2.5499679203234034,2.5499253790108973,2.5498264086799813,2.5496028755486475,2.5491144149256844,2.5480853217396175,2.5460011458857386,2.541953402229845,2.5344295132816352,2.521064162401676,2.4983963585727396,2.4617045054216984,2.4050019473768853,2.321246641926507,2.202733257877065,2.041475140472499,1.8290655612088496,1.5545325706064566
1610.0,2.5499943927617386,2.549992535586552,2.5499855706128005,2.549967747856038,2.54992501233425,2.549825633092346,2.549601272236153,2.54911120692833,2.54807914808933,2.5459897715968958,2.5419334145589434,2.534396117573462,2.5210112535687816,2.4983170646325505,2.461592327692804,2.404852435015502,2.321059276980059,2.202512998599246,2.0412330003637678,1.8288177425879149,1.5542978555629725
1611.0,2.549994355979377,2.549992488460526,2.549985486197984,2.5499675746326815,2.5499246442233017,2.549824854823362,2.549599664083287,2.549107990598439,2.548072960895481,2.5459783767236046,2.54191339795821,2.5343626848284755,2.5209583025600315,2.498237729918543,2.4614801205090924,2.404702916036274,2.3208719380853475,2.202292802297018,2.040990955853432,1.8285700387680737,1.554063254455397
1612.0,2.5499943189922636,2.549992441083325,2.549985401372351,2.5499674006508504,2.5499242746740527,2.5498240738668443,2.5495980510811487,2.5491047659244823,2.54806676014534,2.5459669612554263,2.5418933524252703,2.5343292150593664,2.5209053094086307,2.4981583544842962,2.4613678839353392,2.4045533904967553,2.320684625269891,2.202072668949763,2.0407490068691008,1.8283224496412502,1.5538287671674937
1613.0,2.549994281799481,2.54999239345388,2.549985316134345,2.5499672259080564,2.5499239036824988,2.5498232902166023,2.5495964332208345,2.549101532894938,2.548060545826194,2.5459555251819546,2.54187327795779,2.534295708278861,2.5208522741477926,2.4980789383833484,2.461255618036225,2.4044038584543763,2.3204973385611036,2.2018525985368367,2.0405071533384675,1.8280749750995187,1.5535943935832335
1614.0,2.5499942444001067,2.549992345571119,2.549985230482405,2.549967050401807,2.5499235312446302,2.5498225038664404,2.54959481049344,2.549098291498289,2.5480543179253488,2.545944068492815,2.5418531745534767,2.5342621644997214,2.5207991968107377,2.4979994816691953,2.461143322876336,2.404254319966444,2.3203100779862993,2.2016325910375723,2.0402653951893077,1.8278276150351023,1.5533601335867924
1615.0,2.549994206793217,2.5499922974339646,2.5499851444149675,2.549966874129604,2.549923157356431,2.5498217148101587,2.549593182890059,2.549095041723025,2.548048076430128,2.5459325911776634,2.5418330422100786,2.534228583734744,2.520746077430693,2.4979199843952915,2.461030998520164,2.4041047750901416,2.3201228435726886,2.201412646431277,2.04002373234948,1.8275803693403743,1.553125987062552
1616.0,2.5499941689778844,2.5499922490413387,2.5499850579304635,2.549966697088945,2.5499227820138803,2.549820923041552,2.549591550401783,2.5490917835576403,2.548041821327873,2.5459210932261893,2.541812880925384,2.5341949659967598,2.5206929160408924,2.497840446615049,2.4609186450321046,2.4039552238825292,2.3199356353473815,2.2011927646972334,2.0397821647469256,1.827333237907857,1.5528919538950985
1617.0,2.549994130953179,2.549992200392159,2.549984971027321,2.5499665192773224,2.5499224052129517,2.54982012855441,2.549589913019703,2.5490885169906363,2.5480355526059415,2.545909574628113,2.541792690697222,2.534161311298636,2.5206397126745768,2.497760868381838,2.4608062624764604,2.4038056664005443,2.3197484533373856,2.2009729458147005,2.0395406923096684,1.827086220630222,1.5526580339692218
1618.0,2.5499940927181663,2.5499921514853394,2.5499848837039636,2.5499663406922237,2.549922026949612,2.5498193313425177,2.549588270734908,2.5490852420105194,2.5480292702517118,2.545898035373186,2.5417724715234624,2.534127619653274,2.5205864673649936,2.497681249748987,2.4606938509174388,2.4036561027010013,2.319561297569608,2.2007531897629136,2.039299314965814,1.8268393174002902,1.552424227169915
1619.0,2.549994054271911,2.5499921023197913,2.5499847959588107,2.549966161331131,2.549921647219824,2.5498185313996546,2.549586623538485,2.549081958605803,2.5480229742525777,2.545886475451192,2.541752223402015,2.534093891073609,2.520533180145397,2.4976015907697824,2.4605814104191532,2.4035065328405927,2.3193741680708553,2.200533496521083,2.039058032643551,1.8265925281110307,1.5521905333823731
1620.0,2.549994015613473,2.5499920528944227,2.5499847077902786,2.5499659811915225,2.549921266019544,2.5498177287195958,2.54958497142152,2.549078666765005,2.548016664595952,2.5458748948519463,2.5417319463308305,2.534060125572612,2.520479851049047,2.4975218914974686,2.4604689410456233,2.4033569568758884,2.3191870648678337,2.2003138660683965,2.038816845271149,1.826345852655562,1.5519569524919936
1621.0,2.5499939767419106,2.549992003208138,2.5499846191967785,2.5499658002708707,2.5499208833447238,2.549816923296112,2.549583314375097,2.5490753664766514,2.5480103412692663,2.545863293565296,2.5417116403078994,2.5340263231632876,2.5204264801092107,2.497442151985248,2.460356442860774,2.4032073748633374,2.3189999879871492,2.2000942983840175,2.038575752776959,1.8260992909268823,1.5517234841149599
1622.0,2.549993937656278,2.5499919532598385,2.549984530176719,2.5499656185666435,2.549920499191308,2.549816115122968,2.5495816523902994,2.5490720577292723,2.548004004259969,2.5458516715811186,2.541691305331253,2.533992483858675,2.5203730673591607,2.4973623722862803,2.460243915928436,2.403057786859266,2.318812937455308,2.199874793447086,2.03833475508941,1.8258528428165355,1.5514901278713988
1623.0,2.5499938983556274,2.549991903048422,2.5499844407285037,2.549965436076304,2.549920113555237,2.549815304193924,2.549579985458208,2.5490687405114048,2.5479976535555267,2.545840028889325,2.5416709413989613,2.533958607671847,2.520319612832176,2.497282552453684,2.460131360312347,2.40290819291988,2.3186259132987166,2.1996553512367196,2.0380938521370027,1.825606508215984,1.5512568836522413
1624.0,2.5499938588390063,2.549991852572784,2.549984350850532,2.549965252797311,2.549919726432445,2.549814490502736,2.549578313569903,2.5490654148115923,2.5479912891434235,2.5458283654798564,2.5416505485091365,2.5339246946159117,2.520266116561541,2.4972026925405344,2.4600187760761507,2.4027585931012636,2.318438915543682,2.199435971732012,2.0378530438483105,1.8253602870168761,1.551023751348553
1625.0,2.5499938191054605,2.549991801831815,2.5499842605412004,2.5499650687271163,2.549919337818861,2.5498136740431545,2.5495766367164627,2.5490620806183837,2.5479849110111625,2.5458166813426866,2.5416301266599293,2.5338907447040095,2.5202125785805465,2.4971227925998654,2.4599061632833967,2.4026089874593803,2.318251944216413,2.1992166549120333,2.0376123301519775,1.8251141791110457,1.5507907308515345
1626.0,2.549993779154033,2.549991750824404,2.549984169798901,2.549964883863169,2.5499189477104087,2.549812854808925,2.549574954888964,2.5490587379203347,2.5479785191462647,2.5458049764678194,2.541609675849531,2.5338567579493154,2.5201589989224886,2.4970428526846686,2.459793521997541,2.4024593760500728,2.31806499934302,2.1989974007558324,2.0373717109767213,1.8248681843905108,1.5505578220525218
1627.0,2.5499937389837624,2.5499916995494356,2.549984078622021,2.5499646982029116,2.549918556103006,2.549812032793789,2.5495732680784835,2.549055386706007,2.547972113536269,2.5457932508452914,2.5415891960761727,2.533822734365038,2.52010537762067,2.4969628728478925,2.4596808522819478,2.402309758929064,2.3178780809495136,2.1987782092424335,2.0371311862513317,1.8246223027474737,1.5503250248429856
1628.0,2.5499936985936853,2.549991648005791,2.549983987008945,2.5499645117437835,2.5499181629925656,2.549811207991483,2.549571576276094,2.549052026963968,2.5479656941687314,2.5457815044651704,2.541568687338125,2.533788673964419,2.5200517147083974,2.4968828531424445,2.4595681541998857,2.4021601361519567,2.3176911890618075,2.198559080350839,2.0368907559046705,1.82437653407432,1.5500923391145327
1629.0,2.549993657982835,2.549991596192349,2.5499838949580527,2.549964324483218,2.549917768374994,2.549810380395739,2.5495698794728705,2.5490486586827923,2.547959261031228,2.5457697373175554,2.541548149633698,2.5337545767607343,2.5199980102189836,2.496802793621188,2.459455427814532,2.402010507774233,2.3175043237057174,2.198340014060028,2.0366504198656727,1.824130878263618,1.5498597647589052
1630.0,2.5499936171502418,2.5499915441079843,2.54998380246772,2.549964136418644,2.549917372246193,2.5498095500002824,2.5495681776598835,2.54904528185106,2.5479528141113508,2.545757949392577,2.5415275829612427,2.5337204427672937,2.5199442641857464,2.496722694336946,2.4593426731889694,2.401860873851257,2.3173174849069613,2.19812101034896,2.0364101780633455,1.823885335208117,1.5496273016679816
1631.0,2.5499935760949333,2.5499914917515687,2.5499837095363187,2.549963947547485,2.549916974602059,2.5498087167988364,2.549566470828204,2.5490418964573576,2.5479463533967115,2.545746140680397,2.5415069873191483,2.5336862719974382,2.5198904766420087,2.4966425553424973,2.459229890386189,2.4017112344382716,2.3171306726911607,2.1979020691965676,2.0361700304267685,1.8236399048007481,1.5493949497337767
1632.0,2.5499935348159326,2.5499914391219702,2.5499836161622174,2.5499637578671597,2.5499165754384823,2.5498078807851177,2.549564758968901,2.5490385024902786,2.5479398788749394,2.5457343111712087,2.541486362705844,2.5336520644645435,2.5198366476210987,2.4965623766905787,2.459117079469088,2.401561589590403,2.316943887083839,2.197683190581765,2.0359299768850945,1.8233945869346224,1.5491627088484414
1633.0,2.5499934933122614,2.549991386218054,2.5499835223437795,2.549963567375082,2.5499161747513472,2.5498070419528394,2.549563042073043,2.549035099938422,2.5479333905336823,2.545722460855237,2.5414657091197985,2.533617820182017,2.5197827771563492,2.4964821584338854,2.459004240500472,2.401411939362656,2.3167571281104244,2.1974643744834426,2.035690017367548,1.8231493815030306,1.5489305789042631
1634.0,2.5499934515829374,2.549991333038682,2.549983428079365,2.5499633760686615,2.5499157725365342,2.5498062002957096,2.549561320131697,2.5490316887903934,2.5479268883606054,2.545710589722738,2.54144502655952,2.5335835391633004,2.5197288652810985,2.4964019006250693,2.458891373543053,2.4012622838099182,2.3165703957962474,2.1972456208804694,2.0354501518034276,1.8229042883994426,1.5486985597936662
1635.0,2.549993409626975,2.549991279582712,2.54998333336733,2.549963183945302,2.549915368789917,2.549805355807431,2.5495595931359283,2.549028269034806,2.5479203723433925,2.5456986977639993,2.541424315023556,2.5335492214218673,2.5196749120286888,2.4963216033167392,2.4587784786594504,2.4011126229869593,2.316383690166543,2.197026929751692,2.0352103801221038,1.8226593075175062,1.5484666514092118
1636.0,2.5499933674433866,2.5499912258489994,2.549983238206026,2.549962991002403,2.549914963507365,2.549804508481703,2.5495578610768015,2.5490248406602776,2.547913842469746,2.5456867849693396,2.541403574510492,2.533514866971224,2.519620917432466,2.4962412665614626,2.4586655559121917,2.40096295694843,2.316197011246451,2.1968083010759356,2.0349707022530192,1.8224144387510468,1.5482348536435986
1637.0,2.5499933250311804,2.549991171836396,2.5499831425938013,2.5499627972373586,2.54991455668474,2.549803658312219,2.5495561239453806,2.5490214036554337,2.547907298727385,2.545674851329109,2.541382805018954,2.533480475824909,2.519566881525783,2.496160890411763,2.458552605363712,2.4008132857488635,2.3160103590610146,2.196589734832004,2.0347311181256913,1.822169681994067,1.5480031663896618
1638.0,2.549993282389362,2.54999111754375,2.5499830465289994,2.549962602647559,2.549914148317901,2.549802805292668,2.5495543817327277,2.5490179580089056,2.547900741104049,2.545662896833689,2.5413620065476077,2.533446047996494,2.5195128043419937,2.4960804749201224,2.4584396270763547,2.400663609442676,2.315823733635183,2.1963712309986794,2.0344916276697087,1.8219250371407452,1.5477715895403745
1639.0,2.549993239516934,2.5499910629699065,2.549982950009961,2.549962407230388,2.5499137384027004,2.549801949416735,2.549552634429904,2.549014503709332,2.547894169587494,2.5456509214734924,2.541341179095156,2.5334115834995825,2.519458685914459,2.4960000201389794,2.45832662111237,2.4005139280841656,2.3156371349938087,2.1961527895547226,2.034252230814734,1.8216805040854356,1.5475401229888472
1640.0,2.5499931964128955,2.5499910081137065,2.549982853035021,2.5499622109832254,2.5499133269349854,2.5498010906781,2.54955088202797,2.5490110407453574,2.5478875841654958,2.545638925238963,2.541320322660342,2.53337708234781,2.519404526276543,2.4959195261207303,2.458213587533917,2.4003642417275133,2.3154505631616518,2.195934410478873,2.0340129274905014,1.8214360827226674,1.547308766628328
1641.0,2.5499931530762425,2.549990952973989,2.549982755602511,2.5499620139034467,2.5499129139105974,2.549800229070439,2.5495491245179855,2.5490075691056333,2.547880984825847,2.5456269081205765,2.541299437241946,2.5333425445548445,2.519350325461613,2.495838992917728,2.4581005264030624,2.4002145504267838,2.3152640181633766,2.1957160937498497,2.03377371762682,1.821191772947144,1.5470775203522031
1642.0,2.5499931095059685,2.549990897549588,2.54998265771076,2.5499618159884214,2.5499124993253726,2.5497993645874226,2.549547361891008,2.5490040887788177,2.5478743715563583,2.545614870108838,2.5412785228387897,2.533307970134385,2.5192960835030416,2.4957584205822836,2.4579874377817816,2.400064854235925,2.3150775000235537,2.19549783934635,2.033534601153569,1.8209475746537425,1.5468463840539963
1643.0,2.5499930657010634,2.549990841839336,2.549982559358091,2.5499616172355144,2.5499120831751423,2.549798497222718,2.549545594138095,2.5490005997535747,2.5478677443448605,2.5456028111942857,2.541257579449731,2.5332733591001633,2.519241800434204,2.4956778091666645,2.4578743217319587,2.3999151532087684,2.314891008766659,2.19527964724705,2.0332955780007036,1.8207034877375126,1.5466153576273696
1644.0,2.549993021660514,2.549990785842061,2.5499824605428234,2.549961417642086,2.5499116654557312,2.5497976269699865,2.549543821250303,2.548997102018576,2.5478611031792013,2.5455907313674886,2.541236607073668,2.5332387114659425,2.5191874762884794,2.4955971587230956,2.457761178315385,2.3997654473990297,2.3147045444170766,2.1950615174306063,2.033056648098251,1.8204595120936764,1.546384440966123
1645.0,2.549992977383304,2.5499907295565873,2.549982361263273,2.5499612172054915,2.54991124616296,2.5497967538228856,2.5495420432186884,2.5489935955624996,2.547854448047247,2.545578630619046,2.5412156057095365,2.533204027245517,2.5191331110992508,2.4955164693037584,2.457648007593762,2.399615736860308,2.3145181069990954,2.1948434498756537,2.0328178113763102,1.8202156476176286,1.5461536339641948
1646.0,2.5499929328684137,2.5499906729817363,2.549982261517752,2.5499610159230808,2.5499108252926432,2.549795877775068,2.5495402600343047,2.54899008037403,2.5478477789368825,2.5455665089395896,2.541194575356312,2.5331693064527134,2.519078704899904,2.495435740960793,2.457534809628698,2.3994660216460884,2.3143316965369127,2.1946254445608075,2.0325790677650546,1.8199718942049339,1.5459229365156617
1647.0,2.5499928881148204,2.549990616116326,2.5499821613045675,2.5499608137922,2.54991040284059,2.5497949988201825,2.549538471688206,2.5489865564418586,2.547841095836011,2.545554366319781,2.5411735160130067,2.5331345491013892,2.5190242577238293,2.4953549737462946,2.457421584481713,2.3993163018097383,2.3141453130546323,2.1944075014646622,2.032340417194731,1.8197282517513282,1.545692348514739
1648.0,2.5499928431214984,2.5499905589591716,2.5499820606220225,2.549960610810189,2.5499099788026043,2.5497941169518725,2.5495366781714446,2.5489830237546833,2.5478343987325536,2.5455422027503127,2.5411524276786728,2.533099755205433,2.5189697696044187,2.4952741677123167,2.457308332214233,2.399166577404512,2.3139589565762657,2.1941896205657923,2.032101859595657,1.819484720152717,1.54546186985578
1649.0,2.5499927978874193,2.5499905015090842,2.5499819594684174,2.549960406974384,2.5499095531744853,2.549793232163778,2.549534879475073,2.5489794823012097,2.5478276876144497,2.54553001822191,2.5411313103523994,2.533064924778764,2.518915240575069,2.495193322910869,2.4571950528875943,2.3990168484835475,2.313772627125733,2.1939718018427516,2.031863394898225,1.8192412993051748,1.5452315004332773
1650.0,2.5499927524115504,2.5499904437648713,2.549981857842047,2.5499602022821155,2.5499091259520257,2.549792344449534,2.549533075590143,2.5489759320701495,2.5478209624696584,2.5455178127253277,2.541110164033315,2.5330300578353344,2.5188606706691785,2.4951124393939197,2.4570817465630426,2.3988671150998697,2.3135863247268604,2.1937540452740745,2.031625023032901,1.8189979891049457,1.5450012401418616
1651.0,2.5499927066928567,2.549990385725337,2.549981755741203,2.54995999673071,2.549908697131013,2.549791453802771,2.5495312665077043,2.5489723730502214,2.5478142232861556,2.545505586251352,2.5410889887205856,2.532995154389125,2.5188060599201494,2.495031517213392,2.4569684133017327,2.3987173773063875,2.313400049403384,2.193536350838275,2.0313867439302227,1.818754789448441,1.5447710888763029
1652.0,2.5499926607303,2.549990327389283,2.5499816531641724,2.5499597903174878,2.549908266707231,2.549790560217115,2.549529452218808,2.548968805230151,2.5478074700519366,2.5454933387908,2.541067784413415,2.5329602144541497,2.518751408361386,2.4949505564211676,2.4568550531647286,2.3985676351558967,2.3132138011789487,2.193318718513848,2.031148557520801,1.8185117002322402,1.5445410465315095
1653.0,2.549992614522838,2.549990268755507,2.5499815501092384,2.5499595830397657,2.549907834676456,2.5497896636861883,2.5495276327145016,2.5489652285986706,2.5478007027550147,2.5454810703345196,2.541046551111046,2.5329252380444505,2.5186967160262954,2.494869557069084,2.4567416662130035,2.3984178887010787,2.3130275800771076,2.193101148279269,2.030910463735321,1.818268721353089,1.5443111130025284
1654.0,2.549992568069426,2.5499902098228024,2.54998144657468,2.5499593748948546,2.5499074010344605,2.5497887642036083,2.5495258079858343,2.5489616431445192,2.5477939213834215,2.545468780873391,2.5410252888127576,2.5328902251741017,2.5186419829482882,2.4947885192089365,2.456628252507441,2.398268137994502,2.312841386121323,2.1928836401129925,2.0306724625045387,1.8180258527079005,1.5440812881845465
1655.0,2.5499925213690173,2.5499901505899603,2.549981342558773,2.5499591658800607,2.549906965777011,2.549787861762988,2.5495239780238537,2.548958048856444,2.5477871259252076,2.5454564703983236,2.541003997517868,2.5328551758572075,2.5185872091607764,2.494707442892476,2.4565148121088334,2.3981183830886197,2.312655219334966,2.1926661939934555,2.0304345537592856,1.8177830941937527,1.5438515719728887
1656.0,2.5499924744205598,2.549990091055768,2.549981238059788,2.5499589559926856,2.5499065288998684,2.549786956357936,2.5495221428196064,2.5489544457231976,2.5477803163684416,2.5454441389002582,2.540982677225734,2.5328200901079025,2.518532394697175,2.494626328171412,2.456401345077884,2.397968624035774,2.312469079741319,2.1924488098990746,2.030196737430464,1.8175404457078894,1.5436219642630191
1657.0,2.5499924272229992,2.54999003121901,2.549981133075992,2.5499587452300263,2.54990609039879,2.5497860479820567,2.5495203023641393,2.548950833733541,2.547773492701211,2.545431786370167,2.5409613279357477,2.5327849679403522,2.5184775395909003,2.494545175097409,2.456287851475205,2.3978188608881927,2.3122829673635725,2.1922314878082476,2.0299590134490506,1.8172979071477189,1.5433924649505415
1658.0,2.549992379775278,2.5499899710784657,2.5499810276056474,2.549958533589374,2.549905650269525,2.549785136628951,2.549518456648498,2.5489472128762416,2.547766654911621,2.5454194127990526,2.5409399496473406,2.532749809368751,2.5184226438753723,2.494463983722089,2.4561743313613196,2.3976690936979925,2.3120968822248287,2.1920142276993535,2.0297213817460946,1.8170554784108133,1.5431630739311977
1659.0,2.5499923320763354,2.5499899106329136,2.549980921647014,2.5499583210680163,2.54990520850782,2.5497842222922134,2.549516605663728,2.5489435831400735,2.5477598029877964,2.5454070181779485,2.540918542359981,2.532714614407324,2.5183677075840114,2.494382754097032,2.45606078479666,2.3975193225171756,2.311910824348099,2.1917970295507523,2.029483842252718,1.816813159394909,1.5429337911008691
1660.0,2.5499922841251075,2.5499898498811264,2.549980815198346,2.5499581076632345,2.549904765109415,2.5497833049654366,2.5495147494008736,2.5489399445138186,2.54775293691788,2.545394602497919,2.5408971060731753,2.532679383070326,2.5183127307502415,2.4943014862737716,2.4559472118415693,2.397369547397633,2.311724793756306,2.1915798933407853,2.029246394900117,1.816570949997905,1.5427046163555767
1661.0,2.5499922359205276,2.5499897888218745,2.5499807082578934,2.549957893372306,2.549904320070045,2.5497823846422074,2.54951288785098,2.548936296986265,2.5477460566900327,2.5453821657500595,2.540875640786467,2.5326441153720416,2.518257713407488,2.4942201803038015,2.455833612556302,2.397219768391143,2.3115387904722837,2.1913628190477747,2.029009039619559,1.816328850117863,1.54247554959148
1662.0,2.549992187461525,2.5499897274539243,2.5499806008239037,2.5499576781925026,2.549903873385439,2.549781461316109,2.5495110210050895,2.5489326405462087,2.5477391622924346,2.5453697079254956,2.540854146499437,2.5326088113267855,2.5182026555891763,2.4941388362385704,2.4557199870010207,2.3970699855493733,2.3113528145187767,2.191145806650025,2.0287717763423845,1.816086859653006,1.5422465907048777
1663.0,2.5499921387470263,2.5499896657760392,2.5499804928946186,2.549957462121092,2.549903425051322,2.5497805349807203,2.549509148854246,2.548928975182453,2.5477322537132836,2.545357229015384,2.540832623211703,2.5325734709489014,2.5181475573287364,2.4940574541294835,2.4556063352358004,2.3969201989238793,2.3111668659184414,2.190928856125822,2.0285346050000084,1.8158449785017197,1.542017739592208
1664.0,2.5499920897759547,2.5499896037869796,2.5499803844682774,2.549957245155337,2.5499029750634135,2.5497796056296154,2.549507271389492,2.548925300883808,2.5477253309407972,2.5453447290109126,2.5408110709229206,2.532538094252763,2.518092418659598,2.493976034027903,2.4554926573206273,2.396770408566105,2.310980944693845,2.1907119674534337,2.0282975255239166,1.8156032065625496,1.5417889961500477
1665.0,2.54999204054723,2.5499895414855014,2.5499802755431134,2.5499570272924945,2.549902523417427,2.549778673256365,2.54950538860187,2.5489216176390914,2.54771839396321,2.5453322079032987,2.5407894896327825,2.532502681252773,2.5180372396151918,2.493894575985148,2.455378953315397,2.3966206145273836,2.3107950508674686,2.1904951406111084,2.0280605378456693,1.8153615437342023,1.5415603602751136
1666.0,2.5499919910597693,2.549989478870357,2.5499801661173573,2.549956808529818,2.5499020701090713,2.5497777378545354,2.549503500482422,2.548917925437127,2.547711442768777,2.5453196656837918,2.5407678793410176,2.5324672319633623,2.517982020228951,2.4938130800524942,2.455265223279916,2.3964708168589377,2.310609184461704,2.1902783755770785,2.0278236418968985,1.8151199899155437,1.541331831864261
1667.0,2.549991941312485,2.549989415940297,2.549980056189235,2.549956588864555,2.5499016151340497,2.5497767994176885,2.5495016070221888,2.548914224266747,2.54770447734577,2.5453071023436706,2.5407462400473926,2.532431746398993,2.51792676053431,2.4937315462811727,2.4551514672739034,2.396321015611879,2.310423345498856,2.190061672329557,2.0275868376093094,1.8148785450055998,1.5411034108144845
1668.0,2.5499918913042885,2.5499893526940665,2.5499799457569687,2.5499563682939477,2.5499011584880606,2.549775857939382,2.5494997082122124,2.5489105141167907,2.5476974976824813,2.545294517874246,2.5407245717517113,2.5323962245741556,2.5178714605647032,2.493649974722373,2.455037685356988,2.396171210837208,2.3102375340011414,2.1898450308467394,2.0273501249146797,1.8146372089035547,1.540875097022918
1669.0,2.5499918410340863,2.5499892891304077,2.5499798348187763,2.5499561468152354,2.5499007001667975,2.54977491341317,2.549497804043533,2.5489067949761046,2.54769050376722,2.545281912266858,2.540702874453814,2.532360666503368,2.5178161203535674,2.4935683654272394,2.4549238775887106,2.3960214025858164,2.310051749990692,2.1896284511068047,2.02711350374486,1.8143959815087514,1.540646890386834
1670.0,2.5499917905007825,2.5499892252480603,2.5499797233728714,2.549955924425651,2.5499002401659476,2.5497739658326024,2.549495894507192,2.548903066833543,2.547683495588315,2.5452692855128785,2.540681148153577,2.532325072201179,2.5177607399343396,2.493486718446874,2.4548100440285228,2.3958715909084853,2.3098659934895505,2.189411933087913,2.026876974031774,1.8141548627206905,1.5404187908036446
1671.0,2.5499917397032776,2.5499891610457595,2.5499796114174633,2.5499557011224225,2.549899778481194,2.5497730151912243,2.5494939795942284,2.548899329677966,2.547676473134113,2.5452566376037087,2.5406593928509147,2.5322894416821646,2.517705319340458,2.4934050338323344,2.454696184735788,2.395721775855886,2.3096802645196743,2.189195476768208,2.0266405357074175,1.8139138524390301,1.5401907981709009
1672.0,2.5499916886404685,2.5499890965222374,2.5499794989507585,2.549955476902774,2.549899315108214,2.549772061482577,2.549492059295683,2.5488955834982425,2.54766943639298,2.545243968530781,2.540637608545777,2.5322537749609304,2.5176498586053615,2.4933233116346347,2.454582299769782,2.395571957478581,2.3094945631029344,2.1889790821258144,2.026404188703859,1.8136729505635854,1.5399629123862928
1673.0,2.549991637311249,2.5499890316762226,2.549979385970958,2.5499552517639237,2.5498988500426805,2.549771104700198,2.5494901336025952,2.548891828283249,2.5476623853533007,2.5452312782855584,2.5406157952381516,2.5322180720521095,2.517594357762489,2.4932415519047466,2.454468389189692,2.3954221358270233,2.309308889261116,2.188762749138842,2.02616793295324,1.8134321569943275,1.5397351333476497
1674.0,2.54999158571451,2.5499889665064397,2.5499792724762584,2.549955025703086,2.54989838328026,2.549770144837621,2.549488202506005,2.5488880640218685,2.5476553200034777,2.545218566859534,2.5405939529280617,2.532182332970364,2.517538816845281,2.4931597546935973,2.4543544530546155,2.3952723109515563,2.3091232430159185,2.1885464777853834,2.025931768387774,1.813191471631384,1.5395074609529393
1675.0,2.5499915338491395,2.549988901011611,2.5499791584648537,2.5499547987174696,2.549897914816615,2.5497691818883754,2.5494862659969515,2.5488842907029925,2.547648240331933,2.545205834244232,2.540572081615567,2.532146557730384,2.5174832358871773,2.4930779200520705,2.4542404914235636,2.395122482902416,2.3089376243889554,2.1883302680435124,2.025695694939746,1.8129508943750374,1.5392798951002689
1676.0,2.5499914817140206,2.5499888351904536,2.5499790439349326,2.549954570804278,2.5498974446474016,2.549768215845986,2.5494843240664733,2.548880508315519,2.5476411463271074,2.5451930804312064,2.540550181300763,2.532110746346888,2.5174276149216195,2.492996048031006,2.454126504355459,2.3949726517297285,2.308752033401755,2.1881141198912872,2.0254597125415157,1.8127104251257253,1.5390524356878836
1677.0,2.5499914293080352,2.5499887690416827,2.5499789288846806,2.549954341960711,2.549896972768272,2.5497672467039734,2.54948237670561,2.548876716848354,2.54763403797746,2.545180305412042,2.540528251983783,2.5320748988346224,2.5173719539820483,2.4929141386812006,2.454012491909136,2.3948228174835116,2.308566470075761,2.187898033306749,2.025223821125514,1.81247006378404,1.538825082614169
1678.0,2.5499913766300604,2.549988702564009,2.5499788133122783,2.5499541121839626,2.549896499174873,2.549766274455856,2.5494804239054005,2.548872916290411,2.547626915271468,2.5451675091783543,2.5405062936647953,2.532039015208362,2.5173162531019044,2.492832192053407,2.4538984541433426,2.3946729802136764,2.3083809344323316,2.187682008267924,2.024988020624244,1.8122298102507277,1.538597835777648
1679.0,2.5499913236789706,2.54998863575614,2.549978697215902,2.5499538814712226,2.5498960238628454,2.5497652990951463,2.549478465656883,2.5488691066306104,2.5476197781976286,2.5451546917217875,2.5404843063440055,2.5320030954829083,2.5172605123146297,2.4927502081983346,2.453784391116738,2.394523139970025,2.3081954264927416,2.1874660447528194,2.024752310970282,1.811989664426688,1.538370695076983
1680.0,2.5499912704536363,2.54998856861678,2.549978580593725,2.5499536498196753,2.549895546827826,2.5497643206153544,2.5494765019510965,2.5488652878578817,2.5476126267444568,2.5451418530340186,2.540462290021654,2.531967139673091,2.517204731653665,2.492668187166649,2.4536703028878932,2.394373296802252,2.3080099462781805,2.187250142739428,2.0245166920962747,1.811749626212974,1.5381436604109748
1681.0,2.5499912169529257,2.549988501144629,2.5499784634439155,2.5499534172265013,2.5498950680654455,2.549763339009985,2.54947453277908,2.5488614599611603,2.5476054609004866,2.545128993106753,2.5404402446980177,2.531931147793769,2.517148911152452,2.4925861290089713,2.4535561895152935,2.3942234507599442,2.3078244938097545,2.187034302205726,2.024281163934943,1.811509695511193,1.5379167320826885
1682.0,2.5499911631757035,2.5499884333383838,2.5499783457646377,2.5499531836888747,2.54989458757133,2.5497623542725396,2.549472558131872,2.5488576229293907,2.547598280654271,2.5451161119317267,2.5404181703734094,2.531895119859826,2.517093050844431,2.49250403377588,2.453442051057337,2.394073601892583,2.3076390691084856,2.1868185231296726,2.0240457264190868,1.8112698722254945,1.537689910389739
1683.0,2.54999110912083,2.549988365196738,2.5499782275540515,2.549952949203966,2.549894105341101,2.549761366396516,2.549470578000511,2.5488537767515242,2.547591085994382,2.5451032095007076,2.5403960670481776,2.5318590558861755,2.5170371507630427,2.49242190151791,2.4533278875723328,2.3939237502495407,2.307453672195312,2.1866028054892124,2.0238103794815907,1.8110301562605244,1.5374631952239752
1684.0,2.549991054787163,2.5499882967183813,2.5499781088103135,2.54995271376894,2.549893621370374,2.5497603753754077,2.5494685923760354,2.5488499214165197,2.5475838769094095,2.5450902858054913,2.540373934722707,2.5318229558877565,2.516981210941727,2.4923397322855507,2.4532136991185043,2.3937738958800843,2.3072683030910897,2.1863871492622735,2.0235751230554255,1.8107905475210242,1.5372365864774804
1685.0,2.549991000173558,2.5499882279020003,2.549977989531575,2.5499524773809576,2.5498931356547594,2.5497593812027044,2.549466601249484,2.5488460569133444,2.5475766533879627,2.545077340837906,2.5403517733974175,2.5317868198795366,2.516925231413924,2.49225752612925,2.453099485753988,2.393624038833374,2.3070829618165902,2.1861715544267692,2.0233399570736466,1.8105510459118301,1.5370100840425698
1686.0,2.5499909452788647,2.5499881587462774,2.5499778697159843,2.5499522400371744,2.5498926481898634,2.5497583838718922,2.549464604611896,2.5488421832309727,2.5475694154186694,2.545064374589808,2.540329583072765,2.5317506478765095,2.5168692122130727,2.49217528309941,2.452985247536833,2.3934741791584626,2.306897648392503,2.185956020960597,2.023104881469395,1.810311651337875,1.5367836878117902
1687.0,2.549990890101932,2.5499880892498923,2.549977749361685,2.549952001734741,2.5498921589712866,2.549757383376453,2.54946260245431,2.548838300358387,2.547562162990176,2.5450513870530855,2.5403073637492413,2.5317144398936966,2.516813153372611,2.4920930032463904,2.452870984525002,2.3933243169042986,2.306712362839435,2.1857405488416384,2.0228698961758944,1.8100723637041873,1.5365573976779183
1688.0,2.5499908346416036,2.5499880194115203,2.5499776284668165,2.549951762470803,2.549891667994625,2.549756379709865,2.5494605947677647,2.548834408284577,2.5475548960911483,2.5450383782196555,2.540285115427373,2.5316781959461454,2.516757054925977,2.4920106866205063,2.4527566967763703,2.3931744521197236,2.306527105177911,2.185525138047762,2.022635001126454,1.8098331829158933,1.5363312135339584
1689.0,2.549990778896721,2.5499879492298336,2.549977507029514,2.5499515222425018,2.5498911752554685,2.549755372865602,2.5494585815432993,2.5488305069985415,2.5475476147102705,2.545025348081466,2.5402628381077217,2.5316419160489314,2.516700916906607,2.4919283332720292,2.4526423843487284,2.393024584853474,2.306341875428372,2.1853097885568196,2.0224001962544644,1.8095941088782164,1.5361051352731419
1690.0,2.5499907228661223,2.5499878787035004,2.549977385047909,2.5499512810469738,2.5498906807494026,2.549754362837136,2.549456562771953,2.548826596489286,2.547540318836246,2.5450122966304956,2.540240531790886,2.5316056002171554,2.516644739347937,2.491845943251187,2.4525280472997792,2.3928747151541807,2.30615667361118,2.185094500346649,2.022165481493402,1.8093551414964772,1.5358791627889257
1691.0,2.5499906665486414,2.549987807831186,2.549977262520128,2.54995103888135,2.549890184472008,2.5497533496179328,2.549454538444766,2.5488226767458233,2.547533008457796,2.544999223858751,2.540218196477498,2.5315692484659458,2.516588522283402,2.491763516608164,2.452413685687139,2.3927248430703694,2.3059714997466125,2.1848792733950737,2.021930856776823,1.8091162806760954,1.5356532959749911
1692.0,2.5499906099431096,2.549987736611552,2.5499771394442945,2.549950795742757,2.54988968641886,2.5497523332014556,2.549452508552777,2.5488187477571755,2.5475256835636615,2.544986129758271,2.540195832168227,2.531532860810457,2.516532265746435,2.4916810533930995,2.4522992995683395,2.3925749686504605,2.3057863538548675,2.1846641076799025,2.021696322038368,1.8088775263225885,1.5354275347252422
1693.0,2.5499905530483544,2.549987665043256,2.549977015818527,2.5499505516283163,2.5498891865855287,2.549751313581164,2.5494504730870258,2.548814809512372,2.547518344142602,2.544973014321123,2.540173438863776,2.5314964372658695,2.516475969770468,2.4915985536560896,2.452184889000824,2.392425091942771,2.305601235956061,2.1844490031789308,2.0214618772117587,1.8086388783415732,1.5352018789338044
1694.0,2.5499904958632005,2.5499875931249516,2.54997689164094,2.549950306535145,2.5498886849675797,2.5497502907505134,2.5494484320385533,2.54881086200045,2.547510990183397,2.5449598775394056,2.5401510165648826,2.5314599778473905,2.5164196343889325,2.4915160174471866,2.452070454041952,2.3922752129955116,2.305416146070229,2.184233959869939,2.021227522230798,1.8084003366387658,1.5349763284950237
1695.0,2.5499904383864687,2.5499875208552907,2.5499767669096443,2.5499500604603553,2.5498881815605734,2.5497492647029554,2.5494463853983995,2.5488069052104545,2.5475036216748426,2.544946719405246,2.5401285652723207,2.5314234825702537,2.5163632596352574,2.4914334448163986,2.451955994748997,2.3921253318567897,2.3052310842173256,2.1840189777306938,2.02099325702937,1.8081619011199823,1.534750883303465
1696.0,2.549990380616977,2.5499874482329195,2.5499766416227456,2.5499498134010543,2.5498876763600653,2.549748235431938,2.5494443331576053,2.548802939131439,2.5474962386057554,2.544933539910803,2.540106084986898,2.531386951449718,2.516306845542871,2.4913508358136895,2.451841511179145,2.391975448574608,2.305046050417225,2.183804056738949,2.0207590815414407,1.8079235716911386,1.534525543253911
1697.0,2.5499903225535387,2.549987375256482,2.549976515778346,2.549949565354344,2.549887169361605,2.5497472029309063,2.5494422753072117,2.5487989637524646,2.54748884096497,2.5449203390482635,2.5400835757094584,2.5313503845010694,2.5162503921451997,2.491268190488981,2.451727003389498,2.3918255631968672,2.3048610446897215,2.1835891968724437,2.020524995701056,1.8076853482582511,1.5343003082413604
1698.0,2.5499902641949657,2.549987301924618,2.5499763893745437,2.5499493163173224,2.549886660560739,2.5497461671933004,2.5494402118382595,2.5487949790626003,2.547481428741341,2.5449071168098456,2.54006103744088,2.531313781739618,2.516193899475668,2.491185508892148,2.451612471437072,2.391675675771362,2.304676067054529,2.183374398108904,2.0202909994423415,1.8074472307274374,1.5340751781610273
1699.0,2.549990205540065,2.5499872282359637,2.5499762624094324,2.549949066287082,2.5498861499530068,2.549745128212558,2.549438142741791,2.548790985050923,2.547474001923741,2.544893873187797,2.540038470182075,2.5312771431807013,2.5161373675676986,2.4911027910730237,2.4514979153787975,2.391525786345785,2.304491117531282,2.183159660426043,2.020057092699503,1.8072092190049156,1.5338501529083401
1700.0,2.549990146587642,2.549987154189152,2.549976134881102,2.5499488152607106,2.549885637533944,2.5497440859821126,2.5494360680088484,2.548786981706518,2.547466560501062,2.5448806081743944,2.540015873933991,2.531240468839682,2.516080796454713,2.4910200370813964,2.4513833352715197,2.3913758949677257,2.304306196139535,2.1829449838015607,2.019823275406827,1.8069713129970058,1.5336252323789397
1701.0,2.5499900873364956,2.5499870797828117,2.549976006787637,2.5499485632352914,2.5498851232990813,2.5497430404953936,2.5494339876304735,2.548782969018479,2.5474591044622144,2.544867321761946,2.5399932486976096,2.531203758731948,2.51602418617013,2.4909372469670106,2.451268731171999,2.39122600168467,2.304121302898763,2.182730368213144,2.0195895474986765,1.8067335126101296,1.5334004164686785
1702.0,2.549990027785424,2.5499870050155686,2.54997587812712,2.549948310207903,2.549884607243944,2.5497419917458273,2.5494319015977096,2.548778946975907,2.5474516337961273,2.5448540139427878,2.5399705944739477,2.5311670128729125,2.515967536747366,2.4908544207795664,2.451154103136911,2.391076106544001,2.303936437828363,2.182515813638466,2.0193559089094957,1.806495817750811,1.5331757050736197
1703.0,2.549989967933221,2.5499869298860447,2.5499757488976265,2.5499480561756185,2.5498840893640535,2.5497409397268362,2.5494298099016004,2.548774915567912,2.5474441484917496,2.544840684709287,2.5399479112640564,2.5311302312780146,2.5159108482198365,2.4907715585687202,2.451039451222845,2.390926209593,2.3037516009476526,2.182301320055189,2.0191223595738066,1.8062582283256765,1.5329510980900358
1704.0,2.5499899077786776,2.549986854392858,2.5499756190972303,2.549947801135507,2.5498835696549245,2.54973988443184,2.54942771253319,2.5487708747836115,2.547436648538049,2.54482733405384,2.53992519906902,2.531093413962719,2.515854120620954,2.490688660384085,2.450924775486307,2.390776310878845,2.303566792275871,2.1820868874409607,2.018888899426209,1.8060207442414549,1.532726595414407
1705.0,2.549989847320581,2.549986778534623,2.549975488724,2.5499475450846316,2.549883048112068,2.5497388258542535,2.549425609483522,2.548766824612131,2.5474291339240107,2.544813961968873,2.539902457889959,2.5310565609425146,2.515797353984129,2.490605726275229,2.450810075983717,2.390626410448613,2.303382011832179,2.181872515773418,2.0186555284013816,1.805783365404978,1.5325021969434207
1706.0,2.549989786557714,2.5499867023099516,2.549975357776,2.5499472880200518,2.5498825247309895,2.549737763987489,2.549423500743642,2.548762765042605,2.547421604638641,2.544800568446842,2.5398796877280265,2.5310196722329157,2.5157405483427695,2.4905227562916754,2.4506953527714113,2.3904765083492783,2.3031972596356587,2.181658205030185,2.0184222464340804,1.805546091723181,1.5322779025739703
1707.0,2.549989725488858,2.5499866257174504,2.5499752262512905,2.5499470299388216,2.5498819995071904,2.5497366988249555,2.549421386304595,2.5487586960641746,2.547414060670963,2.5447871534802324,2.5398568885844113,2.5309827478494613,2.51568370373028,2.490439750482906,2.450580605905641,2.3903266046277136,2.303012535705315,2.181443955188873,2.0181890534591376,1.8053089231031025,1.5320537122031535
1708.0,2.5499896641127893,2.5499865487557236,2.549975094147928,2.5499467708379906,2.5498814724361663,2.549735630360057,2.5494192661574275,2.548754617665991,2.547406502010021,2.5447737170615596,2.5398340604603344,2.530945787807716,2.515626820180064,2.490356708898356,2.4504658354425746,2.3901766993306905,2.302827840060075,2.1812297662270823,2.0179559494114643,1.8050718594518853,1.5318296257282722
1709.0,2.5499896024282815,2.5499864714233715,2.5499749614639646,2.5499465107146033,2.5498809435134087,2.5497345585861955,2.549417140293186,2.548750529837213,2.547398928644877,2.5447602591833682,2.539811203357053,2.530908792123268,2.515569897725521,2.4902736315874177,2.4503510414382936,2.3900267925048793,2.3026431727187884,2.1810156381224,2.0177229342260468,1.8048349006767759,1.5316056430468303
1710.0,2.549989540434105,2.5499863937189904,2.5499748281974477,2.5499462495656995,2.5498804127344035,2.5497334834967686,2.5494150087029177,2.5487464325670075,2.547391340564611,2.544746779838232,2.539788317275856,2.5308717608117313,2.5155129364000497,2.4901905185994395,2.450236223948797,2.3898768841968487,2.3024585337002272,2.1808015708524024,2.017490007837949,1.804598046685125,1.531381764056534
1711.0,2.549989478129026,2.5499863156411733,2.549974694346421,2.5499459873883144,2.5498798800946316,2.5497324050851713,2.5494128713776707,2.54874232584455,2.5473837377583237,2.5447332790187556,2.539765402218068,2.530834693888744,2.5154559362370437,2.4901073699837246,2.4501213830299995,2.3897269744530676,2.302273923023087,2.1805875643946546,2.0172571701823103,1.8043612973843879,1.5311579886552888
1712.0,2.549989415511808,2.5499862371885094,2.549974559908924,2.549945724179478,2.5498793455895705,2.549731323344794,2.549410728308493,2.548738209659023,2.5473761202151346,2.544719756717572,2.5397424581850467,2.5307975913699683,2.515398897269894,2.490024185789533,2.4500065187377316,2.3895770633199027,2.3020893407059857,2.1803736187267084,2.0170244211943467,1.8041246526821246,1.530934316741201
1713.0,2.549989352581211,2.549986158359584,2.5499744248829916,2.549945459936216,2.549878809214691,2.549730238269025,2.5494085794864345,2.5487340839996193,2.547368487924181,2.5447062129273443,2.5397194851781837,2.5307604532710912,2.515341819531991,2.489940966066081,2.4498916311277394,2.389427150843622,2.3019047867674662,2.1801597338261063,2.0167917608093493,1.8038881124860005,1.530710748212574
1714.0,2.549989289335991,2.5499860791529803,2.5499742892666553,2.5499451946555483,2.5498782709654604,2.5497291498512475,2.549406424902545,2.548729948855539,2.5473608408746204,2.544692647640765,2.5396964831989037,2.530723279607824,2.5152847030567194,2.48985771086254,2.4497767202556866,2.389277237070392,2.301720261225994,2.1799459096703777,2.016559188962684,1.8036516767037853,1.5304872829679088
1715.0,2.5499892257749006,2.549985999567275,2.549974153057941,2.5499449283344915,2.54987773083734,2.5497280580848436,2.549404264547875,2.5487258042159904,2.547353179055628,2.544679060850555,2.5396734522486657,2.5306860703959013,2.5152275478774615,2.489774420228037,2.449661786177153,2.3891273220462796,2.3015357640999596,2.1797321462370425,2.016326705589794,1.8034153452433552,1.5302639209059032
1716.0,2.5499891618966894,2.5499859196010437,2.5499740162548727,2.549944660970056,2.549877188825787,2.54972696296319,2.5494020984134758,2.548721650070191,2.547345502456399,2.544665452549467,2.539650392328962,2.5306488256510833,2.5151703540275965,2.4896910942116555,2.449546828947634,2.388977405817253,2.3013512954076756,2.179518443503608,2.0160943106261953,1.8031791180126913,1.53004066192545
1717.0,2.549989097700104,2.5499858392528574,2.549973878855468,2.5499443925592487,2.549876644926254,2.5497258644796603,2.5493999264903997,2.548717486407366,2.547337811066148,2.5446518227302803,2.539627303441319,2.5306115453891525,2.5151131215405003,2.489607732862434,2.449431848622542,2.388827488429179,2.3011668551673807,2.1793048014475715,2.015862004007479,1.80294299491988,1.5298175059256365
1718.0,2.5499890331838864,2.549985758521283,2.5499737408577414,2.549944123099071,2.5498760991341882,2.549724762627626,2.5493977487697,2.5487133132167488,2.547330104874108,2.5446381713858055,2.539604185587295,2.530574229625916,2.5150558504495453,2.4895243362293686,2.449316845257206,2.3886775699278266,2.300982443397238,2.1790912200464194,2.015629785669311,1.802706975873115,1.529594452805743
1719.0,2.5499889683467756,2.549985677404885,2.5499736022597026,2.549943852586519,2.549875551445032,2.5497236574004543,2.5493955652424303,2.548709130487582,2.5473223838695307,2.5446244985088815,2.5395810387684823,2.530536878377205,2.5149985407881004,2.48944090436141,2.4492018189068725,2.388527650358865,2.3007980601153344,2.1788776992776273,2.0153976555474307,1.8024710607806946,1.5293715024652426
1720.0,2.549988903187507,2.5499855959022226,2.5499734630593576,2.549943581018585,2.5498750018542236,2.549722548791509,2.549393375899645,2.548704938209117,2.5473146480416866,2.5446108040923767,2.5395578629865074,2.5304994916588734,2.514941192589531,2.4893574373074636,2.4490867696267045,2.3883777297678637,2.3006137053396833,2.1786642391186604,2.015165613577652,1.8022352495510248,1.5291486548037994
1721.0,2.5499888377048134,2.549985514011852,2.549973323254708,2.5499433083922565,2.5498744503571955,2.549721436794151,2.5493911807324,2.5487007363706127,2.5473068973798663,2.54459708812919,2.5395346582430287,2.5304620694868,2.5148838058871985,2.489273935116393,2.4489716974717815,2.388227808200295,2.3004293790882224,2.178450839546973,2.014933659695862,1.801999542092617,1.5289259097212682
1722.0,2.5499887718974232,2.549985431732327,2.549973182843751,2.549943034704515,2.549873896949376,2.549720321401738,2.549388979731752,2.5486965249613367,2.547299131873379,2.544583350612248,2.5395114245397385,2.5304246118768856,2.5148263807144606,2.489190397837016,2.448856602497101,2.3880778857015317,2.3002450813788147,2.1782375005400096,2.0147017938380216,1.8017639383140898,1.5287032671176934
1723.0,2.549988705764062,2.5499853490621955,2.54997304182448,2.549942759952339,2.549873341626189,2.5497192026076236,2.549386772888758,2.548692303970566,2.5472913515115527,2.5445695915345063,2.539488161878362,2.5303871188450557,2.514768917104672,2.4891068255181072,2.4487414847575764,2.3879279623168483,2.3000608122292494,2.1780242220752037,2.0144700159401645,1.8015284381241687,1.5284807268933078
1724.0,2.5499886393034505,2.5499852660000033,2.549972900194884,2.5499424841327003,2.5498727843830524,2.5497180804051593,2.5493845601944756,2.5486880733875847,2.547283556283735,2.5445558108889514,2.5394648702606566,2.530349590407258,2.514711415091182,2.4890232182083962,2.4486263443080407,2.3877780380914215,2.299876571657242,2.1778110041299796,2.014238325938398,1.8012930414316857,1.528258288948532
1725.0,2.5499885725143074,2.549985182544292,2.549972757952948,2.5499422072425677,2.5498722252153807,2.5497169547876926,2.549382341639965,2.5486838332016872,2.547275746179291,2.5445420086685977,2.5394415496884144,2.5303120265794643,2.5146538747073377,2.488939575956569,2.448511181203243,2.3876281130703303,2.2996923596804324,2.177597846681751,2.0140067237689006,1.8010577481455805,1.5280359531839738
1726.0,2.5499885053953477,2.5499850986935995,2.5499726150966517,2.549941929278904,2.549871664118583,2.5497158257485677,2.5493801172162853,2.5486795834021754,2.5472679211876073,2.544528184866489,2.5394182001634586,2.5302744273776687,2.5145962959864807,2.488855898811267,2.448395995497849,2.387478187298555,2.299508176316389,2.1773847497079215,2.013775209367925,1.8008225581748991,1.527813719500426
1727.0,2.549988437945282,2.54998501444646,2.5499724716239722,2.5499416502386683,2.5498711010880633,2.549714693281126,2.5493778869144985,2.54867532397836,2.547260081298088,2.5445143394756977,2.539394821687646,2.5302367928178886,2.5145386789619493,2.4887721868210875,2.448280787246444,2.38732826082098,2.299324021582605,2.1771717131858854,2.0135437826717957,1.8005874714287957,1.5275915877988673
1728.0,2.549988370162819,2.549984929801404,2.549972327532881,2.549941370118814,2.5498705361192218,2.549713557378706,2.5493756507256666,2.5486710549195606,2.547252226500156,2.5445004724893265,2.539371414262866,2.5301991229161644,2.5144810236670767,2.4886884400345837,2.44816555650353,2.387178333682391,2.299139895496501,2.1769587370930275,2.0133124436169085,1.8003524878165318,1.5273695579804603
1729.0,2.549988302046662,2.5499848447569584,2.5499721828213473,2.54994108891629,2.549869969207453,2.5497124180346424,2.549373408640853,2.548666776215105,2.5472443567832537,2.544486583900506,2.53934797789104,2.5301614176885594,2.514423330135193,2.488604658500264,2.448050303323527,2.387028405927477,2.298955798075426,2.1767458214067217,2.0130811921397314,1.800117607247476,1.5271476299465505
1730.0,2.5499882335955117,2.5499847593116463,2.5499720374873336,2.5499408066280402,2.5498694003481477,2.5497112752422666,2.5493711606511216,2.54866248785433,2.5472364721368437,2.5444726737023973,2.539324512574123,2.530123677151159,2.514365598399622,2.488520842266594,2.447935027760774,2.3868784776008307,2.2987717293366545,2.1765329661043338,2.0128500281768047,1.7998828296311054,1.526925803598666
1731.0,2.5499881648080662,2.549984673463987,2.5499718915288,2.549940523251005,2.5498688295366905,2.5497101289949073,2.549368906747538,2.548658189826581,2.5472285725504054,2.5444587418881883,2.539301018314102,2.530085901320071,2.5143078284936853,2.4884369913819935,2.447819729869526,2.386728548746947,2.298587689297388,2.17632017116322,2.0126189516647393,1.799648154877004,1.5267040788385167
1732.0,2.5499880956830183,2.549984587212496,2.5499717449437007,2.549940238782119,2.5498682567684634,2.54970897928589,2.549366646921168,2.5486538821212132,2.547220658013439,2.5444447884510972,2.539277495112996,2.5300480902114275,2.5142500204506986,2.4883531058948383,2.4477044097039586,2.386578619410226,2.298403677974757,2.1761074365607267,2.0123879625402172,1.7994135828948645,1.526482455567993
1733.0,2.5499880262190584,2.5499845005556865,2.549971597729988,2.549939953218311,2.5498676820388417,2.5497078261085373,2.54936438116308,2.5486495647275884,2.5472127285154635,2.5444308133843716,2.5392539429728576,2.5300102438413807,2.514192174303973,2.488269185853461,2.447589067318164,2.3864286896349696,2.29821969538582,2.1758947622741913,2.012157060739992,1.7991791135944872,1.5262609336891653
1734.0,2.5499879564148737,2.5499844134920653,2.549971449885608,2.549939666556508,2.5498671053431967,2.5497066694561683,2.5493621094643424,2.548645237635079,2.547204784046017,2.5444168166812875,2.5392303618957706,2.5299723622261068,2.5141342900868158,2.4881852313061494,2.4474737027661546,2.386278759465385,2.298035741547562,2.1756821482809423,2.011926246200888,1.7989447468857807,1.526039513104283
1735.0,2.5499878862691467,2.549984326020138,2.5499713014085037,2.549939378793629,2.549866526676895,2.549705509322099,2.549359831816025,2.5486409008330657,2.5471968245946557,2.5444027983351494,2.5392067518838513,2.529934445381804,2.514076367832528,2.488101242301147,2.4473583161018593,2.3861288289455835,2.2978518164768973,2.1754695945582987,2.0116955188597996,1.7987104826787614,1.5258181937157735
1736.0,2.549987815780557,2.5499842381384044,2.549971152296613,2.5499390899265904,2.5498659460353,2.549704345699643,2.549357548209199,2.5486365543109373,2.547188850150956,2.5443887583392906,2.539183112939248,2.529896493324691,2.5140184075744076,2.4880172188866525,2.4472429073791266,2.38597889811958,2.2976679201906687,2.175257101083571,2.011464878653692,1.7984763208835548,1.5255969754262424
1737.0,2.5499877449477815,2.549984149845362,2.54997100254787,2.549938799952303,2.549865363413768,2.54970317858211,2.549355258634937,2.548632198058092,2.5471808607045134,2.544374696687074,2.5391594450641413,2.5298585060710104,2.513960409345746,2.487933161110821,2.4471274766517244,2.385828967031294,2.2974840527056473,2.175044667834061,2.011234325519601,1.798242261410394,1.5253758581384713
1738.0,2.549987673769492,2.549984061139505,2.549970852160205,2.5499385088676734,2.549864778807652,2.549702007962807,2.5493529630843117,2.5486278320639375,2.547172856244942,2.5443606133718912,2.539135748260744,2.5298204836370264,2.5139023731798305,2.4878490690217636,2.447012023973339,2.385679035724551,2.2973002140385335,2.1748322947870617,2.011003859394631,1.7980083041696207,1.525154841755418
1739.0,2.5499876022443577,2.549983972019322,2.5499707011315436,2.5499382166696027,2.5498641922123,2.549700833835039,2.5493506615483987,2.5486234563178893,2.5471648367618744,2.5443465083871613,2.539112022531301,2.5297824260390245,2.513844299109943,2.4877649426675466,2.446896549397575,2.3855291042430795,2.2971164042059566,2.174619981919857,2.010773480215958,1.7977744490716854,1.5249339261802148
1740.0,2.549987530371044,2.5499838824833,2.5499705494598066,2.549937923354988,2.5498636036230558,2.5496996561921055,2.549348354018274,2.548619070809372,2.5471568022449644,2.544332381726334,2.539088267878088,2.529744333293312,2.51378618716936,2.4876807820961924,2.4467810529779577,2.3853791726305142,2.296932623224475,2.174407729209723,2.0105431879208266,1.797540696027147,1.5247131113161694
1741.0,2.549987458148213,2.5499837925299205,2.549970397142912,2.549937628920721,2.549863013035258,2.5496984750273057,2.5493460404850143,2.548614675527819,2.547148752683883,2.5443182333828864,2.539064484303414,2.5297062054162187,2.513728037391354,2.4875965873556787,2.44666553476793,2.3852292409303955,2.2967488711105775,2.1741955366339267,2.010312982446551,1.7973070449469393,1.524492397336182
1742.0,2.5499873855745228,2.549983702157662,2.5499702441787724,2.5499373333636894,2.549862420444241,2.5496972903339343,2.549343720939699,2.548610270462674,2.547140688068321,2.544304063350325,2.5390406718096186,2.529668042424095,2.5136698498091907,2.487512358493939,2.4465499948208547,2.385079309186169,2.2965651478806812,2.1739834041697277,2.0100828637305193,1.79707349574369,1.524271784409616
1743.0,2.549987312648628,2.549983611364999,2.549970090565296,2.549937036680776,2.5498618258453343,2.5496961021052837,2.549341395373408,2.5486058556033875,2.547132608387988,2.544289871622184,2.539016830399073,2.529629844333313,2.5136116244561304,2.487428095558864,2.4464344331900145,2.3849293774411855,2.2963814535511347,2.1737713317943768,2.0098528317101976,1.796840048330364,1.5240512724354072
1744.0,2.5499872393691803,2.549983520150403,2.5499699363003887,2.5499367388688583,2.5498612292338634,2.5496949103346425,2.549339063777222,2.5486014309394203,2.547124513632613,2.5442756581920274,2.5389929600741814,2.5295916111602663,2.5135533613654295,2.487343798598298,2.446318849928611,2.3847794457387024,2.2961977881382154,2.173559319485116,2.0096228863231307,1.7966067026199977,1.523830861312725
1745.0,2.549987165734827,2.5499834285123404,2.5499697813819493,2.54993643992481,2.5498606306051483,2.549693715015297,2.5493367261422244,2.548596996460242,2.5471164037919447,2.544261423053447,2.538969060837378,2.5295533429213695,2.5134950605703374,2.4872594676600412,2.4462032450897655,2.384629514121883,2.2960141516581323,2.1733473672191814,2.009393027506939,1.7963734585257,1.5236105509409719
1746.0,2.5499870917442125,2.549983336449275,2.5499696258078743,2.549936139845499,2.5498600299545053,2.549692516140531,2.5493343824594996,2.5485925521553314,2.5471082788557493,2.544247166200064,2.5389451326911296,2.529515039633059,2.5134367221040983,2.4871751027918516,2.44608761872652,2.3844795826337974,2.2958305441270235,2.1731354749737988,2.0091632551993226,1.7961403159606528,1.5233903412197816
1747.0,2.5499870173959773,2.549983243959667,2.549969469576056,2.549935838627789,2.5498594272772452,2.5496913137036255,2.5493320327201325,2.5485880980141755,2.547100138813814,2.5442328876255274,2.5389211756379337,2.529476701311792,2.5133783459999512,2.487090704041441,2.445971970891835,2.384329651317421,2.2956469655609593,2.1729236427261878,2.008933569338055,1.7959072748381115,1.5231702320490172
1748.0,2.5499869426887583,2.5499831510419715,2.5499693126843814,2.5499355362685394,2.5498588225686754,2.5496901076978573,2.5493296769152107,2.548583634026271,2.547091983655944,2.5442185873235146,2.5388971896803194,2.529438327974047,2.513319932291129,2.487006271456478,2.445856301638592,2.3841797202156374,2.2954634159759397,2.172711870453561,2.008703969860987,1.7956743350714055,1.5229502233287702
1749.0,2.5499868676211888,2.549983057694641,2.549969155130734,2.5499352327646045,2.5498582158240977,2.5496888981165013,2.5493273150358227,2.5485791601811236,2.5470838133719638,2.544204265287732,2.538873174820847,2.529399919636322,2.513261481010858,2.486921805084586,2.4457406110195916,2.384029789371236,2.2952798953878966,2.1725001581331216,2.0084744567060464,1.7954414965739391,1.5227303149593578
1750.0,2.549986792191899,2.5499829639161247,2.5499689969129924,2.549934928112834,2.5498576070388097,2.5496876849528296,2.549324947073058,2.5485746764682475,2.5470756279517173,2.544189921511914,2.5388491310621073,2.5293614763151377,2.513202992192359,2.4868373049733448,2.445624899087556,2.383879858826914,2.295096403812693,2.1722885057420673,2.0082450298112344,1.7952087592591917,1.5225105068413232
1751.0,2.5499867163995145,2.549982869704866,2.5499688380290317,2.5499346223100727,2.5498569962081046,2.5496864682001115,2.549322573018009,2.548570182877167,2.5470674273850675,2.544175555989824,2.538825058406724,2.529322998027035,2.5131444658688484,2.48675277117029,2.445509165895126,2.3837299286252756,2.294912941266124,2.172076913257588,2.0080156891146284,1.7949761230407189,1.5222907988754322
1752.0,2.5499866402426585,2.549982775059306,2.549968678476722,2.549934315353161,2.549856383327271,2.5496852478516128,2.549320192861768,2.548565679397415,2.5470592116618964,2.544161168715253,2.538800956857351,2.5292844847885747,2.5130859020735343,2.4866682037229126,2.445393411494864,2.3835799988088326,2.2947295077639165,2.1718653806568655,2.0077864345543803,1.7947435878321527,1.5220711909626725
1753.0,2.5499865637199504,2.5499826799778824,2.5499685182539302,2.5499340072389343,2.549855768391593,2.549684023900597,2.5493178065954303,2.548561166018534,2.547050980772105,2.5441467596820213,2.5387768264166723,2.529245936616339,2.51302730083962,2.486583602678659,2.445277635939253,2.383430069420005,2.2945461033217285,2.1716539079170767,2.0075572660687158,1.7945111535472023,1.5218516830042528
1754.0,2.549986486830005,2.549982584459028,2.5499683573585186,2.549933697964223,2.54985515139635,2.549682796340326,2.549315414210091,2.5485566427300745,2.547042734705614,2.5441323288839763,2.5387526670874037,2.52920735352693,2.512968662200302,2.4864989680849323,2.4451618392806957,2.3832801405011197,2.29436272795515,2.17144249501539,2.0073281835959347,1.7942788200996538,1.5216322749016002
1755.0,2.549986409571434,2.549982488501172,2.549968195788344,2.5499333875258543,2.549854532336817,2.5496815651640565,2.549313015696849,2.548552109521597,2.5470344734523627,2.5441178763149956,2.538728478872292,2.5291687355369707,2.5129099861887707,2.486414299989091,2.445046021571516,2.383130212094412,2.2941793816797045,2.171231141928967,2.0070991870744104,1.794046587403372,1.5214129665563594
1756.0,2.549986331942846,2.5499823921027405,2.5499680335412607,2.5499330759206487,2.549853911208265,2.549680330365044,2.5493106110468027,2.548547566382671,2.54702619700231,2.544103401968983,2.538704261774114,2.529130082663104,2.51285127283821,2.4863295984384486,2.4449301828639594,2.382980284242026,2.2939960645108477,2.1710198486349634,2.00687027644259,1.7938144553722999,1.5211937578703916
1757.0,2.549986253942846,2.5499822952621556,2.549967870615118,2.549932763145424,2.5498532880059597,2.5496790919365417,2.549308200251054,2.5485430133028752,2.547017905345433,2.5440889058398723,2.5386800157956784,2.5290913949219926,2.5127925221817984,2.486244863480275,2.4448143232101907,2.3828303569860134,2.2938127764639678,2.170808615110528,2.0066414516389925,1.79358242392046,1.5209746487457725
1758.0,2.5499861755700337,2.549982197977835,2.5499677070077604,2.5499324491969912,2.549852662725163,2.549677849871799,2.5493057833007047,2.548538450271798,2.5470095984717296,2.544074387921624,2.5386557409398236,2.529052672330321,2.5127337342527065,2.486160095161796,2.444698442662297,2.382680430368336,2.293629517554386,2.1705974413328035,2.0064127126022107,1.7933504929619541,1.520755639084791
1759.0,2.5499860968230075,2.5499821002481937,2.549967542717029,2.5499321340721584,2.5498520353611323,2.549676604164063,2.5493033601868595,2.548533877279036,2.547001276371215,2.544059848208227,2.538631437209419,2.529013914904791,2.512674909084099,2.486075293530193,2.444582541272286,2.3825305044308633,2.293446287797357,2.170386327278926,2.006184059270908,1.7931186624109645,1.5205367287899478
1760.0,2.5499860177003613,2.5499820020716415,2.5499673777407605,2.549931817767728,2.549851405909119,2.549675354806578,2.549300930900625,2.548529294314196,2.546992939033925,2.5440452866937,2.538607104607364,2.528975122662127,2.5126160467091343,2.4859904586326027,2.444466619092087,2.382380579215374,2.2932630872080684,2.170175272926025,2.005955491583821,1.792886932181753,1.5203179177639545
1761.0,2.549985938200685,2.549981903446586,2.5499672120767873,2.5499315002804983,2.549850774364373,2.5496741017925855,2.549298495433109,2.5485247013668935,2.5469845864499145,2.544030703372088,2.5385827431365895,2.5289362956190717,2.5125571471609636,2.4859055905161185,2.4443506761735505,2.3822306547635557,2.2930799158016417,2.169964278251224,2.0057270094797572,1.7926553021886635,1.520099205909732
1762.0,2.5499858583225654,2.5499818043714293,2.549967045722937,2.5499311816072625,2.549850140722137,2.5496728451153254,2.54929605377542,2.548520098426754,2.546976218609256,2.544016098237465,2.5385583528000564,2.528897433792388,2.5124982104727316,2.485820689227788,2.4442347125684485,2.382080731117007,2.2928967735931325,2.1697533432316414,2.0054986128975956,1.7924237723461205,1.5198805931304091
1763.0,2.5499857780645847,2.549981704844571,2.5499668786770338,2.54993086174481,2.5498495049776504,2.5496715847680336,2.5492936059186704,2.548515485483412,2.546967835502043,2.5440014712839325,2.538533933600755,2.5288585371988583,2.5124392366775754,2.4857357548146166,2.444118728328475,2.381930808317235,2.2927136605975296,2.1695424678443884,2.005270301776286,1.7921923425686308,1.519662079329321
1764.0,2.5499856974253228,2.549981604864406,2.549966710936897,2.549930540689924,2.549848867126149,2.5496703207439437,2.5492911518539723,2.54851086252651,2.5469594371183875,2.5439868225056204,2.538509485541707,2.528819605855285,2.5123802258086267,2.485650787323564,2.4440027235052444,2.381780886405656,2.292530576829756,2.169331652066571,2.0050420760548495,1.7919610127707832,1.519443664410008
1765.0,2.5499856164033554,2.549981504429326,2.5499665425003415,2.5499302184393846,2.5498482271628626,2.549669053036288,2.549288691572441,2.548506229545702,2.54695102344842,2.543972151896687,2.5384850086259645,2.5287806397784895,2.5123211778990093,2.4855657868015455,2.443886698150295,2.381630965423597,2.29234752230467,2.1691208958752894,2.0048139356723764,1.7917297828672496,1.5192253482762155
1766.0,2.5499855349972544,2.5499814035377195,2.5499663733651787,2.5499298949899663,2.549847585083018,2.549667781638294,2.549286225065193,2.548501586530651,2.546942594482291,2.5439574594513172,2.538460502856608,2.528741638985313,2.51226209298184,2.485480753295433,2.443770652315085,2.3814810454122957,2.292164497037063,2.168910199247638,2.004585880568028,1.7914986527727845,1.5190071308318907
1767.0,2.5499854532055886,2.549981302187969,2.5499662035292157,2.549929570338439,2.5498469408818356,2.549666506543189,2.549283752323347,2.5484969334710277,2.54693415021017,2.543942745163726,2.5384359682367497,2.528702603492615,2.512202971090228,2.4853956868520544,2.4436545860509953,2.3813311264128996,2.291981501041663,2.1686995621607053,2.004357910681035,1.7912676224022264,1.5187890119811827
1768.0,2.549985371026922,2.549981200378456,2.549966032990254,2.5499292444815684,2.5498462945545337,2.5496652277441956,2.5492812733380235,2.5484922703565136,2.546925690622246,2.543928009028155,2.538411404769531,2.528663533317276,2.5121438122572766,2.4853105875181924,2.443538499409329,2.3811812084664665,2.291798534333131,2.168488984591575,2.0041300259506984,1.791036691670497,1.518570991628441
1769.0,2.549985288459816,2.5499810981075557,2.5499658617460925,2.5499289174161155,2.5498456460963257,2.5496639452345353,2.5492787881003447,2.5484875971767993,2.546917215708726,2.5439132510388727,2.5383868124581244,2.528624428476194,2.5120846165160806,2.4852254553405864,2.4434223924413123,2.381031291613966,2.2916155969260648,2.168278466517325,2.003902226316387,1.790805860492603,1.5183530696782144
1770.0,2.549985205502828,2.5499809953736405,2.549965689794525,2.5499285891388364,2.5498449955024194,2.549662659007427,2.5492762966014344,2.5484829139215845,2.5469087254598377,2.5438984711901775,2.53836219130573,2.5285852889862865,2.5120253838997284,2.4851402903659308,2.443306265198092,2.3808813758962772,2.2914326888349956,2.168068007915028,2.0036745117175387,1.7905751287836353,1.5181352460352495
1771.0,2.5499851221545122,2.5499808921750797,2.5499655171333413,2.5499282596464825,2.5498443427680195,2.549661369056086,2.5492737988324192,2.54847822058058,2.5469002198658264,2.5438836694763944,2.5383375413155806,2.5285461148644908,2.5119661144413006,2.485055092640876,2.443190117730739,2.3807314613541917,2.2912498100743917,2.1678576087617514,2.003446882093662,1.7903444964587698,1.5179175206044895
1772.0,2.5499850384134177,2.5499807885102377,2.5499653437603267,2.5499279289358006,2.5498436878883255,2.5496600753737266,2.549271294784427,2.548473517143503,2.5468916989169577,2.5438688458918763,2.5383128624909364,2.528506906127762,2.5119068081738707,2.484969862212028,2.443073950090245,2.380581548028412,2.291066960658657,2.167647269034557,2.0032193373843317,1.7901139634332677,1.5176998932910732
1773.0,2.549984954278092,2.5499806843774757,2.5499651696732624,2.549927597003533,2.5498430308585336,2.549658777953559,2.549268784448588,2.548468803600083,2.546883162603516,2.5438540004310046,2.538288154835088,2.5284676627930742,2.5118474651305043,2.4848845991259494,2.4429577623275267,2.3804316359595514,2.2908841406021305,2.1674369887105027,2.0029918775291917,1.7898835296224758,1.5174823640003343
1774.0,2.5499848697470773,2.5499805797751502,2.5499649948699252,2.5499272638464174,2.5498423716738343,2.5496574767887927,2.5492662678160336,2.5484640799400577,2.546874610915806,2.5438391330881873,2.5382634183513555,2.5284283848774214,2.511788085344259,2.484799303429158,2.442841554493421,2.3802817251881354,2.2907013499190882,2.1672267677666404,2.002764502467954,1.789653194941827,1.5172649326377994
1775.0,2.5499847848189128,2.5499804747016146,2.549964819348088,2.549926929461187,2.549841710329415,2.549656171872633,2.5492637448778988,2.5484593461531744,2.546866043844149,2.543824243857861,2.538238653043089,2.5283890723978146,2.511728668848186,2.4847139751681273,2.442725326638689,2.380131815754602,2.2905185886237414,2.1670166061800176,2.002537212140397,1.7894229593068407,1.5170475991091872
1776.0,2.5499846994921342,2.549980369155219,2.549964643105519,2.5499265938445697,2.5498410468204584,2.5496548631982843,2.5492612156253185,2.54845460222919,2.5468574613788877,2.5438093327344893,2.538213858913668,2.528349725371284,2.5116692156753277,2.484628614389287,2.4426090788140145,2.379981907699301,2.290335856730238,2.1668065039276767,2.002310006486369,1.7891928226331226,1.5168303633204077
1777.0,2.549984613765273,2.5499802631343083,2.5499644661399823,2.5499262569932895,2.549840381142143,2.5496535507589475,2.549258680049432,2.548449848157872,2.546848863510383,2.543794399712564,2.538189035966501,2.528310343814878,2.5116097258587198,2.484543221139022,2.442492811070005,2.3798320010624936,2.290153154252663,2.1665964609866557,2.002082885445782,1.7889627848363654,1.5166132251775606
1778.0,2.5499845276368576,2.5499801566372238,2.549964288449238,2.5499259189040657,2.549839713289642,2.549652234547822,2.5492561381413785,2.5484450839289954,2.5468402502290153,2.5437794447866047,2.538164184205026,2.528270927745664,2.511550199431389,2.4844577954636744,2.4423765234571904,2.3796820958843545,2.289970481205039,2.166386477333987,2.0018558489586185,1.7887328458323493,1.516396184586935
1779.0,2.549984441105412,2.549980049662304,2.5499641100310413,2.5499255795736127,2.549839043258126,2.5496509145581037,2.5492535898923006,2.5484403095323467,2.546831621525184,2.5437644679511577,2.53813930363271,2.528231477180727,2.5114906364263545,2.4843723374095403,2.4422602160260243,2.3795321922049704,2.289787837601324,2.1661765529467,2.001628896964925,1.7885030055369413,1.5161792414550073
1780.0,2.549984354169457,2.5499799422078833,2.5499639308831434,2.5499252389986404,2.54983837104276,2.5496495907829875,2.549251035293343,2.5484355249577204,2.546822977389308,2.5437494692007974,2.5381143942530495,2.5281919921371703,2.511431036876628,2.484286847022873,2.4421438888268834,2.3793822900643407,2.289605223455413,2.1659666878018187,2.001402029404816,1.7882732638660972,1.5159623956884407
1781.0,2.54998426682751,2.5499798342722912,2.5499637510032915,2.549924897175854,2.549837696638705,2.5496482632156647,2.549248474335651,2.5484307301949225,2.546814317811825,2.5437344485301256,2.53808945606957,2.5281524726321156,2.5113714008152126,2.484201324349881,2.442027541910068,2.3792323895023784,2.289422638781141,2.165756881876362,2.0011752462184718,1.78804362073586,1.5157456471940844
1782.0,2.549984179078084,2.549979725853854,2.5499635703892283,2.5499245541019544,2.5498370200411182,2.549646931849325,2.549245907010375,2.5484259252337664,2.5468056427831924,2.5437194059337718,2.5380644890858264,2.5281129186827025,2.511311728275104,2.4841157694367286,2.441911175325802,2.3790824905589094,2.289240083592278,2.1655471351473463,2.0009485473461384,1.7878140760623618,1.5155289958789717
1783.0,2.549984090919689,2.549979616950894,2.549963389038693,2.549924209773638,2.549836341245152,2.5496455966771556,2.549243333308664,2.548421110064077,2.546796952293886,2.543704341406393,2.5380394933054022,2.5280733303060883,2.511252019289288,2.4840301823295365,2.4417947891242333,2.3789325932736727,2.2890575579025327,2.165337447591781,2.000721932728128,1.7875846297618223,1.5153124416503203
1784.0,2.5499840023508304,2.5499795075617304,2.549963206949419,2.5499238641875954,2.549835660245955,2.5496442576923415,2.549240753221672,2.548416284675688,2.5467882463344007,2.5436892549426733,2.5380144687319106,2.5280337075194486,2.511192273890745,2.483944563074381,2.441678383355433,2.3787826976863213,2.2888750617255518,2.165127819186674,2.000495402304818,1.7873552817505511,1.5150959844155298
1785.0,2.549983913370011,2.549979397684677,2.5499630241191364,2.549923517340514,2.549834977038672,2.5496429148880657,2.5492381667405537,2.548411449058443,2.5467795248952516,2.5436741465373243,2.537989415368992,2.5279940503399763,2.511132492112445,2.483858911717294,2.4415619580693972,2.378632803836422,2.2886925950749197,2.164918249909028,2.000268956016651,1.7871260319449462,1.5148796240821818
1786.0,2.5499838239757286,2.549979287318046,2.549962840545571,2.5499231692290767,2.5498342916184424,2.549641568257508,2.5492355738564667,2.5484066032021957,2.546770787966972,2.543659016185085,2.5379643332203177,2.5279543587848816,2.51107267398735,2.483773228304263,2.4414455133160446,2.378482911763455,2.2885101579641596,2.1647087397358407,2.0000425938041353,1.786896880261495,1.5146633605580384
1787.0,2.549983734166479,2.549979176460143,2.549962656226444,2.5499228198499604,2.549833603980402,2.549640217793847,2.549232974560571,2.5484017470968086,2.546762035540115,2.543643863880722,2.537939222289586,2.527914632871394,2.5110128195484145,2.4836875128812324,2.441329049145219,2.3783330215068146,2.288327750406733,2.164499288644107,1.9998163156078448,1.786667826616775,1.5144471937510415
1788.0,2.549983643940753,2.5499790651092717,2.5499624711594726,2.549922469199838,2.5498329141196825,2.5496388634902583,2.549230368844028,2.5483968807321546,2.5467532676052524,2.5436286896190285,2.5379140825805253,2.5278748726167586,2.510952928828583,2.4836017654941016,2.4412125656066883,2.37818313310581,2.2881453724160403,2.1642898966108177,1.9995901213684166,1.786438870927453,1.5142311235693113
1789.0,2.549983553297037,2.5499789532637314,2.54996228534237,2.549922117275379,2.5498322220314114,2.5496375053399154,2.5492277566980017,2.548392004098116,2.546744484152976,2.5436134933948256,2.537888914096891,2.527835078038239,2.5108930018607927,2.483515986188727,2.4410960627501446,2.3780332465996636,2.2879630240054203,2.1640805636129596,1.9993640110265531,1.7862100131102856,1.5140151499211465
1790.0,2.5499834622338162,2.549978840921817,2.549962098772844,2.549921764073247,2.549831527710712,2.54963614333599,2.5492251381136595,2.5483871171845847,2.546735685173895,2.5435982752029616,2.5378637168424687,2.5277952491531157,2.5108330386779723,2.483430175010919,2.440979540625204,2.3778833620275144,2.287780705188151,2.163871289627515,1.999137984523021,1.7859812530821202,1.5137992727150216
1791.0,2.54998337074957,2.5499787280818205,2.5499619114486,2.5499214095901013,2.5498308311527036,2.5496347774716517,2.549222513082169,2.548382219981463,2.54672687065864,2.5435830350383117,2.537838490821071,2.527755385978687,2.5107730393130407,2.4833443320064457,2.4408629992814084,2.3777334794284144,2.28759841597745,2.163662074631464,1.9989120417986512,1.7857525907598941,1.5135834918595876
1792.0,2.549983278842774,2.5499786147420287,2.549961723367337,2.549921053822597,2.5498301323525,2.5496334077400666,2.5492198815947025,2.5483773124786633,2.546718040597859,2.543567772895779,2.5378132360365404,2.527715488532268,2.510713003798909,2.4832584572210306,2.4407464387682234,2.3775835988413316,2.2874161563864734,2.1634529186017812,1.9986861827943383,1.7855240260606355,1.5133678072636705
1793.0,2.549983186511901,2.549978500900726,2.549961534526751,2.549920696767384,2.549829431305213,2.549632034134401,2.549217243642433,2.548372394666107,2.546709194982221,2.5435524887702923,2.5377879524927467,2.527675556831191,2.5106529321684796,2.4831725507003526,2.440629859135039,2.3774337203051488,2.287233926428318,2.1632438215154393,1.9984604074510408,1.7852955589014634,1.51315221883627
1794.0,2.5499830937554204,2.549978386556192,2.549961344924534,2.549920338421108,2.549828728005948,2.5496306566478166,2.5492145992165365,2.548367466533725,2.5467003338024115,2.543537182656809,2.537762640193588,2.527635590892804,2.510592824454645,2.483086612490047,2.4405132604311714,2.377283843858664,2.2870517261160197,2.1630347833494064,1.9982347157097808,1.7850671891995877,1.5129367264865587
1795.0,2.549983000571797,2.5499782717067023,2.549961154558373,2.549919978780411,2.549828022449809,2.5496292752734746,2.5492119483081916,2.5483625280714586,2.5466914570491377,2.543521854550313,2.5377372991429916,2.5275955907344745,2.5105326806902903,2.4830006426357047,2.4403966427058603,2.3771339695405915,2.2868695554625544,2.162825804080647,1.998009107511644,1.7848389168723096,1.5127213301238822
1796.0,2.5499829069594915,2.5499781563505293,2.5499609634259506,2.5499196178419283,2.549827314631893,2.5496278900045333,2.549209290908579,2.5483575792692594,2.5466825647131244,2.543506504445815,2.5377119293449115,2.5275555563735854,2.510472500908291,2.482914641182874,2.4402800060082717,2.37698409738956,2.2866874144808382,2.1626168836861237,1.9977835827977788,1.784610741837021,1.5125060296577566
1797.0,2.549982812916962,2.5499780404859407,2.549960771524946,2.549919255602293,2.549826604547295,2.549626500834149,2.5492066270088807,2.5483526201170883,2.5466736567851163,2.5434911323383536,2.537686530803331,2.5275154878275363,2.5104122851415127,2.4828286081770568,2.440163350387496,2.3768342274441157,2.286505303183727,2.1624080221427935,1.9975581415093973,1.7843826640112062,1.512290824997869
1798.0,2.549982718442662,2.549977924111201,2.549960578853033,2.549918892058132,2.549825892191105,2.5496251077554772,2.5492039566002838,2.5483476506049163,2.5466647332558767,2.5434757382229933,2.5376611035222605,2.5274753851137435,2.5103520334228135,2.4827425436637127,2.4400466758925488,2.376684359742719,2.286323221584018,2.162199219427612,1.9973327835877737,1.7841546833124409,1.5120757160540759
1799.0,2.5499826235350427,2.5499778072245705,2.549960385407882,2.5499185272060685,2.549825177558408,2.549623710761669,2.549201279673976,2.548342670722724,2.5466557941161887,2.543460322094826,2.5376356475057396,2.52743524824964,2.510291745785041,2.4826564476882567,2.439929982572372,2.376534494323748,2.2861411696944485,2.16199047551753,1.9971075089742454,1.7839267996583923,1.5118607027364024
1800.0,2.549982528192549,2.549977689824306,2.549960191187159,2.549918161042721,2.5498244606442877,2.549622309845875,2.5491985962211476,2.548337680460502,2.546646839356854,2.543444883948971,2.5376101627578342,2.5273950772526756,2.5102314222610347,2.48257032029606,2.4398132704758324,2.376384631225497,2.2859591475276964,2.1617817903894974,1.996882317610212,1.7836990129668202,1.5116457849550418
