时间（s）,距中心 0.0000 cm,距中心 0.1000 cm,距中心 0.2000 cm,距中心 0.3000 cm,距中心 0.4000 cm,距中心 0.5000 cm,距中心 0.6000 cm,距中心 0.7000 cm,距中心 0.8000 cm,距中心 0.9000 cm,距中心 1.0000 cm,距中心 1.1000 cm,距中心 1.2000 cm,距中心 1.3000 cm,距中心 1.4000 cm,距中心 1.5000 cm,距中心 1.6000 cm,距中心 1.7000 cm,距中心 1.8000 cm,距中心 1.9000 cm,距中心 2.0000 cm
0.0,28.0,28.0,28.0,28.0,28.0,28.0,28.0,28.0,28.0,28.0,28.0,28.0,28.0,28.0,28.0,28.0,28.0,28.0,28.0,28.0,28.0
1.0,28.000000412748292,28.000000412748292,28.000000412748292,28.000000412748292,28.000000412748292,28.000000412748292,28.000000412748292,28.000000412748292,28.000000412748292,28.000000412748292,28.000000412748292,28.000000412748292,28.000000412748292,28.000000412748292,28.000000412748292,28.000000412748292,28.000000412748292,28.000000412748292,28.00000051095909,28.00000454659493,28.000096178094008
2.0,28.000001650935094,28.000001650935094,28.000001650935094,28.000001650935094,28.000001650935094,28.000001650935094,28.000001650935094,28.000001650935094,28.000001650935094,28.000001650935094,28.000001650935094,28.000001650935094,28.000001650935094,28.000001650935094,28.00000165093651,28.00000165104818,28.000001655699972,28.00000178017625,28.000004123689614,28.00003578729174,28.00034377676307
3.0,28.00000371448298,28.00000371448298,28.00000371448298,28.00000371448298,28.00000371448298,28.00000371448298,28.00000371448298,28.00000371448298,28.00000371448298,28.00000371448298,28.00000371448298,28.00000371448298,28.00000371448313,28.000003714489022,28.00000371466122,28.000003718518496,28.000003786388323,28.000004733205788,28.000015199646057,28.000105839783917,28.00070720573864
4.0,28.00000660331452,28.00000660331452,28.00000660331452,28.00000660331452,28.00000660331452,28.00000660331452,28.00000660331452,28.00000660331452,28.00000660331452,28.00000660331452,28.00000660331453,28.000006603314777,28.00000660332083,28.000006603443776,28.00000660552328,28.000006634939833,28.00000698281901,28.00001040464003,28.00003811769088,28.000219942100713,28.00116366557483
5.0,28.00001031735231,28.00001031735231,28.00001031735231,28.00001031735231,28.00001031735231,28.00001031735231,28.00001031735231,28.00001031735231,28.00001031735231,28.00001031735232,28.000010317352533,28.00001031735656,28.000010317422745,28.00001031836428,28.00001032995047,28.000010452923537,28.000011572447193,28.00002024011545,28.000076623970696,28.000379755666835,28.00169799207821
6.0,28.00001485651893,28.00001485651893,28.00001485651893,28.00001485651893,28.00001485651893,28.00001485651893,28.00001485651893,28.000014856518934,28.00001485651894,28.000014856519076,28.000014856521254,28.000014856552202,28.000014856942286,28.0000148612904,28.000014903996313,28.000015271652714,28.000018026213553,28.000035817691362,28.00013368129631,28.000585127942227,28.002299689708863
7.0,28.00002022073699,28.00002022073699,28.00002022073699,28.00002022073699,28.00002022073699,28.00002022073699,28.00002022073699,28.000020220736996,28.00002022073707,28.000020220738115,28.000020220751473,28.000020220905128,28.000020222494,28.000020237202918,28.000020358523525,28.000021244658868,28.000026932609806,28.000058714707816,28.000211521381917,28.00083502897621,28.002961196790174
8.0,28.000026409929088,28.000026409929088,28.000026409929088,28.000026409929088,28.000026409929088,28.000026409929088,28.00002640992909,28.00002640992913,28.0000264099296,28.000026409935085,28.000026409993808,28.00002641056572,28.00002641561551,28.000026455858805,28.000026743784648,28.00002858142939,28.00003896413505,28.00009042320157,28.000311763615844,28.001128044828473,28.00367685186197
9.0,28.000033424017843,28.000033424017843,28.000033424017843,28.000033424017843,28.000033424017843,28.000033424017843,28.00003342401786,28.000033424018067,28.000033424020252,28.00003342404229,28.00003342424649,28.000033425979865,28.000033439402525,28.000033533768008,28.00003413277382,28.000037544059314,28.000054843983897,28.000132303584348,28.00043554157683,28.001462633483733,28.004442264469663
10.0,28.000041262925876,28.000041262925876,28.000041262925876,28.000041262925876,28.000041262925876,28.000041262925883,28.00004126292597,28.00004126292683,28.000041262935014,28.000041263007674,28.00004126360386,28.000041268106898,28.000041299278983,28.000041496083874,28.000042623098814,28.000048440589378,28.000075317022894,28.000185564890863,28.000583614943324,28.0018372538154,28.005253922856646
11.0,28.000049926575812,28.000049926575812,28.000049926575812,28.000049926575812,28.00004992657582,28.00004992657585,28.000049926576185,28.000049926579216,28.00004992660508,28.000049926810906,28.00004992833108,28.000049938706137,28.000050003844578,28.000050378225218,28.000052337407148,28.000061616564466,28.000101126580198,28.00025126190666,28.000756460781936,28.002250427084153,28.00610894288418
12.0,28.00005941489029,28.00005941489029,28.00005941489029,28.000059414890295,28.00005941489031,28.000059414890437,28.00005941489156,28.0000594149008,28.000059414972256,28.000059415489023,28.00005941896835,28.000059440682694,28.00005956573586,28.000060227112403,28.000063422572726,28.00007744601771,28.000132997110935,28.000330302129107,28.000954344941505,28.002700762974303,28.0070049028216
13.0,28.000069727791953,28.000069727791953,28.000069727791953,28.000069727791963,28.000069727792013,28.000069727792432,28.000069727795758,28.000069727820755,28.000069727997822,28.000069729173916,28.000069736465317,28.000069778476767,28.00007000244114,28.00007110196323,28.00007604792785,28.00009632271685,28.0001716220788,28.00042345782338,28.00117737659529,28.00318696735709,28.00793973149796
14.0,28.00008086520345,28.00008086520345,28.000080865203454,28.000080865203476,28.000080865203635,28.000080865204847,28.000080865213683,28.000080865274928,28.00008086567595,28.00008086814324,28.000080882343923,28.000080958477003,28.000081337020454,28.00008307464666,28.000090402837056,28.00011865218619,28.00021765612585,28.000531380173953,28.001425549368903,28.00370784097625,28.0089116304017
15.0,28.00009282704744,28.00009282704744,28.00009282704745,28.000092827047514,28.000092827047965,28.00009282705113,28.000092827072564,28.000092827210686,28.00009282805272,28.00009283288557,28.000092858885235,28.000092989437327,28.000093598695972,28.000096229629627,28.000106693882028,28.000144844768254,28.000271710582847,28.000654613741165,28.001698772142554,28.00426227393536,28.009919017917966
16.0,28.000105613246586,28.00010561324659,28.000105613246614,28.000105613246788,28.00010561324795,28.000105613255563,28.000105613303717,28.00010561359394,28.00010561525153,28.000105624179753,28.000105669334385,28.000105882877932,28.000106823292736,28.00011066357473,28.000125141880126,28.000175309814523,28.000334351472443,28.000793610228662,28.00199689205274,28.004849238538696,28.01096048837206
17.0,28.000119223723562,28.000119223723573,28.00011922372364,28.00011922372408,28.000119223726845,28.000119223743894,28.000119223845136,28.000119224418953,28.000119227505575,28.000119243187406,28.000119318116475,28.000119653453726,28.000121053522474,28.000126484657418,28.00014597890782,28.000210450981918,28.000406099301063,28.000948741069635,28.002319711660395,28.00546778178493,28.01203478122837
18.0,28.000133658401055,28.000133658401083,28.000133658401253,28.00013365840229,28.000133658408455,28.00013365844432,28.00013365864525,28.0001336597213,28.000133665197534,28.000133691556893,28.000133811055967,28.00013431927716,28.000136339113794,28.000143811672615,28.000169445451483,28.00025066254653,28.000487430082455,28.001120308642992,28.002667001777034,28.006117018143687,28.013140757427834
19.0,28.00014891720176,28.000148917201823,28.000148917202225,28.000148917204527,28.000148917217498,28.000148917288914,28.00014891766807,28.000148919594444,28.000148928906537,28.000148971536365,28.000149155592325,28.00014990218625,28.000152736799773,28.000162772996735,28.000195787766284,28.00029632661366,28.000578777168,28.00130855610464,28.003038511063174,28.006796122890762,28.014277380861344
20.0,28.000165000048387,28.000165000048533,28.000165000049424,28.00016500005426,28.000165000080166,28.000165000215674,28.00016500089996,28.00016500421007,28.00016501946188,28.00016508609311,28.000165360985243,28.000166427952365,28.00017031017902,28.00018350546308,28.00022525549036,28.00034781109291,28.000680533568783,28.00151367591221,28.003433973224613,28.00750432609459,28.015443703619034
21.0,28.000181906863688,28.000181906863997,28.00018190686587,28.000181906875543,28.000181906924936,28.00018190717127,28.000181908358254,28.00018191384243,28.00018193800287,28.000182039036236,28.000182438503877,28.000183926425713,28.00018912946914,28.000206153199358,28.000258099535934,28.00040546830995,28.000793054542033,28.001735817165244,28.003853112416415,28.00824090725482,28.016638854071218
22.0,28.000199637570443,28.000199637571086,28.000199637574827,28.000199637593347,28.00019963768371,28.00019963811468,28.00019964010196,28.000199648896572,28.000199686043807,28.000199835139714,28.000200401595496,28.000202431619407,28.00020927117253,28.000230866466445,28.00029457026052,28.000469634136948,28.000916660281934,28.00197509189783,28.004295647304836,28.009005190551306,28.017862027111256
23.0,28.00021819209152,28.00021819209279,28.000218192099968,28.000218192134028,28.000218192293335,28.000218193021777,28.00021819624461,28.000218209940424,28.000218265542955,28.000218480262834,28.000219266030314,28.000221981735024,28.000230817674097,28.000257800528455,28.000334915908915,28.00054062753759,28.001051638605517,28.002231580459565,28.00476129412026,28.009796540644796,28.01911247607589
24.0,28.00023757034991,28.000237570352326,28.00023757036556,28.000237570425995,28.000237570697585,28.000237571891102,28.000237576969386,28.00023759774034,28.000237678974294,28.000237981465535,28.000239050020326,28.00024261913433,28.000253856789183,28.00028711457602,28.000379381308516,28.000618750437297,28.00119824756153,28.00250533611133,28.00524976894829,28.01061435896683,28.020389505986035
25.0,28.000257772268796,28.000257772273212,28.00025777229678,28.00025777240058,28.000257772849725,28.00025777475081,28.00025778254655,28.00025781329981,28.000257929400668,28.00025834711632,28.00025977431105,28.00026439026285,28.000278481278265,28.000318970717927,28.00042820679604,28.00070428784383,28.001356717917208,28.002796388949385,28.005760789443176,28.01145808043889,28.021692467840538
26.0,28.000278797771653,28.000278797779462,28.000278797820126,28.000278797993182,28.00027879871568,28.000278801666944,28.000278813353095,28.000278857900792,28.000279020547072,28.00027958699081,28.00028146224611,28.000287345531536,28.000304788342753,28.000353533050458,28.00048162735157,28.000797508156534,28.001527255496914,28.00310474925726,28.006294076101526,28.012327170566067,28.023020753759337
27.0,28.000300646782414,28.000300646795807,28.000300646863963,28.000300647144755,28.000300648277925,28.00030065275308,28.000300669894543,28.000300733147146,28.000300956872778,28.000301712359555,28.000304139805202,28.00031153916309,28.00033287911409,28.00039096680938,28.00053987191552,28.000898663614045,28.00171004335997,28.00343041037138,28.006849353199996,28.013221122856795,28.02437379281902
28.0,28.000323319225664,28.000323319248,28.00032331935924,28.00032331980363,28.000323321540133,28.000323328181345,28.00032335282875,28.000323441009566,28.00032374364116,28.000324736063934,28.000327835616787,28.000337029009277,28.000362858146147,28.00043143760608,28.000603162864945,28.00100799084031,28.001905243814143,28.003773351133848,28.007426349475562,28.014139456526202,28.025751047458062
29.0,28.000346815026948,28.000346815063246,28.00034681524041,28.00034681592779,28.000346818532638,28.00034682819486,28.00034686299148,28.000346983871378,28.000347386986167,28.000348672579538,28.000352580947187,28.00036387634542,28.00039483291895,28.00047511074662,28.000671715626975,28.001125711456936,28.002113000267123,28.004133537994857,28.008024798607966,28.015081714446545,28.027152010354826
30.0,28.00037113411314,28.000371134170745,28.000371134446596,28.000371135487594,28.000371139318787,28.00037115312153,28.00037120142349,28.000371364574594,28.0003718939745,28.00037353806666,28.000378409668144,28.000392145647734,28.000428913359908,28.000522150630836,28.000745738409222,28.001252032736904,28.002333438922317,28.00451092681752,28.008644439549983,28.016047461313043,28.028576201700936
31.0,28.00039627641297,28.000396276502396,28.000396276923013,28.000396278469,28.000396284002168,28.000396303389138,28.000396369398928,28.00039658646561,28.000397272662806,28.00039935040792,28.00040535820513,28.000421904358586,28.000465211387155,28.000572720227122,28.00082543202888,28.001387148280266,28.002566670327457,28.0049054644297,28.009285016740513,28.017036281998017,28.030023166807634
32.0,28.000422241857656,28.000422241993668,28.000422242622705,28.00042224487739,28.000422252734747,28.00042227954166,28.000422368454643,28.000422653439976,28.00042353214925,28.0004261292332,28.000433465468667,28.000453222644378,28.000503840478295,28.000626980617987,28.00091098982438,28.001531238696966,28.002812790785825,28.005317089960513,28.009946280227478,28.018047780069995,28.03149247399444
33.0,28.000449030381727,28.00044903058471,28.00044903150862,28.00044903474191,28.000449045725926,28.000449082256726,28.00044920042018,28.000449569985737,28.000450682619007,28.00045389593241,28.00046277277115,28.00048617314988,28.000544915266627,28.000685090610823,28.001002597635505,28.001684472285636,28.003071883640292,28.00574573599321,28.0106279857214,28.01908157645773,28.032983712718583
34.0,28.00047664192405,28.00047664222168,28.00047664355608,28.00047664812047,28.000476663252478,28.000476712364023,28.000476867448114,28.000477341224794,28.000478735383425,28.000482673656716,28.000493323731366,28.000520830752524,28.00058855116604,28.000747206408317,28.0011004338396,28.001847005700025,28.00334402044055,28.006191329561165,28.01132989459592,28.020137308241804,28.034496491910918
35.0,28.000505076429075,28.000505076858342,28.000505078755626,28.000505085105353,28.000505105669355,28.00050517086458,28.000505372044362,28.00050597295197,28.00050770291265,28.00051248730897,28.000525164169012,28.000557272319437,28.000634864025024,28.00081348133283,28.00120466943337,28.002018984597186,28.003629262003383,28.006653793009704,28.01205177384791,28.021214627558987,28.03603043848987
36.0,28.000534333848343,28.000534334457996,28.000534337116328,28.000534345829475,28.000534373421306,28.00053445895072,28.00053471709829,28.000535471671355,28.000537598861694,28.000543363524216,28.00055834199126,28.000595576469582,28.000683969809625,28.000884065599386,28.00131546815117,28.002200544263104,28.00392765937557,28.00713304474274,28.012793396027003,28.02231320060635,28.037585196029557
37.0,28.00056441414227,28.000564414995708,28.00056441866953,28.00056443047326,28.000564467055252,28.000564578026555,28.00056490591221,28.000565844629673,28.000568438089996,28.000575330641155,28.00059290707325,28.00063582334288,28.000735984314712,28.00095910613206,28.001432986612084,28.00239181021308,28.004239254708207,28.007628999870597,28.013554539142323,28.023432706734035,28.039160423562155
38.0,28.000595317282272,28.000595318460913,28.000595323473092,28.00059533927219,28.000595387233368,28.00059552972882,28.000595942230074,28.00059709984643,28.00060023667461,28.000608418665593,28.00062891113433,28.000678094377783,28.000791022902618,28.001038746418928,28.00155737448932,28.002592898765137,28.00456408205074,28.008141570772633,28.0143349865525,28.024572837616862,28.04075579449748
39.0,28.00062704325321,28.000627044860394,28.000627051616124,28.00062707252494,28.000627134746768,28.00062731594792,28.000627830265092,28.000629246140704,28.000633011917294,28.000642659226703,28.000666407611522,28.000722472098417,28.00084920026793,28.001123126401065,28.001688774696415,28.002803917585542,28.004902168072224,28.00867066758648,28.015134526843653,28.025733296496405,28.042370995645484
40.0,28.000659592056213,28.00065959422169,28.000659603224214,28.000659630602104,28.00065971052973,28.000659938848987,28.00066057472608,28.00066229315443,28.000666782345732,28.000678085527124,28.000705451531676,28.000769039912065,28.000910630227054,28.001212382391504,28.00182732358569,28.00302496620626,28.00525353271675,28.00921619863377,28.015952953699138,28.02691379748601,28.044005726329356
41.0,28.00069296371191,28.000692966596908,28.000692978465175,28.00069301395556,28.000693115674363,28.00069340089279,28.000694180842334,28.000696251372172,28.000701567709257,28.00071473228779,28.000746099383477,28.00081788191755,28.000975425531124,28.00130664702037,28.001973151155152,28.003256136514523,28.005618189799307,28.00977807079095,28.016790065763946,28.028114064932357,28.045659697578692
42.0,28.000727158264056,28.00072716206698,28.000727177555287,28.000727223128262,28.000727351445605,28.00072770485636,28.00072865438686,28.000731132137332,28.000737388969434,28.000752635688283,28.00078840899036,28.000869082724805,28.001043697700656,28.001406049202775,28.00212638126067,28.003497513215027,28.005996147547787,28.010356189812406,28.017645666506063,28.029333832827767,28.04733263139367
43.0,28.00076217578361,28.000762180746392,28.00076220076607,28.000762258764617,28.00076241929651,28.00076285385319,28.000764001697902,28.000766947664836,28.00077426828589,28.000791833303623,28.000832439385245,28.000922727285793,28.001115556880457,28.001510714126447,28.00228713183089,28.00374917426571,28.006387409096295,28.010950460612168,28.018519564076552,28.030572844268338,28.04902426007239
44.0,28.00079801637323,28.000798022788373,28.00079804843151,28.000798121621237,28.000798320883664,28.000798851352823,28.000800229698537,28.000803711050395,28.000812228997802,28.000832364038178,28.000878250687798,28.000978900736673,28.001191111713247,28.001620763256323,28.002455515082698,28.004011191287912,28.00679197293443,28.01156078750959,28.01941157116975,28.03183085095336,28.05073432559457
45.0,28.000834680172268,28.000834688390537,28.0008347209558,28.000834812578116,28.00083505808266,28.0008357011998,28.00083734591438,28.000841436276424,28.000851295601446,28.0008742680574,28.000925903984886,28.00103768825111,28.001270469230498,28.00173631435367,28.002631637735597,28.004283629952116,28.007209833316683,28.01218707444357,28.020321504884674,28.03310761272213,28.052462579055643
46.0,28.000872167362182,28.000872177800993,28.000872218821502,28.000872332650136,28.000872633003564,28.000873407631747,28.000875358489292,28.000880138214725,28.000891493724232,28.000917586718074,28.000975461214676,28.001099174904464,28.001353734759075,28.00185748150756,28.002815601223592,28.00456655034042,28.007640980635834,28.012829225159354,28.021249186588356,28.034402897124718,28.05420878014611
47.0,28.000910478172436,28.000910491324923,28.000910542598145,28.000910682998846,28.000911048006216,28.000911975296606,28.00091427619905,28.0009198326261,28.000932850095623,28.000962362497575,28.001026985054818,28.00116344554853,28.00144101184229,28.001984375176765,28.00300750190349,28.004860007286844,28.008085401763648,28.01348714337131,28.022194441781863,28.03571647902349,28.055972696671557
48.0,28.000949612886856,28.000949629331622,28.000949692951238,28.000949864944477,28.00095030571538,28.000951409268858,28.000954108463006,28.000960536157084,28.00097539251531,28.001008638922738,28.001080538814964,28.00123058469642,28.001532402174085,28.0021171022404,28.00320743125879,28.005164050696763,28.00854308036201,28.01416073290475,28.023157099969314,28.0370481402227,28.057754104109392
49.0,28.000989571850408,28.00098959226193,28.000989670651624,28.000989879978086,28.00099040903556,28.00099171506469,28.00099486535373,28.001002266333934,28.00101914981905,28.00105646049873,28.0011361863339,28.00130067641716,28.00162800554514,28.002255766055807,28.003415476098493,28.005478725846572,28.009013997167266,28.01484989781927,28.024136994530302,28.038397669123675,28.0595527851987
50.0,28.001030355476466,28.001030380636134,28.001030476585193,28.001030729773838,28.00103136116544,28.001032898656078,28.00103655760464,28.001045041554054,28.001064151842513,28.00110587263836,28.001193991881358,28.001373804239602,28.001727919799734,28.002400466522328,28.00363171875037,28.005804073664745,28.00949813025018,28.015554542515975,28.025133962595913,28.0397648604033,28.06136852956016
51.0,28.001071964254457,28.00107199506223,28.001072111762856,28.001072416201296,28.00107316561194,28.001074966483678,28.00107919661571,28.00108888107508,28.001110429383456,28.00115692159218,28.00125402006471,28.00145005106509,28.00183224080235,28.00255130014991,28.00385623724832,28.006140130995423,28.009995455253854,28.016274571830454,28.026147844928516,28.041149514713947,28.063201133343192
52.0,28.00111439875792,28.001114436244553,28.001114577330785,28.001114941337725,28.001115826203733,28.00111792546857,28.001122794457274,28.001133805001825,28.001158014162574,28.00120965437969,28.001316335740434,28.001529499088445,28.001941062413003,28.002708360131447,28.004089105513614,28.00648693084558,28.01050594561155,28.0170098911133,28.027178485805365,28.04255143840296,28.065050398897945
53.0,28.001157659652954,28.001157704992778,28.001157874580855,28.001158307480292,28.001159347104224,28.00116178302276,28.001167363871982,28.001179834271184,28.001206938783294,28.001264118721853,28.001381003930483,28.001612229726803,28.002054476470388,28.00287173641807,28.004330393529823,28.006844502616776,28.011029572746263,28.017760406299594,28.02822573290607,28.04397044325015,28.066916134469867
54.0,28.001201747707004,28.001201802231193,28.00120200496127,28.00120251715816,28.001203732823903,28.001206547058487,28.001212918275044,28.00122699063533,28.001257236690826,28.001320362975235,28.001448089743413,28.001698323555768,28.002172572782065,28.003041515796546,28.00458016751146,28.0072128723225,28.01156630625372,28.01852602396871,28.029289437203918,28.0454063462218,28.06879815391489
55.0,28.001246663797968,28.001246729008272,28.001246970087283,28.001247573144393,28.00124898823208,28.001252225996303,28.00125947175276,28.001275296643264,28.00130894213063,28.001378436067856,28.001517658300223,28.001787860252488,28.00229543912085,28.00321778196823,28.00483849006626,28.007592062791986,28.012116114070206,28.01930665139558,28.030369452861027,28.046858969239953,28.070696276433537
56.0,28.001292408923607,28.001292486506472,28.001292771752002,28.00129347846765,28.001295118567935,28.001298828771926,28.00130703905948,28.00132477562096,28.001362090106657,28.001438387436956,28.00158977466482,28.001880918545105,28.00242316122676,28.003400615628912,28.005105420351143,28.00798209386137,28.012678962626648,28.02010219659438,28.031465637127244,28.04832813896568,28.072610326322277
57.0,28.0013389842112,28.001339076052236,28.00133941193725,28.001340236423577,28.00134212945082,28.001346364841922,28.001355635613074,28.001375451650276,28.00141671633945,28.001500266968797,28.001664503778954,28.001977576168223,28.002555822813857,28.00359009454914,28.005381014222024,28.008382982553034,28.013254816990106,28.020912568355598,28.032577850242724,28.049813686595375,28.07454013274081
58.0,28.001386390927387,28.001386499126166,28.001386892824378,28.001387850585907,28.00139002688987,28.001394844188187,28.001405277488985,28.001427349546756,28.001472857224353,28.00156412494053,28.00174191040153,28.002077909823935,28.00269350558144,28.00378629365459,28.00566532437746,28.008794743243886,28.013843640993798,28.021737676277194,28.0337059553441,28.051315447669005,28.076485529493926
59.0,28.00143463048826,28.001434757373307,28.001435216805067,28.001436324817213,28.001438817292822,28.001444277321287,28.001455981412978,28.001480494836546,28.00153054979,28.00163001196428,28.001822059052085,28.002181995147996,28.00283628922899,28.00398928510612,28.005958400496418,28.00921738782326,28.01444539735663,28.022577430790573,28.034849818374138,28.0528332618895,28.078446354826788
60.0,28.001483704469518,28.00148385261352,28.001484386492,28.001485663279244,28.00148850747409,28.001494675282697,28.00150776475269,28.00153491373252,28.001589831657196,28.00169797893344,28.001905013958307,28.00228990668076,28.002984251474466,28.00419913837924,28.00626028937019,28.00965092584117,28.01506004779315,28.02343174318196,28.036009307994778,28.05436697295239,28.08042245123265
61.0,28.001533720930745,28.001533893165863,28.001534511043392,28.00153597675682,28.001539210976006,28.001546155959893,28.00156075182201,28.001590739423722,28.001650847312263,28.00176818328514,28.001990945321435,28.00240182415648,28.003137574389424,28.00441602665663,28.006571141342683,28.010095470961467,28.01568765942866,28.024300631923662,28.037184427114102,28.055917599477677,28.082438438417416
62.0,28.001584788096835,28.001584987530087,28.00158569984446,28.001587376338414,28.00159104174642,28.001598837757548,28.00161506754154,28.001648105721458,28.001713741738225,28.001840782622136,28.002080022942405,28.002517926153836,28.003296438093784,28.00464012057681,28.006891104102742,28.01055113479277,28.016328299790796,28.02518414964829,28.038375716914913,28.05749069733354,28.084508395962416
63.0,28.0016369080644,28.001637138093056,28.001637956213614,28.001639867121174,28.001644007840458,28.00165273329267,28.001670731123117,28.001707040729908,28.00177855407163,28.001915828361863,28.002172309876553,28.002638283775077,28.00346091447768,28.00487148200797,28.007220216539903,28.011017921601137,28.016981942975796,28.02608237280668,28.039584177131943,28.05908924248765,28.086623010871175
64.0,28.001690083131066,28.001690347457995,28.00169128373137,28.001693454538398,28.00169811774442,28.00170785571172,28.001727762376362,28.001767573139446,28.00184532388315,28.001993372010656,28.00226786871454,28.00276296695162,28.003631073549467,28.005110170467383,28.007558515516894,28.01149583798438,28.01764859346544,28.0269955080263,28.040810814386656,28.06071444227329,28.088776268338172
65.0,28.001744315805812,28.001744618454698,28.001745686249997,28.00174814436754,28.00175338038001,28.001764218687867,28.001786181695564,28.001829732200804,28.00191409114013,28.002073465121228,28.00236676154763,28.002892044434546,28.003806983475283,28.005356243304576,28.0079060368312,28.011984897274083,28.0183282936637,28.02792384342237,28.042056474659372,28.06236658604869,28.090964123655972
66.0,28.001799608819155,28.0017999541496,28.001801167902926,28.001803942737702,28.001809805107758,28.00182183641741,28.00184601004588,28.001893547699204,28.001984896170107,28.00215615925235,28.002469049936234,28.003025583790947,28.003988710643682,28.005609756016277,28.008262816552115,28.012485123176997,28.019021122427713,28.028867702131617,28.043321804424153,28.064045499088234,28.093183737956167
67.0,28.001855965133277,28.001856357855658,28.00185773311377,28.001860856136588,28.001867401729772,28.00188072361539,28.001907268948962,28.001959049928498,28.002057779625353,28.00224150593076,28.00257479488231,28.003163651409924,28.004176319769833,28.005870762694226,28.008628892452425,28.012996551874114,28.019727188449597,28.029827408019266,28.044607264037914,28.065750783700274,28.09543303124168
68.0,28.001913387951948,28.00191383314202,28.001915386605052,28.00191889141692,28.00192618049173,28.001940895510455,28.001969980468044,28.002026269665418,28.002132782448495,28.002329556615443,28.002684056806615,28.00330631252272,28.004369874046834,28.006139316566394,28.009004305280502,28.013519232524985,28.020446621673567,28.030803263891762,28.045913158268913,28.06748194621046,28.097710416023364
69.0,28.001971880730263,28.001972383843462,28.00197413340652,28.001978055802304,28.001986152084186,28.00200236783903,28.002034167192623,28.00209523814401,28.002209945839333,28.002420362664658,28.002796895532196,28.003453631240816,28.004569435342255,28.006415470572932,28.009389099711765,28.014053226490336,28.021179564768286,28.03179553956341,28.047239668822712,28.06923846277465,28.100014635135896
70.0,28.00203144718417,28.002032014069574,28.002033978863096,28.002038356892523,28.002047327643222,28.002065156838817,28.002099852222763,28.002165987030327,28.00228931122296,28.002513975306076,28.002913370275678,28.003605670613823,28.004775064429975,28.00669927791811,28.009783324915034,28.014598605696126,28.021926165699725,28.032804466765455,28.048586883108012,28.07101981249748,28.10234466058011
71.0,28.002092091299737,28.002092728213597,28.002094928642396,28.002099802668322,28.002109718750418,28.002129279241704,28.0021670591531,28.00223854839753,28.002370920219406,28.002610445610685,28.00303353964751,28.00376249270689,28.00498682124233,28.006990792551367,28.010187034742707,28.01515545053459,28.02268657179761,28.03383023840182,28.049954817693255,28.072825493178364,28.104699628747618
72.0,28.002153817342137,28.002154530961004,28.002156988741856,28.002162401495603,28.002173337432218,28.00219475226612,28.00223581205663,28.002312954701406,28.002454814615028,28.002709824470973,28.003157461661974,28.003924158694964,28.005204765125928,28.007290069547167,28.010600287598056,28.015723847612964,28.02346092533187,28.034873010336682,28.051343436641034,28.074655027927804,28.10707879776875
73.0,28.002216629864314,28.002217427297698,28.002220165495377,28.00222616212909,28.002238196158686,28.00226159360891,28.00230613546837,28.002389238756557,28.002541036335924,28.002812162583975,28.003285193756938,28.00409072896972,28.00542895508568,28.00759716536969,28.011023146053223,28.01630388756569,28.024249360429447,28.035932904493478,28.052752665503853,28.07650796708126,28.109481518609954
74.0,28.00228053371535,28.002281422517868,28.00228446557959,28.00229109371546,28.002304307841698,28.00232982143672,28.002378054368947,28.002467433713285,28.002629627423623,28.00291751043945,28.00341679282281,28.004262263254,28.005659450004394,28.007912138021904,28.011455676294375,28.01689566306255,28.0250520010927,28.03701001249292,28.054182401866647,28.07838388777879,28.111907214919896
75.0,28.00234553404847,28.00234652223147,28.00234989601959,28.00235720579593,28.00237168583258,28.002399454377027,28.002451594168225,28.00254757303544,28.002720630013382,28.003025918313384,28.00355231523942,28.004438820718313,28.00589630882888,28.008235047088093,28.011897947463567,28.017499267081007,28.02586896007555,28.038104399368944,28.055632523231512,28.080282392467122,28.114355368581993
76.0,28.002411636328663,28.002412732371283,28.002416464194283,28.002424508308327,28.002440343919243,28.002470511508808,28.00252678068908,28.002629690479306,28.00281408631519,28.00313743626674,28.00369181691918,28.004620460094312,28.00613959071736,28.008565953684716,28.012350030954742,28.018114791465987,28.026700338399195,28.03921610710658,28.05710289289496,28.082203106981122,28.116825509084595
77.0,28.002478846339944,28.002480059199602,28.002484177841215,28.002493011588644,28.002510296322836,28.002543012352966,28.002603640151378,28.002713820073737,28.002910038597715,28.0032521141491,28.003835353354596,28.00480723978081,28.00638935514618,28.00890492033737,28.012811999708173,28.01874232577131,28.027546225326244,28.040345157875105,28.058593364324285,28.08414567853922,28.119317205510786
78.0,28.002547170192198,28.00254850931449,28.002553045060967,28.00256272637211,28.00258155769395,28.002616976862527,28.002682199156325,28.00279999610162,28.003008529175162,28.003370001606694,28.003982979668105,28.004999217938884,28.00664566197669,28.00925201080184,28.013283927534946,28.019381956360174,28.028406698649928,28.041491556907893,28.060103784417173,28.08610977381481,28.121830060370407
79.0,28.002616614327632,28.00261808965559,28.002623074321075,28.00263366379377,28.002654143108437,28.002692425412686,28.00276248467123,28.00288825308286,28.00310960039708,28.003491148094174,28.00413475066225,28.00519645257356,28.006908571485038,28.009607289846308,28.013765888492504,28.02003376573369,28.029281825189145,28.042655295025185,28.061633995931484,28.088095077154566,28.124363704758302
80.0,28.002687185526785,28.002688807509536,28.002694274459486,28.00270583538861,28.002728068062837,28.0027693787908,28.002844524014822,28.002978625758892,28.00321329464095,28.003615602889315,28.00429072086841,28.005399001600654,28.00717814435894,28.00997082300964,28.014257956323426,28.020697832053866,28.030171661408332,28.043836350820072,28.063183839297782,28.09010128896723,28.126917794488314
81.0,28.002758890914127,28.00276067051488,28.00276665468757,28.00277925309123,28.002803348469495,28.00284785818637,28.002928344843177,28.003071149078803,28.003319654307326,28.003743415109845,28.00445094459256,28.00560692289808,28.00745444166635,28.010342676348383,28.01476020396321,28.021374228828112,28.031076254103716,28.045034692539105,28.06475315397164,28.0921281242831,28.129492006959552
82.0,28.002831737963213,28.002833686666637,28.00284022459265,28.0028539292351,28.002880000651416,28.002927885181087,28.00301397513634,28.00316585818705,28.003428721817333,28.003874633731545,28.00461547595675,28.005820274341858,28.007737524801048,28.010722916182612,28.015272703117944,28.022063024725007,28.031995641114882,28.046250279692902,28.06634177944166,28.094175311473215,28.132086038582358
83.0,28.0029057345014,28.00290786432032,28.002914994140127,28.002929876551434,28.002958041336854,28.003009481738996,28.003101443185734,28.00326278841277,28.00354053961212,28.004009307606857,28.00478436893547,28.00603911382739,28.008027455410204,28.011111608848307,28.015795523909595,28.022764283494677,28.032929852033607,28.047483064431784,28.06794955597888,28.096242591113022,28.134699602638957
84.0,28.002980888714124,28.00298321219559,28.002990973675153,28.003007108167676,28.003037487653717,28.003092670196857,28.003190777582322,28.00336197526057,28.003655150153996,28.00414748548323,28.004957677386198,28.00626349927731,28.008324295308622,28.01150882046205,28.016328734584494,28.023478063970895,28.033878908891502,28.048732992719057,28.069576325191225,28.098329714974312,28.137332427486744
85.0,28.00305720914875,28.003059739379438,28.003068173923896,28.003085637605654,28.003118357123856,28.003177473254745,28.00328200720564,28.00346345440274,28.003772595928798,28.004289216020588,28.00513545507381,28.0064934886371,28.00862810638384,28.011914616701958,28.01687240127948,28.02420442013571,28.034842826814952,28.050000005331192,28.07122193043037,28.100436445129848,28.13998425503511
86.0,28.003134704717954,28.003137455328936,28.003146605994374,28.00316547877942,28.003200667657225,28.00326391396693,28.003375161213633,28.003567261672732,28.003892919449203,28.004434547807374,28.005317755688765,28.006729139860248,28.00893895049586,28.012329062607225,28.01742658783959,28.024943401230868,28.035821614640717,28.05128403871059,28.0728862170865,28.10256255315648,28.142654839443324
87.0,28.003213384702715,28.003216369873584,28.003226281376946,28.003246645992807,28.003284437545982,28.003352015733086,28.00347026903332,28.003673433059774,28.004016163258584,28.00458352937475,28.00550463285917,28.006970510884404,28.009256889374562,28.012752222397726,28.017991355681122,28.025695051903174,28.036815275489047,28.052585025693055,28.07456903279763,28.104707819424174,28.14534394599884
88.0,28.003293258754834,28.00329649321723,28.003307211944403,28.00332915393673,28.00336968545858,28.00344180228986,28.003567360352246,28.003782004704455,28.0041423699351,28.004736209208584,28.00569614015694,28.007217659600258,28.00958198451741,28.013184159313937,28.01856676369401,28.02645941237356,28.03782380729346,28.053902896128932,28.07627022759369,28.106872032459904,28.148051350144357
89.0,28.003374336899093,28.00337783593958,28.00338940995172,28.003413017686253,28.003456430433864,28.003533297702802,28.003666465110705,28.00389301289512,28.00427158209571,28.004892635759084,28.00589233109851,28.007470643814596,28.009914297089477,28.013624935477072,28.01915286817795,28.027236518621688,28.03884720328784,28.055237577414022,28.077989653990652,28.10905498837694,28.150776836628545
90.0,28.003456629534945,28.003460408997327,28.00347288803546,28.00349825269748,28.00354469187522,28.00362652635868,28.003767613494613,28.004006494064907,28.004403842399867,28.005052857447858,28.00609325914056,28.007729521209022,28.010253887827417,28.014074611768585,28.019749722807102,28.02802640257983,28.03988545245259,28.056588994943862,28.0797271670465,28.111256490361246,28.153520198760408
91.0,28.003540147437857,28.003544223724905,28.0035576592129,28.003584874804268,28.003634489544773,28.00372151295819,28.00387083592907,28.004122484789253,28.00453919355265,28.005216922672407,28.00629897767123,28.007994349295593,28.01060081694854,28.01453324772805,28.02035737861876,28.02882909233099,28.040938539922053,28.05795707250292,28.08148262438788,28.11347634820794,28.15628123775113
92.0,28.003624901760247,28.00362929183488,28.003643736880843,28.003672900214784,28.003725843557714,28.003818282509048,28.00397616307246,28.00424102178372,28.004677678307154,28.005384879808062,28.006509539997484,28.008265185370544,28.010955144065846,28.015000901468138,28.02097588402188,28.029644612307624,28.04200644735579,28.059341732598362,28.08325588621449,28.11571437790177,28.159059762130255
93.0,28.003710904032076,28.003715625418003,28.003731134814192,28.003762345507976,28.00381877437671,28.00391686031944,28.00408362581101,28.004362141902,28.004819339466053,28.005556777207435,28.006724999329123,28.008542086467067,28.01131692810956,28.01547762960533,28.02160528482193,28.030472983488078,28.043089153276437,28.06074289674662,28.085046815286454,28.117970401236303,28.161855587225425
94.0,28.003798166161054,28.003803236942932,28.00381986716424,28.003853227629925,28.003913302806453,28.004017271991813,28.004193255253817,28.004485882133935,28.004964219882112,28.005732663197517,28.00694540875997,28.008825109308052,28.011686227255474,28.015963487204935,28.022245624258908,28.03131422358874,28.044186633376793,28.06216048571962,28.086855276898866,28.120244245467333,28.164668534696766
95.0,28.003886700432574,28.003892139255655,28.00390994845678,28.003945563890134,28.004009449988317,28.004119543417012,28.004305082728163,28.0046122796035,28.00511236245771,28.00591258607458,28.007170821246902,28.009114310259413,28.0120630988602,28.016458527739022,28.02289694305588,28.032168347250398,28.045298860798763,28.06359441975656,28.088681138846738,28.122535742996636,28.16749843211855
96.0,28.003976519509255,28.003982345578624,28.004001393589984,28.004039371957763,28.00410723739519,28.004223700768687,28.004419139775106,28.004741371566556,28.00526381014325,28.00609659409708,28.007401289587055,28.009409745284675,28.012447599403323,28.01696280305587,28.023559279475787,28.03303536621775,28.046425806386676,28.06504461874611,28.09052427138284,28.124844731082643,28.17034511260187
97.0,28.004067636430275,28.004073869509618,28.004094217832115,28.004134669857816,28.0042066868264,28.004329770497975,28.004535458145252,28.004873195408386,28.005418605934494,28.00628473547674,28.007636866393803,28.009711469901223,28.012839784436284,28.017476363359687,28.02423266938456,28.033915289511494,28.04756743891725,28.0665110023833,28.092384547170408,28.127171051575107,28.173208414453157
98.0,28.004160064610343,28.00416672502036,28.004188436819067,28.004231475967316,28.004307820402815,28.004437779328406,28.004654069794636,28.00500778864084,28.00557679286879,28.00647705836804,28.00787760407185,28.01001953913861,28.013239708537746,28.017999257199346,28.0249171463189,28.034808123592512,28.0487237253084,28.067993490304538,28.09426184123225,28.129514550671228,28.17608818086414
99.0,28.00425381783848,28.00426092645492,28.00428406655176,28.004329809011452,28.00441066056202,28.004547754250993,28.004775006880667,28.00514518889911,28.00573841402029,28.006673610856343,28.008123554791858,28.010334007499175,28.01364742527515,28.01853153146499,28.025612741557417,28.035713872518038,28.049894630808858,28.069492002203862,28.09615603089746,28.131875078690953,28.17898425962941
100.0,28.004348910276537,28.004356488527865,28.004381123393426,28.00442968805973,28.004515230053645,28.004659722519488,28.004898301758057,28.00528543393809,28.005903512494143,28.00687444094482,28.00837477046489,28.010654928921177,28.014062987172125,28.019073231391555,28.026319484193962,28.036632538089783,28.0510801191704,28.071006457932995,28.098066995746667,28.134252489869557,28.18189650288845
101.0,28.004445356457477,28.00445342632227,28.004479624066736,28.0045311325221,28.0046215519348,28.004773711645754,28.005023986974702,28.00542856162825,28.006072131419774,28.007079596540454,28.00863130271702,28.010982356744574,28.014486445681367,28.019624400568176,28.027037401212183,28.0375641199941,28.05228015280436,28.072536777587324,28.099994617556515,28.136646642165733,28.184824766889324
102.0,28.004543171283483,28.004551755287522,28.004579585650877,28.004634162145116,28.004729649565558,28.004889749395215,28.00515209526746,28.005574609951026,28.006244313943306,28.007289125439232,28.008893202864318,28.01131634367949,28.014917851162597,28.02018508095268,28.027766517560618,28.038508615934376,28.05349469292389,28.07408288157977,28.101938780244023,28.13905739708371,28.187768911771673
103.0,28.00464237002386,28.00465149123696,28.0046810255785,28.00473879700808,28.004839546604575,28.005007863782364,28.00528265955779,28.00572361699374,28.006420103219185,28.007503075310783,28.009160521888404,28.011656941777442,28.015357252865222,28.020755312890415,28.0285068562276,28.039466021755914,28.054723699673364,28.075644690704106,28.103899369811156,28.141484619508038,28.190728801366912
104.0,28.00474296831279,28.004752650345395,28.004783961632608,28.004845057519194,28.00495126700471,28.00512808306631,28.005415712947237,28.005875620944067,28.006599542401126,28.007721493682595,28.009433310412803,28.01200420240526,28.01580469891532,28.0213351351367,28.029258438315555,28.040436331563587,28.05596713224609,28.077222126189145,28.105876274290022,28.143928177549892,28.193704303013874
105.0,28.00484498214692,28.004855249146473,28.004888411943366,28.004952964411714,28.005064835008735,28.005250435746284,28.005551288712716,28.006030660083987,28.00678267463246,28.007944427923984,28.00971161868018,28.01235817622169,28.01626023630657,28.021924584882303,28.03002128311421,28.041419537832564,28.057224948991504,28.078815109744944,28.107869383688925,28.146387942403813,28.1966952873883
106.0,28.004948427882805,28.00495930452994,28.00499439498486,28.00506253874011,28.005180275145058,28.005374950557144,28.00568942030158,28.006188772783336,28.006969543035936,28.008171925229938,28.00999549653059,28.012718913156565,28.01672391089475,28.02252369778144,28.030795408172466,28.042415631512462,28.058497107512792,28.08042356360209,28.10987858993944,28.148863788213987,28.19970162834484
107.0,28.005053322234243,28.005064833738786,28.00510192957177,28.005173801876214,28.005297612223448,28.00550165646481,28.005830141326474,28.00634999749293,28.007160190703093,28.008404032604997,28.010284993380864,28.013086462392536,28.01719576739549,28.02313250798177,28.031580829368632,28.043424602125246,28.059783564755836,28.082047410544956,28.111903786844678,28.15135559194919,28.20272320277029
108.0,28.00515968226949,28.00517185436631,28.00521103485603,28.005286775505372,28.005416871330777,28.005630582661645,28.005973485559966,28.00651437273727,28.007354660683294,28.00864079684725,28.01058015820513,28.013460872349157,28.017675849384933,28.023751048156036,28.032377560978855,28.04444643785719,28.061084277090316,28.083686573939666,28.11394487002883,28.153863233285684,28.205759890447094
109.0,28.005267525408364,28.00528038435308,28.005321730323388,28.005401481622567,28.005538077826735,28.005761758561714,28.006119486928938,28.006681937106947,28.007552995972482,28.008882264532566,28.01088103951656,28.013842190669294,28.018164199303037,28.024379349534925,28.033185615743598,28.045481125645292,28.062399200383698,28.085340977757458,28.116001736888048,28.156386594497402,28.208811573926077
110.0,28.00537686941928,28.00539044198382,28.005434035789982,28.00551794252853,28.005661257339526,28.005895213795974,28.006268179508748,28.006852729250674,28.0077552395017,28.00912848199917,28.011187685350343,28.0142304642077,28.018660858459175,28.025017441940882,28.034005004932094,28.046528651258388,28.063728290068727,28.087010546594026,28.118074286542726,28.1589255603528,28.211878138407656
111.0,28.005487732416167,28.00550204588422,28.005547971398805,28.00563618082583,28.00578643576151,28.006030978207317,28.006419597517155,28.00702678786706,28.00796143412556,28.009379495332563,28.011500143247936,28.014625739021607,28.019165867039835,28.025665353822575,28.03483573840469,28.04758899937333,28.06507150120508,28.08869520568534,28.12016241979117,28.16148001801786,28.214959471630706
112.0,28.00560013285533,28.005615215017702,28.00566355761617,28.00575621941493,28.0059136392448,28.006169081845528,28.006573775308052,28.007204151696126,28.008171622610565,28.00963535035095,28.011818460242523,28.0150280603633,28.019679264118125,28.026323112289788,28.035677824673034,28.04866215364651,28.066428788535625,28.090394880920375,28.122266039064698,28.164049856964752,28.218055463768504
113.0,28.00571408953224,28.005729968682072,28.00578081522811,28.0058780814902,28.006042894196796,28.006309554962073,28.00673074736498,28.007384859510648,28.008385847623508,28.009896092591152,28.012142682845738,28.01543747267442,28.020201087664905,28.026990743148524,28.036531270958136,28.049748096781006,28.06780010653787,28.09210949885116,28.124385048384113,28.166634968885713,28.221166007331068
114.0,28.00582962157825,28.005846326506166,28.005899765336736,28.006001790535887,28.006174227275658,28.006452428004803,28.00689054829443,28.00756895010727,28.008604151719876,28.010161767295067,28.012472857035586,28.015854019582008,28.020731374561304,28.027668270936147,28.037396083246268,28.050846810589622,28.069185409470943,28.093838986700437,28.126519353317605,28.169235247611752,28.224290997073442
115.0,28.005946748457248,28.005964308446412,28.006020429356553,28.00612737032206,28.00630766538568,28.00659773161247,28.007053212819,28.007756462297543,28.00882657733237,28.01043241939675,28.012809028245556,28.016277743896033,28.021270160612463,28.028355718956437,28.038272266342748,28.051958276054094,28.07058465141856,28.095583272367286,28.12866886094,28.17185058903582,28.227430329909392
116.0,28.00606548996226,28.006083934783334,28.00614282901071,28.006254844900454,28.006443235672606,28.006745496609152,28.00721877577036,28.00794743489882,28.009053166759617,28.010708093510065,28.01315124135489,28.01670868760842,28.021817480562316,28.029053109314376,28.03915982392363,28.053082473380684,28.071997786328307,28.09734228443091,28.13083347979335,28.174480891040133,28.230583904830134
117.0,28.006185866211986,28.006205226118006,28.00626698632721,28.0063842386003,28.00658096551884,28.00689575399855,28.007387272082095,28.008141906725125,28.009283962155013,28.010988833917004,28.01349954067996,28.01714689189335,28.022373368109257,28.02976046295061,28.040058758585335,28.054219382052402,28.073424768047563,28.099115952152832,28.133013119848815,28.17712605342731,28.233751622827644
118.0,28.006307897647275,28.00632820336846,28.006392923635076,28.00651557602408,28.006720882538584,28.007048534958123,28.007558736782396,28.008339916577967,28.009519005515852,28.011274684556636,28.01385396996671,28.017592397108814,28.022937855922574,28.03047779967548,28.040969071892302,28.05536898087805,28.07486555035636,28.100904205477743,28.135207692469844,28.17978597785509,28.236933386822255
119.0,28.00643160502757,28.00645288776602,28.006520663560448,28.00664888204318,28.006863014572854,28.00720387083315,28.007733204986668,28.008541503237165,28.009758338672665,28.0115656890147,28.01421457238415,28.018045242799246,28.023510975659498,28.031205138202527,28.04189076442267,28.056531248038322,28.076320086997434,28.1027069750331,28.137417110376543,28.18246056777442,28.240129101594214
120.0,28.006557009427254,28.006579300851598,28.00665022902261,28.00678418179354,28.00700738968444,28.007361793130634,28.00791071189002,28.00874670545169,28.0100020032789,28.011861890513867,28.014581390518813,28.018505467699196,28.02409275798274,28.031942496181443,28.042823835812097,28.057706161129126,28.077788331703722,28.104524192127673,28.139641287611283,28.185149728370572,28.243338673718867
121.0,28.00668399777612,28.006707330016052,28.006781508774118,28.00692136621529,28.007153901696856,28.007522199057263,28.008091158303824,28.008955427474707,28.010249906344978,28.01216319744878,28.01495433191425,28.01897297528204,28.024683098122587,28.03268975577451,28.043768150339847,28.058893562746402,28.07927010376762,28.10635565429331,28.141879973056653,28.18785188541944,28.246530680762532
122.0,28.0068124573304,28.00683686297115,28.00691439187149,28.00706032652302,28.007302444663914,28.00768498598792,28.008274445122893,28.009167573529353,28.010501954703404,28.012469517852384,28.015333303542132,28.019447668240197,28.025281890369982,28.033446798163062,28.044723571443328,28.060093294962382,28.080765220986574,28.108201117655277,28.144132239324136,28.19055973269162,28.24968703705305
123.0,28.00694241011226,28.006967922188966,28.00704890211436,28.007201088644443,28.00745304730765,28.00785018590258,28.008460607761094,28.009383182243106,28.010758189442658,28.012780893831415,28.015718346242632,28.019929582934576,28.025889162538252,28.034213638019768,28.04569009614415,28.061305332674447,28.082273618464654,28.110060310021407,28.14639658345092,28.193269232819812,28.252819247994736
124.0,28.00707387844374,28.007100530435757,28.00718506357906,28.007343678753504,28.007605738550716,28.008017830917705,28.008649681681472,28.009602292176798,28.011018651436018,28.01309736709701,28.016109500260153,28.020418754939175,28.02650494151778,28.03499028904442,28.04666772018896,28.06252964507924,28.083795192139718,28.111932796375378,28.148671497999167,28.19597859106548,28.255934653852165
125.0,28.00720688494286,28.00723471076795,28.007322900614344,28.00748812326564,28.007760547510866,28.008187953279712,28.008841702388583,28.009824941815992,28.011283381332905,28.01341897895813,28.016506805241917,28.020915219047563,28.0271292532816,28.03577676385465,28.047656437002388,28.063766190274475,28.08532978936146,28.113818040455488,28.15095568280976,28.19868717927601,28.259038109166223
126.0,28.00734145251963,28.007370486528078,28.007462437837066,28.007634448832924,28.0079175034954,28.008360585358414,28.009036705420815,28.01005116956249,28.011552419550625,28.013745770315563,28.01691030023691,28.02141900927614,28.027762122860956,28.036573073707288,28.048656236157573,28.06501491081269,28.086877210850243,28.115715463519315,28.1532480940398,28.201394961647384,28.262132949098586
127.0,28.007477604372017,28.00750788134066,28.00760370012773,28.00778268233914,28.008076635995476,28.00853575964039,28.009234726342758,28.010281013726043,28.011825806266476,28.01407778165636,28.01732002369425,28.02193015885904,28.02840357427213,28.03737922804885,28.049667101719944,28.06627573119618,28.088437219160124,28.117624487709943,28.155547927118185,28.204102189592472,28.265221554507427
128.0,28.00761536398187,28.00764691910801,28.00774671262604,28.007932850894825,28.0082379746804,28.008713508722348,28.00943580073761,28.010514512516203,28.012103581410173,28.014415053048435,28.01773601345949,28.022448700228555,28.029053630384684,28.038195233944947,28.050689010786,28.067548557379904,28.090009549619282,28.119544563603707,28.15785457802885,28.206809240965143,28.268305688622444
129.0,28.007754755110724,28.007787624005957,28.007891500726323,28.008084981832173,28.008401549391838,28.008893865304422,28.00963996419964,28.0107517040344,28.012385784656537,28.014757624134848,28.01815830676676,28.022974664976037,28.029712312733206,28.039021095462893,28.051721932421046,28.068833277887272,28.091593921193784,28.12147518529342,28.160167602071752,28.209516536655606,28.271386701973785
130.0,28.007895801795595,28.007930020479552,28.008038090072926,28.008239102699914,28.008567390137948,28.00907686218349,28.00984725232671,28.010992626266173,28.0126724554183,28.015105534127116,28.01858694022469,28.023508083790478,28.03037964128492,28.039856813081634,28.052765827077685,28.07012976600386,28.09319004595332,28.123415896816105,28.16248667738299,28.21222449854263,28.27446566014975
131.0,28.008038528344688,28.008074133238654,28.008186506555504,28.00839524125813,28.008735527087495,28.009262532246456,28.01005770071287,28.01123731707351,28.012963632838765,28.015458821796685,28.019021949794297,28.024048986375078,28.031055634181907,28.040702383188425,28.05382064648414,28.07143788254954,28.094797636642234,28.12536629308175,28.164811575173115,28.21493352942456,28.277543425550373
132.0,28.00818295933302,28.008219987253486,28.008336776304272,28.008553425472957,28.0089059905639,28.009450908463528,28.010271344941003,28.011485814187253,28.01325935578406,28.01581752546377,28.019463370757723,28.024597401344668,28.031740307478707,28.041557797700477,28.05488633393514,28.07275747883643,28.096416412335557,28.12732601759875,28.167142136446962,28.21764400450389,28.280620711169664
133.0,28.008329119598006,28.008367607750085,28.00848892568518,28.008713683511292,28.009078811039238,28.009642023881515,28.010488220575528,28.01173815519949,28.01355966283463,28.016181682982808,28.01991123767754,28.025153356109232,28.03243367489476,28.042423043829285,28.055962824892696,28.07408839954017,28.098046102394978,28.129294758539444,28.16947825421381,28.220356268825775,28.283698116996533
134.0,28.00847703423497,28.00851702020574,28.00864298129502,28.00887604373538,28.009254019128235,28.009835911617117,28.010708363155114,28.01199437755573,28.013864592275606,28.01655133172396,28.020365584347196,28.0257168767497,28.033135747597534,28.04329810398829,28.05705004780018,28.075430485317447,28.09968644902711,28.131272244122943,28.171819860068073,28.223070637675004,28.286776155358336
135.0,28.008626728592578,28.008668250344307,28.00879896995644,28.009040534697395,28.009431645582186,28.010032604850192,28.01093180818535,28.012254518546758,28.014174182085704,28.016926508550405,28.02082644373399,28.026287987892765,28.033846534027596,28.04418295583242,28.05814792502211,28.07678357508376,28.10133720875284,28.133258237898527,28.174166914134318,28.225787398341794,28.289855269054268
136.0,28.008778228268206,28.008821324131485,28.008956918712972,28.009207185133935,28.009611721282866,28.010232136817038,28.011158591131355,28.012518615300028,28.014488469924377,28.017307249791397,28.021293847916482,28.026866712590948,28.034566039772194,28.045077572410655,28.059256373837147,28.07814750792236,28.10299815306392,28.135252534253446,28.176519397554035,28.228506812425117,28.29293584466686
137.0,28.008931559103246,28.008976267770034,28.00911685482391,28.00937602396048,28.009794277236413,28.0104345408036,28.011388747410223,28.01278670477039,28.01480749311703,28.01769359121139,28.021767828018636,28.027453072213344,28.03529426748965,28.04598192240932,28.060375307428572,28.0795221246321,28.104669068496293,28.137254954305504,28.178877306873346,28.2312291182502,28.296018222566456
138.0,28.009086747178358,28.009133107694918,28.009278805759173,28.009547080265815,28.00997934456715,28.010639850138666,28.011622312383217,28.01305882373,28.015131288638184,28.018085567975845,28.022248414143075,28.02804708635127,28.03603121688352,28.046895970463314,28.061504635832364,28.08090726894294,28.106349756301597,28.139265342241927,28.181240649845755,28.233954533194968,28.299102704591427
139.0,28.009243818808635,28.009291870568372,28.00944279919414,28.009720383306362,28.010166954511394,28.010848098186916,28.011859321347686,28.013335008757334,28.01545989309262,28.018483214614342,28.02273563530584,28.028648772741782,28.03677688472291,28.047819677513825,28.06264426681665,28.08230278843874,28.108040031855353,28.141283562109376,28.183609442286937,28.236683255835434,28.30218956005639
140.0,28.009402800538723,28.00945258327494,28.009608863004345,28.009895962500515,28.01035713841117,28.011059318341882,28.01209980952858,28.013615296225197,28.015793342694597,28.01888656498202,28.023229519374723,28.029258147210864,28.03753126490373,28.048753001193642,28.06379410667719,28.08370853522996,28.109739723904475,28.143309495029573,28.185983705712594,28.239415467879958,28.305279030531477
141.0,28.009563719137866,28.009615272916417,28.009777025260203,28.010073847422873,28.010549927707874,28.01127354401874,28.01234381206951,28.013899722287665,28.016131673245418,28.019295652220183,28.023730093013043,28.02987522363683,28.03829434854463,28.049695896224193,28.06495406094186,28.085124366418302,28.11144867372819,28.14534303680087,28.188363465560702,28.242151335891915,28.308371333700112
142.0,28.009726601594895,28.009779966806757,28.00994731422162,28.010254067798453,28.01074535393586,28.011490808646876,28.01259136402331,28.01418832286598,28.01647492010958,28.019710508717118,28.024237381630286,28.030500013933747,28.039066124111248,28.050648314811625,28.066124034983172,28.08655014439162,28.11316673426457,28.147384095841055,28.190748749851466,28.244891012814392,28.311466666513493
143.0,28.009891475113168,28.009946692466908,28.010119758332575,28.010436653496818,28.010943448715903,28.011711145662225,28.01284250034203,28.014481133633463,28.016823118189897,28.020131166069973,28.02475140934066,28.031132528053885,28.039846577562308,28.051610207032084,28.06730393454183,28.087985736983192,28.114893769238265,28.149432591427228,28.19313958817644,28.247634639316,28.314565207799497
144.0,28.01005836710542,28.010115477619596,28.010294386215634,28.010621634526135,28.011144243748532,28.011934588499333,28.013097255866324,28.014778189999475,28.017176301902033,28.020557655048584,28.025272198930285,28.031772774007603,28.04063569251159,28.05258152119914,28.068493666167143,28.089431017524387,28.116629652312977,28.15148845219147,28.195536010936316,28.250382344978068,28.31766712044228
145.0,28.010227305188582,28.010286350184032,28.010471226666386,28.01080904102715,28.01134777080724,28.012161170583095,28.01335566531432,28.015079527092624,28.017534505148788,28.020990005561945,28.025799771833302,28.032420757898883,28.04143345040045,28.0535622042084,28.069693137581375,28.090885864815217,28.118374266283393,28.153551614835404,28.197938048767348,28.25313424934275,28.320772553219673
146.0,28.01039831717854,28.010459338270596,28.010650308647847,28.01099890326709,28.01155406173149,28.012390925320187,28.013617763269878,28.015385179743298,28.01789776129462,28.021428246627945,28.026334148116963,28.033076483974412,28.04223983067617,28.054552201856286,28.07090225797595,28.09235016303287,28.12012750231506,28.155622023031224,28.200345732111465,28.25589046283985,28.323881642364622
147.0,28.010571431084806,28.010634470175404,28.010831661284755,28.01119125163342,28.01176314841958,28.012623886090108,28.013883584170276,28.01569518246574,28.01826610314078,28.021872406346805,28.02687534647545,28.03373995468411,28.043054810972173,28.055551459131394,28.072120938247487,28.093823801594628,28.121889259236365,28.15769962648118,28.20275909089625,28.258651087608097,28.326994512901837
148.0,28.01074667510515,28.010811774374858,28.011015313857808,28.011386116627513,28.01197506282124,28.01286008623593,28.014153162293496,28.01600956943987,28.018639562901402,28.02232251187858,28.027423384232033,28.034411170750975,28.04387836728687,28.05655992047796,28.07334909118136,28.095306674988283,28.12365944288379,28.159784380111624,28.20517815429921,28.261416218224646,28.33011127979952
149.0,28.01092407762016,28.0109912795201,28.01120129579781,28.011583528858203,28.01218983693008,28.013099559054627,28.01442653174501,28.016328374493,28.019018172180942,28.022778589424938,28.02797827734898,28.035090131248293,28.044710474158503,28.05757753003182,28.074586631590037,28.09679868258045,28.125437965499703,28.161876243381304,28.207602950576884,28.264185942354743,28.333232048967776
150.0,28.011103667187744,28.011173014431403,28.011389636679734,28.011783519035163,28.01240750277577,28.01334233778713,28.014703726444267,28.016651631081686,28.019401961953196,28.023240664215262,28.028540040444504,28.0357768336823,28.04555110483398,28.058604231829896,28.075833476412825,28.098299728411,28.127224745180673,28.163975179686627,28.21003350694388,28.266960341331792,28.33635691812882
151.0,28.011285472537537,28.011357008092485,28.011580366216656,28.011986117962152,28.01262809241598,28.013588455608016,28.01498478011093,28.01697937227388,28.019790962542153,28.02370876049714,28.02910868681607,28.03647127407864,28.046400231430212,28.0596399699945,28.07708954478295,28.099809720979916,28.129019705373477,28.166081155849465,28.212469849490493,28.269739490676628,28.339485977579375
152.0,28.01146952256525,28.011543289644727,28.011773514253626,28.012191356530117,28.01285163792812,28.01383794561494,28.01526972625093,28.0173116307316,28.02018520360488,28.024182901531102,28.029684228469215,28.03717344707115,28.04725782508689,28.060684688894227,28.078354758067288,28.101328573031424,28.130822774415712,28.16819414167517,28.214912003130028,28.272523460563605,28.342619310861608
153.0,28.01165584632694,28.011731888381323,28.011969110761378,28.0123992657101,28.013078171400807,28.01409084081779,28.015558598142505,28.017648438694216,28.020584714116538,28.024663109589437,28.030266676151157,28.037883345991624,28.048123856109996,28.061738333283166,28.079629039883354,28.102856201339073,28.13263388511765,28.170314109570498,28.217359991569065,28.275312316239994,28.34575699535624
154.0,28.011844473033182,28.011922833741316,28.012167185829966,28.012609876546005,28.013307724925145,28.014347174127654,28.015851428822227,28.01798982796259,28.02098952235768,28.025149405958924,28.030856039388393,28.038600962959485,28.048998294105704,28.062800848420284,28.08091231609755,28.10439252649451,28.134452974381983,28.172441034212735,28.21981383729532,28.2781061184043,28.3488991028089
155.0,28.012035432043152,28.01211615530355,28.01236776966222,28.01282322014716,28.01354033058577,28.014606978345604,28.01614825107124,28.018335829884123,28.021399655903796,28.025641810947164,28.03145232652757,28.039326288970408,28.049881108104522,28.063872180170836,28.082204514808193,28.105937472701854,28.13627998285825,28.1745748922626,28.222273561579005,28.280904923548327,28.352045699798975
156.0,28.012228752858626,28.01231188278049,28.012570892567105,28.013039327680733,28.013776020451715,28.014870286151393,28.016449097401683,28.01868647533887,28.02181514161718,28.026140343892248,28.03205554477895,28.040059313983154,28.050772266675708,28.064952275091578,28.083505566316248,28.107490967579096,28.138114854628896,28.176715662114805,28.224739184484466,28.2837087842672,28.355196848158723
157.0,28.012424465117842,28.012510046011965,28.012776584952935,28.013258230363984,28.014014826567088,28.01513713009207,28.01675400004347,28.019041794726785,28.022236005641066,28.02664502317545,28.032665700261813,28.040800027003993,28.051671738032216,28.066041080501464,28.0848154030863,28.10905294196746,28.139957536923983,28.178863323680826,28.22721072488952,28.28651774954095,28.358352605349133
158.0,28.012622598589285,28.012710674958754,28.012984877320434,28.01347995945631,28.014256780941622,28.01540754257062,28.017062990931493,28.01940181795616,28.022662273395955,28.027155866236647,28.033282798051275,28.041548416168204,28.05257949012644,28.067138544539453,28.086133959699893,28.110623329749238,28.14180797986201,28.181017858199596,28.229688200510545,28.289331864990796,28.36151302479802
159.0,28.01282318316534,28.012913799696072,28.013195800255662,28.01370454625117,28.01450191554108,28.01568155583463,28.01737610169328,28.019766574433337,28.023093969578085,28.027672889592107,28.03390684222593,28.042304468818347,28.053495490737184,28.068244616210873,28.087461172803074,28.112202067674474,28.143666136214275,28.183179248072133,28.232171627931763,28.292151173112934,28.364678156205013
160.0,28.013026248855837,28.013119450406933,28.0134093844228,28.013932022067866,28.01475026227758,28.015959201965057,28.01769336363725,28.02013609305369,28.02353111815993,28.028196108854385,28.03453783591595,28.043068171579,28.054419707548313,28.069359245423694,28.088796981049583,28.11378909519652,28.145531961190642,28.185347476716995,28.234661022637482,28.294975713492153,28.367848045817478
161.0,28.013231825781443,28.01332765737536,28.0136256605568,28.01416241824316,28.015001852999866,28.016240512865206,28.018014807741558,28.020510402193896,28.02397374239261,28.028725538753974,28.035175781351125,28.043839510427798,28.055352108219534,28.07048238301598,28.090141325041003,28.11538435431645,28.147405412244577,28.187522528443676,28.237156399046317,28.29780552299744,28.3710227366807
162.0,28.01343994416696,28.01353845097949,28.01384465945588,28.014395766122785,28.01525671948352,28.016525520249868,28.018340464643618,28.020889529705517,28.024421864810083,28.029261193162483,28.035820679908653,28.044618470762693,28.05629266044987,28.071613980775595,28.09149414726487,28.116987789436156,28.149286448895655,28.18970438834166,28.23965777054668,28.300640635961358,28.374202268865318
163.0,28.013650634334493,28.013751861684526,28.01406641197391,28.014632097052875,28.01551489342121,28.01681425563472,28.018670364630324,28.021273502909857,28.024875507235002,28.02980308511701,28.036472532160218,28.04540503746536,28.057241332034277,28.07275399145319,28.092855392031623,28.118599347219842,28.15117503256786,28.191893042183032,28.242165149532916,28.303481084344902,28.377386679674565
164.0,28.013863926696438,28.01396792003557,28.014290949012654,28.01487144237127,28.015776406412943,28.017106750326036,28.01900453762902,28.02166234859404,28.025334690786067,28.030351226845482,28.037131337918247,28.046199194960817,28.058198090913937,28.073902368769406,28.094225005411065,28.120218976463672,28.15307112644216,28.19408847633693,28.244678547441637,28.306326897889203,28.380576003833482
165.0,28.014079851748406,28.01418665665033,28.014518301513895,28.01511383339877,28.016041289956412,28.017403035410737,28.019343013199194,28.02205609300835,28.02579943588677,28.030905629792766,28.03779709628105,28.04700092727322,28.05916290522072,28.075059067417033,28.095602935168948,28.121846627973156,28.154974695321997,28.196290677694336,28.247197974787902,28.30917810425534,28.38377027366203
166.0,28.01429844006198,28.01440810221169,28.014748500451486,28.015359301430365,28.016309575437415,28.017703141746804,28.019685820524984,28.022454761864672,28.026269762275355,28.031466304647264,28.03846980567673,28.04781021807803,28.060135743316266,28.07622404305889,28.09698913070409,28.123482254447968,28.15688570551046,28.19849963360186,28.249723441200953,28.31203472915347,28.38696951923381
167.0,28.014519722277356,28.014632287460167,28.014981576823246,28.01560787772639,28.01658129412042,28.01800709995409,28.020032988408442,28.022858380336125,28.0267456890159,28.032033261367868,28.03914946390571,28.048627050750543,28.06111657382616,28.077397252322065,28.09838354298644,28.12512581037378,28.15880412469805,28.200715331803476,28.252254955459343,28.314896796462143,28.390173768521812
168.0,28.01474372909586,28.01485924318625,28.01521756164283,28.015859593503706,28.016856477139285,28.018314940405585,28.02038454526357,28.023266973057677,28.027227234510338,28.032606509211057,28.039836068181774,28.049451408411024,28.062105365669602,28.078578652789044,28.09978612449631,28.12677725192075,28.16072992186002,28.202937760389144,28.254792525525254,28.31776432833882,28.393383047532538
169.0,28.014970491272347,28.015089000222652,28.015456485931495,28.01611447992691,28.017135155488138,28.018626693219094,28.02074051911115,28.023680564127798,28.02771441651133,28.03318605675801,28.040529615171558,28.050283273966485,28.063102088085017,28.079768202986248,28.101196829165065,28.128436536848284,28.162663067162423,28.20516690774953,28.257336158577925,28.32063734532232,28.396597380429565
170.0,28.01520003960751,28.015321589436418,28.01569838070981,28.016372568099538,28.01741736001251,28.018942388249414,28.021100937574296,28.02409917711103,28.028207252135857,28.033771911941567,28.041230101032433,28.051122630149333,28.064106710651917,28.080965862370405,28.102615612317408,28.13010362441573,28.164603531876025,28.207402762536095,28.259885861046076,28.32351586642791,28.399816789647637
171.0,28.01543240494005,28.015557041721003,28.015943276989344,28.016633889055356,28.017703121400643,28.01926205508097,28.021465827874792,28.024522835041413,28.028705757879397,28.03436408207298,28.041937521448773,28.051969459552996,28.065119203309422,28.08217159131315,28.10404243061536,28.131778475298603,28.166551288297395,28.209645313625863,28.262441638639352,28.32639990923569,28.403041295998143
172.0,28.0156676181388,28.015795387988238,28.016191205764297,28.01689847374972,28.017992470175106,28.01958572302094,28.021835216830127,28.024951560426707,28.0292099496306,28.034962573868256,28.042651871666543,28.052823744664714,28.066139536371736,28.083385351084136,28.105477242004046,28.13346105151003,28.168506309676502,28.211894550090374,28.265003496378625,28.329289489972833,28.406270918766733
173.0,28.01590571009474,28.016036659160232,28.01644219800316,28.017166353051028,28.01828543668462,28.0199134210929,28.02220913085123,28.02538537525337,28.029719842686386,28.03556739347411,28.04337314652627,28.05368546789563,28.067167680540877,28.08460710383306,28.106920005659358,28.135151316327107,28.170468570150206,28.214150461168277,28.267571438625282,28.332184623590233,28.409505675803853
174.0,28.016146711712942,28.016280886161233,28.016696284640332,28.017437557732293,28.018582051096235,28.02024517803094,28.02258759594088,28.025824300992166,28.03023545176728,28.036178546493364,28.044101340494386,28.054554611608374,28.068203606916953,28.085836812570726,28.10837068193747,28.136849234221813,28.172438044681154,28.216413036241157,28.270145469109394,28.335085323833937,28.41274558360878
175.0,28.016390653904477,28.016528099909447,28.016953496567808,28.01771211846285,28.018882343387737,28.020581022274254,28.02297063769275,28.02626835860439,28.030756791033017,28.036796038009786,28.044836447692937,28.05543115814226,28.069247287006213,28.08707444114942,28.109829232326245,28.138554770796222,28.174414709001564,28.218682264812255,28.272725590956806,28.337991603311895,28.415990657407725
176.0,28.016637567578258,28.01677833130884,28.01721386462685,28.0179900658002,28.019186343340426,28.020920981962288,28.023358281291078,28.026717568548634,28.031283874098282,28.037419872612304,28.045578461927743,28.056315089836247,28.070298692727132,28.088319954242834,28.11129561939856,28.140267892721727,28.176398539561486,28.220958136487685,28.275311806715184,28.340903473556313,28.41924091122657
177.0,28.016887483632853,28.01703161124089,28.01747741959976,28.018271430182015,28.01949408053217,28.02126508493031,28.023750551510897,28.027171950788016,28.031816714048468,28.03805005441853,28.04632737671502,28.057206389049853,28.071357796414716,28.089573317325613,28.112769806767453,28.141988567682013,28.178389513481154,28.223240640959936,28.277904118379002,28.343820945081983,28.422496357958565
178.0,28.0171404329483,28.017287970556406,28.0177441922017,28.018556241918358,28.01980558433081,28.02161335870548,28.024147472718823,28.02763152479785,28.032355323455505,28.038686587097594,28.047083185306512,28.0581050381821,28.072424570823237,28.090834496652736,28.114251759043103,28.14371676431955,28.180387608507026,28.225529767993315,28.280502527413518,28.34674402744094,28.425757009427553
179.0,28.017396446377894,28.017547440067318,28.01801421307258,28.018844531184047,28.0201208838879,28.021965830503383,28.024549068874343,28.02809630957367,28.032899714393572,28.03932947389226,28.047845880713183,28.05901101968867,28.07349898912758,28.09210345923882,28.115741441791634,28.145452452185342,28.182392802971258,28.227825507411204,28.283107034777768,28.34967272927366,28.429022876446965
180.0,28.017655554740003,28.01781005053851,28.01828751276907,28.019136328011253,28.02044000813274,28.02232252722502,28.024955363531596,28.028566323639566,28.033449898454748,28.039978717640277,28.0486154557275,28.059924316097387,28.074581024923326,28.093380172837445,28.117238821495626,28.14719560169176,28.184405075754274,28.23012784908485,28.28571764094659,28.352607058357098,28.432293968874994
181.0,28.017917680150788,28.018075724020594,28.018564013097595,28.01943155362319,28.020762877107714,28.02268336679511,28.025366271182467,28.02904147639767,28.034005778105374,28.040634212135895,28.04939179428531,28.060844801363018,28.07567054356666,28.09466449726149,28.11874375685722,28.148946075409114,28.18642429759108,28.232436674264463,28.288334211417887,28.35554582472425,28.435544976054352
182.0,28.01818274469048,28.018344382516254,28.018843635780964,28.019730129101536,28.021089410637387,28.023048266834344,28.02578170593361,28.02952167681139,28.03456725537576,28.0412958508241,28.050174780159907,28.061772349554154,28.0767674108468,28.09595629303718,28.120256107436013,28.150703736668664,28.1884503384593,28.23475183022132,28.29095606370954,28.35848320405868,28.438761363082723
183.0,28.018450779044244,28.018616056621195,28.01912641109968,28.02003208402862,28.021419636972535,28.023417253306558,28.026201690158395,28.03000694206334,28.03513434052416,28.041963635468633,28.050964405629422,28.062706943513273,28.077871601632097,28.097255530031298,28.12177584221836,28.152468557258853,28.190483163540847,28.237073140821312,28.29358204878096,28.361416011732175,28.441952506657312
184.0,28.018721813829938,28.01889077685203,28.019412369220234,28.0203374478167,28.02175358412133,28.02379035185317,28.02662624583601,28.030497288900246,28.035707043387397,28.04263756750613,28.051760662829906,28.063648566202374,28.078983091200808,28.098562178741116,28.123302930569537,28.15424050541292,28.19252270672712,28.23940029782184,28.29621101260376,28.364342873541663,28.445124415427
185.0,28.018995879590225,28.019168573638492,28.019701540187793,28.020646249701702,28.022091279845093,28.0241675877922,28.02705539455516,28.030992733642197,28.036285373395376,28.043317648063713,28.05256354377145,28.06459720071096,28.080101855226296,28.099876210162737,28.1248373413275,28.15601954138603,28.19456886296521,28.241732910634504,28.29884196732953,28.36726335618904,28.448281087275177
186.0,28.01927300678473,28.01944947731578,28.01999395391905,28.020958518737213,28.022432751654335,28.024548986117644,28.027489157517994,28.03149329219195,28.03686933958534,28.044003877975808,28.05337304035295,28.06555283025994,28.08122786973736,28.101197595523562,28.126379041509384,28.1578056138053,28.196621489804407,28.24407055381467,28.301474130958646,28.370177503286232,28.451425290336978
187.0,28.01955322578233,28.019733518116993,28.020289640195262,28.021274283788717,28.022778026805177,28.024934571499188,28.027927555544334,28.031998980044282,28.037458950615754,28.044696257800155,28.054189144374934,28.06651543819737,28.082361111038722,28.1025263058777,28.12792799491814,28.15959865759188,28.198680414201874,28.246412802108008,28.30410691360414,28.373085588831668,28.454559019731274
188.0,28.019836566853574,28.020020726165722,28.020588628655442,28.021593573528076,28.02312713229602,28.02532436828223,28.028370609076088,28.03250981229531,28.03805421477984,28.045394787832784,28.055011847549164,28.06748500798135,28.08350155558382,28.10386231160456,28.129484160909133,28.161398593508885,28.200745441332987,28.248759252714326,28.306739886239964,28.37598798734311,28.457683769709305
189.0,28.020123060163193,28.020311131468794,28.02089094878979,28.0219164164283,28.02348009486454,28.025718400488238,28.0288183381819,28.033025803651817,28.03865514001867,28.046099468121607,28.0558411415036,28.068461523145935,28.084649179801687,28.10520558187063,28.13104749348152,28.163205329015685,28.202816363342137,28.25110953747913,28.309372747409473,28.37888510651423,28.460800699330566
190.0,28.020412735762793,28.020604763909173,28.021196629933304,28.022242840758537,28.02383694098502,28.02611669181534,28.029270762561968,28.033546968440504,28.03926173393365,28.04681029847811,28.05667701778102,28.06944496724809,28.085803959888025,28.10655608411447,28.132617940760344,28.165018759996048,28.204892966965925,28.253463328090987,28.31200529377872,28.381777353290435,28.46391073577029
191.0,28.020705623583694,28.02090165323901,28.021505701259585,28.022572874579335,28.024197696865908,28.026519265639237,28.029727901552995,28.03407332061706,28.03987400379829,28.047527278486534,28.057519467829955,28.070435323795866,28.086965871575593,28.10791378360277,28.134195444860417,28.166838772956304,28.20697503962721,28.25582033683554,28.3146373961177,28.384665117703946,28.46701464044611
192.0,28.021001753429918,28.02120182907292,28.021818191774884,28.022906545738163,28.024562388447684,28.026926145014308,28.03018977413325,28.034604873775077,28.040491956568903,28.048250407509883,28.058368482987063,28.07143257616038,28.088134889900907,28.109278643088523,28.135779942077598,28.168665247376037,28.209062373983446,28.2581803147613,28.317268980518346,28.387548766043256,28.470113052537098
193.0,28.021301154971354,28.021505320881353,28.02213413031233,28.02324388186517,28.024931041401,28.027337352674973,28.03065639892772,28.035141641154592,28.04111559889409,28.04897968469222,28.05922405445087,28.07243670747572,28.089310988982923,28.11065062258555,28.13737136333241,28.17049805799107,28.21115477110287,28.260543048504456,28.319900014048397,28.390428638831814,28.473206518453587
194.0,28.021603857737116,28.02181215798426,28.022453545526428,28.023584910369223,28.025303681125067,28.02775291103725,28.03112779421323,28.03568363565023,28.041744937122612,28.04971510895683,28.06008617324731,28.073447700532057,28.090494141826614,28.112029679259855,28.138969634787905,28.172337076873433,28.213252042512742,28.262908356562328,28.322530493936114,28.393305051195345,28.476295512368555
195.0,28.02190989110905,28.022122369544878,28.022776465887702,28.02392965843415,28.025680332746287,28.02817284220047,28.031603977923567,28.036230869818738,28.042379977309423,28.05045667900005,28.06095483018837,28.074465537667308,28.09168432016058,28.113415767428613,28.140574678570882,28.174182175238773,28.21535401136907,28.265276085486807,28.325160439472786,28.396178294333254,28.47938045091981
196.0,28.02221928431548,28.022435984563742,28.023102919677644,28.024278153015256,28.026061021117116,28.02859716794915,28.032084967654466,28.036783355885795,28.04302072521969,28.051204393280834,28.06183001582529,28.07549020066259,28.09288149431401,28.11480883865148,28.142186413537775,28.17603322495758,28.217460512970867,28.2676461062594,28.32778988596833,28.399048637422457,28.482461704013193
197.0,28.02253206642513,28.02275303187292,28.02343293498383,28.02463042083609,28.026445770815144,28.02902590975497,28.03257078066842,28.03734110575197,28.043667186330552,28.051958250006304,28.062711720398404,28.07652167064581,28.094085633134917,28.11620884189626,28.14380475604013,28.177890099776306,28.21957139480433,28.270018310977463,28.330418880242156,28.401916329611616,28.485539602951146
198.0,28.022848266341228,28.02307354013042,28.023766539695288,28.024986488385373,28.02683460614237,28.029459088778808,28.033061433899192,28.037904130997674,28.044319365830642,28.052718247113784,28.063599933785458,28.07755992800691,28.09529670394885,28.11761572376037,28.145429620657346,28.179752676271644,28.22168651626342,28.27239260990134,28.333047477256635,28.404781601939995,28.488614446680963
199.0,28.02316791279587,28.023397537814848,28.024103761498075,28.02534638191425,28.027227551124646,28.02989672587278,28.033556943956032,28.038472442887013,28.044977268617345,28.053484382249952,28.06449464545047,28.07860495232724,28.096514672555127,28.119029428730883,28.147060920875425,28.181620834569685,28.223805748158785,28.274768928866166,28.335675737599875,28.407644669108382,28.491686506689977
200.0,28.023491034344534,28.02372505322025,28.024444627871073,28.025710127433648,28.027624629511283,28.030338841582306,28.034057327127403,28.039046052370463,28.04564089929191,28.054256652747878,28.065395844394835,28.07965672232449,28.09773950325644,28.120449899467765,28.148698569699256,28.183494458864526,28.22592897209775,28.27714720703786,28.33830372560048,28.410505731077762,28.494756030905833
201.0,28.023817659360848,28.024056114451184,28.024789166082027,28.026077750711917,28.028025864774772,28.03078545614804,28.034562599384248,28.03962497008634,28.04631026215264,28.055035055602712,28.06630351911223,28.080715215813733,28.09897115891683,28.121877077097515,28.15034248019268,28.18537343777003,28.22805607979535,28.279527394981002,28.34093150791375,28.413364974495522,28.497823246850395
202.0,28.024147816031554,28.02439074941801,28.02513740318376,28.02644927727261,28.028431280110603,28.03123658950772,28.035072776382695,28.040209206361055,28.04698536118638,28.055819587446866,28.067217657548508,28.081780409684438,28.10020960104279,28.12331090150688,28.151992565945513,28.187257664535753,28.230186972358364,28.281909453002672,28.34355915246085,28.416222573960276,28.500888364223734
203.0,28.02448153235169,28.024728985832375,28.02548936601062,28.02682473239246,28.028840898437156,28.031692261297838,28.03558787346615,28.040798771208177,28.04766620005862,28.05661024452547,28.06813824706751,28.08285227989265,28.101454789882393,28.124751311628728,28.153648741469897,28.189147037154463,28.23232155957113,28.284293349736323,28.346186727633185,28.41907869314075,28.50395157704573
204.0,28.024818836119984,28.02507085120293,28.025845081175124,28.02720414109948,28.029254742395644,28.032152490855083,28.03610790566676,28.041393674326397,28.048352782102583,28.057407022672766,28.06906527442333,28.08393080146717,28.102706684537594,28.1261982457143,28.155310922530596,28.19104145838462,28.23445975920211,28.286679060932475,28.348814301697097,28.421933485765226,28.50701306544932
205.0,28.025159754934464,28.025416372831245,28.02620457506477,28.027587528171264,28.029672834350023,28.032617297217556,28.03663288770624,28.041993925096502,28.04904511030759,28.058209917290117,28.069998725739403,28.085015948528227,28.103965243085376,28.12765164158785,28.156979026414923,28.192940835707613,28.236601496343017,28.289066568426307,28.351441942350213,28.424787096497404,28.51007299719591
206.0,28.02550431618826,28.025765577807917,28.026567873839074,28.027974918133324,28.030095196386938,28.033086699125704,28.03716283399604,28.042599532577448,28.049743187307122,28.059018923326075,28.07093858649443,28.086107694317036,28.105230422703972,28.1291114368812,28.158652972148662,28.194845081235854,28.238746702787303,28.291455859255937,28.354069716393337,28.427639661713076,28.513131528966472
207.0,28.02585254706564,28.02611849300891,28.02693500342673,28.028366335257605,28.030521850315576,28.033560715022933,28.0376977586369,28.043210505501694,28.05044701536691,28.059834035258984,28.071884841515008,28.087206011234542,28.106502179800955,28.130577569246864,28.160332680664347,28.196754111584987,28.240895316451372,28.29384692490877,28.35669768949044,28.430491310190426,28.516188807469835
208.0,28.026204474538208,28.026475145092036,28.02730598952297,28.028761803561025,28.030952817667455,28.03403936305592,28.038237675417836,28.043826852269984,28.051156596373286,28.060655247082362,28.07283747497465,28.088310870887653,28.107780470140575,28.1320499765494,28.1620180749281,28.198667847720717,28.243047280839384,28.29623976067656,28.359325925996174,28.43334216372515,28.51924497040035
209.0,28.026560125361335,28.026835560493666,28.02768085758703,28.029161346804113,28.031388119696132,28.034522661074583,28.038782597814564,28.0444485809457,28.051871931822216,28.0614825522933,28.07379647039877,28.08942224414142,28.10906524896823,28.133528597035248,28.163709080030852,28.200586214788647,28.245202544551024,28.29863436510277,28.361954488835195,28.43619233768005,28.522300147270638
210.0,28.026919526070735,28.027199765425582,28.028059632839785,28.029564988489668,28.031827777376787,28.035010626631728,28.03933253898745,28.045075699248976,28.052593022809134,28.062315943883917,28.07476181067508,28.090540101175616,28.11035647113043,28.135013369481825,28.165405623249196,28.202509141933668,28.247361060830553,28.301030739508292,28.36458343942128,28.43904194147745,28.52535446013968
211.0,28.027282702979257,28.027567785872012,28.028442340261492,28.029972751861443,28.032271811405664,28.035503276982382,28.039887511779067,28.04570821455071,28.053319870019884,28.063155414335988,28.075733478068894,28.091664411544414,28.1116540911891,28.136504233327,28.167107634080725,28.204436562114008,28.249522787154888,28.303428887583777,28.367212837607056,28.44189107904162,28.528408024252823
212.0,28.02764968217381,28.027939647586813,28.028829004589614,28.030384659902865,28.0327202421994,28.036000629082825,28.040447528711436,28.04634613386667,28.05405247372286,28.064000955618596,28.076711454242602,28.09279514423798,28.11295806352925,28.13800112878025,28.168815044258025,28.20636841191378,28.251687684858087,28.3058288150387,28.369842741657244,28.44473984919736,28.53146094860694
213.0,28.02802048951247,28.02831537609078,28.02921965031676,28.030800735335703,28.033173089894177,28.036502699589324,28.041012601982963,28.046989463851787,28.054790833762503,28.064852559188747,28.077695720278875,28.09393226774489,28.11426834245961,28.139503996916943,28.170527787745055,28.208304631356988,28.253855718789566,28.308230529298758,28.372473208239914,28.44758834603003,28.53451333645187
214.0,28.02839515062173,28.028694996669113,28.029614301688703,28.031221000618757,28.033630374344746,28.03700950485664,28.04158274346525,28.04763821079479,28.05553494955427,28.065710215994795,28.078686256706863,28.09507575011456,28.115584882305793,28.14101277975718,28.172245800719114,28.210245163725133,28.256026857003302,28.310634039244576,28.375104292431498,28.450436659211626,28.537565285736992
215.0,28.028773690893857,28.02907853436899,28.03001298270244,28.03164547794649,28.034092115123283,28.037521060936307,28.0421579646998,28.048292380613308,28.056284820081057,28.066573916482483,28.0796830435309,28.096225559018897,28.116907637495917,28.14252742033074,28.17396902154118,28.21218995537995,28.258201070475362,28.313039354985765,28.377736047732252,28.453284874296816,28.54061688951063
216.0,28.029156135484428,28.02946601399722,28.030415717104322,28.032074189247634,28.034558331518124,28.0380373835747,28.042738276894706,28.048951978849484,28.057040443891164,28.06744365060336,28.080686060261126,28.097381661812573,28.118236562638756,28.144047862729455,28.17569739071697,28.21413895559243,28.260378332847306,28.31544648766528,28.380368526089566,28.456133072992408,28.543668236278442
217.0,28.02954250930991,28.02985746011803,28.03082252838821,28.032507156183748,28.03502904253235,28.038558488211013,28.0433236909214,28.04961701066624,28.05780181909775,28.068319407825403,28.08169528594559,28.09854402559145,28.119571612594562,28.145574052148437,28.177430850850758,28.216092116378746,28.262558620193055,28.317855449289812,28.383001777927056,28.45898133340312,28.546719410326155
218.0,28.029932837045394,28.03025289705092,28.03123343979367,28.032944400147713,28.035504266882263,28.03908438997508,28.043914217311528,28.050287480844215,28.058568943379765,28.069201177145544,28.08271069920332,28.099712617248752,28.120912742538767,28.147105934917384,28.17916934659361,28.218049392343612,28.264741910807093,28.320266252582574,28.385635852177938,28.461829730256323,28.549770492011092
219.0,28.030327143122385,28.03065234886856,28.031648474304177,28.0333859422622,28.03598402299575,28.039615103685165,28.044509866254028,28.05096339377945,28.059341813984307,28.070088947103894,28.083732278258037,28.100887403528713,28.122259908018954,28.14864345852318,28.1809128245875,28.220010740531208,28.266928185011974,28.322678910855437,28.388270796321336,28.46467833510793,28.552821558026313
220.0,28.030725451726678,28.031055839394778,28.032067654645342,28.03383180337806,28.036468329010546,28.040150643845724,28.045110647592452,28.05164475348182,28.060120427730332,28.070982705799437,28.08476000097204,28.10206835107751,28.123613065005426,28.150186571624808,28.18266123340649,28.221976120283777,28.269117424983286,28.32509343789777,28.390906656420647,28.467527216531455,28.555872681640594
221.0,28.0311277867963,28.031463392202586,28.032491003283134,28.034282004072686,28.036957202772463,28.040691024645167,28.045716570822567,28.05233156357427,28.06090478101363,28.071882440906922,28.085793844880115,28.10325542649131,28.12497216993573,28.151735224061618,28.18441452349591,28.223945493107795,28.27130961459048,28.32750984787971,28.393543477163103,28.47037644029192,28.558923932917036
222.0,28.03153417201949,28.03187503061224,28.0329185424221,28.034736564648327,28.03745066183352,28.041236259953696,28.04632764509033,28.053023827292822,28.061694869812996,28.072788139694804,28.08683378722304,28.104448596361372,28.1263371797536,28.15328936685579,28.18617264711049,28.225918822547563,28.273504739251972,28.329928155267993,28.39618130190004,28.47322606950614,28.561975378912738
223.0,28.03194463083275,28.03229077768934,28.033350294003593,28.035195505130336,28.037948723450096,28.041786363321233,28.046943879190206,28.053721547487388,28.06249068969747,28.073699789043964,28.087879804980542,28.105647827316194,28.127708051942655,28.154848952209846,28.187935558251908,28.227896074065995,28.2757027858032,28.332348374752666,28.398820172687305,28.476076164790744,28.56502708386156
224.0,28.0323591864189,28.032710656242948,28.033786279703985,28.03565884526543,28.038451404581032,28.042341347975448,28.0475652815639,28.05442472662333,28.063292235834588,28.074617375467035,28.088931874903526,28.106853086060692,28.129084744555307,28.156413933499834,28.18970321260652,28.22987721493233,28.277903742376388,28.33477052118329,28.40146013032553,28.47892678439907,28.568079109341816
225.0,28.0327778617052,28.033134688823715,28.03422652093287,28.036126604519904,28.03895872188577,28.042901226819968,28.048191860299525,28.0551333667838,28.0640995029995,28.07554088512819,28.08998997354538,28.108064339412454,28.130467216237232,28.157984265264936,28.191475567483543,28.23186221411646,28.2801075982909,28.33719460951338,28.40410121439993,28.481777984348017,28.571131514430483
226.0,28.033200679361446,28.033562897722035,28.034671038831263,28.03659880207783,28.039470691722528,28.04346601243276,28.048823623131177,28.055847469672756,28.06491248558487,28.07647030386319,28.091054077292235,28.109281554335173,28.131855426247814,28.159559903193973,28.19325258175412,28.233851042189617,28.282314343953193,28.339620654752075,28.406743463319483,28.484629818535755,28.574184355845237
227.0,28.03362766179813,28.03399530496621,28.03511985426981,28.03707545683926,28.03998733014652,28.04403571706471,28.049460577438982,28.0565670366187,28.065731177611468,28.077405617199553,28.092124162392125,28.11050469796929,28.13324933447686,28.161140804109348,28.19503421579154,28.235843671230988,28.28452397076547,28.3420486719221,28.409386914355288,28.48748233885113,28.57723768807562
228.0,28.034058831164565,28.034431932320615,28.03557298784696,28.037556587418443,28.04050865290825,28.044610352638426,28.05010273024959,28.05729206857904,28.066555572739343,28.078346810376768,28.09320020498291,28.111733737660025,28.13464890145802,28.162726925948867,28.196820431412817,28.23784007474008,28.286736471042175,28.344478676023254,28.41203160367798,28.49033559527552,28.580291563504304
229.0,28.034494209347084,28.034872801283854,28.0360304598872,28.038042212142052,28.041034675451918,28.045189930747306,28.05075008823711,28.05802256614507,28.06738566427948,28.079293868366342,28.094282181118967,28.11296864098283,28.136054088379133,28.16431822774581,28.198611191821747,28.23984022755437,28.288951837933674,28.346910682000704,28.414677566394175,28.493189635977757,28.583346032519472
230.0,28.034933817967165,28.03531793308695,28.036492290439206,28.038532349047454,28.041565412913915,28.045774462654837,28.051402657724477,28.058758529547465,28.068221445205893,28.080246775891663,28.09537006679657,28.114209375766464,28.137464857089835,28.165914669607602,28.20040646155367,28.241844105772046,28.291170065356386,28.349344704717552,28.417324836581827,28.496044507402733,28.586401143619085
231.0,28.03537767837963,28.035767348691536,28.036958499274107,28.039027015881015,28.042100880121446,28.046363959294176,28.05206044468528,28.05949995866234,28.06906290816798,28.08120551744757,28.09646383797798,28.115455910113756,28.138881170106746,28.16751621269338,28.2022062064219,28.243851686679466,28.293391147928816,28.351780758931085,28.419973447324526,28.498900254354233,28.5894569435078
232.0,28.035825811670804,28.036221068788027,28.037429105883692,28.03952623009647,28.042641091591314,28.046958431267996,28.052723454745994,28.06024685301775,28.069910045503168,28.08217007731952,28.09756347061419,28.116708212420225,28.140302990616412,28.169122819190697,28.204010393465957,28.245862948683094,28.295615080912935,28.35421885927235,28.422623430744654,28.50175692007245,28.59251347718721
233.0,28.03627823865674,28.03667911379384,28.037904129478687,28.04003000885335,28.043186061528825,28.047557888848623,28.053391693188587,28.06099921180058,28.07076284924972,28.083140439602335,28.098668940666403,28.117966251390648,28.141730282476306,28.170734452291644,28.205818990901594,28.247877871245596,28.297841860160435,28.356659020228555,28.42527481803546,28.504614546306602,28.595570788039975
234.0,28.03673497988139,28.03714150385161,28.03838358898703,28.040538369015497,28.04373580382688,28.048162341978436,28.054065164953577,28.061757033863863,28.071621311159625,28.084116588218468,28.099780224126185,28.119229996053736,28.143163010214057,28.17235107616847,28.207631968072647,28.249896434825867,28.30007148206341,28.35910125612803,28.427927639492,28.50747317338307,28.59862891790835
235.0,28.037196055614825,28.03760825882742,28.03886750305223,28.041051327149653,28.044290332065234,28.048771800270583,28.054743874643396,28.06252031773435,28.072485422711523,28.0850985069357,28.100897297034354,28.12049941577504,28.14460113902514,28.173972655949008,28.209449295404685,28.251918620822746,28.302303943509067,28.361545581127437,28.430581924541002,28.510332840269378,28.60168790716761
236.0,28.037661485851473,28.038079398309076,28.03935589003173,28.041568899524165,28.044849659509918,28.049386273009933,28.055427826526124,28.06328906162043,28.07335517512365,28.086086179384303,28.10202013549864,28.12177448026818,28.146044634769208,28.17559915769193,28.211270944360468,28.25394441152213,28.304539241838143,28.363992009200903,28.433237701769638,28.513193584634365,28.604747794794783
237.0,28.038131290308378,28.038554941604403,28.03984876799534,28.042091102107786,28.04541379911287,28.05000576915434,28.05611702453955,28.064063263420238,28.074230559366686,28.087079589073575,28.103148715710145,28.12305515960454,28.14749346396518,28.177230548362033,28.21309688739715,28.25597379004735,28.30677737480666,28.36644055413092,28.43589499895328,28.516055442904804,28.607808618433083
238.0,28.038605488423485,28.03903490773956,28.040346154723757,28.042617950568573,28.04598276351175,28.050630297336156,28.056811472295507,28.064842920729976,28.07511156617651,28.088078719407783,28.104283013958618,28.124341424221534,28.148947593785316,28.178866795805618,28.21492709792523,28.25800674031252,28.309018340550754,28.368891229500793,28.438553843082193,28.518918450318743,28.610870414452346
239.0,28.03908409935395,28.039519315457426,28.04084806770711,28.043149460272947,28.046556565029938,28.051259865864026,28.05751117308453,28.0656280308524,28.075998186066794,28.089083553701464,28.105423006646625,28.12563324492954,28.150406992048335,28.18050786872606,28.216761550269158,28.26004324697874,28.311262137554316,28.371344048688382,28.441214260387266,28.52178264097582,28.613933218005833
240.0,28.0395671419745,28.040008183216017,28.041354524143625,28.043685646284846,28.04713521567674,28.051894482724904,28.058216129880698,28.066418590805434,28.076890409341416,28.090094075194088,28.106568670302654,28.126930592917613,28.151871627211776,28.182153736659654,28.218600219629614,28.262083295412914,28.31350876461919,28.3737990248611,28.443876276364755,28.52464804788477,28.616997063083645
241.0,28.040054981959646,28.040501876270753,28.041865888022148,28.044226870448817,28.047719074231566,28.05253450267014,28.058926692430568,28.067214944414623,28.077788573190453,28.09111061414787,28.107720328676933,28.128233786841886,28.153341815447437,28.18380471703558,28.220443429131148,28.26412721873283,28.31575856792151,28.376256518055705,28.446540345470265,28.527518526281288,28.620142859596605
242.0,28.04054798464948,28.041000759540367,28.042382522988323,28.044773494256827,28.048308499111908,28.053180280085368,28.059643210125834,28.068017435189287,28.078693014569513,28.092133500728522,28.108878305619893,28.129543145696484,28.154817873499827,28.185461128019817,28.222291502656113,28.266175350733224,28.318011897860607,28.378716996722687,28.449208670439024,28.530412731164382,28.62341709326099
243.0,28.04104616799698,28.041504850554283,28.04290444529229,28.045325531796614,28.048903501322886,28.05383182194199,28.06036568495762,28.068826059280042,28.079603723160186,28.09316271796677,28.11004257804106,28.1308586417649,28.156299771625655,28.18712294144598,28.224144417904245,28.26822768171834,28.320268802416162,28.38118100392575,28.451884942289535,28.53334088240832,28.626789866687425
244.0,28.041549549666673,28.042014166551375,28.04343167088779,28.045882996851482,28.049504091558298,28.054489134900223,28.06109411862219,28.069640812587654,28.080520688481535,28.09419824887053,28.111213123018377,28.132180247722008,28.157787480688746,28.188790129976102,28.22600215458089,28.270284216147232,28.322529431094537,28.383649504543833,28.45457286603424,28.536307413789775,28.63024203742707
245.0,28.042058147033256,28.04252872447872,28.043964215431288,28.046445902900185,28.05011028020178,28.055152225312224,28.06182851252675,28.07046169077179,28.0814438999012,28.095240076436415,28.112389917806738,28.133507936637546,28.159280972183872,28.190462667436883,28.227864697160676,28.272344986620514,28.324794059276044,28.386123726298152,28.457275614004914,28.539313750596826,28.633760882645674
246.0,28.04257197718035,28.04304854099046,28.0445020942812,28.047014263116935,28.050722077328164,28.05582109922543,28.062568867795367,28.071288689259713,28.0823733466462,28.096288183660693,28.113572939846673,28.134841681988537,28.160780218337926,28.192140529591693,28.229732038893882,28.27441006540677,28.32706308318144,28.38860500804303,28.45999569921463,28.542359791883015,28.637337604521306
247.0,28.043091056899318,28.043573632446723,28.045045322497277,28.047588090371594,28.051339492704994,28.056495762386042,28.063315185274984,28.072121803254934,28.083309017813452,28.097342553550007,28.114762166775392,28.136181457693972,28.16228519233669,28.19382369535226,28.2316041861375,28.27647957095507,28.329336998046458,28.391094687805662,28.462735019305107,28.545444698056723,28.640965871479263
248.0,28.04361540268814,28.044104014912687,28.045593914840083,28.048167397229992,28.051962535794228,28.057176220242717,28.064067465541513,28.072961027745745,28.084250902380067,28.098403169132514,28.11595757644413,28.137527238187275,28.16379586870245,28.195512148301418,28.233481162180592,28.2785536692214,28.331616369899024,28.393594031659248,28.465494956440306,28.548567305834254,28.644640949022904
249.0,28.044145030750432,28.044639704157706,28.046147885770587,28.048752195954414,28.05259121575411,28.05786247795034,28.064825708906003,28.073806357513746,28.085198989213648,28.099470013470672,28.117159146946925,28.138878998539635,28.165312223817118,28.197205878335403,28.235363010037457,28.280632570829173,28.33390180753254,28.396104194771567,28.468276483712653,28.551726343470154,28.648359170656644
250.0,28.04467995699455,28.045180715654567,28.046707249449902,28.049342498504213,28.05322554144118,28.058554540374,28.06558991542086,28.074657787142325,28.086153267082967,28.100543069677403,28.118366856666224,28.140236714641215,28.166834236558827,28.19890488323408,28.23724979399758,28.282716525444645,28.33619393808637,28.398626204796667,28.471080259265467,28.55492053923189,28.652117608021456
251.0,28.04522019703278,28.045727064578855,28.047272019739154,28.0499383165366,28.053865521412472,28.059252412093052,28.066360084886124,28.075515311025246,28.08711372466959,28.101622320937675,28.119580684339933,28.141600363439583,28.16836188900366,28.200609170006015,28.239141599960742,28.28480581465706,28.33849338751569,28.40116095946123,28.47390670307449,28.558148673141158,28.65591385978825
252.0,28.045765766180644,28.046278765808413,28.047842210199462,28.050539661407555,28.054511163927838,28.0599560974053,28.067136216855886,28.07637892337554,28.088080350581198,28.102707750537647,28.120800609152695,28.142969923227607,28.169895167138723,28.202318755909516,28.241038534730894,28.286900744377046,28.340800766003227,28.403709232419967,28.476756056999474,28.56140959889344,28.65974591275903
253.0,28.04631667945635,28.046835833922955,28.048417834092074,28.051146544172912,28.055162476952415,28.060665600331337,28.067918310644792,28.077248618234936,28.089053133367504,28.10379934190326,28.12202661085209,28.14434537396758,28.17143406153644,28.204033669104046,28.24294072450819,28.289001637456693,28.343116657758255,28.406271683395644,28.479628430664278,28.56470225041042,28.66361204783877
254.0,28.04687295158031,28.047398283203776,28.048998904378603,28.05175897558956,28.05581946815925,28.06138092461898,28.068706365334826,28.0781243894842,28.090032061539645,28.104897078649635,28.12325866988819,28.145726697635226,28.172978567949034,28.205753948930354,28.244848312828573,28.291108826962855,28.345441614422327,28.408848870081457,28.48252383605624,28.568025640757703,28.667510774553275
255.0,28.047434596974803,28.047966127633583,28.04958543372145,28.052376966116796,28.056482144932055,28.062102073747923,28.069500379782426,28.079006230854734,28.09101712359397,28.10600094464203,28.12449676757291,28.147113878566387,28.17452868779418,28.20747964584891,28.24676145817708,28.293222650325767,28.34777615128485,28.411441260300055,28.485442213442074,28.5713788575312,28.671440784181573
256.0,28.048001629763775,28.048539380896475,28.050177434484294,28.053000525917813,28.057150514368118,28.062829050934532,28.07030035262614,28.079894135941906,28.092008308040867,28.107110924068266,28.12574088625409,28.148506903790118,28.17608442851484,28.209210821085332,28.248680331462182,28.295343444438004,28.350120745595625,28.414049243583243,28.4883834507237,28.574761056857955,28.675400915337814
257.0,28.04857406377273,28.049118056378024,28.05077491873277,28.053629664861358,28.057824583281377,28.063561859136954,28.071106282294966,28.080788098220484,28.093005603439185,28.108227001521833,28.12699100949844,28.149905763334218,28.177645803807323,28.21094754604038,28.250605113495,28.297471541684214,28.35247583638207,28.416673141758512,28.49134739788808,28.578171457104123,28.679390128091974
258.0,28.049151912528767,28.04970216716549,28.051377898235252,28.054264392523496,28.05850435820567,28.06430050106053,28.07191816701756,28.081688111062583,28.09400899843648,28.1093491620942,28.12824712227705,28.151310450492208,28.179212833720214,28.212689901523415,28.252535992576373,28.299607266827028,28.354841825302834,28.419313218383543,28.494333877805417,28.58160933281991,28.683407484092445
259.0,28.049735189260737,28.050291726048187,28.051986384463795,28.054904718189555,28.05918984539819,28.06504497916364,28.072736004832603,28.082594167758415,28.095018481814968,28.110477391474415,28.12950921114739,28.152720962044047,28.18078554463357,28.214437976864712,28.254473162259725,28.301750934647476,28.35721907818029,28.421969687016244,28.497342694312632,28.585074009153487,28.687452131006484
260.0,28.050323906899536,28.050886745517953,28.0526003885952,28.05555065085623,28.059881050843206,28.065795295664085,28.07355979360044,28.08350626154006,28.096034042542943,28.111611676053624,28.130777264426268,28.154137298426058,28.182363969131856,28.216191868955406,28.25641681932922,28.30390284822947,28.35960792694708,28.424642718386135,28.500373638276464,28.588564856811747,28.691523290135038
261.0,28.050918078078524,28.051487237769777,28.05321992151223,28.056202199233866,28.060577980256063,28.066551452546072,28.07438953101622,28.08442438560838,28.097055669831,28.11275200303207,28.132051272348995,28.155559463848387,28.18394814578658,28.21795168125606,28.258367162011513,28.30606329778034,28.362008671815435,28.427332446569714,28.50342649214898,28.592081287568682,28.69562024640786
262.0,28.051517715134086,28.052093214702538,28.053844993804987,28.05685937174893,28.06128063908751,28.06731345156795,28.07522521462465,28.085348533163042,28.09808335319231,28.11389836052603,28.133331227211027,28.15698746636066,28.185538118865324,28.21971752280672,28.260324388423655,28.30823255988822,28.364421583534668,28.43003897428494,28.50650103339417,28.59562275028635,28.699742340195844
263.0,28.05212283010631,28.052704687919906,28.054475615772425,28.05752217654673,28.061989032528462,28.068081294270808,28.076066841836543,28.086278697435564,28.09911708250598,28.11505073767231,28.134617123489292,28.158421317868388,28.187133937983734,28.221489507263712,28.262288695249314,28.31041089712858,28.36684690564494,28.432762377419145,28.50959703706568,28.59918872739912,28.70388896053321
264.0,28.052733434739825,28.053321668731396,28.05511179742408,28.058190621494347,28.062703165515174,28.068854981987965,28.076914409947154,28.087214871725102,28.100156848082452,28.11620912472811,28.13590895794144,28.159861034104043,28.188735657715828,28.22326775198162,28.264260276628598,28.312598557944863,28.36928485666664,28.435502708896653,28.512714277743544,28.602778731808655,28.708059539449387
265.0,28.05334954048477,28.053944168153546,28.05575354848193,28.058864714183887,28.06342304273497,28.069634515855522,28.07776791615633,28.088157049436692,28.10120264072985,28.117373513164377,28.137206729682102,28.161306634557572,28.1903433371765,28.225052377153155,28.26623932324303,28.314795776740187,28.371735632187384,28.43826000198161,28.5158525309848,28.606392304139245,28.712253547185657
266.0,28.053971158497937,28.05457219691128,28.056400878382526,28.059544461936028,28.064148668632544,28.070419896823978,28.078627357590474,28.08910522412153,28.102254451820155,28.118543895751046,28.138510440236104,28.162758142371676,28.191957039588356,28.226843505014752,28.268226021575366,28.31700277412818,28.37419940682482,28.441034273099657,28.519011574404036,28.610029010307528,28.71647048812548
267.0,28.05459829964404,28.05520576543944,28.057053796279277,28.060229871803923,28.06488004741687,28.07121112567098,28.0794927313262,28.09005938951881,28.10331227335421,28.119720266632932,28.139820093569135,28.164215584207298,28.193576831843064,28.22864125912209,28.27022055332376,28.319219757300736,28.37667633605447,28.443825524250652,28.522191188471023,28.61368843936583,28.720709897306442
268.0,28.05523097449718,28.055844883884493,28.057712311045037,28.060920950577504,28.065617183068824,28.072008203015226,28.08036403441555,28.091019539598673,28.104376098024485,28.12090262139545,28.141135696097,28.165678990084743,28.19520278406571,28.230445763696675,28.272223094950398,28.321446920478884,28.379166557899644,28.446633745074276,28.5253911570916,28.617370201583526,28.72497133741068
269.0,28.055869193342474,28.05648956210647,28.058376431274933,28.061617704788198,28.06636007934951,28.07281112933148,28.081241263912595,28.09198566860566,28.10544591927485,28.12209095711954,28.142457256674852,28.16714839320558,28.19683496918881,28.23225714304259,28.274233817345895,28.323684445419865,28.381670194485398,28.449458914620944,28.5286112680219,28.621073926735644,28.729254396152356
270.0,28.056512966177905,28.05713980968108,28.059046165289487,28.06232014071411,28.067108739809353,28.07361990496674,28.08212441690125,28.092957771102235,28.106521731356494,28.12328527242553,28.143784786568247,28.16862382976013,28.198473462541266,28.234075521030835,28.276252885592495,28.325932501959386,28.38418735346178,28.452301002872474,28.531851313154334,28.62479926257216,28.73355868399706
271.0,28.05716230271635,28.057795635902075,28.059721521138083,28.06302826438571,28.06786316779795,28.074434530157433,28.083013490524014,28.093935842011838,28.10760352937945,28.124485567506017,28.14511829940779,28.170105338724852,28.200118341456104,28.23590102064771,28.278280458810656,28.328191248572768,28.38671812930355,28.45515997205001,28.535111088704753,28.628545873445205,28.73788383216077
272.0,28.05781721238786,28.058457049783897,28.060402506602745,28.06374208159203,28.068623366474704,28.07525500504762,28.0839084820114,28.094919876660963,28.108691309359166,28.12569184414786,28.146457811129494,28.171592961653477,28.201769684899737,28.237733763603,28.28031669007552,28.330460832942396,28.389262604494544,28.45803577774081,28.538390395323518,28.632313439074526,28.742229490845713
273.0,28.058477704342184,28.05912406006457,28.061089129202323,28.06446159788741,28.069389338820255,28.076081329708064,28.084809388711832,28.09590987081988,28.109785068257814,28.12690410574378,28.14780333990275,28.17308674246525,28.20342757312454,28.23957386999334,28.28236172639124,28.332741392522152,28.391820850605345,28.46092836987061,28.541689038148032,28.63610165343445,28.74659532767829
274.0,28.05914378745155,28.059796675208897,28.061781396197034,28.065186818598807,28.070161087648632,28.076913504156117,28.08571620812171,28.096905820741544,28.110884804020046,28.12812235729409,28.14915490604794,28.174586727233155,28.205092087345697,28.241421458016,28.28441570871293,28.335033055091785,28.394392929272804,28.46383769354405,28.54500682681041,28.639910223747744,28.750981026320186
275.0,28.059815470313747,28.06047490341199,28.06247931459347,28.0659177488337,28.070938615620147,28.07775152837622,28.086628937915354,28.097907723198382,28.111990515603082,28.129346605399167,28.150512531945505,28.17609296397446,28.206763309442735,28.243276643728407,28.28647877200723,28.337335939296178,28.39697889308989,28.466763689772186,28.548343575410904,28.643738869573895,28.755386285228813
276.0,28.060492761255517,28.061158752603134,28.063182891149992,28.066654393488527,28.071721925254995,28.078595402340962,28.08754757597465,28.098915575516664,28.11310220300114,28.130576858243465,28.151876241938286,28.17760550244565,28.208441321685566,28.24513954084879,28.288551045343922,28.33965015516602,28.399578786413716,28.46970629610318,28.55169910246545,28.647587321980954,28.75981081654702
277.0,28.061175668336276,28.061848230450007,28.06389213238262,28.067396757257743,28.07251101894744,28.079445126032528,28.088472120418086,28.099929375608202,28.114219867264175,28.131813125571778,28.153246062228693,28.179124393943237,28.210126206484492,28.247010260593594,28.29063265201207,28.341975804617434,28.40219264609929,28.47266544716979,28.555073230833806,28.651455322791573,28.764254345105318
278.0,28.061864199352172,28.06254334436331,28.064607044571353,28.068144844643417,28.073305898980646,28.080300699464356,28.089402569628987,28.100949121999218,28.115343510511167,28.1330554186586,28.154622020772205,28.180649691111764,28.21181804616344,28.248888911547617,28.292723709655217,28.344312981929246,28.404820502165848,28.47564107516523,28.55846578763339,28.655342623895066,28.768716607522354
279.0,28.062558361840555,28.06324410150175,28.065327633767005,28.068898659965402,28.07410656754194,28.081162122702924,28.090338922282776,28.101974813856216,28.116473135938072,28.13430375027138,28.15600414716856,28.18218144775989,28.213516922755318,28.250775599563017,28.294824330421008,28.346661774197003,28.407462378402116,28.478633110257235,28.561876604142853,28.65924898661836,28.77319735139157
280.0,28.063258163084797,28.06395050877749,28.066053905798476,28.069658207372022,28.074913026738542,28.08202939588948,28.091281177373002,28.10300645100879,28.117608747820732,28.135558134628447,28.157392472551738,28.18371971868524,28.215222917818423,28.252670427683757,28.296934621121387,28.349022261763636,28.410118292916344,28.481641480948728,28.565305515698498,28.663174181149618,28.777696334543766
281.0,28.06396361011953,28.064662572862,28.06678586628053,28.070423490851244,28.07572527861368,28.082902519261605,28.092229334236073,28.104044033969313,28.118750351513,28.136818587352376,28.15878702947982,28.185264559508475,28.216936112272577,28.254573496092316,28.299054683400183,28.35139451862687,28.41278825863634,28.484666114392212,28.56875236158605,28.66711798600913,28.782213324376674
282.0,28.064674709736323,28.06538030019233,28.067523520622046,28.071194514242347,28.076543325162916,28.083781493174442,28.09318339257449,28.10508756394955,28.119897953440418,28.138085125419565,28.160187851825572,28.186816026516873,28.21865658625375,28.256484902075773,28.301184613905363,28.35377861282387,28.415472283764323,28.48770693666407,28.572216984929675,28.671080187562612,28.78674809724398
283.0,28.06539146848976,28.066103696977866,28.06826687403472,28.071971281247997,28.0773671683507,28.084666318121517,28.094143352478504,28.10613704287412,28.121051561089782,28.139357767106635,28.16159497466851,28.18837417651745,28.220384418985887,28.258404740008693,28.30332450446381,28.35617460679382,28.418170372190925,28.49076387300396,28.57569923257974,28.675060579572758,28.791300437897156
284.0,28.06611389270398,28.066832769207508,28.06901593154224,28.072753795446694,28.07819681012704,28.085556994754995,28.09510921444613,28.10719247339102,28.122211182994924,28.14063653193439,28.163008434189134,28.18993906669966,28.22211968866859,28.260333101350522,28.30547444225684,28.358582557719156,28.420882523872233,28.49383684802389,28.579198955000546,28.67905896278529,28.795870138974443
285.0,28.066841988479634,28.06756752265729,28.06977069798987,28.073542060305595,28.079032252444154,28.086453523905302,28.096080979401385,28.108253858879145,28.123376828719085,28.141921440609853,28.16442826756577,28.191510754507537,28.22386247237946,28.262270074655365,28.307634509995008,28.361002517846455,28.423608735173406,28.496925785890774,28.582716006158865,28.683075144546237,28.800457000531978
286.0,28.06757576170131,28.06830796289845,28.070531178054477,28.074336079193582,28.07987349727311,28.087355906599985,28.09705864871081,28.109321203453042,28.12454850883419,28.14321251496695,28.165854512874496,28.193089297521013,28.225612845989833,28.264215745592416,28.309804786090993,28.363434534787903,28.42634899918206,28.500030610485926,28.586250243414007,28.68710893844747,28.805060829612703
287.0,28.06831521804539,28.06905409530594,28.071297376254925,28.07513585539459,28.080720546620295,28.08826414408175,28.09804222419815,28.110394511964937,28.12572623489744,28.144509777906343,28.167287208992494,28.19467475334622,28.227370884092853,28.266170196975292,28.31198534482973,28.36587865180431,28.429103305994254,28.50315124554428,28.589801527409936,28.691160163997957,28.80968143984929
288.0,28.069060362988317,28.069805925067328,28.07206929696284,28.07594139212111,28.081573402543707,28.089178237825635,28.099031708157256,28.111473790004233,28.126910019425463,28.145813253334815,28.168726395505054,28.196267179514372,28.22913665994265,28.268133508798932,28.314176256534978,28.368334908070675,28.43187164297566,28.506287614775946,28.593369721969818,28.695228646318395,28.814318651097647
289.0,28.069811201815316,28.07056345719213,28.072846944413694,28.076752692527847,28.082432067168945,28.09009818955519,28.100027103363207,28.112559043894592,28.128099875866443,28.14712296610467,28.170172112616417,28.19786663338891,28.230910245403734,28.27010575828276,28.316377587731836,28.370803338925334,28.434653995000268,28.509439641972204,28.59695469399326,28.69931421585713,28.81897228909815
290.0,28.070567739629503,28.071326696521524,28.0736303227182,28.077569759725414,28.083296542704854,28.091024001257686,28.10102841308165,28.113650280688788,28.129295818570448,28.148438941953383,28.17162440106463,28.19947317208051,28.232691710909556,28.272087019919,28.318589401304745,28.373283976103533,28.437450344668644,28.512607251097876,28.60055631335646,28.703416708125534,28.8236421851619
291.0,28.0713299813614,28.072095647738404,28.07441943587395,28.078392596794078,28.084166831458795,28.091955675198285,28.102035641076412,28.114747508161464,28.130497862758293,28.149761207443905,28.17308330204043,28.20108685236957,28.23448112542938,28.274077365525184,28.32081175665072,28.375776847956484,28.440260672507716,28.51579036637171,28.604174452815382,28.707535963451186,28.82832817587971
292.0,28.072097931778792,28.072870315377813,28.075214287777296,28.0792212067975,28.08504293585142,28.09289321393312,28.10304879161545,28.11585073480001,28.1317060244892,28.15108978990583,28.17454885711023,28.20270773063575,28.236278556442624,28.276076864300006,28.323044709827577,28.37828197965671,28.44308495715369,28.518988912336205,28.607808987912037,28.71167182674734,28.83303010285177
293.0,28.07287159549697,28.073650703837632,28.0760148822354,28.080055592796352,28.085924858430978,28.093836620321326,28.104067869475166,28.11695996979364,28.132920320627512,28.15242471737764,28.176021108143182,28.204335862794164,28.238084069919942,28.27808558288177,28.325288313697033,28.380799393390557,28.445923175519685,28.522202813918156,28.611459796883874,28.715824147297383,28.837747812436117
294.0,28.07365097698926,28.0744368173896,28.076821222978428,28.08089575786186,28.086812601887043,28.094785897535974,28.105092879943165,28.11807522302095,28.134140768808656,28.153766018550282,28.17750009724227,28.20597130423783,28.239897730310282,28.280103585408806,28.327542618062633,28.383329108538693,28.44877530294945,28.525431996480993,28.61512676057632,28.719992778552985,28.84248115551434
295.0,28.074436080597863,28.075228660190565,28.077633313671868,28.081741705089154,28.087706169063672,28.095741049073887,28.106123828819523,28.119196505035976,28.135367387404628,28.15511372271213,28.178985866679398,28.207614109785997,28.24171960053332,28.28213093358132,28.329807669802502,28.385871141845318,28.45164131335838,28.528676385869908,28.61880976235841,28.724177577944957,28.84722998727293
296.0,28.07522691054496,28.076026236293924,28.078451157928892,28.08259343761041,28.08860556297194,28.096702078764416,28.10716072241666,28.12032382705304,28.136600195489162,28.156467859695542,28.180478458834376,28.209264333637893,28.243549741976686,28.28416768672413,28.332083512996913,28.388425507576883,28.454521179363013,28.531935908450574,28.62250868804146,28.728378406705723,28.851994166999066
297.0,28.07602347094403,28.076829549661294,28.079274759322765,28.08345095860775,28.089510786801842,28.09766899077712,28.108203567557847,28.121457200930433,28.137839212802735,28.15782845982509,28.181977916137672,28.21092202933164,28.245388214497414,28.28621390184995,28.334370189050798,28.390992217670906,28.457414872399955,28.535210491142262,28.62622342580075,28.732595129702585,28.856773557889593
298.0,28.07682576581137,28.077638604174282,28.080104121399227,28.084314271325855,28.09042184393352,28.09864178962839,28.109252371574495,28.12259663915314,28.139084459717633,28.15919555386753,28.18348428101689,28.212587249707862,28.247235076427135,28.28826963372286,28.33666773681123,28.393571281875616,28.460322362835196,28.538500061445927,28.629953866100102,28.736827615280937,28.861568026872096
299.0,28.077633799077798,28.078453403646403,28.080939247688836,28.085183379084256,28.091338737947826,28.09962048018706,28.11030714230224,28.123742154814707,28.14033595720315,28.16056917298358,28.184997595846745,28.214260046877726,28.249090384580583,28.290334934921596,28.338976192680047,28.396162707880936,28.463243620064656,28.541804547467915,28.633699901619323,28.741075735116645,28.866377444437198
300.0,28.078447574600442,28.079273951835034,28.08178014171923,28.086058285289266,28.092261472636174,28.100605067679005,28.111367888075954,28.124893761598383,28.141593726791093,28.161949348681553,28.186517902902484,28.21594047219505,28.25095419426699,28.292409855902516,28.34129559072171,28.398766501441447,28.466178612606658,28.545123877939783,28.63746142718436,28.745339364076987,28.871201684481086
301.0,28.07926683195322,28.080099988232003,28.0826265428058,28.086938729224098,28.093189787788276,28.10159529346934,28.112434353502298,28.126051209536246,28.142857526320256,28.163335848551412,28.188044980095167,28.217628312010746,28.252826295082556,28.294494180840477,28.3436256985451,28.401382402270357,28.46912704396564,28.548457718013186,28.641238012608902,28.74961546957987,28.875979055604965
302.0,28.080091310697398,28.08093125233421,28.083478190322314,28.087824450318653,28.09412342345922,28.102590899323747,28.113506283711427,28.12721424924789,28.14412711416144,28.164728440480758,28.189578605190118,28.21932335191082,28.254706475185213,28.29658769194901,28.345966281660015,28.404010148334113,28.47208861391894,28.551805650797885,28.6450278982998,28.753889754729148,28.880674074523156
303.0,28.08092101459025,28.081767747852272,28.084335087909338,28.088715452356897,28.095062384173907,28.10359189160695,28.11458368854587,28.128382896116754,28.145402513381104,28.16612715681077,28.191118819966416,28.221025640895586,28.25659478550918,28.298690433733753,28.348317367658726,28.406649737929467,28.475063252006606,28.555167203101664,28.64882819313691,28.75815434604843,28.88530940765964
304.0,28.081755947363153,28.08260947848861,28.08519723925201,28.089611739253314,28.0960066747003,28.104598277049817,28.11566657831814,28.129557166035735,28.1466837474752,28.167532030063487,28.192665665948777,28.222735227131214,28.258491275547225,28.300802448754776,28.350678981219936,28.409301157493093,28.4780508100729,28.558541581125947,28.652635996748838,28.76240577679765,28.88989953623776
305.0,28.08259611273353,28.083456447949256,28.086064648091348,28.09051331506274,28.096956300055794,28.10561006274951,28.1167549638015,28.130737075386364,28.147970840337543,28.168943092904783,28.194219184375832,28.22445215793603,28.26039599334583,28.302923777412246,28.353051142068118,28.411964371020808,28.481051043777956,28.561927791491172,28.65644881563323,28.76664287240971,28.894454056509748
306.0,28.083441514416663,28.084308659955543,28.086937318235318,28.09142018398971,28.09791126551296,28.106627256168867,28.117848856220103,28.131922641017933,28.149263816228945,28.170360378109095,28.195779416170296,28.226176479761957,28.262308985442406,28.305054457399482,28.35543386198401,28.41463931135572,28.484063616472262,28.565324756731084,28.66026465952112,28.770865622034787,28.89897957871948
307.0,28.08429215613741,28.085166118255618,28.08781525356961,28.092332350397346,28.098871576604584,28.107649865135034,28.11894826723857,28.133113880226574,28.150562699747184,28.17178391852569,28.19734640190919,28.22790823816074,28.264230296707737,28.307194522820442,28.357827141565195,28.417325875289517,28.487088115850902,28.568731400526445,28.664082007882747,28.775074578909763,28.90348083752704
308.0,28.085148041641776,28.0860288266358,28.088698458068087,28.093249818815718,28.099837239128078,28.108677897837417,28.120053208951095,28.134310810734355,28.151867515797697,28.173213747045892,28.198920181791035,28.22964747772309,28.266159970074256,28.309344003069455,28.360230967369045,28.420023922608163,28.490124075474807,28.57214670185274,28.66789973384518,28.779270544404877,28.907961353600896
309.0,28.086009174708323,28.08689678893167,28.089586935802902,28.094172593949764,28.10080825914928,28.109711362825006,28.12116369387012,28.13551345066844,28.153178289564902,28.174649896570333,28.200500795596007,28.231394241980546,28.268098046154083,28.311502921618978,28.362645309838957,28.422733278305643,28.493170996139906,28.575569724632977,28.671717023153505,28.78345440411486,28.912423836315032
310.0,28.08687555915933,28.08777000903897,28.09048069095427,28.09510068068667,28.101784643005583,28.11075026900308,28.122279734914613,28.136721818540344,28.154495046483902,28.176092399974884,28.202088282634815,28.23314857326464,28.27004456277115,28.313671294861248,28.36507012217458,28.425453736914832,28.496228364497714,28.57899963038064,28.675533302484617,28.787627045222237,28.91687043479696
311.0,28.08774719887179,28.088648490924182,28.091379727819845,28.09603408410275,28.102766397308553,28.111794625629358,28.123401345398044,28.137935933225183,28.155817812212096,28.177541290073634,28.203682681682814,28.234910512523722,28.27199955444407,28.315849131120356,28.36750534012459,28.428185067973725,28.49929566795142,28.582435680036046,28.679348180963203,28.791789317052416,28.921302898573305
312.0,28.088624097788095,28.089532238634874,28.09228405082376,28.096972809469847,28.10375352894589,28.112844442309623,28.12452853901603,28.139155813940867,28.157146612600165,28.178996599577303,28.205284030896987,28.23668009910328,28.273963051860605,28.31803642990995,28.36995088256994,28.430927021855723,28.502372405787742,28.5858772295071,28.683161404414875,28.79594201433373,28.925722683249663
313.0,28.089506259926495,28.09042125630969,28.093193664525227,28.09791686226124,28.10474604508291,28.113899728992838,28.125661329833658,28.140381480227042,28.158481473661766,28.18045836104557,28.206892367715323,28.238457370499635,28.275935081381892,28.320233181471362,28.372406652715377,28.4336793354286,28.505458096966922,28.589323721947753,28.686972820408695,28.80008587215845,28.930131022035006
314.0,28.090393689391195,28.09131554818805,28.09410857362675,28.09886624815704,28.10574395316343,28.1149604959658,28.126799732272474,28.141612951923545,28.15982242154123,28.181926606832263,28.20850772873958,28.240242362099497,28.277915664607484,28.32243936659337,28.37487253969963,28.436441737213826,28.508552285165173,28.5927746786943,28.690782351888398,28.804221566758248,28.934528975537997
315.0,28.091286390382223,28.09221511861947,28.095028782981945,28.099820973049113,28.106747260910186,28.116026753847326,28.12794376109706,28.14285024914813,28.161169482478602,28.183401369022786,28.210130149604215,28.242035106918227,28.27990481802331,28.324654956691067,28.377348420452005,28.439213951877313,28.51165454167636,28.596229690005877,28.694589977415152,28.8083497189702,28.93891746739531
316.0,28.092184367204876,28.093119972072575,28.095954297602916,28.100781043045505,28.107755976324704,28.11709851358194,28.129093431401127,28.144093392273103,28.162522682771492,28.184882679363824,28.21175966483509,28.243835635349267,28.28190255274542,28.326879914106854,28.379834161652976,28.441995703994618,28.514764466715814,28.599688406245544,28.698395716405237,28.81247089875973,28.943297310425113
317.0,28.09308762427889,28.094030113143685,28.096885122667214,28.10174646447441,28.108770107686688,28.118175786433127,28.130248758593005,28.145342401900667,28.163882048733324,28.186370569185897,28.213396307702503,28.245643974935167,28.28390887436399,28.329114192589657,28.38232962168937,28.4447867211056,28.517881689577145,28.603150529817093,28.702199618103514,28.81658562996849,28.947669226282585
318.0,28.093996166147196,28.09494554656507,28.097821263524374,28.102717243887646,28.10978966355293,28.119258583976027,28.131409758380393,28.1465972988366,28.165247606647846,28.18786506931978,28.215040110073183,28.247460150168603,28.28592378288553,28.33135773790759,28.384834652525743,28.4475867361155,28.521005867998785,28.606615807978585,28.706001753337667,28.820694394883766,28.95203386054857
319.0,28.09490999748434,28.095866277212792,28.098762725702024,28.10369338806365,28.110814652755693,28.12034691808957,28.13257644675427,28.147858104062124,28.16661938271986,28.18936621000832,28.216691102265848,28.249284182329127,28.287947272766115,28.333610488551944,28.387349101440446,28.450395489119863,28.524136687012454,28.610084026542054,28.70980220834001,28.82479763845269,28.956391794533225
320.0,28.095829123104494,28.096792310114132,28.09970951491154,28.10467490401004,28.11184508440059,28.121440800948047,28.133748839971812,28.149124838703745,28.167997403022483,28.190874020815283,28.21834931291446,28.25111608935906,28.28997933302537,28.3358723764953,28.389872812596217,28.453212728737576,28.52727385747525,28.61355500440936,28.713601080108198,28.82889577208183,28.960743554665072
321.0,28.096753547969087,28.097723650454657,28.100661637053292,28.10566179896563,28.112880967863944,28.12254024501197,28.134926954538184,28.150397524001075,28.169381693441338,28.1923885305332,28.22001476884275,28.25295588577976,28.29201994742899,28.338143327972695,28.392405628431597,28.456038213034276,28.53041711443109,28.61702858886611,28.71739847291441,28.832989177021506,28.965089620069808
322.0,28.09768327719403,28.09866030358483,28.101619098221406,28.106654080402045,28.113922312789605,28.123645263018204,28.136110807187166,28.151676181272556,28.170772279616273,28.19390976709196,28.221687494952793,28.254803582647696,28.294069094727075,28.340423264260764,28.394947390871167,28.458871710111797,28.533566215403994,28.620504651545993,28.72119449567481,28.837078207361426,28.969430428767428
323.0,28.098618316056527,28.09960227502621,28.10258190470812,28.10765175602477,28.11496912908517,28.124755867969352,28.137300414860466,28.152960831879255,28.172169186881316,28.19543775747002,28.223367514129723,28.256659187548337,28.29612674893569,28.34271210243567,28.397497942360708,28.46171299843045,28.536720938693332,28.62398308497855,28.724989259965916,28.841163192675044,28.973766382797674
324.0,28.099558670001485,28.10054957047726,28.10355006300766,28.108654833773745,28.116021426917627,28.12587207312224,28.138495794685763,28.154251497186888,28.17357244020364,28.196972527609844,28.225054847163854,28.25852270462483,28.29819287964989,28.345009756095813,28.400057126738513,28.46456186692137,28.53988108171719,28.627463799639497,28.728782878529742,28.845244440352612,28.97809785250224
325.0,28.100504344647486,28.101502195818654,28.104523579819663,28.109663321823426,28.117079216708323,28.12699389197557,28.13969696395344,28.155548198526308,28.174982064122386,28.198514102338965,28.22674951269088,28.260394134637806,28.30026745237764,28.3473161360397,28.402624789956985,28.46741811493702,28.54304645943288,28.630946721430906,28.732575464149637,28.8493222376612,28.98242518013483
326.0,28.101455345792335,28.102460157118234,28.10550246205213,28.1106772285823,28.11814250912732,28.128121338256626,28.14090394009207,28.156850957152795,28.17639808268814,28.200062505297844,28.228451527150163,28.262273475052233,28.30235042888542,28.349631150892964,28.405200780669983,28.470281552079417,28.54621690285128,28.634431789527643,28.736367128808602,28.85339685356658,28.986748682929296
327.0,28.102411679418182,28.103423460635437,28.106486716823895,28.111696562691876,28.119211315087025,28.12925442590705,28.1421167406427,28.15815979420448,28.177820519403856,28.201617758875425,28.23016090476065,28.264160720147103,28.304441767547683,28.351954707681415,28.40778495070164,28.473151997938274,28.549392257653196,28.63791895453504,28.740157983063543,28.857468540347966,28.991068655726266
328.0,28.103373351696177,28.104392112825323,28.10747635146661,28.112721333025085,28.12028564573511,28.130393169067684,28.1433353832321,28.159474730660282,28.17924939716791,28.203179884153062,28.231877657513568,28.266055861143844,28.30654142369379,28.354286712349253,28.410377155411798,28.476029281764916,28.55257238291011,28.6414081769108,28.74394813558524,28.861537535032664,28.995385373236722
329.0,28.10434036899071,28.105366120342122,28.10847137352621,28.113751548684103,28.1213655124467,28.131537582062506,28.14455988554507,28.16079578729777,28.18068473822006,28.20474890085714,28.233601795180768,28.267958886349447,28.308649349947245,28.356627070223183,28.412977253972315,28.478913242102433,28.555757149907834,28.64489942561125,28.747737692825694,28.86560406067397,28.999699092004466
330.0,28.10531273786315,28.106345490042298,28.109471790763898,28.11478721899757,28.12245092681584,28.132687679381675,28.145790265296004,28.1621229846513,28.182126564090662,28.206324827320646,28.23533332533729,28.269869781310714,28.31076549655328,28.35897568642434,28.415585109567296,28.481803726388197,28.558946441069107,28.648392676928022,28.75152675878376,28.869668327492523,29.00401005211697
331.0,28.106290465075162,28.10733022898714,28.110477611156547,28.115828353517195,28.123541900646188,28.133843475663753,28.147026540199835,28.1634563429709,28.183574895553836,28.207907680453623,28.237072253396796,28.27178852897622,28.312889811691832,28.361332466230824,28.418200589528908,28.48470059054115,28.562140148969732,28.65188791348676,28.75531543484648,28.873730533898357,29.008318478704474
332.0,28.107273557591494,28.108320344444877,28.11148884289661,28.116874962013725,28.124638445940988,28.135004985677153,28.14826872794268,28.164795882182105,28.185029752584715,28.209497475722312,28.238818582658183,28.27371510986312,28.315022241773832,28.363697315394084,28.420823565419212,28.487603698543502,28.565338175442026,28.65538512338371,28.759103819688928,28.877790867408592,29.012624583259633
333.0,28.10826202258231,28.109315843892247,28.112505494391456,28.117927054472304,28.125740574892333,28.13617222430093,28.149516846152235,28.16614162184727,28.18649115432123,28.211094227136662,28.240572314361938,28.27564950222618,28.317162731719453,28.36607014041264,28.423453913067103,28.49051292202402,28.568540430759093,28.658884299439883,28.762892009219094,28.881849505473493,29.016928564804342
334.0,28.109255867425023,28.110316735015605,28.113527574262147,28.118984641087156,28.126848299869714,28.137345206504975,28.150770912368248,28.167493581128483,28.187959119030474,28.21269794724579,28.242333447754646,28.27759168222686,28.319311225217533,28.36845084876682,28.426091512568302,28.49342813984822,28.571746832893368,28.662385438555695,28.766680096557423,28.88590661622194,29.021230610925542
335.0,28.110255099705615,28.111323025711446,28.114555091341636,28.12004773225566,28.12796163340791,28.138523947329727,28.15203094401321,28.168851778752426,28.189433664079772,28.214308647140818,28.244101980160284,28.2795416241006,28.321467664965944,28.37083934911814,28.42873624825515,28.49634923771945,28.574957306843054,28.665888541151592,28.77046817204285,28.8899623591358,29.025530898698218
336.0,28.111259727219412,28.11233472408644,28.1155880546724,28.121116338571795,28.12908058819427,28.139708461865496,28.15329695836347,28.170216232977396,28.190914805912488,28.215926336464562,28.24587790705683,28.281499300320785,28.323631992893002,28.373235551476753,28.431388008642138,28.49927610779349,28.578171784020498,28.66939361068244,28.774256323259056,28.894016885661383,29.02982959551073
337.0,28.112269757971372,28.113351838456907,28.116626473503477,28.122190470818953,28.130205177055426,28.140898765231558,28.154568972520973,28.171586961562628,28.192402560028473,28.21755102342745,28.24766122215704,28.283464681758208,28.325804150360284,28.37563936734043,28.434046686352083,28.502208648308557,28.581390201696763,28.6729006532153,28.77804463507585,28.898070339765134,29.0341268598053
338.0,28.113285200175785,28.114374377347726,28.117670357286926,28.12327013996216,28.131335412943468,28.142094872555074,28.155847003385787,28.172963981740075,28.19389694096905,28.219182714828992,28.24945191749218,28.285437737835,28.327984078347512,28.378050709808047,28.43671217802717,28.50514676323182,28.58461250249725,28.67640967706175,28.78183318970192,28.902122858439732,29.038422841744374
339.0,28.114306062255476,28.11540234949071,28.118719715673713,28.124355357139716,28.132471308921684,28.143296798949997,28.157131067629532,28.17434731018875,28.19539796230637,28.22082141608424,28.251249983497747,28.28741843667241,28.330171717620292,28.380469493670635,28.439384384228408,28.508090361923067,28.587838633943466,28.67992069245734,28.785622066745734,28.90617457216597,29.042717683812086
340.0,28.11533235284042,28.116435763822402,28.119774558509,28.125446133654286,28.13361287814989,28.144504559496063,28.158421181669926,28.17573696301165,28.19690563663695,28.22246713125458,28.25305540910021,28.28940674523182,28.332367008881516,28.38289563548255,28.442063209326466,28.51103935881564,28.591068548036628,28.683433711281765,28.78941134328231,28.91022560533515,29.047011521358574
341.0,28.116364080765806,28.117474629481304,28.120834895826892,28.12654248096346,28.134760133869477,28.145718169217957,28.15971736164649,28.177132955715358,28.198419975579124,28.22411986308223,28.254868181804007,28.291402629448676,28.33456989290748,28.385329053615237,28.444748561386366,28.513993673114626,28.594302200879046,28.68694874681427,28.793201093923894,28.914276076636064,29.051304483093904
342.0,28.11740125506954,28.118518955804568,28.1219007378446,28.12764441066984,28.135913089388147,28.146937643064806,28.161019623397564,28.178535303192216,28.19994098977423,28.225779613027942,28.256688287778125,28.29340605435917,28.336780310669635,28.38776966829577,28.44744035204806,28.516953228511912,28.59753955232967,28.690465813519708,28.79699139089306,28.918326099410258,29.055596691537353
343.0,28.118443884989208,28.119568752324092,28.1229720949561,28.12875193451066,28.13707175806451,28.148162995890043,28.162327982438693,28.179944019705136,28.201468688891158,28.22744638131128,28.258515711941634,28.295416984219514,28.338998203442976,28.390217401632196,28.4501384964046,28.51991795291767,28.600780565690556,28.693984926861177,28.800782304097112,28.922375781978666,29.059888263426995
344.0,28.11949197995843,28.120624028762094,28.124048977725227,28.129865064347005,28.138236153292556,28.149394242431768,28.163642453942423,28.18135911887495,28.203003081634066,28.229120166953052,28.260350438047702,28.297435382617877,28.341223512902065,28.392672177627386,28.452842912879298,28.522887778207597,28.604025207421206,28.697506103135858,28.804573901202875,28.92642522794251,29.064179310093994
345.0,28.120545549602713,28.12168479502613,28.1251313968783,28.130983812152675,28.13940628848608,28.150631397293665,28.164963052719624,28.182780613670218,28.204544175752957,28.230800967819356,28.26219244876571,28.29946121257906,28.34345618120566,28.395133922183042,28.45555352310296,28.52586263998538,28.607273446878224,28.70102935933105,28.808366247711124,28.930474536460924,29.068469937805297
346.0,28.12160460373474,28.122751061203555,28.126219363296254,28.132108190002715,28.140582177063123,28.151874474926572,28.1662897932023,28.18420851639939,28.206091978056833,28.23248878066688,28.26404172576107,28.301494436662065,28.345696151070836,28.397602563095248,28.45827025179211,28.528842477359493,28.61052525607779,28.704554712997886,28.812159407030205,28.934523802507467,29.072760248078048
347.0,28.1226691523491,28.123822837555522,28.12731288800634,28.133238210061688,28.141763832430524,28.153123489610742,28.167622689427922,28.185642838705295,28.207646494429152,28.23418360118904,28.265898249772533,28.303535017050756,28.347943365837523,28.400078030042813,28.460993026628966,28.53182723273377,28.613780609478813,28.70808218214052,28.815953440548356,28.93857311710755,29.07705033796862
348.0,28.12373920561654,28.124900134510415,28.12841198217339,28.134373884571687,28.142951267968602,28.154378455438877,28.168961755025308,28.187083591561734,28.20920772984535,28.235885424062587,28.26776200068675,28.305582915637896,28.350197769524264,28.402560254569515,28.46372177814367,28.534816851610895,28.61703948378486,28.71161178511884,28.819748407704484,28.942622567558473,29.081340300338724
349.0,28.12481477387767,28.12598296265686,28.129516657090694,28.135515225840223,28.144144497016054,28.15563938629995,28.170307003202,28.18853078527214,28.21077568839212,28.23759424299442,28.269632957609975,28.307638094102785,28.35245930687602,28.40504917006122,28.46645643959928,28.537811282408132,28.620301857763025,28.715143540563112,28.82354436605715,28.946672237633653,29.08563022410096
350.0,28.125895867636196,28.127071332736236,28.13062692417054,28.13666224622792,28.145343532855126,28.156906295863877,28.17165844673318,28.18998442947011,28.212350373288256,28.239310050768303,28.27151109893674,28.30970051398279,28.354727923404706,28.40754471171873,28.469196946879787,28.540810476284584,28.62356771207822,28.71867746729903,28.827341371351586,28.95072220777243,29.089920194445643
351.0,28.126982497551698,28.128165255634773,28.131742794934404,28.137814958136175,28.14654838869706,28.15817919756708,28.173016097951987,28.191444533121757,28.21393178690683,28.241032839291254,28.27339640241552,28.31177013673914,28.357003565423177,28.41004681652715,28.471943238381456,28.54381438697925,28.626837029141452,28.72221358428201,28.831139477584692,28.95477255525668,29.094210293050743
352.0,28.128074674431947,28.129264742375234,28.132864281002888,28.138973373994734,28.14775907766795,28.1594581045989,28.17437996874132,28.192911104529674,28.21551993079841,28.242762599639395,28.27528884521127,28.313846923817174,28.359286180073298,28.412555423222308,28.47469525490764,28.54682297065926,28.630109792970778,28.725751910539543,28.834938737067883,28.95882335437542,29.098500598276463
353.0,28.12917240922482,28.13036980410823,28.133991394085395,28.140137506249307,28.14897561279495,28.160743029888966,28.175750070527005,28.19438415133842,28.217114805715262,28.24449932210308,28.277188403964914,28.315930836701476,28.361575715348682,28.415070472255007,28.47745293956716,28.549836185777647,28.63338598906382,28.729292465120736,28.83873920048783,28.962874676578284,29.10279118534585
354.0,28.13027571300981,28.131480452103187,28.135124145969574,28.141307367349196,28.15019800699295,28.16203398609543,28.177126414272262,28.19586368054137,28.218716411636183,28.246242996231178,28.279095054849726,28.31802183696611,28.36387212011262,28.417591905753373,28.48021623767635,28.552853992939994,28.63666560428078,28.732835267052117,28.842540916965,28.966926590618964,29.10708212651267
355.0,28.131384596989182,28.132596697738972,28.13626254851062,28.142482969735035,28.151426273051694,28.16333098559416,28.178509010473476,28.197349698488853,28.220324747791935,28.24799361087433,28.28100877362475,28.320119886320303,28.366175344111717,28.42011966748393,28.482985096664724,28.5558763547795,28.63994862673699,28.736380335299046,28.84634393411009,28.97097916268925,29.11137349121765
356.0,28.132499072478815,28.133718552494273,28.13740661362042,28.143664325826617,28.152660423623388,28.164634040468815,28.17989786915717,28.19884221089739,28.221939812691055,28.249751154227138,28.282929535685195,28.32222494664984,28.36848533798569,28.422653702811658,28.485759465984344,28.558903235839797,28.643235045704227,28.73992768873204,28.85014829807834,28.975032456544536,29.11566534623409
357.0,28.133619150898724,28.134846027937705,28.13855635325661,28.144851448010918,28.153900471210846,28.165943162501836,28.181292999878128,28.200341222859944,28.223561604145875,28.251515613869135,28.28485731610997,28.324336980054493,28.370802053273724,28.42519395865937,28.48853929702277,28.561934602465108,28.64652485151991,28.74347734609745,28.853954053621752,28.979086533621423,29.11995775580372
358.0,28.13474484376332,28.135979135717708,28.13971177941153,28.14604434863028,28.155146428156154,28.167258363166308,28.182694411718575,28.201846738857085,28.22519011929871,28.253286976804542,28.286792089706434,28.3264559488817,28.37312544241779,28.42774038346677,28.49132454301954,28.564970422697215,28.649818035503596,28.74702932599204,28.85776124413931,28.983141453148008,29.124250781763653
359.0,28.135876162671444,28.137117887552254,28.140872904101197,28.147243039970824,28.15639830662987,28.168579653618693,28.184102113288436,28.20335876276893,28.22682535464801,28.255065229500694,28.288733831052394,28.328581815756813,28.375455458763245,28.430292927149278,28.49411515898618,28.56801066617881,28.653114589880083,28.75058364684094,28.861569911725233,28.98719727224746,29.128544483665056
360.0,28.137013119296213,28.138262295218414,28.14203973935424,28.1484475342511,28.1576561186208,28.169907044692415,28.185516112726464,28.204877297887748,28.228467306074428,28.25685035792513,28.29068251453549,28.330714543610114,28.37779205655705,28.432851541056998,28.496911101629543,28.571055304062828,28.65641450770856,28.75414032687865,28.865380097215294,28.991254046035344,29.13283891888433
361.0,28.13815577853165,28.13941242369878,28.143212350357864,28.14965789676802,28.158919929083304,28.171240600049234,28.186936470859315,28.20640240008818,28.230116022023648,28.258642400738317,28.292638167547082,28.332854148857827,28.38013524410083,28.435416231090837,28.499712382435465,28.574104362084295,28.659717835974288,28.757699437289748,28.869191906036654,28.995312413257487,29.137146529299994
362.0,28.139304205317785,28.140568338006382,28.144390802282448,28.150874192721595,28.160189802763743,28.172580383009976,28.188363248039952,28.20793412467646,28.23177155036754,28.26044139616353,28.29460081735224,28.335000648258966,28.38248503058072,28.437987004497575,28.502519014434323,28.577157867330538,28.663024622977545,28.761261065675185,28.87300571030511,28.999375277614007,29.14147448280694
363.0,28.14045841147808,28.14173005002201,28.14557510711868,28.152096434052524,28.161465751039955,28.173926403398493,28.189796450999303,28.20947247325255,28.233433885277403,28.26224732886784,28.296570437969923,28.337154005782075,28.38484137290796,28.44056381667869,28.505330959004016,28.580215795461058,28.666334871318337,28.764825310864214,28.87682210904346,29.003444249337992,29.1458182472619
364.0,28.14161840886829,28.142897571642983,28.14676527682631,28.153324632591513,28.162747785072764,28.175278670697832,28.19123608601005,28.21101744688406,28.23510302040828,28.26406018315319,28.298547003362412,28.33931418578112,28.387204228870363,28.443146624323184,28.508148179136853,28.583278125416467,28.669648599713984,28.76839233607977,28.8806417024255,29.007520050973177,29.150174936029774
365.0,28.142784209365804,28.144070914772474,28.147961323323543,28.154558800049504,28.164035915798568,28.17663719404759,28.19268215889162,28.21256904612095,28.23677894892332,28.26587994298663,28.30053048746321,28.341481153010108,28.389573557127495,28.445735385423784,28.510970639806196,28.58634484149902,28.672965846683617,28.77196234458318,28.884465008085726,29.01160294284028,29.15454264408992
366.0,28.14395582485898,28.145250091308853,28.14916325847663,28.155798948008258,28.165330153922504,28.17800198224198,28.194134675015714,28.21412727101042,28.238461663517676,28.26770659202918,28.302520864203082,28.343654872637188,28.391949317216746,28.448330059360497,28.513798308526013,28.58941593507999,28.676286669736278,28.775535556432704,28.888292441757546,29.015692950111983,29.158920066050644
367.0,28.145133267236513,28.146435113135112,28.150371094089643,28.157045087911317,28.16663050991213,28.179373043728514,28.19559363931238,28.21569212111192,28.240151156441822,28.269540113663503,28.30451810753469,28.345835310260426,28.394331469577743,28.45093060705226,28.516631155962564,28.592491405542674,28.679611141990325,28.779112191331016,28.89212432403579,29.019789983494306,29.163306272801368
368.0,28.146316548376852,28.147625992108406,28.151584841894472,28.15829723105533,28.167936993991685,28.18075038660727,28.197059056276554,28.217263595512275,28.241847419524348,28.271380491020338,28.30652219145651,28.3480224319278,28.39671997559916,28.453536991156984,28.519469156470993,28.59557126043431,28.68293934781593,28.78269245772753,28.895960895706338,29.02389390283436,29.167700578459467
369.0,28.147505680137716,28.148822740049685,28.152804513541046,28.15955538858176,28.169249616136817,28.182134018630737,28.198530929974993,28.21884169284077,28.243550444194163,28.273227707004075,28.308533090036896,28.350216204163488,28.399114797687186,28.456149176290676,28.52231228847607,28.59865551498303,28.686271378510227,28.78627654684949,28.8998023340719,29.02800455013691,29.172102459399763
370.0,28.148700674345694,28.1500253687335,28.154030120587812,28.16081957146904,28.17056838606987,28.18352394720419,28.200009264053616,28.22042641128426,28.245260221502257,28.275081744317657,28.310550777439282,28.352416594001745,28.401515899350855,28.458767129236353,28.52516053466468,28.6017441911911,28.68960732852728,28.789864630155815,28.903648767395314,29.03212176622812,29.176511503790778
371.0,28.14990154278602,28.15123388987795,28.155261674492483,28.162089790525027,28.171893313255648,28.18492017938657,28.201494061745144,28.222017748602273,28.24697674214296,28.276942585487195,28.31257522794916,28.35462356902827,28.403923245296948,28.4613908191193,28.528013881994294,28.604837316701776,28.69294729245912,28.79345685896571,28.907500286685927,29.0362453987278,29.180927379316046
372.0,28.151108297192447,28.152448315134865,28.156499186603053,28.16336605637993,28.173224406897663,28.186322721891806,28.202985325877037,28.22361570214199,28.248699996474894,28.278810212886665,28.3146064160035,28.35683709742807,28.40633680152631,28.46402021753352,28.530872321543928,28.60793492359492,28.69629136277567,28.797053365354348,28.911356954922606,29.040375305451875,29.185349811951433
373.0,28.152320949237367,28.15366865608015,28.15774266814913,28.16464837947961,28.17456167593484,28.187731581090606,28.204483058879696,28.22522026885328,28.250429974541742,28.280684608763007,28.316644316222696,28.359057148037827,28.408756535423944,28.466655298612444,28.53373584824418,28.611037047218815,28.699639628238494,28.80065426370539,28.915218814105344,29.044511355458997,29.189778571611885
374.0,28.15353951052207,28.15489492420438,28.158992130233543,28.16593677007925,28.175905129038682,28.18914676301264,28.20598726279491,28.226831445303656,28.252166666092915,28.28256575526183,28.318688903444922,28.36128369040043,28.4111824158367,28.469296039043595,28.53660446052441,28.61414372512427,28.70299217286864,28.80425965253392,28.919085890578177,29.04865342892573,29.194213462167568
375.0,28.15476399256726,28.156127130903645,28.16024758382428,28.167231238237466,28.17725477461087,28.190568273349104,28.20749793928449,28.228449227693282,28.253910060604312,28.28445363445395,28.3207401527624,28.363516694819037,28.41361441313418,28.47194241803175,28.539478159911667,28.617254996134765,28.706349075346456,28.807869616349155,28.922958199021263,29.052801416478836,29.19865431430857
376.0,28.1559944068038,28.15736528747063,28.16150903974674,28.16853179381076,28.178610620781278,28.19199611745567,28.20901508963916,28.23007361187006,28.255660147299235,28.286348228362716,28.322798039558883,28.365756132408304,28.41605249925029,28.47459441721809,28.54235695060996,28.620370899564126,28.709710408734026,28.81148422742887,28.92683574543736,29.056955218313483,29.203100980314087
377.0,28.157230764563664,28.15860940508599,28.16277650867631,28.169838446448377,28.17997267540638,28.19343030035575,28.210538714787653,28.231704593344787,28.257416915169575,28.288249518992053,28.32486253954751,28.368001975140732,28.418496647704554,28.477252020564062,28.545240839081806,28.623491474578472,28.71307624042943,28.81510354744205,28.930718529386052,29.06111474326476,29.207553330127315
378.0,28.15847307707123,28.159859494809997,28.164050001131272,28.171151205587535,28.181340946068076,28.194870826744133,28.212068815305994,28.23334216730649,28.259180352997287,28.290157488355096,28.326933628808142,28.370254195886435,28.420946833603683,28.479915214209065,28.548129833647764,28.62661675969103,28.716446632281002,28.818727628895427,28.934606545657935,29.065279907913816,29.212011248347615
379.0,28.15972135543477,28.161115567574452,28.165329527466042,28.172470080449052,28.182715440072872,28.196317700990896,28.21360539142704,28.234986328637927,28.26095044937616,28.292072118503036,28.329011283823306,28.372512768445304,28.423403033624844,28.482583986310324,28.55102394411429,28.629746792374036,28.719821640806746,28.822356516401957,28.93849978553219,29.06945063576423,29.216474631882175
380.0,28.160975610638264,28.16237763417496,28.16661509786475,28.173795080033305,28.184096164451436,28.19777092714567,28.215148443050236,28.23663707193131,28.26272719273386,28.293993391553983,28.33109548151194,28.37477766757088,28.425865225982726,28.485258326872493,28.55392318143594,28.632881608770816,28.72320131747823,28.825990247781277,28.942398237724017,29.073626856500614,29.220943388082162
381.0,28.16223585353352,28.163645705263445,28.167906722335157,28.175126213116588,28.185483125958516,28.19923050894219,28.216697969751614,28.23829439150422,28.264510571354112,28.2959212897214,28.333186199260275,28.377048868985707,28.428333390382882,28.487938227573185,28.55682755741456,28.636021243491307,28.726585709039632,28.829628855007822,28.946301889100432,29.0778085053297,29.225417433241784
382.0,28.163502094832563,28.16491979134102,28.169204410702903,28.176463488247812,28.186876331073204,28.200696449803154,28.21825397079403,28.23995828141572,28.266300573398993,28.29785579534182,28.335283414949334,28.379326349388393,28.430807507963934,28.490623681589497,28.5597370844359,28.639165729475838,28.729974857841214,28.83327236502421,28.950210725222483,29.081995522398557,29.229896691374208
383.0,28.16477434510035,28.16619990275117,28.170508172606112,28.177806913745556,28.188275785999544,28.202168752845385,28.219816445137646,28.241628735482667,28.268097186931122,28.299796890901494,28.33738710697867,28.381610086452742,28.43328756123117,28.493314683429343,28.56265177524232,28.642315097913563,28.733368802173082,28.83692080043739,28.954124730756806,29.086187852282542,29.234381093201968
384.0,28.166052614747827,28.167486049673233,28.171818017490335,28.17915649769549,28.18968149666747,28.20364742088527,28.221385391450635,28.24330574729612,28.269900399935647,28.30174455906164,28.339497254286115,28.383900058819616,28.435773533983944,28.496011228770417,28.565571642739336,28.64546937820408,28.736767576589926,28.840574180113776,28.958043889788375,29.090385443534938,29.238870575316007
385.0,28.167336914025235,28.16877824211625,28.17313395460381,28.180512247948123,28.191093468734092,28.205132456444524,28.222960808120146,28.24498931023787,28.271710200341857,28.303698782682083,28.341613836363404,28.38619624608232,28.43826541123897,28.49871331430869,28.568496699833076,28.648628597952435,28.74017121222079,28.84423251968801,28.961968186058186,29.094588248290673,29.24336507946895
386.0,28.168627253015824,28.170076489913107,28.174455992993096,28.1818741721169,28.1925117075853,28.206623861756185,28.22454269326341,28.246679417496946,28.27352657604428,28.305659544843046,28.343736833267783,28.388498628766328,28.440763179151443,28.501420937617674,28.57142695929551,28.651792782989524,28.743579737060525,28.84789583199811,28.96589760314371,29.098796221917116,29.24786455197653
387.0,28.16992364162984,28.171380802715028,28.175784141499012,28.183242277576646,28.19393621833766,28.20812163877093,28.226131044739077,28.248376062086084,28.275349514923086,28.30762682886492,28.34586622562966,28.390807188304237,28.443266824935503,28.50413409701901,28.574362433654297,28.654961957411384,28.746993176241233,28.85156412745808,28.96983212459545,29.10300932270577,29.252368943206918
388.0,28.17122608959885,28.172691189986384,28.17711840875294,28.184616571462342,28.195367005840684,28.20962578916363,28.22772586015869,28.25007923685807,28.277179004863715,28.30960061832594,28.34800199465649,28.3931219070068,28.44577633678537,28.506852791464578,28.577303135104074,28.6581361436321,28.75041155228317,28.855237414377388,28.97377173403977,29.10722751159949,29.25687820714235
389.0,28.17253460647042,28.17400766099986,28.178458803173466,28.18599706066821,28.196804074679335,28.211136314340155,28.229327136898235,28.251788934521862,28.279015033775547,28.3115808970777,28.35014412213321,28.395442768030847,28.448291703798205,28.509577020429994,28.5802490754364,28.661315362446175,28.753834885325393,28.858915699235403,28.977716415255696,29.111450751950493,29.261392301000505
390.0,28.173849201603094,28.175330224831928,28.179805332963316,28.187383751847165,28.198247429176888,28.21265321544439,28.230934872109827,28.25350514765841,28.280857589609575,28.313567649258445,28.35229259041945,28.39776975534487,28.450812915899437,28.512306783818985,28.583200265985592,28.664499633097126,28.757263193336914,28.86259898691749,28.98166615223162,29.11567900930524,29.265911184905793
391.0,28.175169884161726,28.176658890358674,28.181158006106678,28.18877665141056,28.19969707339805,28.214176493365507,28.232549062733355,28.255227868736146,28.282706660374934,28.315560859304245,28.3544473824439,28.400102853692932,28.45333996377125,28.515042081878203,28.586156717588164,28.66768897334967,28.760696492309386,28.86628728091859,28.98562092920635,29.119912251212643,29.27043482160258
392.0,28.176496663113134,28.17799366625194,28.182516830366815,28.19017576552825,28.201153011152357,28.215706148745355,28.23416970550815,28.256957090126008,28.284562234154315,28.31756051195805,28.356608481696153,28.40244204855753,28.455872838784558,28.51778291512172,28.58911844055367,28.670883399563664,28.764134796432614,28.869980583519048,28.989580730698105,29.12415044705272,29.274963176203833
393.0,28.177829547222114,28.179334560975818,28.18388181328403,28.191581100128975,28.20261524599785,28.217242181986084,28.2357967969846,28.258692804115967,28.286424299118107,28.31956659227672,28.358775872216288,28.40478732612193,28.458411532934814,28.520529284264516,28.592085444645143,28.674082926768197,28.767578118254125,28.873678895936813,28.99354554152411,29.12839356788309,29.2794962159699
394.0,28.17916854504773,28.180681582783464,28.185252962173934,28.19299266090104,28.204083781244993,28.218784593257848,28.237430333535627,28.26043500292502,28.288292843537356,28.32157908563615,28.360949538582638,28.407138673232446,28.460956038781767,28.52328119016419,28.59505773906748,28.67728756873482,28.771026468824086,28.877382218459417,28.997515346812907,29.13264158630117,29.284033910113088
395.0,28.180513664939998,28.18203473971423,28.186630284126043,28.194410453293294,28.205558619960826,28.22033338250664,28.239070311368017,28.262183678716575,28.290167855795456,28.32359797773461,28.36312946589793,28.409496077361034,28.46350634939322,28.526038633770224,28.598035332462423,28.680497338049037,28.774479857826865,28.881090550558667,29.00149013201102,29.136894476320155,29.288576229624347
396.0,28.18186491503685,28.18339403959114,28.188013786002706,28.1958344825164,28.207039764973345,28.221888549462207,28.2407167265336,28.263938823611156,28.292049324398615,28.32562325459442,28.365315639774195,28.4118595265685,28.466062458292793,28.528801616079956,28.601018232908856,28.683712246179525,28.77793829370041,28.88480389099049,29.00546988288532,29.141152213257197,29.2931231471191
397.0,28.183222303261463,28.18475949001869,28.189403474438315,28.19726475354436,28.20852721887607,28.223450093646,28.242369574940135,28.2657004296985,28.29393723798513,28.327654902562085,28.36750804631661,28.414229009468606,28.468624359411606,28.531570138100708,28.60400644792749,28.686932303544676,28.781401783744524,28.888522237882018,29.009454585521997,29.14541477363232,29.297674636699647
398.0,28.184585837319876,28.186131098380947,28.19079935583884,28.198701271116338,28.210020984032827,28.22501801437916,28.24402885236199,28.267468489048902,28.295831585333467,28.329692908307095,28.369706672106613,28.41660451519328,28.471192047043726,28.534344200817344,28.60699998448899,28.69015751957621,28.78487033421918,28.89224558880768,29.01344422632306,29.149682135076898,29.302230673831982
399.0,28.185955524698965,28.187508871839995,28.192201436381662,28.20014403973872,28.21152106258265,28.226592310790487,28.245694554450463,28.269242993723857,28.297732355369217,28.331737258819444,28.37191150418444,28.41898603335904,28.473765515805244,28.537123805164697,28.609998849024876,28.693387902779715,28.788343950433685,28.89597394085581,29.017438792000892,29.15395427625059,29.306791235235245
400.0,28.1873313726647,28.188892817334658,28.19360972201568,28.20159306368742,28.213027456444873,28.22817298182438,28.24736667674383,28.271023935786012,28.29963953717097,28.33378794140608,28.374122530031322,28.421373554034776,28.476344760596827,28.53990895200431,28.613003047440507,28.69662346079204,28.791822636827696,28.899707290687047,29.021438269571416,29.158231176765877,29.311356298782226
401.0,28.18871338826075,28.19028294157957,28.19502421846172,28.203048347010412,28.214540167324312,28.2297600262487,28.249045214676993,28.272811307308366,28.30155311997519,28.33584494368635,28.37633973755148,28.423767067710987,28.478929776569494,28.542699642104974,28.61601258512973,28.699864200435584,28.795306397044786,28.903445634585594,29.02544264634622,29.162512817119275,29.315925843409605
402.0,28.190101578307367,28.19167925106451,28.19644493121322,28.204509893530492,28.21605919671658,28.231353442662577,28.2507301635908,28.27460510038277,28.303473093180067,28.337908253586647,28.378563115054117,28.42616656527046,28.481520559093454,28.545495876126637,28.619027466990655,28.70311012776949,28.79879523399933,28.907188968504336,29.029451909923996,29.166799178628644,29.320499849036796
403.0,28.19149594940059,28.193081752054045,28.19787186553716,28.205977706848227,28.217584545913454,28.232953229504066,28.252421518740935,28.27640530712774,28.305399446348545,28.339977859334322,28.380792651235463,28.42857203796049,28.4841171037298,28.54829765460728,28.6220476974423,28.706361248137846,28.802289149937327,28.910937288104552,29.033466048181484,29.17109024337586,29.32507829649238
404.0,28.192896507911744,28.194490450587477,28.199305026475262,28.2074517903451,28.21911621600836,28.234559385057715,28.254119275306444,28.278211919695526,28.307332169210454,28.34205374945098,28.38302833516107,28.430983477366567,28.486719406204866,28.55110497795232,28.625073280441743,28.709617566214963,28.805788146491786,28.914690588790954,29.037485049264156,29.17538599415438,29.32966116744732
405.0,28.19430325998723,28.195905352479034,28.200744418845435,28.20893214718683,28.220654207901838,28.236171907461955,28.25582342839782,28.280024930278593,28.309271251663894,28.34413591274527,28.38527015624837,28.433400875387566,28.48932746238702,28.55391784642633,28.628104219501573,28.7128790860479,28.80929222473314,28.91844886574261,29.041508901576744,29.17968641442115,29.334248444354188
406.0,28.195716211548582,28.197326463318376,28.20219004724345,28.21041878032684,28.2221985223071,28.237790794716336,28.25753397306471,28.281844331115405,28.311216683775918,28.346224338305298,28.3875181042496,28.43582422421241,28.491941268265727,28.556736260146668,28.631140517707426,28.716145811096343,28.81280138521523,28.922212113940326,29.045537593773787,29.183991488252484,29.338840110391757
407.0,28.197135368292837,28.198753788471326,28.203641916044848,28.211911692509894,28.22374915975555,28.239416044688564,28.259250904303148,28.283670114495585,28.313168455782545,28.348319015490677,28.389772169235187,28.438253516298136,28.49456081993271,28.55956021907883,28.634182177735486,28.719417744269947,28.816315628017207,28.92598032819082,29.049571114750222,29.188301200303503,29.343436149414398
408.0,28.198560735693118,28.200187333080873,28.205100029407042,28.21341088627582,28.225306120602323,28.241047655121367,28.260974217062433,28.285502272764536,28.315126558088235,28.350419933924375,28.3920323415776,28.440688744349334,28.497186113565018,28.56238972303324,28.637229201869754,28.7226948879633,28.819834952781857,28.92975350314823,29.053609453632127,29.19261553577077,29.34803654590579
409.0,28.19999231899953,28.20162710206842,28.20656439127162,28.214916363963393,28.226869405031806,28.242685623639133,28.262703906251563,28.287340798327445,28.31709098126479,28.352527083484357,28.394298611935717,28.44312990129893,28.49981714540984,28.565224771663367,28.640281592019058,28.725977244088668,28.823359358750537,28.933531633333107,29.05765259976766,29.196934480357896,29.35264128493652
410.0,28.201430123240257,28.203073100135256,28.208035005366856,28.216428127714284,28.2284390130631,28.24432994775434,28.26443996674526,28.289185683652796,28.31906171604982,28.35464045429514,28.39657097123973,28.44557698029023,28.502453911770942,28.568065364464815,28.64333934973368,28.729264814106596,28.826888844795178,28.937314713149338,29.06170054271822,29.20125802024377,29.35725035212516
411.0,28.202874153222922,28.204525331764255,28.20951187521037,28.21794617947711,28.23001494455545,28.245980624873773,28.26618239338962,28.291036921275357,28.32103875334478,28.356760036719283,28.398849410676636,28.44802997466016,28.505096408996543,28.570911500775445,28.646402476221553,28.732557599054548,28.830423409447548,28.941102736899165,29.065753272249882,29.205586142053207,29.361863733602476
412.0,28.204324413536177,28.205983801221787,28.210995004111957,28.219470521011548,28.231597199213617,28.247637652304494,28.267931181007345,28.292894503798713,28.323022084212653,28.35888582134889,28.40113392167629,28.450488877923664,28.50774463346853,28.57376317977621,28.649470972363993,28.735855599573675,28.833963050926034,28.94489569879654,29.069810778325092,29.20991883282981,29.36648141597854
413.0,28.20578090855149,28.207448512559818,28.21248439517657,28.221001153892512,28.233185776593167,28.24930102725959,28.26968632440261,28.294758423897363,28.3250116998753,28.36101779899712,28.403424495898037,28.452953683759205,28.51039858159289,28.576620400492672,28.652544838730908,28.739158815933834,28.837507767160222,28.948693592979005,29.07387305109467,29.214256080010824,29.37110338631235
414.0,28.207243642425148,28.208919469618227,28.21398005130743,28.222538079514365,28.234780676105668,28.250970746863693,28.271447818365576,28.296628674318406,28.327007591710554,28.363155960689827,28.405721125217934,28.455424385995272,28.51305824979123,28.579483161797054,28.655624075595505,28.74246724805701,28.841057555813425,28.9524964135183,29.07794008089009,29.21859787140383,29.375729632083853
415.0,28.208712619100456,28.210396676027262,28.215481975209265,28.224081299095182,28.23638189702381,28.252646808158254,28.273215657676534,28.29850524788284,28.329009751249057,28.365300297657228,28.40802380171655,28.457900978597856,28.515723634493284,28.582351462410777,28.658708682948433,28.745780895539166,28.844612414303356,28.95630415442978,29.08201185821608,29.222944195165113,29.380360141168072
416.0,28.210187842310116,28.211880135210173,28.216990169391657,28.225630813681015,28.237989438486427,28.254329208106576,28.274989837109704,28.30038813748655,28.331018170170918,28.367450801325788,28.41033251766732,28.460383455658857,28.51839473213035,28.58522530090735,28.66179866051139,28.74909975767072,28.848172339821126,28.960116809680837,29.086088373743493,29.227295039779573,29.384994901811172
417.0,28.211669315578764,28.21336985038602,28.218504636172494,28.22718662415018,28.239603299503383,28.256017943598643,28.27677035143675,28.302277336100918,28.33303284030221,28.369607463310214,28.41264726552549,28.462871811385334,28.521071539129498,28.588104675715567,28.664894007750178,28.75242383345566,28.851737329348705,28.963934373198395,29.0901696183025,29.231650394042045,29.389633902608285
418.0,28.21315704222568,28.214865824572584,28.220025377681495,28.22874873121753,28.24122347896039,28.25771301145569,28.278557195429936,28.3041728367732,28.335053753611323,28.37177027540563,28.41496803791757,28.465366040089556,28.52375405190855,28.590989585122962,28.66799472388723,28.755753121629432,28.855307379674993,28.967756838875605,29.094255582876055,29.236010247039896,29.39427713248298
419.0,28.21465102536764,28.216368060589428,28.22155239586382,28.230317135438746,28.242849975623663,28.259414408434562,28.280350363865026,28.306074632626608,28.337080902205216,28.373939229579957,28.417294827631356,28.467866136179797,28.5264422668717,28.593880027279425,28.671100807913582,28.759087620675686,28.858882487410614,28.971584200577823,29.098346258593654,29.24037458813682,29.398924580668158
420.0,28.216151267921887,28.21787656106108,28.22308569248376,28.231891837214576,28.244482788144477,28.26112213123184,28.282149851523886,28.30798271686013,28.339114278325603,28.37611431796649,28.419627627606417,28.470372094151838,28.52913618040573,28.596776000200986,28.67421225860033,28.762427328841905,28.86246264900152,28.975416452147932,29.102441636725356,29.244743406957745,29.403576236688362
421.0,28.217657595940473,28.219391151751516,28.224625092459664,28.23347266012628,28.246121738394823,28.262835999818986,28.283955476528053,28.309896906079423,28.34115369767629,28.378295356187902,28.421966254256358,28.472883731912347,28.531835612207985,28.599677325104903,28.677328897840813,28.765772067485305,28.866047684072797,28.979253410742345,29.106541489970105,29.249114747294318,29.408190923204547
422.0,28.219169835307103,28.220911658261183,28.226170420561356,28.235059427633477,28.247766648165324,28.26455583413967,28.285767057034473,28.31181701698983,28.34319897611291,28.38048216004289,28.42431052415394,28.475400867465268,28.53454038197727,28.602583823107246,28.680450547354063,28.769121657731755,28.86963741009436,28.98309483820972,29.110644700916048,29.253479119448432,29.412744984820286
423.0,28.22068798839266,28.222438082682647,28.227721678066136,28.236652139730467,28.249417515821623,28.266281630765487,28.28758458788957,28.313743043047875,28.345250106291186,28.38267472215162,28.42666043067523,28.477923495557356,28.537250486063627,28.605495491876482,28.68357720527374,28.77247609565554,28.87323179846376,28.986940458298417,29.114749394387037,29.257831327007725,29.41725364555399
424.0,28.222212057381522,28.223970426927046,28.229278866085554,28.2382507962733,28.251074339631348,28.268013386222187,28.28940806395382,28.315674977783264,28.34730708098597,28.384873035272093,28.429015967314918,28.48045161099485,28.539965920786962,28.608412328918032,28.68670886891054,28.775835370230283,28.87683076889277,28.990789779930132,29.11885368787504,29.26216911847473,29.42172665479653
425.0,28.223742044275067,28.22550869272769,28.23084198556923,28.239855396983792,28.25273711776802,28.269751096992774,28.291237480103216,28.317612814797872,28.349369893087307,28.38707709229386,28.431377127679067,28.482985208636546,28.542686682418143,28.61133433139583,28.689845533339064,28.779199456205383,28.880434177013445,28.994642178121147,29.12295596980809,29.26649177344645,29.426170494039074
426.0,28.225277950895208,28.227052881643683,28.232411037308722,28.24146594145354,28.254405848314835,28.271494759520444,28.293072831230496,28.319556547764577,28.351438535596564,28.38928688623188,28.433743905477765,28.485524283382336,28.545412767120897,28.614261495732357,28.69298718935241,28.782568308235014,28.88404181693934,28.998496971206173,29.127054964015688,29.270799348141022,29.430589646655694
427.0,28.226819778887982,28.22860299506361,28.233986021941362,28.243082429147822,28.25608052926829,28.273244370211327,28.294914112246243,28.32150617042598,28.353513001622588,28.39150241022044,28.436116294516584,28.48806883015059,28.54814417082995,28.61719381698507,28.696133821251703,28.785941857559365,28.887653432374055,29.0023534778296,29.131149707364525,29.275092274514687,29.434987340435278
428.0,28.228367529727212,28.230159034209237,28.235566939954094,28.24470485940946,28.257761158541715,28.27499992543706,28.296761318079774,28.32346167659305,28.355593284377814,28.393723657506815,28.438494288684815,28.49061884383631,28.55088088905255,28.6201312880647,28.69928540489324,28.78932001132587,28.89126873097617,29.006211053152178,29.1352394989169,29.279371149053773,29.439365990003534
429.0,28.229921204718185,28.231721000139245,28.23715379168729,28.24633323146261,28.25944773396866,28.276761421537202,28.298614443679927,28.32542306014366,28.357679377174296,28.395950621443973,28.44087788193793,28.493174319243533,28.553622916596073,28.62307389889295,28.702441906261285,28.792702654031068,28.89488739862444,29.010069108679996,29.139323845774005,29.283636623227114,29.44372746613477
430.0,28.231480805001357,28.23328889375298,28.238746577338564,28.247967544416465,28.26114025330614,28.278528854821488,28.30047348401565,28.327390315021002,28.359771273419437,28.39818329548155,28.443267068271417,28.495735250988346,28.556370247238043,28.62602163559702,28.705603280673838,28.796089650380257,28.898509111846987,29.01392712072064,29.14340241517162,29.287889348277858,29.448073263662515
431.0,28.233046331556096,28.234862715794193,28.24034529696652,28.249607797268883,28.262838714237805,28.28030222157194,28.302338434076468,28.329363435231826,28.361868966611116,28.40042167315399,28.445661841683794,28.498301633372833,28.559122873363147,28.628974479818964,28.70876947260698,28.799480848908413,28.902133547761775,29.017784631614045,29.147474995402337,29.29212994889284,29.45240460894103
432.0,28.234617785204403,28.236442466854793,28.241949950494497,28.25125398890995,28.264543114376913,28.282081518044823,28.304209288872794,28.331342414844432,28.363972450331875,28.40266574806477,28.44806219612723,28.50087346023396,28.56188078559461,28.631932408190192,28.711940416049387,28.802876085846457,28.905760391501715,29.02164124675431,29.151541465253327,29.2963590120513,29.456722530552263
433.0,28.236195166614667,28.2380281473786,28.243560537714266,28.252906118125438,28.26625345126926,28.283866740472465,28.30608604343604,28.333327247986233,28.366081718241684,28.40491551386581,28.45046812544554,28.5034507247741,28.564643972445474,28.63489539199423,28.71511603526519,28.806275188874825,28.90938934140667,29.025496629430542,29.15560177065739,29.300577083695444,29.461027907172934
434.0,28.2377784763054,28.23961975766505,28.245177058289674,28.254564183600195,28.267969722395932,28.285657885064893,28.307968692818513,28.335317928840798,28.36819676406884,28.407170964231284,28.45287962330029,28.506033419381506,28.567412420010623,28.637863397018723,28.718296245838182,28.80967798054467,28.913020112379623,29.02935049477062,29.15965590708589,29.30478466928688,29.465321500911315
435.0,28.239367714648964,28.24121729787292,28.24679951176026,28.25622818392146,28.26969192517597,28.287454948011348,28.309857232093037,28.337314451644115,28.370317581598577,28.409432092825572,28.455296683086875,28.508621535449528,28.570186111714364,28.640836383581455,28.7214809558823,28.81308428125363,28.916652437812694,29.033202603554265,29.163703906361494,29.308982236160446,29.469603981168824
436.0,28.240962881875273,28.24282076802399,28.24842789754478,28.25789811758207,28.27142005696888,28.289257925481586,28.311751656352193,28.339316810679883,28.372444164658987,28.41169889326527,28.457719297843056,28.5112150632028,28.57296502812217,28.643814306705732,28.72467006732296,28.81649391173799,28.920286070445787,29.03705275632097,29.167745826809938,29.31317021658306,29.473875942164522
437.0,28.242563978075477,28.244430168006694,28.25006221494473,28.259573982983568,28.273154115077034,28.291066813626966,28.313651960707123,28.341325000273635,28.374576507104063,28.4139713590758,28.460147460153078,28.513813991537564,28.57574914681964,28.646797116415733,28.72786347717612,28.819906695091188,28.92392078245941,29.04090078798337,29.17178174590888,29.31734901096149,29.47813791611314
438.0,28.244171003205622,28.246045497579733,28.25170246314775,28.26125577843926,28.274894096747918,28.292881608581315,28.31555814028577,28.343339014785506,28.37671460279369,28.416249483643234,28.462581162050476,28.516418307881697,28.578538442357285,28.64978475812189,28.731061078772495,28.823322458346603,28.92755636503998,29.044746563027033,29.175811754795347,29.321518990929352,29.482390383347905
439.0,28.245783957090275,28.24766675637562,28.253348641231014,28.26294350217712,28.27663999917622,28.294702306461456,28.31747019023049,28.34535884860146,28.37885844557065,28.418533260162455,28.465020394922686,28.51902799807835,28.581332886256444,28.65277717306806,28.734262762892556,28.826741033676413,28.93119262759963,29.04858997130287,29.179835954154893,29.325680502195237,29.486633780245356
440.0,28.247402839426087,28.249293943904217,28.2550007481645,28.264637152342626,28.278391819505728,28.296528903367456,28.319388105694884,28.34738449612292,28.38100802923481,28.42082268158272,28.467465149420303,28.521643046295527,28.58413244706934,28.655774298815675,28.737468418791963,28.830162259262707,28.934829396785265,29.052430924378765,29.183854451139023,29.32983386711235,29.49086850553426
441.0,28.249027649785333,28.250927059556176,28.25665878281423,28.26633672700145,28.280149554831066,28.298361395382404,28.321311881839794,28.349415951754697,28.383163347514788,28.423117740552,28.46991541537338,28.524263434962464,28.58693709048528,28.65877606974403,28.740677935108298,28.833585979895815,28.938466515374277,29.056269352398143,29.187867357049935,29.33397938696925,29.495094925392753
442.0,28.25065838761939,28.252566102606362,28.25832274394541,28.268042224142043,28.28191320219915,28.300199778571812,28.32324151382839,28.35145320989126,28.3853243940375,28.425418429361294,28.472371181716664,28.526889144732422,28.589746779474375,28.66178241754991,28.743891200647678,28.8370120473504,28.942103841125387,29.060105201386854,29.191874785599722,29.338117344019555,29.499313377620396
443.0,28.25229505226217,28.254211072217174,28.259992630225458,28.269753641678058,28.283682758610443,28.302044048982477,28.325176996820282,28.35349626490142,28.387491162296094,28.42772473989018,28.47483243642523,28.529520154470664,28.59256147446047,28.664793271733775,28.747108105055293,28.840440320583866,28.945741245631428,29.063938430950245,29.195876851601643,29.34224800327569,29.503524175092416
444.0,28.253937642933483,28.255861967441835,28.261668440226973,28.271470977450626,28.285458221019876,28.303894202640787,28.32711832596462,28.355545111111496,28.389663645616782,28.43003666355473,28.477299166461357,28.53215644126554,28.595381133515357,28.66780856006301,28.75032853937732,28.843870665795375,28.949378613204917,29.067769012306254,29.199873669987493,29.34637161409344,29.50772760864902
445.0,28.255586158742336,28.257518787227568,28.26335017243057,28.27319422923046,28.287239586337492,28.30575023555047,28.329065496392204,28.35759974278722,28.391841837125163,28.432354191258685,28.479771357733153,28.53479798046032,28.598205712567243,28.6708282090059,28.753552396523634,28.84730295637746,28.953015839815755,29.071596926605974,29.20386535507237,29.350488411572975,29.511923949534182
446.0,28.25724059869014,28.259181530418715,28.26503782522761,28.27492339471974,28.289026851428705,28.307612143689695,28.3310185032066,28.359660154114493,28.39402572971257,28.4346773133488,28.482248995064936,28.53744474570303,28.60103516561734,28.67385214413222,28.756779571641594,28.85073707278674,28.956652832092168,29.075422163499088,29.207852020007724,29.35459861779971,29.516113451471092
447.0,28.25890096167388,28.260850195759748,28.266731396922776,28.276658471553812,28.290820013114217,28.309479923007554,28.332977341474322,28.36172633917931,28.39621531600298,28.437006019574895,28.48473206217912,28.540096709011518,28.603869444959297,28.67688029047835,28.760009962411385,28.854172902355156,28.960289506390378,29.0792447199074,29.21183377637829,29.358702442945784,29.520296352441385
448.0,28.260567246489153,28.262524781898193,28.268430885736546,28.27839945730265,28.292619068169518,28.311353569419868,28.33494200621415,28.363798291947045,28.398410588321028,28.439340299055107,28.487220541689055,28.54275384085099,28.60670850139724,28.67991257287635,28.76324346927302,28.857610339059026,28.963925787934468,29.083064598975078,29.215810733909304,29.36280008625028,29.524472876220717
449.0,28.26223945183311,28.26420528738742,28.270136289807457,28.28014634947204,28.29442401332397,28.31323307880438,28.336912492385657,28.36587600624144,28.400611538661504,28.441680140246625,28.489714415102057,28.545416110221417,28.60955228445897,28.682948916247387,28.766479995594505,28.861049283259472,28.967561610025506,29.086881809168784,29.219783000258463,29.366891736893844,29.528643233712156
450.0,28.263917576307332,28.26589171068933,28.27184760719425,28.28189914550451,28.296234845259438,28.3151184469953,28.338888794877104,28.367959475723467,28.40281815866076,28.444025530922037,28.492213662831755,28.54808348475231,28.61240074260165,28.6859892458609,28.769719447789786,28.864489641425056,28.971196913317172,29.09069636350522,29.22375068087307,29.37097757478122,29.53280762411048
451.0,28.26560161842053,28.267584050176904,28.27356483587777,28.28365784277997,28.29805156060852,28.317009669777242,28.340870908492743,28.370048693870423,28.405030439570375,28.446376458151295,28.494718264218807,28.550755930802765,28.61525382340803,28.68903348756122,28.772961735394347,28.86793132584486,28.974831645154307,29.094508278886874,29.227713878897408,29.375057771243338,29.5369662359241
452.0,28.267291576591163,28.26928230413659,28.27528797376272,28.28542243861604,28.299874155952274,28.318906742878614,28.34285882793974,28.37214365395543,28.40724837223323,28.44873290828921,28.497228197558933,28.553433413564683,28.6181114737718,28.692081567963903,28.77620677110535,28.871374254338374,28.97846575897018,29.098317575529972,29.231672695118803,29.379132489668887,29.54111924787629
453.0,28.268987449149886,28.27098647077055,28.277017018679146,28.287192930268077,28.301702627817527,28.320809661964493,28.34485254781479,28.37424434902761,28.409471947062315,28.451094866968212,28.49974344013727,28.556115897167587,28.62097364007117,28.69513341462402,28.77945447079236,28.874818349966986,28.98209921373808,29.102124276470974,29.23562722794337,29.38320188607399,29.545266829703436
454.0,28.270689234341855,28.272696548198724,28.27875196838374,28.288969314928828,28.303536972673754,28.322718422629038,28.3468520625906,28.376350771893094,28.411701154022293,28.45346231909618,28.502263968268064,28.558803344783467,28.623840268330156,28.69818895617888,28.782704753483923,28.878263540750673,28.985731973472863,29.105928407140212,29.239577573394563,29.38726610961737,29.549409142865127
455.0,28.272396930328863,28.274412534460712,28.280492820560863,28.290751589727822,28.305377186929523,28.324633020387505,28.348857366602363,28.378462915097113,28.413935982613918,28.455835248858957,28.504789757338717,28.561495718730548,28.6267113043674,28.701248122467568,28.78595754133458,28.88170975939237,28.989364006778175,29.109729994992964,29.24352382512906,29.391325303067354,29.55354634117804
456.0,28.274110535191298,28.27613442751745,28.28223957282333,28.292539751730363,28.307223266928535,28.326553450667966,28.35086845403435,28.380580770907244,28.416176421861348,28.458213639727198,28.5073207818573,28.564192980574845,28.629586693932612,28.704310844629642,28.789212759576117,28.885156943011904,28.992995286435306,29.113529069189777,29.247466074465795,29.39537960322626,29.55767857138401
457.0,28.275830046929908,28.277862225252697,28.28399222271293,28.29433379793621,28.309075208945313,28.328479708802732,28.35288531890674,28.382704331297983,28.41842246030228,28.460597474467132,28.50985701550275,28.56689509122882,28.63246638283083,28.70737705518517,28.792470336456425,28.888605032890656,28.996625789029878,29.11732566031913,29.251404410424765,29.39942914131696,29.56180597366072
458.0,28.277555463467362,28.27959592547425,28.285750767700673,28.296133725277958,28.310933009180523,28.33041179001965,28.354907955062803,28.38483358793673,28.420674085980895,28.462986735154896,28.512398431176933,28.5696020110464,28.63535031703501,28.710446688098212,28.79573020316873,28.892053974227633,29.000255494612855,29.121119800156492,29.25533891977309,29.40347404333575,29.56592868208232
459.0,28.27928678264958,28.281335525915,28.287515205186768,28.297939530619015,28.312796663756,28.332349689433258,28.356936356156574,28.38696853217126,28.422931286443475,28.46538140319393,28.514945001057956,28.572313699913988,28.638238442787355,28.71351967882567,28.7989922937735,28.895503715907452,29.003884386392627,29.124911521454848,29.259269687076227,29.40751443037514,29.570046825036066
460.0,28.281024002246877,28.283081024233685,28.289285532500305,28.29975121075136,28.314666168709515,28.334293402035925,28.35897051564104,28.38910915501869,28.425194048736568,28.467781459335146,28.517496696654106,28.57503011733703,28.641130706690067,28.716595964353264,28.80225654511509,28.898954210280216,29.00751245045525,29.128700857762347,29.26319679475276,29.411550418919816,29.574160525600284
461.0,28.282767119954816,28.284832418015412,28.291061746898677,28.30156876239295,28.316541519989297,28.33624292268904,28.36101042675701,28.391255447156045,28.42746235940757,28.47018688369937,28.520053488857894,28.577751222521936,28.644027055786076,28.719675483220243,28.805522896734637,28.90240541295326,29.01113967551008,29.132487843263483,29.267120323131508,29.415582121118415,29.57826990188813
462.0,28.28451613339487,28.286589704771952,28.292843845566715,28.303392182184854,28.318422713448363,28.338198246114285,28.36305608252263,28.393407398912316,28.429736204507574,28.472597655801774,28.522615347999743,28.580476974453273,28.646927437630428,28.72275817553432,28.808791290780686,28.905857282594553,29.01476605265848,29.136272512640677,29.271040350510017,29.419609645033677,29.58237506736104
463.0,28.286271040114798,28.288352881941726,28.294631825615536,28.30522146668813,28.320309744838738,28.340159366885118,28.365107475723736,28.395565000262124,28.43201556959629,28.475013754577898,28.52518224390099,28.583207331966083,28.649831800353024,28.72584398297809,28.81206167191853,28.909309780747332,29.018391575183262,29.140054900953558,29.274956953213568,29.423633094873065,29.586476131115184
464.0,28.28803183758877,28.290121946889574,28.29642568408114,28.30705661238048,28.322202609805522,28.342126279418455,28.367164598904946,28.39772824082083,28.434300439748878,28.477435158410945,28.527754145925787,28.58594225381342,28.652740092713305,28.72893284880816,28.815333987239253,28.912762871655648,29.022016238356997,29.143835043533706,29.278870205654215,29.427652571201726,29.590573198143918
465.0,28.289798523217257,28.29189689690623,28.298225417922747,28.30889761565266,28.32410130388095,28.344098977966645,28.369227444361627,28.399897109841127,28.436590799564495,28.479861845160052,28.530331023031724,28.588681698729143,28.655652264147566,28.732024717848006,28.8186081861692,28.916216522100285,29.025640039267294,29.147612975892812,29.282780180389327,29.43166817113955,29.594666369578682
466.0,28.29157109432663,28.29367772920757,28.30003102402087,28.310744472804725,28.326005822478404,28.346077456609795,28.37129600413271,28.402071596211083,28.438886633176445,28.482293792189278,28.532912843818913,28.591425625486025,28.658568264809485,28.735119536475498,28.821884220380458,28.91967070124462,29.029262976657517,29.151388733642598,29.286686948179327,29.435679988543725,29.598755742910615
467.0,28.293349548168525,28.295464440933568,28.301842499175162,28.3125971800421,28.327916160886453,28.348061709248444,28.3733702699944,28.404251688453456,28.441187924263637,28.484730976397028,28.53549957657735,28.594173992949422,28.661488045604468,28.738217252605935,28.825162043702782,28.923125380489864,29.032885050781413,29.155162352425,29.290590578044327,29.439688114178193,29.602841412194795
468.0,28.295133881918932,28.29725702914703,28.30365984010204,28.314455733471515,28.329832314262966,28.350051729596675,28.37545023345474,28.406437374726348,28.443494656063315,28.487173374245693,28.538091189332466,28.596926760126557,28.66441155821837,28.741317815671277,28.82844161203739,28.926580533339244,29.036506263270383,29.158933867851346,29.294491137319504,29.443692635871113,29.606923468238836
469.0,28.296924092677056,28.29905549083207,28.30548304343208,28.316320129096834,28.331754277629308,28.352047511175645,28.37753588574907,28.408628642825,28.445806811384806,28.48962096179135,28.54068764988873,28.599683886211686,28.66733875514107,28.744421176596273,28.83172288327286,28.930036135270566,29.040126617012216,29.162703315449416,29.298388691709015,29.447693638661452,29.61100199877736
470.0,28.298720177463903,28.300859822892345,28.307312105707265,28.318190362814796,28.333682045864673,28.354049047307598,28.379627217836337,28.410825480184773,28.448124372624154,28.492073714713296,28.543288925871277,28.602445330627265,28.670269589685464,28.747527287771977,28.835005817203363,28.933492163616688,29.043746116040182,29.166470730617416,29.30228330533845,29.451691204935635,29.615077088633644
471.0,28.300522133220657,28.30267002214909,28.309147023378014,28.320066430410705,28.33561561370059,28.35605633111037,28.381724220396272,28.41302787388509,28.450447321779524,28.49453160834329,28.545894984765482,28.60521105306142,28.673204016002238,28.75063610302723,28.838290375449386,28.936948597453473,29.047364765431578,29.170236148584024,29.30617504080566,29.45568541455503,29.619148819869647
472.0,28.302329956806815,28.304486085338922,28.310987792800084,28.32194832755408,28.3375549757156,28.358069355492376,28.38382688382735,28.41523581065439,28.452775640467195,28.496994617694355,28.5485057939545,28.6079810135018,28.676141989090915,28.753747577598446,28.84157652138102,28.940405417494684,29.050982571214828,29.17399960437382,29.310063959229986,29.459676344975154,29.623217271925462
473.0,28.30414364499811,28.30630800911146,28.312834410231332,28.323836049794323,28.339500126330172,28.36008811314813,28.38593519824559,28.41744927687593,28.45510930993804,28.49946271748905,28.551121320754756,28.610755172266124,28.67908346480753,28.756861668098153,28.844864220043885,28.943862605993466,29.054599540284382,29.177761132777366,29.313950120299854,29.463664071357165,29.627282521749162
474.0,28.30596319448423,28.308135790026757,28.314686871828346,28.325729592556385,28.341451059801816,28.362112596554272,28.388049153484097,28.419668258594385,28.457448311094392,28.501935882187077,28.553741532449397,28.61353349002959,28.68202839986929,28.759978332482557,28.848153438087774,28.94732014664995,29.05821568032268,29.18152076832551,29.317833582318745,29.467648666672343,29.631344643917814
475.0,28.30778860186636,28.30996942455254,28.316545173643018,28.327628951136475,28.343407770220516,28.36414279796611,28.390168739093312,28.421892741523127,28.459792624507116,28.504414086012222,28.556366396319756,28.61631592784932,28.68497675185655,28.76309753001844,28.851444143697908,28.950778024524627,29.061830999728592,29.18527854526727,29.321714402249544,29.471630201800057,29.63540371075047
476.0,28.30961986365452,28.311808909061366,28.318409311618993,28.32953412069786,28.345370251504367,28.366178709414683,28.392293944341993,28.424122711052185,28.462142230432896,28.50689730297843,28.558995879674868,28.619102447186094,28.687928479212406,28.76621922124966,28.854736306528913,28.954236225957075,29.065445507551736,29.189034497551013,29.325592635757307,29.475608745619777,29.63945979241379
477.0,28.311456976264804,28.31365423982757,28.32027928158811,28.33144509626672,28.347338497395565,28.368220322704335,28.39442475821883,28.426358152256714,28.464497108831544,28.509385506915134,28.56162994987907,28.621893009923475,28.69088354124017,28.769343367963362,28.858029897641373,28.957694738489757,29.069059213432144,29.192788658808457,29.329468337250464,29.479584365097562,29.64351295702088
478.0,28.3132999360164,28.315505413024155,28.32215507926678,28.33336187272812,28.34931250145664,28.370267629410787,28.39656116943465,28.42859904990599,28.46685723938333,28.511878671491626,28.56426857437777,28.624687578384613,28.693841898098984,28.772469933156216,28.861324889440983,28.961153550796492,29.072672127544838,29.196541062341176,29.333341559920513,29.48355712536743,29.647563270723975
479.0,28.315148739128563,28.317362424719544,28.324036700252343,28.33528444482212,28.351292257067037,28.372320620879705,28.398703166425243,28.430845388472786,28.469222601506203,28.514376770240588,28.56691172072143,28.62748611534681,28.696803510797807,28.775598881000708,28.864621255620207,28.96461265261536,29.07628426054888,29.20029174110937,29.337212355780235,29.48752708980801,29.651610797801304
480.0,28.317003381717438,28.31922527087429,28.32592414001946,28.33721280714,28.353277757419985,28.37437928822573,28.40085073735466,28.433097152143112,28.471593174372888,28.516879776580655,28.56955935658782,28.630288584054053,28.699768341187955,28.77873017681169,28.867918971102405,28.968072034685694,29.079895623540494,29.20404072772257,29.341080775700476,29.491494320114825,29.65565560073876
481.0,28.318864100562646,28.32109418810754,28.327817634686333,28.33914719489049,28.35526923628953,28.376443863101812,28.403004110888887,28.435354565596107,28.473969177697576,28.5193879046079,28.57221169057252,28.633095188997515,28.70273659272423,28.7818640277831,28.87121825275815,28.97153192945878,29.08350646877979,29.207788295201933,29.34494716750502,29.495461528548866,29.65975384419484
482.0,28.320731132300246,28.322969412889915,28.329717420207423,28.34108784309261,28.357266927224344,28.378514576895455,28.40516351539638,28.437617853210565,28.476350830948867,28.521901368312804,28.574868931404215,28.635906135120734,28.70570846965143,28.78500064215159,28.87451931855114,28.97499257030457,29.08711705162685,29.211534791561185,29.34881309119291,29.499441693019335,29.663937812077158
483.0,28.322604472672126,28.324850940792818,28.331623491622686,28.343034745825143,28.359270822798297,28.380591419981815,28.407328938205506,28.439886998328152,28.47873811261881,28.524420140852772,28.57753104721502,28.63872138707969,28.708683936246484,28.788139988420603,28.8778221468418,28.97845395273644,29.090727417805148,29.21528061635633,29.352681138598083,29.503441939221364,29.668186800947513
484.0,28.32448411730372,28.32673876726614,28.33353584383526,28.344987897004703,28.361280915389752,28.382674382505602,28.4095003663907,28.44216198404512,28.481131001020046,28.526944195352065,28.580198006337753,28.64154091002994,28.71166295759131,28.791282036167694,28.881126717898415,28.981916082480826,29.094337683597804,29.219026461535094,29.356553910700974,29.507465378280713,29.672487567169934
485.0,28.326370061700597,28.328632887634825,28.335454471608116,28.346947290382843,28.363297197180025,28.384763454382263,28.411677786777854,28.44444279322298,28.483529474301434,28.529473504919704,28.58286977732078,28.644364669632832,28.714645499584236,28.794426756262105,28.884433015790542,28.985378985154668,29.097948052719868,29.22277320115659,29.360433638419963,29.511513033593186,29.67683131955535
486.0,28.328262301245044,28.33053329709547,28.337379369560786,28.348912919543366,28.36531966015215,28.386858625299467,28.413861185949987,28.446729408499184,28.485933510463273,28.532008042666508,28.585546328942282,28.6471926320673,28.717631529004684,28.79757412138496,28.887741031145517,28.988842714237684,29.101558812810712,29.22652178615042,29.364322094778935,29.51558486908292,29.681211988902856
487.0,28.330160831192668,28.332439990712967,28.339310532166213,28.350884777899864,28.36734829608998,28.388959884719004,28.416050550253182,28.4490218122979,28.48834308737216,28.534547781721464,28.588227630225422,28.65002476405633,28.720621013664676,28.800724106854776,28.891050764131233,28.99230735556795,29.105170320279168,29.230273166649813,29.368220625408238,29.51968033557474,29.68562521609295
488.0,28.332065646669026,28.334352963417196,28.341247953747736,28.352862858693452,28.369383096577543,28.391067221878938,28.41824586580274,28.451319986840673,28.490758182775487,28.537092695247942,28.590913650457267,28.652861032919095,28.723613922664708,28.803876691669085,28.89436222708911,28.995773028241253,29.10878298071208,29.234028242651018,29.372130217854686,29.523798658669655,29.690067749178173
489.0,28.333976742666323,28.336272209999805,28.343191628476177,28.354847154990722,28.371424052998716,28.393180625796123,28.420447118489555,28.45362391415713,28.49317877431571,28.539642756460577,28.593604359214982,28.65570140665777,28.726610226750378,28.807031859629383,28.89767544645195,28.999239882621854,29.112397229419905,29.237787836993025,29.37605157540873,29.5279389880727,29.694537076392045
490.0,28.33589411404016,28.338197725111055,28.34514155036711,28.35683765968192,28.373471156537157,28.395300085268957,28.42265429398666,28.455933576095628,28.49560483954468,28.542197938644044,28.59629972640317,28.658545854084014,28.72960989874752,28.8101896004164,28.90099046380029,29.002708096422346,29.116013514485587,29.241552683836876,29.379985182409964,29.532100472863846,29.699031197349075
491.0,28.337817755506343,28.34012950325678,28.347097713278234,28.358834365479332,28.375524398176527,28.397425588880417,28.424867377755927,28.458248954333975,28.498036355938407,28.544758215175165,28.598999722305486,28.66139434498469,28.732612914042413,28.813349910509594,28.9043073360769,29.00617786974742,29.119632283206045,29.24532342699201,29.383931357522844,29.53628229741221,29.703548476625098
492.0,28.339747661637837,28.342067538795437,28.349060110906947,28.360837264915904,28.37758376870097,28.399557125001326,28.427086355054943,28.460570030390315,28.500473300912745,28.54732355954984,28.60170431765257,28.66424685032144,28.73561925106976,28.81651279388221,28.907626135079774,29.009649419804422,29.123253971962672,29.249100623979054,29.387890295406482,29.54048369660207,29.708087547426434
493.0,28.34168382686175,28.344011825935297,28.351028736788056,28.362846350344068,28.37964925869583,28.401694681793888,28.429311210944064,28.46289678563435,28.502915651840674,28.549893945416112,28.60441348370677,28.66710334245507,28.73862889177366,28.819678262440313,28.91094694639971,29.01312297576863,29.126878999135965,29.252884753065068,29.39186209855332,29.544703960397786,29.712647246384517
494.0,28.343626245456488,28.34596235873174,28.35300358429166,28.36486161393478,28.381720858548633,28.40383824721543,28.431541930293736,28.465229201299103,28.505363386071743,28.552469346614345,28.60712719236265,28.66996379538332,28.741641822013225,28.82284633620463,28.914269867975364,29.01659877410264,29.130507760522853,29.256676221521495,29.395846801301992,29.548942433111687,29.717226568151567
495.0,28.345574911549,28.3479191310847,28.35498464662122,28.366883047676797,28.383798558450287,28.40598780902238,28.433778497792094,28.467567258493524,28.507816480954332,28.555049737225044,28.609845416260722,28.672828184980226,28.744658031892634,28.826017043255742,28.91759500842272,29.0200770544837,29.134140626703882,29.260475374060338,29.399844387826082,29.553198510221392,29.72182463290813
496.0,28.34752981911217,28.34988213673626,28.356971916811787,28.36891064337614,28.385882348396557,28.40814335477455,28.436020897952965,28.469910938216195,28.51027491386117,28.557635091624256,28.6125681289111,28.675696489225768,28.747677516003932,28.829190419476387,28.92092248526881,29.023558056391163,29.137777941865554,29.26428250086861,29.403854805571846,29.557471634225177,29.726440662505784
497.0,28.349490961962335,28.35185136926839,28.358965387728432,28.3709443926558,28.387972218189738,28.410304871839642,28.4382691151244,28.47226022137041,28.51273866221852,28.560225384546037,28.61529530482285,28.67856868841612,28.75070027357843,28.832366508130757,28.92425242318948,29.027042016340285,29.141420023667123,29.268097844953935,29.407877975292273,29.561761290293425,29.731073962532292
498.0,28.351458333756973,28.353826822100825,28.360965052064838,28.372984286955635,28.390068157440616,28.412472347398143,28.440523133497862,28.474615088780908,28.515207703539136,28.562820591150974,28.618026919634833,28.68144476534697,28.753726308548565,28.835545359321774,28.927584952322583,29.03052916571068,29.145067163826752,29.271921608691144,29.411913798547637,29.56606700208374,29.73572390853943
499.0,28.353431927992514,28.35580848848916,28.362970902342106,28.375030317532502,28.392170155570668,28.41464576844857,28.44278293711817,28.476975521212452,28.517682015459005,28.56542068709943,28.620762950243723,28.684324705464526,28.756755629526722,28.838727029364588,28.930920206703725,29.0340197290988,29.148719629179137,29.27575395956115,29.415962163322554,29.57038832788068,29.740389935265302
500.0,28.35541173800235,28.357796361523047,28.364982930907722,28.377082475460615,28.39427820181454,28.416825121813154,28.445048509894374,28.479341499390397,28.520161575777607,28.568025648627916,28.623503374925505,28.687208496981118,28.759788249710457,28.84191158011028,28.9342583228519,29.037513923117857,29.152377663020744,29.27959503512779,29.420022948241165,29.57472485711419,29.74507152805797
501.0,28.35739775695496,28.359790434124612,28.36700112993475,28.37914075163212,28.396392285222852,28.41901039414405,28.44731983561165,28.481713004023334,28.522646362501312,28.57063545262687,28.626248173447102,28.690096130954238,28.76282418672509,28.84509907824811,28.9375994385177,29.041011955570095,29.15604148661003,29.2834449473238,29.42409602573621,29.579076207257334,29.74976821594962
502.0,28.359389977852267,28.361790699047027,28.369025491421194,28.381205136757934,28.398512394665335,28.42120157193011,28.449596897944332,28.48409001582778,28.525136353889398,28.57325007671811,28.628997327165596,28.692987601329538,28.765863462415375,28.8482895946091,28.940943691595887,29.044514024922723,29.15971130072919,29.287303786125786,29.42818126443461,29.583442021078994,29.754479565990643
503.0,28.361388393528102,28.36379714887329,28.37105600718961,28.383275621368806,28.400638518834302,28.423398641504292,28.451879680470125,28.486472515554834,28.52763152850194,28.575869499330363,28.631750819113094,28.695882904949496,28.768906102597622,28.85148320348852,28.94429121919678,29.048020320026495,29.163387287243662,29.29117162269745,29.432278530954004,29.58782196421743,29.759205178561142
504.0,28.363392996646922,28.365809776015155,28.373092668886887,28.385352195816704,28.402770646248577,28.42560158905177,28.45416816668557,28.488860484018648,28.53013186524896,28.57849369977129,28.634508634066073,28.69878204153058,28.77195213678307,28.854679982000025,28.94764215686634,29.05153102002496,29.167069610617286,29.295048512074867,29.43638769125425,29.592215723038223,29.763944683451644
505.0,28.365403779702643,28.367828572712305,28.37513546798429,28.38743485027645,28.404908765257833,28.4278104006188,28.456462340022725,28.491253902126466,28.53263734344003,28.581122658294777,28.637270758598557,28.701685013612156,28.77500159788202,28.857880009470215,28.950996637942,29.05504629441054,29.170758419356762,29.298934495459942,29.440508611651502,29.596623002741733,29.768697736557026
506.0,28.36742073501772,28.369853531031676,28.37718439577772,28.38952357474768,28.407052864047397,28.43002506212235,28.458762183867094,28.493652750909963,28.53514794283354,28.583756356162358,28.640037181119116,28.704591826480886,28.77805452189722,28.86108336687912,28.95435479303028,29.058566303191427,29.174453847370202,29.302829602180143,29.444641159575283,29.601043525688166,29.773464017065006
507.0,28.369443854742414,28.37188464286705,28.379239443388233,28.391618359057155,28.40920293064361,28.43224555936057,28.46106768157664,28.49605701155755,28.53766364368496,28.58639477569795,28.642807891892065,28.707502488074397,28.781110947613556,28.864290136349467,28.957716749591803,29.062091197139996,29.178156015232346,29.30673385136455,29.448785204129074,29.605477029912,29.77824322504763
508.0,28.371473130854245,28.37392189993883,28.381300601762803,28.3937191928614,28.411358952919663,28.43447187802405,28.463378816501887,28.49846666544731,28.540184426793438,28.58903790033531,28.64558288304361,28.710417008868003,28.784170916289924,28.867500400685508,28.961082631620005,29.06562111809923,29.181865031354324,29.31064725337914,29.45294061650028,29.609923267801136,29.783035079384195
509.0,28.37350855515769,28.375965293794025,28.383367861675396,28.395826065649754,28.413520918602053,28.436704003707902,28.465695572006915,28.50088169418021,28.542710273546035,28.59168571465782,28.648362148553986,28.713335401748033,28.78723447135794,28.87071424296078,28.964452559400527,29.069156199328514,29.185580993059297,29.314569811057616,29.457107270254383,29.614382004919406,29.787839315959193
510.0,28.37555011928409,28.37801481580655,28.38544121372831,28.39793896674779,28.415688815277573,28.43894192192464,28.468017931491158,28.503302079613213,28.545241165959222,28.59433820443043,28.651145684236813,28.71625768187515,28.790301658131106,28.873931746153055,28.96782664933945,29.072696565874132,29.1893039875677,29.318501520758673,29.461285041539913,29.618853018954045,29.79265568609008
511.0,28.377597814691796,28.380070457177712,28.387520648353842,28.40005788532119,28.41786263040093,28.441185618117764,28.470345878411763,28.505727803891936,28.547777086717097,28.59699535662375,28.65393348770699,28.71918386654061,28.793372523527133,28.877152992823927,28.971205013849744,29.076242334953196,29.193034092896916,29.322442373275667,29.46547380922463,29.62333609877235,29.7974839551486
512.0,28.379651632666587,28.382132208936984,28.389606155816253,28.40218281038001,28.4200423513029,28.443435077676064,28.472679396306425,28.508158849482566,28.55031801920603,28.599657159430503,28.656725558338508,28.722113975018203,28.7964471158053,28.88037806484013,28.97458776128648,29.07979361634225,29.196771378681152,29.32639235462062,29.469673454978754,29.627831043573917,29.802323901346067
513.0,28.381711564322305,28.384200061943073,28.391697726214115,28.40431373078344,28.422227965199113,28.445690285948523,28.475018468816444,28.510595199202672,28.552863947545525,28.60232360227456,28.65952189721359,28.725048028414154,28.799525484320124,28.883607043133384,28.977974995922494,29.083350512764046,29.20051590691743,29.330351446701098,29.473883863317365,29.632337662126844,29.80717531465847
514.0,28.383777600601803,28.386274006885266,28.393795349482986,28.406450635244987,28.42441945919937,28.44795122825977,28.477363079709846,28.513036836250674,28.555414856615027,28.604994675813007,28.66232250706455,28.727986049517007,28.80260767929197,28.88684000749544,28.981366817957376,29.086913120267607,29.204267732643686,29.334319627905543,29.478104921611518,29.636855772077755,29.812037995871368
515.0,28.385849732278174,28.3883540342851,28.39589901539845,28.408593512338133,28.426616820317516,28.450217889925984,28.4797132129044,28.51548374423374,28.55797073207674,28.60767037193164,28.665127392209634,28.730928062649134,28.8056937515949,28.890077036405067,28.98476332355349,29.090481528598072,29.208026904554757,29.338296873610272,29.482336520075414,29.64138519932706,29.816911755728086
516.0,28.387927949956268,28.390440134498327,28.398008713579557,28.410742350502453,28.428820035481785,28.452490256271123,28.482068852490322,28.517935907193877,28.560531560394296,28.610350683734453,28.66793655848408,28.733874093521294,28.80878375256165,28.893318206883773,28.988164604893843,29.09405582155384,29.211793465561797,29.342283156619274,29.486578551735438,29.6459257774619,29.821796414167267
517.0,28.390012244074526,28.392532297717246,28.400124433492635,28.41289713805018,28.43102909154567,28.454768312643452,28.484429982752513,28.520393309632073,28.563097328847423,28.613035605527653,28.670750013167577,28.736824169091275,28.81187773380532,28.896563594377263,28.991570750257154,29.097636077329387,29.215567453300245,29.346278447546297,29.49083091238558,29.650477347240276,29.826691799638173
518.0,28.39210260490717,28.39463051397335,28.402246164455498,28.41505786317325,28.433243975299163,28.45705204443219,28.4867965881922,28.522855936530387,28.565668025542646,28.61572513279877,28.673567764909066,28.739778317427536,28.81497574705735,28.899813272659756,28.99498184410642,29.101222368842727,29.21934890059116,29.3502827151472,29.495093500532775,29.65503975612074,29.8315977484839
519.0,28.39419902256668,28.39673477314036,28.40437389564206,28.417224513950714,28.43546467348039,28.459341437084205,28.489168653547793,28.52532377337183,28.56824363942021,28.618419262191384,28.6763898236499,28.74273656757849,28.818077844020884,28.90306731375856,28.998397967187717,29.10481476404699,29.2231378358603,29.35429592660942,29.499366217334973,29.659612857832688,29.836514104384094
520.0,28.396301487006674,28.39884506493758,28.40650761608733,28.419397078356635,28.437691172787567,28.461636476120706,28.491546163814874,28.527796806158058,28.570824160257366,28.621117991476105,28.679216200546097,28.74569894944789,28.821184076238897,28.906325787896435,29.001819196636518,29.10841332622594,29.226934283518972,29.358318047804385,29.503648966534083,29.66419651198299,29.841440717850066
521.0,28.398409988025104,28.40096137893367,28.408647314692832,28.421575544268322,28.439923459891205,28.463937147153715,28.49392910426519,28.530275021424792,28.57340957866825,28.623821319518264,28.682046907890477,28.748665493676626,28.824294494976098,28.909588763449637,29.005245606089375,29.112018114273585,29.230738264310308,29.362349043507795,29.507941654385572,29.668790583695138,29.8463774457662
522.0,28.400524515267847,28.403083704550756,28.410792980232372,28.42375989947496,28.442161521446522,28.466243435902367,28.49631746046458,28.532758406254988,28.575999886100547,28.62652924624289,28.684881959035245,28.75163623153115,28.82740915111378,28.91285630691951,29.008677265799008,29.11562918295813,29.234549795624265,29.36638887759204,29.512244189586,29.673394943277646,29.851324150972307
523.0,28.402645058232643,28.405212031068945,28.412944601358227,28.425950131686548,28.444405344106002,28.46855532820884,28.498711218289703,28.53524694828979,28.57859507482922,28.629241772597418,28.68772136831559,28.754611194798567,28.830528095056685,28.91612848291595,29.01211424275137,29.119246583170764,29.23836889178439,29.370437513194428,29.516556483199565,29.678009465918766,29.85628070188246
524.0,28.404771606273435,28.40734634763118,28.415102166607674,28.42814622854317,28.44665491453202,28.470872810053905,28.501110363943592,28.53774063573729,28.58119513794752,28.631958900512608,28.69056515097471,28.75759041568838,28.83365137665101,28.919405354151053,29.01555660078335,29.12287036215983,29.242195564308997,29.374494912864296,29.520878448584497,29.682634031404948,29.86124697213631
525.0,28.40690414860504,28.409486643248506,28.417265664409893,28.43034817762449,28.4489102194095,28.473195867571974,28.50351488396993,28.540239457379176,28.583800069355533,28.634680632862054,28.69341332309066,28.76057392674084,28.836779045112635,28.922686981441554,29.019004400700197,29.126500563751012,29.246029822149243,29.378561038691757,29.52521000131989,29.687268523860766,29.86622284027941
526.0,28.40904267430824,28.411632906805675,28.41943508309318,28.432555966459518,28.451171245458536,28.475524487065627,28.505924765266037,28.542743402575336,28.586409863746486,28.637406973420713,28.6962659015053,28.76356176074169,28.839911148964823,28.925973423718744,29.022457700391765,29.130137228554158,29.24987167190628,29.382635852420353,29.52955105913347,29.691912831508297,29.8712081894696
527.0,28.411187172335197,28.41378512706713,28.421610410892498,28.434769582536536,28.453437979446925,28.477858655019524,28.508339995094556,28.54525246126653,28.589024516591127,28.640137926822746,28.69912290375559,28.766553950643193,28.843047735984474,28.929264738044772,29.025916554946985,29.133780394157448,29.253721118029475,29.386719315545676,29.53390154183069,29.69656684644415,29.876202907206796
528.0,28.41333763151526,28.415943292683302,28.423791635957333,28.436989013313198,28.455710408202535,28.48019835811368,28.51076056109383,28.547766623975193,28.591644024120324,28.642873498519023,28.70198434800742,28.769550529491106,28.846188853156264,28.932560979634292,29.029381016766035,29.13743009530959,29.25757816299745,29.390811389401666,29.538261371225364,29.70123046443255,29.88120688508383
529.0,28.415494040561097,28.418107392197278,28.42597874635977,28.439214246226726,28.457988518625495,28.482543583236012,28.513186451286984,28.55028588180453,28.594268383306172,28.64561369473455,28.704850252992088,28.772551530357493,28.84933454663393,28.935862201880596,29.03285113566983,29.14108636409069,29.26144280748362,29.394912035236104,29.542630471072126,29.70590358471305,29.886220018556333
530.0,28.41765638807517,28.42027741405176,28.42817173010288,28.441445268704197,28.46027229770014,28.484894317494227,28.51561765408973,28.552810226435945,28.596897591841813,28.648358522426054,28.70772063794551,28.775556986278982,28.852484861708007,28.939168456385456,29.036326959006523,29.14474923007249,29.265315050507564,29.39902121427662,29.547008767000747,29.710586109821563,29.891242206729835
531.0,28.419824662556554,28.42245334659635,28.430370575129256,28.44368206817286,28.46256173250666,28.487250548226886,28.518054158316904,28.555339650124996,28.599531648120138,28.651107989239943,28.71059552255028,28.77856693020028,28.855639842779436,28.942479792992,29.039808531754815,29.148418720468605,29.269194889573644,29.403138887788362,29.551396186452482,29.715277945423658,29.89627335216249
532.0,28.42199885240803,28.424635178095073,28.432575269329806,28.445924632070437,28.464856810232444,28.489612263013743,28.520495953187805,28.55787414569593,28.602170551211614,28.653862103470836,28.71347492688052,28.781581394922604,28.858799533338427,28.945796259820018,29.043295896623935,29.15209486027532,29.273082320797943,29.407265017124306,29.555792658618472,29.719979000158947,29.901313360681993
533.0,28.42417894594348,28.426822896734205,28.434785800552646,28.44817294785542,28.467157518183043,28.491979449685303,28.522943028330342,28.56041370653497,28.60481430084137,28.656620874020824,28.716358871349577,28.784600413056783,28.86196397594809,28.949117903303208,29.04678909415016,29.15577767240362,29.27697733902468,29.41139956376909,29.560198114380213,29.724689185495777,29.906362141215403
534.0,28.42636493139556,28.429016490630296,28.437002156612156,28.450427003017257,28.469463843792752,28.494352096331557,28.525395373784054,28.5629583265824,28.607462897365732,28.659384310359563,28.71924737666053,28.787624016980743,28.865133212232294,28.952444768227867,29.050288162789894,29.159467177802963,29.280879937932948,29.415542489377156,29.56461248625212,29.72940841559531,29.91141960563078
535.0,28.428556796923587,28.43121594783843,28.43922432529812,28.452686785086467,28.47177577463479,28.496730191309975,28.52785298000204,28.565508000323636,28.610116341748366,28.662152422485338,28.72214046375942,28.790652238801105,28.86830728286735,28.95577689777269,29.05379313900922,29.163163395577286,29.28479011013473,29.419693755805813,29.569035708326147,29.73413660718425,29.916485668589573
536.0,28.430754530621677,28.433421256360656,28.441452294384977,28.45495228164459,28.474093298431004,28.49911372325267,28.53031583785188,28.568062722779338,28.612774635536127,28.66492522088719,28.725038153791232,28.793685110318588,28.871486227577087,28.959114333549326,29.05730405737,29.166866343093815,29.28870784726491,29.42385332514389,29.57346771621845,29.73887367943557,29.921560247408856
537.0,28.432958120527058,28.435632404154582,28.443686051641038,28.457223480333997,28.47641640306117,28.50150268107281,28.532783938615548,28.570622489494696,28.615437780834768,28.66770271650818,28.727940468058488,28.796722662997055,28.874670085130933,28.962457115643367,29.06082095061254,29.1705760360851,29.292633140064012,29.42802115973641,29.57790844701803,29.743619553856558,29.926643261932647
538.0,28.435167554628574,28.437849379142104,28.445925584837802,28.459500368867474,28.478745076571755,28.503897053970277,28.535257273988435,28.57318729652797,28.618105780284633,28.67048492070982,28.730847427982397,28.79976492793583,28.877858893344694,28.965805282655573,29.064343849734882,29.174292488744737,29.296565978454275,29.432197222205783,29.582357839237346,29.748374154183672,29.931734634411477
539.0,28.43738282087531,28.44007216921823,28.44817088175919,28.461782935037625,28.481079307184256,28.506296831436565,28.53773583607751,28.575757140438412,28.620778637036413,28.67327184523775,28.73375905506648,28.802811935845153,28.881052689083656,28.969158871743097,29.0678727840688,29.178015713817146,29.300506351609677,29.43638147546995,29.58681583276481,29.753137406283688,29.936834289389626
540.0,28.439603907185344,28.442300762260004,28.450421930210776,28.464071166726004,28.483419083303005,28.508702003258946,28.540219617398666,28.578332018273624,28.62345635472706,28.67606350218866,28.73667537086259,28.805863717024504,28.88425150826784,28.972517918660532,29.071407781352583,29.181745722681878,29.30445424802038,29.440573882757747,29.591282368819098,29.75790923806064,29.94194215359939
541.0,28.441830694358934,28.44453503903977,28.452678610933248,28.466364944816334,28.4857642864268,28.511112452428282,28.54270850377768,28.58091182046079,28.626138830360272,28.678859796882843,28.739596289843508,28.808920194247904,28.887455278783328,28.975882350704943,29.074948760705038,29.185482418337028,29.308409548456453,29.4447743005262,29.59575725732687,29.76268839966455,29.947033200560902
542.0,28.44406306319814,28.44677488034492,28.45494080472222,28.46866415031384,28.488114798266498,28.513528062252558,28.54520238145685,28.583496437903943,28.62882596139371,28.681660634944425,28.742521726484203,28.81198128985809,28.890663927601647,28.979252093866876,29.0784956398025,29.189225702554936,29.312372131896993,29.448982552047916,29.600239769800087,29.76746907620909,29.952093027340887
543.0,28.44630100160143,28.44902027407248,28.457208499522796,28.470968771439185,28.490470607836922,28.515948823444656,28.547701244175947,28.58608586905579,28.63151775280145,28.68446602935779,28.745451702320004,28.81504703283785,28.893877487875383,28.982627179954118,29.082048441983805,29.192975582137205,29.316341970190667,29.453198437848783,29.604728719526392,29.772248057029525,29.957130801259844
544.0,28.44854449747191,28.45127120813739,28.45948168333766,28.473278796535773,28.492831704362022,28.518374727023183,28.550205086066235,28.588680112803026,28.63421420995058,28.687275993338947,28.748386238820494,28.818117451697056,28.89709599184723,28.98600763950435,29.085607188864937,29.196732058615805,29.320319003454546,29.457421628582548,29.60922291644131,29.777023918240797,29.962152372632573
545.0,28.450793538726273,28.45352767048138,28.46176034423573,28.475594214077415,28.49519807728017,28.520805764313387,28.552713901644672,28.591279168452115,28.63691533857892,28.69009054030888,28.751325357365914,28.821192574461595,28.900319470851766,28.9893935017129,29.089171899535177,29.200495123989576,29.324303132598388,29.461651714088788,29.61372133577825,29.78179616562395,29.967161612404592
546.0,28.453048113303712,28.45578964908183,28.464044470360594,28.477915012675677,28.497569716249014,28.523241926947534,28.555227685807647,28.593883035715,28.63962114477327,28.6929096838681,28.754269079225107,28.824272428661082,28.903547955294076,28.992784794225415,29.09274258936754,29.2042647572168,29.328294220911786,29.465888250208383,29.618223157113878,29.786564777208632,29.972161181821228
547.0,28.455308209174742,28.458057131960455,28.466334049938776,28.480241181086875,28.49994661114984,28.525683206864716,28.557746433824295,28.59649171469472,28.64233163494819,28.69573343777234,28.757217425534193,28.827357041311107,28.906781474590375,28.996181542794222,29.096319268726962,29.208040922251865,29.332292100830042,29.47013079333312,29.62272775077907,29.791329960203292,29.97715298248382
548.0,28.457573814349953,28.460330107191943,28.4686290712878,28.482572708218733,28.502328752091465,28.528129596310187,28.560270141329436,28.599105205871062,28.6450468158253,28.69856181590915,28.760170417274697,28.830446438885144,28.91002005706257,28.999583770837987,29.099901941832513,29.211823567679428,29.336296582671583,29.474378922354916,29.627234647008326,29.796092022908258,29.982138424484244
549.0,28.45984491688866,28.4626085629124,28.47092952282397,28.484909583136687,28.504716129413683,28.530581087834197,28.56279880431619,28.60172351008617,28.647766694413075,28.701394832274953,28.76312807524947,28.833540647271924,28.913263729788444,29.002991498963777,29.103490605936173,29.215612627631415,29.340307463312712,29.478632250686207,29.6317435030807,29.80085130825757,29.987118589604147
550.0,28.4621215049074,28.464892487327663,28.47323539306996,28.487251795069838,28.507108733690263,28.533037674290398,28.5653324191283,28.60434662853026,28.650491277987015,28.70423250095205,28.76609042005465,28.836639691716055,28.916512518417164,29.006404744510636,29.107085250883344,29.219408023560998,29.34432453374728,29.482890431385506,29.636254074252076,29.805608160303635,29.992094333048257
551.0,28.464403566588302,28.467181868721433,28.47554667066213,28.48959933341654,28.509506555731498,28.535499348833845,28.56787098245218,28.60697456272732,28.65322057407003,28.70707483608491,28.769057472046203,28.839743596741958,28.919766446965024,29.009823521161863,29.11068585904647,29.223209666475682,29.348347585135834,29.48715315790243,29.640766190039088,29.810362908209665,29.99706634853655
552.0,28.466691090187282,28.46947669546319,28.477863344357566,28.491952187749643,28.511909586586377,28.537966104918567,28.570414491308785,28.609607314520872,28.65595459041282,28.70992185185502,28.772029251300083,28.84285238606344,28.923025537607888,29.01324783865654,29.114292405578254,29.22701745931694,29.352376413328223,29.491420162270707,29.645279735666175,29.815115859446067,30.002035211118542
553.0,28.468984064042036,28.471776956015923,28.480185403040853,28.494310347821386,28.514317817544324,28.540437936294808,28.57296294304519,28.612244886059656,28.658693334973968,28.71277356245372,28.77500577756573,28.845966082482924,28.926289810485798,29.016677702614338,29.11790485891068,29.230831299269468,29.356410822030863,29.495691211978627,29.649794637886277,29.819867297730408,30.007001406144646
554.0,28.47128247657986,28.474082638943635,28.482512835730578,28.496673803567926,28.51673124013656,28.542914837005906,28.57551633532602,28.61488727978319,28.6614368158995,28.715629982052533,28.777987070213356,28.849084707785266,28.9295592835323,29.020113114474164,29.121523181422944,29.23465107986703,29.36045062485967,29.499966106295293,29.654310854283146,29.824617483325078,30.011965349431545
555.0,28.473586316325235,28.476393732918595,28.48484563158552,28.49904254511352,28.51914984613709,28.54539680138485,28.57807466612462,28.617534498407124,28.66418504150159,28.7184911247708,28.78097314817603,28.852208282631434,28.93283397233743,29.023554071537465,29.125147330208627,29.238476692826485,29.364495646524624,29.504244672517306,29.658828365253868,29.829366654426284,30.016927401685887
556.0,28.4758955719072,28.478710226728364,28.48718377991057,28.501416562774374,28.521573627563306,28.54788382405051,28.580637933713977,28.620186544908247,28.666938020236234,28.72135700464051,28.783964029888093,28.85533682645697,28.93611389004955,29.027000567101208,29.128777257884327,29.242308029586933,29.368545723366065,29.50852676239386,29.663347168016344,29.834115028982257,30.02188787908849
557.0,28.478210232066438,28.481032109282538,28.489527270162316,28.503795847062133,28.524002576676292,28.550375899903553,28.58320613665738,28.62284342250902,28.669695760679733,28.72422763556864,28.786959733221607,28.858470357379524,28.93939904731782,29.030452590662797,29.132412913395477,29.24614498256017,29.372600703425555,29.512812248858037,29.667867272131303,29.83886280660334,30.026847061245576
558.0,28.4805302856622,28.48335936961926,28.49187609195438,28.506180388687046,28.52643668598071,28.55287302412205,28.58577927379875,28.6255051346616,28.67245827150385,28.72710303129735,28.78996027542282,28.861608892118763,28.942689452274486,29.033910128178718,29.13605424278759,29.24998744611549,29.37666044619586,29.51710102311329,29.6723886961518,29.84361017040045,30.031805197289728
559.0,28.482855721678877,28.48569199691143,28.49423023506241,28.50857017856079,28.5288759482244,28.55537519215674,28.588357344252596,28.628171685031177,28.675225561449743,28.729983205362668,28.792965673050368,28.864752445931,28.945985110554005,29.037373162359867,29.139701189922086,29.253835317330356,29.380724822160506,29.52139299207903,29.676911465111054,29.848357288680194,30.036762510650085
560.0,28.485186529232347,28.488029980472643,28.49658968942876,28.510965207798975,28.531320356397625,28.55788239972596,28.59094034739359,28.63084307747864,28.677997639300685,28.73286817105228,28.79597594191695,28.8679010325599,28.9492860253449,29.04084167298853,29.143353697124482,29.25768849654108,29.38479371220464,29.525688076175033,29.681435608634363,29.85310431647258,30.041719202844533
561.0,28.487522697576054,28.490373309762855,28.4989544451669,28.51336546772329,28.53376990373197,28.560394642810248,28.593528282845668,28.63351931604253,28.68077451385378,28.73575794136322,28.798991097035884,28.8710546642037,28.95259219746933,29.044315637244356,29.147011705759486,29.261546887726883,29.388867006956303,29.52998620741301,29.685961159516815,29.857851396890943,30.046675456538797
562.0,28.489864216106795,28.492721974393753,28.501324492565477,28.515770949863345,28.5362245836989,28.562911917646552,28.59612115047066,28.63620040492025,28.683556193890922,28.73865252896019,28.802011152573613,28.87421335149876,28.955903625485224,29.047795030029224,29.1506751567321,29.265410398758092,29.392944606099725,29.534287327759856,29.690488152649973,29.862598662334904,30.05163143804614
563.0,28.492211074370207,28.495075964133807,28.503699822092102,28.518181645958183,28.538684390008,28.565434220722054,28.598718950356428,28.63888634844862,28.68634268814925,28.741551946135203,28.80503612180903,28.877377103518555,28.959220305805882,29.051279824283206,29.154343990917333,29.26927894153551,29.39702641768903,29.53859138773731,29.695016624211053,29.86734623555143,30.056587299393236
564.0,28.49456326206599,28.497435268913073,28.506080424396785,28.52059754795746,28.54114931660483,28.56796154876762,28.601321682804507,28.64157715108385,28.689134005291418,28.744456204769214,28.80806601710013,28.88054592778691,28.96254223283225,29.05476999128596,29.15801814952303,29.273152432044252,29.401112357481146,29.542898345225254,29.69954661105044,29.872094230570255,30.061543180044797
565.0,28.49692076905282,28.499799878827652,28.50846629031508,28.52301864802227,28.543619357668433,28.570493898750822,28.603929348317223,28.644272817380998,28.691930153876033,28.747365316296293,28.811100849858168,28.88371983030397,28.965869399093574,29.058265500939676,29.16169757439159,29.27703079034152,29.405202348299657,29.54720816443923,29.704078150229737,29.87684275352902,30.066499208356294
566.0,28.499283585352952,28.50216978414387,28.510857410870905,28.52544493852567,28.546094507608498,28.573031267868544,28.60654194758435,28.646973351973074,28.694731142328546,28.750279291670797,28.814140630529412,28.88689881558322,28.96920179539275,29.061766322031126,29.165382208246875,29.280913940494393,29.409296319436415,29.55152081505633,29.708611278674535,29.881591903402374,30.071455502807485
567.0,28.501651701156547,28.50454497530214,28.513253777279058,28.52787641205285,28.548574761062138,28.57557365353918,28.609159481469344,28.649678759549907,28.69753697891294,28.753198141337922,28.817185368584212,28.890082886697837,28.972539410953093,29.065272422471573,29.169071994892672,29.28480181048074,29.413394206094242,29.55583627146726,29.713146032914928,29.886341772647523,30.076412173057467
568.0,28.50402510682568,28.506925442920515,28.515655380947386,28.530313061400957,28.5510601128903,28.578121053394437,28.61178195099515,28.652389044836973,28.700347671704485,28.7561218752078,28.82023507251308,28.893272045334722,28.975882233564036,29.068783769514205,29.172766879368883,29.2886943320637,29.417495948871704,29.56015451213543,29.717682448893406,29.89109244777716,30.081369320852975
569.0,28.506403792898038,28.509311177797954,28.518062213478647,28.53275487957859,28.553550558173797,28.580673465270703,28.614409357329713,28.655104212574262,28.70316322856384,28.75905050263342,28.823289749829232,28.896466291854562,28.9792302497236,29.072300329949364,29.17646680807125,29.292591440648074,29.421601493289348,29.564475519046976,29.72222056182462,29.895844009869226,30.08632704081508
570.0,28.508787750090313,28.51170217091723,28.520474266672053,28.53520185980493,28.556046092208977,28.583230887200074,28.617041701771207,28.657824267495446,28.70598365711269,28.761984032392323,28.82634940707714,28.899665625356427,28.982583444776026,29.07582207027841,29.180171728839902,29.29649307512522,29.425710789355854,29.56879927723799,29.726760406095135,29.90059653502168,30.091285421124248
571.0,28.511176969301296,28.514098413447545,28.522891532524458,28.53765399550853,28.55854671050303,28.58579331740102,28.61967898573311,28.66054921430741,28.708808964711096,28.76492247267209,28.829414049846342,28.902870043745565,28.985941803043442,29.07934895686731,29.183881591021454,29.30039917771143,29.42982379117189,29.573125774387353,29.731302015194093,29.905350094759257,30.09624454411996
572.0,28.513571441614612,28.516499896746858,28.525314003231237,28.54011128032578,28.56105240876892,28.58836075426872,28.622321210729158,28.663279057670323,28.711639158436764,28.76786583105957,28.832483682790023,28.906079543803198,28.9893053079506,29.082880956081297,29.187596345508958,29.304309693783754,29.43394045656918,29.577455000465502,29.735845421667765,29.91010475639821,30.101204486827932
573.0,28.515971158301195,28.518906612363807,28.527741671186824,28.542573708098974,28.563563182919967,28.59093319636513,28.624968378358286,28.666013802178437,28.714474245066235,28.77081411453363,28.8355583096476,28.90929412125723,28.99267394214225,29.08641803440202,29.191315944763332,29.30822457171621,29.438060746782156,29.58178694743081,29.740390657092526,29.914860583374242,30.10616532142573
574.0,28.51837611082139,28.521318552039396,28.530174528984915,28.54504127287407,28.56607902906412,28.593510642408805,28.627620490289647,28.668753452341615,28.717314231058126,28.773767329461297,28.838637933270753,28.912513770852996,28.996047687592785,29.089960158528672,29.195040342819553,29.312143762718517,29.44218462614958,29.586121608966724,29.744937752062032,29.919617635538053,30.111127115655574
575.0,28.52078629082676,28.523735707708294,28.53261256941833,28.54751396889811,28.56859994349788,28.596093091264528,28.63027754824779,28.6714980125678,28.720159122538433,28.776725481597087,28.841722555652318,28.915738486423336,28.999426525708024,29.093507295464587,29.198769495280345,29.316067220679017,29.44631206184349,29.59045898025374,29.749486736185347,29.92437596942231,30.116089933191716
576.0,28.523201690161567,28.526158071499843,28.53505578547856,28.549991790616275,28.57112592269996,28.59868054193279,28.632939553998057,28.674247487146456,28.723008925287903,28.779688576085196,28.84481217795742,28.91896826095729,29.002810437419253,29.09705941259071,29.202503359299786,29.319994902012798,29.450443023623148,29.59479905777129,29.754037638093337,29.929135638483395,30.121053833968542
577.0,28.525622300863922,28.528585635738708,28.53750417035495,28.552474732668664,28.57365696332464,28.601272993539162,28.635606509332295,28.677001880233053,28.725863644731398,28.782656617464387,28.847906800556412,28.922203086667,29.006199403269598,29.100616477727293,29.20624189355881,29.3239267655159,29.454577483611644,29.59914183912532,29.758590485451435,29.933896693320804,30.126018874474493
578.0,28.528048115166598,28.531018392945214,28.539957717433595,28.554962789886698,28.57619306219493,28.603870445323643,28.638278416054955,28.67976119583466,28.72872328592928,28.78562960967526,28.851006423059072,28.92544295505237,29.009593403493064,29.104178459185125,29.209985058234377,29.32786277222596,29.458715416093025,29.603487322898,29.763145304977083,29.938659181876655,30.130985108016255
579.0,28.530479125497518,28.53345633583536,28.542416420295854,28.557455957289275,28.578734216295427,28.60647289662999,28.640955275969638,28.682525437796688,28.731587853570662,28.78860755606966,28.854111044349683,28.928687856963215,29.0129924180865,29.107745325807457,29.213732814963695,29.331802885289633,29.462856797328076,29.60783550851654,29.76770212246066,29.9434231496175,30.13595258495683
580.0,28.53291532447993,28.53589945732049,28.544880272716593,28.55995423007862,28.581280422765094,28.60908034689509,28.643637090866104,28.685294609790766,28.73445735196851,28.791590459421943,28.857220662622613,28.93193778265867,29.016396426874863,29.11131704700369,29.21748512680477,29.335747069836835,29.467001605386905,29.61218639613851,29.77226096278887,29.94818863970035,30.14092135293071
581.0,28.535356704932234,28.538347750506627,28.547349268662096,28.562457603635835,28.583831678889783,28.611692795638454,28.646323862507867,28.688068715303825,28.73733178505641,28.794578321941888,28.86033527541805,28.935192721863743,29.01980540957017,29.11489359277588,29.22124195819424,29.339695292861776,29.47114981999677,29.616539986551498,29.776821849969895,29.952955693124547,30.145891457038847
582.0,28.537803259867488,28.54080120869353,28.549823402287654,28.56496607351624,28.586387982094706,28.61431024245181,28.64901559262035,28.690847757628305,28.740211156387016,28.797571145288984,28.86345487965764,28.938452663822858,29.02321934582458,29.11847493373886,29.22500327490338,29.343647523110707,29.475301422403668,29.62089628108514,29.78138480715961,29.957724348870958,30.150862940025675
583.0,28.540254982492602,28.54325982537339,28.552302667934875,28.567479635444442,28.588949329936753,28.61693268698893,28.651712282879686,28.693631739853558,28.743095469131937,28.80056893058786,28.866579471679728,28.941717597350447,29.026638215277895,29.12206104113491,29.228769043992923,29.347603730976115,29.479456395246324,29.625255281534002,29.785949856688458,29.962494644029753,30.15583584244034
584.0,28.5427118662072,28.545723594229223,28.554787060128717,28.569998285309218,28.591515720096794,28.619560128955616,28.65441393490212,28.69642066485832,28.74598472608302,28.803571678444705,28.869709047274082,28.944987510878505,29.030061997600036,29.125651886843578,29.23253923376733,29.35156388839721,29.48361472244147,29.629616990089847,29.790517020088576,29.967266613917953,30.160810202783697
585.0,28.545173904602173,28.54819250913297,28.557276573574228,28.57252201915817,28.594087150371923,28.622192568099997,28.65712055023412,28.699214535304314,28.74887892965489,28.80657938896439,28.87284360171582,28.948262392501196,29.033490672528753,29.129247443387392,29.236313813728884,29.355527968766395,29.48777638907924,29.63398140928211,29.795086318120912,29.972040292187657,30.16578605764279
586.0,28.547641091457926,28.550666564143295,28.559771203153026,28.57505083319223,28.596663618667705,28.624830004203062,28.65983213034312,28.702013353630896,28.751778081888663,28.809592061768214,28.87598312979852,28.951542230016564,29.036924219903014,29.132847683933992,29.24009275453207,29.35949594684145,29.49194138132781,29.638348541925573,29.79965777080208,29.97681571092592,30.17076344181395
587.0,28.550113420742328,28.55314575350308,28.562270943919554,28.57758472376001,28.59924512299044,28.627472437069525,28.662548676608992,28.704817122050706,28.75468218445664,28.812609696012046,28.879127625866293,28.954827010965417,29.04036261969243,29.136452582295217,29.243876027938484,29.36346779866314,29.49610968634629,29.642718391074297,29.80423139743082,29.981592900747017,30.17574238841581
588.0,28.55259088660835,28.55563007163667,28.564775791097066,28.58012368735201,28.6018316614395,28.63011986651903,28.665270190316146,28.707625842546253,28.75759123866796,28.81563229040475,28.88227708384479,28.95811672266749,29.04380585202302,29.14006211292358,29.247663606772534,29.36744350147798,29.500281292205223,29.647090959981092,29.808807216613882,29.986371890877827,30.1807229289932
589.0,28.555073483391457,28.558119513146817,28.567285740073448,28.582667720594728,28.604423232199732,28.632772292377695,28.667996672646325,28.71043951686745,28.760505245475038,28.81865984322673,28.885431497271107,28.961411352255002,29.04725389719967,29.14367625090656,29.2514554648781,29.3714230336658,29.50445618781385,29.651466252061816,29.813385246291336,29.991152709236914,30.185705093612825
590.0,28.557561205606692,28.560614072811386,28.569800786396787,28.585216820244685,28.607019833533947,28.63542971447003,28.670728124672088,28.713258146529956,28.763424205480714,28.821692352348524,28.88859085932244,28.9647108867037,29.050706735725594,29.14729497195901,29.25525157707632,29.37540637467191,29.508634362853606,29.655844270863906,29.81796550376112,29.995935382507938,30.19068891095149
591.0,28.560054047945524,28.56311374557985,28.572320925770796,28.587770983182374,28.60962146377557,28.63809213261124,28.6734645473509,28.716081732814345,28.76634811894603,28.82472981524933,28.891755162843587,28.968015312861564,29.054164348319006,29.150918252414076,29.259051919124563,29.37939350494353,29.5128158077172,29.66022502003871,29.822548005702853,30.000719936207805,30.19567440837766
592.0,28.56255200527244,28.565618526569487,28.57484615405006,28.590330206406154,28.612228121321404,28.640759546599938,28.67620594151989,28.718910276765996,28.769276985798513,28.827772229035336,28.894924400373164,28.971324617475233,29.057626715927388,29.154546069212792,29.262856467676723,29.383384405870245,29.517000513452835,29.66460850331706,29.82713276820092,30.005506394750093,30.200661612026884
593.0,28.565055072621305,28.568128411061426,28.577376467235123,28.592894487026165,28.614839804624555,28.643431956211195,28.678952307891215,28.721743779195663,28.77221080564088,28.830819590457853,28.89809856416863,28.974638787214303,29.06109381973946,29.158178399892677,29.266665200244816,29.387379059728232,29.521188471713025,29.668994724487806,29.831719806766685,30.010294781504093,30.205650546871695
594.0,28.567563245191504,28.57064339449647,28.57991186146747,28.59546382225818,28.617456512187562,28.646109361190064,28.681703647048003,28.724582240680697,28.775149577760143,28.83387189593112,28.901277646230064,28.977957808693652,29.06456564119516,29.161815222575488,29.270478095161973,29.39137744962801,29.52537967470764,29.673383687378905,29.836309136359983,30.01508511884986,30.21064123678646
595.0,28.57007651834387,28.573163472470746,28.582452333024378,28.598038209417506,28.620078242555696,28.648791761245455,28.684459959440872,28.7274256615668,28.77809330113694,28.836929141549764,28.90446163832272,28.981281668493843,29.0680421619938,29.165456515954325,29.274295131546786,29.3953795594655,29.5295741151608,29.677775395840783,29.840900771409746,30.01987742822959,30.215633704607647
596.0,28.572594887596445,28.575688640731155,28.58499787831368,28.600617645912912,28.622704994310467,28.651479156044424,28.687221245385008,28.730274041970354,28.78104197445515,28.83999132310584,28.907650531998417,28.9846103531798,29.071523364100614,29.169102259280248,29.278116289269054,29.399385373876164,29.53377178627125,29.682169853731725,29.845494725833902,30.024671730195646,30.220627972189863
597.0,28.575118348620038,28.578218895170735,28.587548493868436,28.603202129240568,28.625336766063352,28.654171545206868,28.689987505057726,28.733127381781166,28.783995596111588,28.843058436105455,28.910844318615762,28.98794384931782,29.075009229751803,29.17275243234852,29.281941548916894,29.403394878192042,29.53797268167593,29.686567064905052,29.850091013058464,30.029468044455424,30.22562406045807
598.0,28.57764689723365,28.58075423182384,28.590104176341576,28.605791656978102,28.62797355644973,28.65686892830059,28.692758738496547,28.73598568066568,28.786954164225893,28.846130475784914,28.914042989359213,28.99128214349104,29.07849974145833,29.17640701548463,29.285770891765186,29.407408058401472,29.542176795416466,29.690967033197875,29.85468964603587,30.034266389913437,30.230621989456278
599.0,28.580180529399744,28.5832946468612,28.592664922500457,28.608386226778688,28.630615364123084,28.65957130483675,28.69553494559772,28.73884893807054,28.789917676650383,28.849207437126353,28.917246535257075,28.994625222313488,29.08199488200852,29.18006598953014,29.289604299745346,29.41142490111133,29.546384121908275,29.695369762421258,29.859290637262593,30.03906678471068,30.235621778392968
600.0,28.5827192412194,28.585840136584924,28.59523072922143,28.610985836365238,28.63326218774937,28.662278674265703,28.69831612611519,28.741717153226478,28.792886130979984,28.8522893148729,28.92045494719843,28.99797307244278,29.085494634469644,29.183729335828488,29.29344175541639,29.41544539351164,29.55059465591214,29.699775256351625,29.86389399879604,30.043869246261615,30.24062344568359
601.0,28.585263189179997,28.588390857676025,28.597801753737013,28.613590643777346,28.635914186254368,28.664991196225827,28.701102439912603,28.744590485405176,28.795859684814733,28.85537626379591,28.923668376201707,29.00132584084424,29.08899914244121,29.187397196463472,29.297283402189915,29.419469683595,29.554808552760633,29.704183678975934,29.868499940654488,30.048675556538775,30.245664350863912
602.0,28.587812529874967,28.590946966914043,28.60037815335524,28.616200807090493,28.63857151854333,28.667709030264866,28.703894046687854,28.747469093648498,28.7988384954944,28.858468438433896,28.926886973154414,29.004683674526028,29.092508549779634,29.191069713969924,29.30112938402897,29.423497919894164,29.55902596990873,29.708595244388846,29.873109479967663,30.0534943305429,30.250765959191778
603.0,28.59036725976105,28.593508460934206,28.602959925216584,28.618816324172943,28.64123418325852,28.670432175599203,28.706690945735566,28.750352976535527,28.801822559870576,28.861565832868422,28.93011072858952,29.008046560310778,29.0960228403598,29.194746871084455,29.304979685251592,29.427530092562446,29.56324692534167,29.713010201182044,29.877724320938075,30.05833028849511,30.25591446874067
604.0,28.59292737541326,28.596075336482315,28.605547066548706,28.621437192940572,28.64390217903475,28.673160631371207,28.709493136207673,28.753242132447586,28.804811874576416,28.864668440997313,28.933339632958727,29.011414485104122,29.099541998335905,29.198428651030262,29.308834291283873,29.431566198490188,29.56747148407099,29.717428992747326,29.882346174148854,30.06318547893509,30.261101043069417
605.0,28.595492873519675,28.598647590409456,28.608139574661084,28.624063411351653,28.646575504494997,28.675894396646775,28.712300617114135,28.756136559573207,28.80780643603608,28.867776256547142,28.93657367664482,29.014787435903234,29.103066008155093,29.202115037668975,29.312693189926925,29.435606247750837,29.57169976936608,29.721852183873203,29.886976504161925,30.068060561186225,30.266319809563747
606.0,28.598063750876143,28.601225219666702,28.610737446939684,28.626694977401776,28.649254158246244,28.678633470413132,28.71511338732393,28.759036255913262,28.810806240474022,28.870889273085222,28.939812849973574,29.018165399808993,29.106594854606485,29.20580601585367,29.31655637319803,29.439650268911787,29.575931960421,29.726280390695624,29.89161647105179,30.07295548973952,30.271566707660682
607.0,28.600640004381013,28.603808221299808,28.61334068084169,28.629331889118955,28.651938138875582,28.681377851576936,28.717931445566304,28.76194121928614,28.813811283924068,28.874007484031253,28.943057143226415,29.021548364047955,29.110128522927837,29.209501571984955,29.320423839322142,29.44369831203096,29.580168282268893,29.730714229001563,29.896266950700348,30.077869877902028,30.276838815330294
608.0,28.60322163102984,28.606396592443932,28.615949273890323,28.631974144558825,28.654627444946524,28.68412753896265,28.72075479043221,28.76485144733305,28.81682156223839,28.877130882668904,28.946306546655528,29.024936316011328,29.113666998981596,29.213201694710655,29.3242955944903,29.44775044925955,29.584408992743366,29.73515428138615,29.900928580922596,30.08280318939415,30.282133947780075
609.0,28.60580862791012,28.60899033031838,28.618563223669717,28.634621741800057,28.65732207499555,28.68688253131115,28.723583420376002,28.767766937523344,28.819837071096384,28.880259462157955,28.94956105050387,29.028329243317035,29.11721026949786,29.21690637568081,29.328171654141844,29.45180677352191,29.5886543695309,29.739601079265856,29.905601810599073,30.087754837732028,30.287450413183212
610.0,28.60840099219602,28.6115894322214,28.62118252781992,28.637274678939896,28.660022027528886,28.68964282727863,28.726417333717315,28.770687687159946,28.822857806013715,28.88339321554771,28.952820645032638,29.031727133898126,29.120758322369525,29.220615610269373,29.332052043673006,29.455867395910097,29.5929046988893,29.744055095207962,29.910286943136548,30.092724236319103,30.292786860384933
611.0,28.610998721143186,28.614193895525016,28.623807184031968,28.639932954089875,28.66272730101946,28.692408425435673,28.729256528643095,28.773613693384892,28.825883762351655,28.886532135792724,28.95608532055822,29.03512997611727,29.12431114697728,29.224329398192076,29.335936798584935,29.459932442388578,29.59716026662412,29.748516741814104,29.914984171922086,30.097710822342723,30.298142181440248
612.0,28.613601812083537,28.61680371766993,28.626437190043085,28.64259656537169,28.66543789390414,28.6951793242666,28.73210100320983,28.776544953185038,28.828914935327184,28.88967621577177,28.95935506750006,29.038537758903725,29.127868734519694,29.228047743974745,29.339825964151327,29.464002050276967,29.601421351347227,29.752986374421937,29.91969360805249,30.10271406690125,30.303515447490298
613.0,28.61621026242017,28.619418896160507,28.629072543631953,28.645265510913237,28.66815380458111,28.697955522168982,28.734950755346,28.779481463398106,28.831951320024185,28.892825448310983,28.962629876439703,29.041950471906805,29.131431078325182,29.231770657251012,29.343719594716134,29.468076364835593,29.60568821976144,29.757464295785194,29.924415301520487,30.10773347803557,30.30890586535555
614.0,28.618824069622306,28.622039428559802,28.631713242614172,28.647939788844823,28.67087503140748,28.700737017453406,28.737805782854704,28.78242322071914,28.834992911406157,28.895979826211732,28.96590973819033,29.045368105658177,29.13499817412704,29.23549815288869,29.347617752736504,29.472155536153082,29.609961123610802,29.76195076156762,29.929149257192318,30.1127686002352,30.314312747308566
615.0,28.621443231220304,28.624665312484733,28.63435928483776,28.650619397295532,28.673601572697095,28.703523808343444,28.74066608341662,28.7853702217076,28.838039704330864,28.89913934228366,28.969194643875145,29.048790651735192,29.138570020288075,29.23923025095849,29.351520507675396,29.476239716438517,29.61424029792858,29.766445985955556,29.933895446775907,30.11781901231355,30.31973548944091
616.0,28.624067744800783,28.627296545601297,28.63701066817886,28.65330433438976,28.67633342671854,28.706315892975837,28.743531654593255,28.78832246279528,28.84109169356724,28.902303989382812,28.97248458501231,29.05221810291767,29.142146617967025,29.24296697656748,29.355427934830278,29.48032905775271,29.61852596025371,29.770950147003163,29.938653817760066,30.12288432464314,30.325173555777706
617.0,28.626697608001813,28.629933125619914,28.639667390537504,28.65599459824392,28.67907059169334,28.70911326940095,28.746402493830615,28.791279940295176,28.84414887381476,28.905473760454466,28.975779553603733,29.05565045333177,29.14572797122407,29.246708359584,29.359340114164336,29.484423710169605,29.62281831054235,29.775463391519178,29.943424300088427,30.127964176255293,30.330626466334337
618.0,28.629332818508217,28.63257505029088,28.642329449833568,28.658690186963334,28.681813065794373,28.711915935583487,28.749278598463395,28.794242650411558,28.847211239725418,28.908648648580083,28.979079542224788,29.059087698575812,29.149314087066593,29.250454434281096,29.363257129187772,29.488523820333313,29.627117531558156,29.779985839421908,29.948206811147216,30.13305823204895,30.33609378794392
619.0,28.631973374046968,28.63522231739991,28.644996844002847,28.661391098639243,28.684560847144507,28.714723889403505,28.752159965719727,28.7972105892513,28.850278785928243,28.91182864702739,28.982384544112186,29.062529835824602,29.152904975439636,29.25420523892414,29.367179065920446,29.4926295303638,29.631423789576292,29.784517587556643,29.953001259499523,30.13816618021571,30.341575127078077
620.0,28.634619272382704,28.63787492476385,28.647669570993255,28.66409733134607,28.687313933815446,28.717537128657817,28.755046592726604,28.800183752836638,28.853351507056228,28.9150137493026,28.985694553247487,29.065976863910084,29.156500649167185,29.257960815325113,29.37110601195419,29.49674097706025,29.63573723527885,29.789058713005907,29.957807547686638,30.143287729917155,30.34707012413307
621.0,28.63727051131336,28.640532870226448,28.650347628761203,28.666808883138803,28.690072323826843,28.720355651061737,28.757938476516067,28.80316213711933,28.85642939777542,28.918203949203555,28.98900956443403,29.069428783377642,29.16010112385172,29.261721208382493,29.375038055623165,29.500858291352195,29.64005800475332,29.793609275939904,29.962625574333217,30.148422609214744,30.352578448814644
622.0,28.63992708866591,28.643196151654305,28.653031015268116,28.669525752050614,28.692836015145662,28.72317945425129,28.760835614032175,28.80614573799626,28.85951245281573,28.92139924087274,28.992329573365573,29.072885596518322,29.16370641773975,29.265486465621898,29.37897528528347,29.5049815979526,29.64438622053202,29.798169322060332,29.96745523573109,30.15357056323615,30.358099796361675
623.0,28.642589002292258,28.645864766932956,28.65571972847709,28.67224793609064,28.695605005685845,28.726008535785894,28.763738002138858,28.809134551326423,28.862600667003132,28.924599618848973,28.9956545766854,29.07634730737817,29.167316551560933,29.269256636749173,29.38291778869836,29.509111015172365,29.648721992629937,29.802738884690307,29.97229642703109,30.158731352555318,30.363633884420505
624.0,28.64525625006524,28.64853871396306,28.658413766349767,28.674975433242007,28.698379293308268,28.72884289315156,28.76664563762863,28.81212857294913,28.865694035292677,28.927805078116815,28.99898457203505,29.079813921746517,29.170931548347948,29.27303177322444,29.386865652522246,29.51324665486164,29.653065419553066,29.807317986559504,29.977149043138805,30.163904751761944,30.369180450431415
625.0,28.647928829874786,28.651217990656757,28.661113126843304,28.677708241460085,28.701158875821058,28.731682523764633,28.769558517232195,28.815127798703358,28.86879255280184,28.931015614152834,29.002319558092285,29.083285447125416,29.174551433243483,29.2768119278629,29.390818961875,29.517388622448774,29.657416589259604,29.811906641328555,29.982012979385832,30.169090548197186,30.37473924942339
626.0,28.65060673962418,28.65390259493419,28.6638178079076,28.680446358670938,28.70394375098026,28.734527424976125,28.772476637628895,28.81813222444797,28.87189621484374,28.934231222967984,29.00565953459826,29.086761892682716,29.17817623329997,29.280597154466136,29.39477779999713,29.521537017052935,29.661775580063974,29.816504854891367,29.98688813203006,30.1742885408343,30.38031005213822
627.0,28.65328997722653,28.656592524720168,28.66652780748266,28.6831897827701,28.70673391649089,28.737377594076627,28.775399995457995,28.82114184608268,28.87500501695969,28.937451901145543,29.00900450237414,29.09024326919125,29.18180597727676,29.284387507485697,29.3987422479764,29.525691931650908,29.666142461478675,29.82111262648863,29.991774398625292,30.179498539285518,30.38589264342294
628.0,28.655978540601367,28.659287777940992,28.66924312349619,28.685938511621565,28.70952937000837,28.740233028301812,28.77832858733072,28.824156659569436,28.878118954950644,28.9406776458742,29.01235446332772,29.09372958895672,29.185440695438672,29.28818304171964,29.402712384536652,29.52985345328242,29.670517294992557,29.825729949661127,29.996671678290685,30.184720362918632,30.391486820843042
629.0,28.65867242767139,28.661988352521465,28.671963753861395,28.68869254305709,28.71233010914041,28.743093724838538,28.781262409842896,28.827176660954077,28.881238024907184,28.943908454976075,29.01570942045066,29.097220865736563,29.189080419358987,29.2919838120415,29.40668828588024,29.534021663281585,29.67490013478648,29.830356813067002,30.001579871903207,30.18995384006914,30.397092393478808
630.0,28.661371636359398,28.66469424638209,28.674689696474985,28.691451874875806,28.715136131449313,28.7459596808315,28.78420145958824,28.830201846387922,28.884362223237638,28.94714432692949,29.019069377807167,29.10071711465216,29.192725181729337,29.29578987316053,29.41067002557619,29.53819663752476,29.679291028388707,29.834993201183533,30.006498882230797,30.19519880733567,30.402709180874798
631.0,28.664076164585417,28.667405457436452,28.677420949215445,28.694216504844114,28.71794743445468,28.74883089339047,28.787145733172043,28.83323221214915,28.88749154669407,28.950385260886545,29.022434340515098,29.104218352096225,29.196375016178248,29.299601279411622,29.41465767448704,29.542378446687216,29.683690017273385,29.839639094910677,30.011428614019863,30.200455108948212,30.408337012118235
632.0,28.666786010263994,28.670121983588803,28.68015750994153,28.696986430695944,28.7207640156366,28.751707359597972,28.79009522722521,28.836267754663673,28.89062599239594,28.953631256685608,29.025804314720247,29.1077245956373,29.200029957099616,29.30341808457286,29.418651300727984,29.54656715650292,29.68809713740585,29.844294472091047,30.01636897404757,30.20572259620006,30.413975725026656
633.0,28.669501171301686,28.672843822731867,28.682899376491022,28.69976165013333,28.723585872439227,28.75458907651749,28.79304993841851,28.83930847052537,28.89376555785122,28.956882314858856,29.02917930756488,29.111235863922822,29.20369003949196,29.307240341708646,29.422650969652928,29.550762828022997,29.69251241973878,29.848959307958598,30.021319871147064,30.211001126935738,30.419625165428727
634.0,28.672221645594792,28.675570972744854,28.68564654667976,28.70254216082732,28.7264130022748,28.75747604120201,28.796009863476915,28.842354356515422,28.8969102409749,28.96013843663518,29.032559327151386,29.114752176582122,29.207355298808853,29.311068103036135,29.426656743862576,29.554965517869665,29.69693589066309,29.853633575526395,30.026281216211913,30.216290565088173,30.42528518652491
635.0,28.674947431027256,28.678303431491724,28.68839901830094,28.70532796041925,28.729245402528054,28.760368250702978,28.798974999193895,28.84540540962065,28.900060040104783,28.96339962393874,29.03594438250186,29.11827355413047,29.21102577082079,29.314901419812884,29.430668683230483,29.55917527848335,29.701367572417542,29.858317245922315,30.03125292218473,30.22159078025939,30.43095564831695
636.0,28.677678525468824,28.68104119681968,28.6911567891247,28.70811904652233,28.732083070561007,28.76326570207947,28.80194534244556,28.848461627050693,28.903214954014615,28.96666587938348,29.039334483514548,29.121800017875056,29.214701491488317,29.31874034224351,29.434686844943517,29.563392158361275,29.705807483460617,29.86301028868002,30.03623490403375,30.226901647339684,30.436636417096974
637.0,28.680414926773448,28.68378426655792,28.693919856898003,28.71091541672362,28.7349260037181,28.766168392407625,28.804920890204546,28.85152300625392,28.90637498192451,28.96993720626403,29.04272964091778,29.125331589823663,29.218382496846296,29.322584919403422,29.438711283553765,29.567616202286445,29.71025563880818,29.867712671991555,30.041227078720436,30.232223046160946,30.442327364988426
638.0,28.68315663277791,28.686532638516645,28.696688219344807,28.713717068586288,28.73777419933168,28.769076318790198,28.80790163955351,28.85458954493199,28.909540123508787,28.973213608543315,29.046129866222177,29.12886829259661,29.222068822898844,29.326435199177652,29.442742051039296,29.571847451546407,29.714712050340083,29.872424362926893,30.046229365160436,30.237554861180428,30.448028369532263
639.0,28.685903641300712,28.689286310486334,28.699461874166552,28.716523999652228,28.740627654727746,28.771989478366198,28.810887587698193,28.857661241053005,28.91271037890128,28.97649509083725,29.049535171671685,29.132410149342398,29.225760505524516,29.330291228213135,29.44677919687169,29.57608594414136,29.71917672707862,29.877145327624934,30.051241684179764,30.242896981191585,30.453739313312887
640.0,28.688655950141253,28.692045280237295,28.702240819042906,28.719336207444982,28.743486367231952,28.774907868320522,28.813878731979887,28.860738092863205,28.91588574869828,28.97978165839694,29.052945570194005,29.135957183657343,29.229457580391202,29.334153051882737,29.450822768088507,29.580331714981558,29.72364967544155,29.88187553145989,30.056263958467635,30.2482492990592,30.459460083619007
641.0,28.69141355707924,28.69480954551949,28.705025051632855,28.722153689472954,28.74635033417584,28.777831485893564,28.816875069887324,28.863820098897197,28.919066233959164,28.98307331708868,29.0563610753509,29.139509419509462,29.233160082880158,29.338020714259635,29.454872809369256,29.584584796074047,29.728130899472095,29.886614939186316,30.061296112527128,30.25361171147624,30.465190572135402
642.0,28.694176459874374,28.697579104062658,28.70781456957607,28.72497644323292,28.74921955290324,28.780760328390663,28.81987659906785,28.8669072579867,28.922251836204968,28.986370073372136,29.059781701288774,29.143066881166686,29.236868048018568,29.341894258100663,29.458929363113583,29.588845216698996,29.732620401048106,29.89136351506561,30.06633807262453,30.25898411874023,30.47093067466202
643.0,28.696944656266357,28.700353953576695,28.710609370494534,28.727804466213765,28.75209402077679,28.783694393191407,28.822883317337876,28.86999956926785,28.925442557414947,28.989671934277,29.063207462689896,29.14662959312947,29.240581510420036,29.34577372483749,29.4629924695207,29.59311300357586,29.73711818007244,29.896121222976447,30.071389766738086,30.264366424547255,30.476680290857455
644.0,28.69971814397514,28.70313409175234,28.71340945199451,28.730637755900506,28.754973735184578,28.78663367775869,28.82589522269256,28.873097032187072,28.928638400021377,28.992978907378454,29.066638374724548,29.150197580067815,29.244300504232452,29.349659154574503,29.4670621666692,29.59738818101979,29.74162423464629,29.90088802651119,30.076451124506704,30.269758535801802,30.482439324004044
645.0,28.702496920701467,28.70591951626213,28.716214811668728,28.733476309778492,28.757858693546805,28.789578179647485,28.828912313314664,28.876199646505547,28.931839366902718,28.996291000771702,29.070074453004352,29.15377086676256,29.248025063092587,29.3535505860925,29.471138490596623,29.601670771088713,29.746138561227152,29.90566388906009,30.081522077178995,30.275160362440985,30.488207680792442
646.0,28.705280984127683,28.708710224761646,28.719025447098836,28.736320125337798,28.760748893322486,28.792527896513302,28.831934587582605,28.879307412302374,28.935045461375285,28.999608223045797,29.073515713536946,29.15734947805098,29.25175522008693,29.35744805685727,29.47522147537818,29.60596079372145,29.75066115477284,29.91044877388482,30.086602557562994,30.28057181727176,30.49398527112355
647.0,28.708070331918858,28.711506214891,28.721841355858146,28.739169200077818,28.763644332016124,28.795482826120285,28.834962044077653,28.88242032997643,28.938256687183642,29.002930583257037,29.076962172682226,29.160933438776425,29.255491007718177,29.36135160303238,29.479311153204282,29.610258266867447,29.755192008872918,29.915242644182676,30.091692499976816,30.28599281581997,30.49977200792608
648.0,28.710864961724155,28.714307484276645,28.72466253551454,28.742023531511943,28.76654500718432,28.79844296634889,28.8379946815903,28.885538400247043,28.94147304848983,29.006258090902108,29.080413847110226,29.16452277374196,29.259232457876895,29.365261259495462,29.48340755445643,29.614563206608434,29.759731115868696,29.920045463142618,30.096791840200382,30.29142327619014,30.505567806988235
649.0,28.71366487117847,28.717114030533384,28.72748898363366,28.74488311717241,28.769450916442278,28.80140831520318,28.841032499125788,28.888661624153514,28.944694549861595,29.009590755891153,29.083870753760714,29.168117507667763,29.262979601817893,29.36917705985743,29.487510707781336,29.618875627272583,29.764278466962878,29.924857193994136,30.101900515428397,30.296863118935057,30.511372586802104
650.0,28.716470057904328,28.71992585126666,28.730320697782247,28.747747954615193,28.77236205747022,28.804378870817608,28.84407549590882,28.891790003053575,28.947921196259756,29.01292858852096,29.087332909804616,29.17171766515216,29.26673247014084,29.373099036484113,29.491620640162964,29.62319554154152,29.768834052319807,29.929677800049824,30.10701846422464,30.302312266934283,30.517186268419568
651.0,28.719280519514047,28.722742944075062,28.7331576755317,28.75061804142498,28.775278428019618,28.807354631463404,28.847123671387468,28.894923538620855,28.951152993024852,29.01627159944837,29.090800332607277,29.175323270636085,29.27049109277474,29.377027220519853,29.495737376992444,29.62752296055067,29.773397861157214,29.934507244742434,30.112145626477623,30.30777064528088,30.5230087753187
652.0,28.722096253612126,28.725565306553076,28.735999914461754,28.753493375220167,28.778200025919244,28.81033559555443,28.85017702523626,28.89806223284145,28.9543899458632,29.019619799664042,29.094273039693554,29.178934348370795,29.27425549896584,29.380961641912666,29.499860942135694,29.631857893983323,29.7779698818302,29.939345491657054,30.117281943357657,30.313238181175585,30.528840033279614
653.0,28.724917257797856,28.728392936294018,28.73884741216434,28.7563739536579,28.781126849081044,28.813321761652578,28.853235557358563,28.901206088009648,28.957632060832445,29.02297320046671,29.097751048714787,29.182550922388625,29.278025717268658,29.384902329440663,29.50399135799872,29.636200350158795,29.782550101908182,29.944192504559,30.122427357275363,30.31871480382789,30.534679970269018
654.0,28.72774352966816,28.73122583089317,28.741700166247558,28.759259774439048,28.784058895505765,28.816313128472643,28.8562992678882,28.904355106722882,28.960879344326788,29.026331813437956,29.10123437741758,29.18617301647664,29.28180177553983,29.38884931073936,29.50812864559058,29.64055033611509,29.78713850824544,29.94904824741792,30.127581811841605,30.324200444363417,30.540528516332625
655.0,28.73057506682062,28.73406398795111,28.744558174339733,28.762150835313207,28.786996163288343,28.819309694886748,28.85936815719039,28.907509291876018,28.96413180306189,29.029695650417654,29.104723043614413,29.189800654152968,29.28558370093438,29.39280261232971,29.51227282458398,29.644907857686405,29.791735087045847,29.953912684428605,30.132745251828815,30.3296950357371,30.54638560349482
656.0,28.73341186685669,28.736907405077172,28.747421434093585,28.765047134083602,28.789938650623032,28.82231145992822,28.862442225861987,28.910668646655026,28.967389444059627,29.03306472348006,29.108217065156023,29.193433858645633,29.28937151990425,29.396762259646557,29.516423913373508,29.649272919575772,29.796339823922242,29.958785780028794,30.137917623133742,30.33519851265176,30.55225116566491
657.0,28.736253927385093,28.739756079893052,28.75028994319044,28.767948668611922,28.79288635580827,28.825318422795032,28.865521474731153,28.913833174530094,28.970652274632755,29.036439044910676,29.111716459905498,29.19707265287377,29.293165258198773,29.400728277067373,29.520581929131573,29.65364552542321,29.800952703951012,29.96366749891442,30.143098872741557,30.34071081148157,30.558125138549457
658.0,28.739101246025307,28.74261001003657,28.753163699344498,28.770855436823084,28.795839277251265,28.828330582852733,28.8686059048564,28.917002879248287,28.973920302369528,29.03981862718386,29.115221245714057,29.200717059431,29.296964940866896,29.40470068794109,29.52474688786206,29.658025677869645,29.805573711722207,29.968557806052548,30.14828894869127,30.346231870200125,30.56400745957018
659.0,28.741953820411272,28.745469193165494,28.75604270030712,28.773767436709853,28.79879741347226,28.83134793963692,28.871695517525087,28.920177764825773,28.97719353511838,29.043203482941255,29.118731440398438,29.20436710057082,29.300770592260935,29.4086795146169,29.528918804451756,29.66241337861687,29.81020283138564,29.973456666692282,30.15348780004248,30.351761628312712,30.569898067786976
660.0,28.74481164819515,28.748333626961482,28.758926943871128,28.776684666337378,28.801760763108557,28.834370492855264,28.87479031425141,28.923357835539697,28.980471980972705,29.046593624971045,29.12224706171985,29.208022798193888,29.30458223604165,29.412664778472873,29.533097692719604,29.666808628483814,29.81484004669328,29.97836404637385,30.15869537684335,30.35730002679252,30.575796903825673
661.0,28.74767450191575,28.751203083998654,28.761816202739663,28.779606898712107,28.80472909978274,28.837398017253637,28.877890071638493,28.92654287078434,28.98375542312037,29.049988841052606,29.125767902228997,29.211683948701605,29.3083996700491,29.416656274808936,29.53728334032843,29.671211202323942,29.81948511590284,29.983279685800714,30.163911351394848,30.362844528059583,30.581651449031593
662.0,28.75054215416962,28.754077336914747,28.764710249697547,28.782533906953134,28.8077021972732,28.840430287784397,28.88099456654256,28.929732650229557,28.98704364499596,29.053388919104542,29.129293754415045,29.215350348153837,29.312222691477032,29.42065379804199,29.54147553399641,29.67562087418026,29.82413779438179,29.988203255517575,30.16913426246068,30.368382995387392,30.587431514700405
663.0,28.753414602729343,28.756956383529534,28.767609082729827,28.785465689410557,28.810680054631533,28.84346730472142,28.884103801183937,28.932927178926246,28.99033665538049,29.056793872280767,29.13282463580319,29.21902201737531,29.3160513219953,29.424657366844574,29.54567428456117,29.680037640553444,29.828798033528795,29.99313437783848,30.174361683899395,30.37390876415403,30.593156458637978
664.0,28.756291845401613,28.75984022170291,28.770512699879923,28.788402244523375,28.813662671039307,28.846509068514468,28.887217777997353,28.936126462151325,28.993634463241076,29.06020371380713,29.136360563793204,29.222698976802928,29.31988558260974,29.428666998972016,29.54987960114864,29.684461488438533,29.83346571877099,29.998072401637444,30.17959118094652,30.379418923528227,30.59883866315519
665.0,28.7591738800313,28.762728849339023,28.773421099253728,28.791343570823187,28.816650045810583,28.84955557978918,28.890336499627942,28.939330505398633,28.996937077716908,29.06361845696484,29.139901555645118,29.226381246478834,29.323725493649746,29.43268271105664,29.554091489400165,29.688892386273913,29.83814065378641,30.003016505468274,30.184820664801208,30.384912514752365,30.604486347143684
666.0,28.762060704505572,28.765622264390352,28.776334279023605,28.794289666937697,28.81964217839408,28.852606839346677,28.89345996892691,28.942539314369732,29.000244508105567,29.067038115074666,29.143447628465456,29.230068846038296,29.32757107470595,29.4367045181191,29.55830994889264,29.693330276484847,29.842822563782985,30.007965795972222,30.190048474757216,30.390389569657145,30.61010518417024
667.0,28.764952316757935,28.76852046486177,28.779252237432292,28.79724053159404,28.822639068375086,28.855662848162883,28.89658818894696,28.945752894964706,29.003556763849666,29.070462701481745,29.146998799192584,29.23376179468381,29.331422344486857,29.440732432794295,29.56253497034716,29.697775071278027,29.84751110966853,30.012919380502126,30.195273349684413,30.395850599770732,30.61569924867825
668.0,28.76784871477232,28.771423448814563,28.782174972796685,28.800196163621894,28.825640715477086,28.858723607387482,28.89972116293749,28.948971253272912,29.00687385452378,29.07389222954046,29.150555084578546,29.237460111135267,29.335279320577797,29.44476646435521,29.566766533164873,29.70222665179895,29.852205906369345,30.017876413259625,30.200494363221278,30.4012963271391,30.62127157974996
669.0,28.770749896587105,28.774331214370378,28.78510248351153,28.80315656195641,28.82864711956309,28.861789118342635,28.90285889433956,28.95219439556378,29.01019578982157,29.07732671259871,29.154116501164015,29.241163813547608,29.339142019105807,29.448806617658978,29.571004603631597,29.706684869990408,29.856906541020685,30.022836120561475,30.205710854743433,30.406727544697397,30.626824524269626
670.0,28.773655860299066,28.77724375971511,28.788034768052942,28.80612172564091,28.831658280636724,28.864859382521363,28.90600138678069,28.95542232827754,29.01352257954281,29.08076616398035,29.1576830652429,29.24487291939144,29.34301045433104,29.452852892139394,29.575249133928036,29.711149552256558,29.861612588816584,30.027797811612743,30.210922368300494,30.4121450458892,30.632359950869006
671.0,28.776566604067288,28.78016108310269,28.79097182498185,28.809091653829398,28.83467419884303,28.867934401585714,28.90914864406949,28.958655058015932,29.016854233580005,29.08421059696451,29.16125479281349,29.248587445296963,29.34688463819612,29.4569052809452,29.57950006192734,29.715620504095888,29.866323625687407,30.03276088007236,30.216128602801454,30.417549591086757,30.637879386841714
672.0,28.779482126117,28.783083182858814,28.793913652947214,28.812066345788857,28.837694874469037,28.871014177364668,28.912300670190092,28.961892591532703,29.02019076190407,29.087660024760368,29.1648316995144,29.252307406866198,29.350764579868223,29.460963770288238,29.583757311667334,29.72009751504585,29.871039237771114,30.03772480025474,30.22132937305234,30.422941893355954,30.64338410822121
673.0,28.782402424743307,28.786010057384505,28.79686025068918,28.815045800901352,28.84072030794408,28.87409871185182,28.915457469296406,28.965134935723764,29.02353217454855,29.09111446047615,29.16841380054473,29.256032818462092,29.354650285306448,29.4650283390311,29.588020794342185,29.724580363482865,29.875759028038086,30.042689120551962,30.226524579986528,30.428322614189977,30.648875200754343
674.0,28.785327498314818,28.78894170515961,28.799811617041993,28.818030018665898,28.843750499839885,28.877188007202793,28.918619045706123,28.968382097616836,29.026878481591737,29.094573917081465,29.17200111056953,29.25976369298504,29.358541756880996,29.469098958515303,29.59229040965184,29.729068820997814,29.880482620575822,30.047653455712645,30.23171418821268,30.43369236419602,30.65435360235957
675.0,28.788257345277177,28.791878124746155,28.802767750936834,28.821018998700154,28.846785450870406,28.880282065732466,28.921785403894418,28.971634084360243,29.030229693136178,29.098038407362495,29.17559364361281,29.263500041647962,29.36243899306302,29.473175592610797,29.59656604736245,29.733562656203045,29.88520966305045,30.052617478954147,30.236898209195527,30.439051706073297,30.65982013351163
676.0,28.79119196415647,28.794819314791575,28.80572865140441,28.824012740741907,28.849825161891456,28.883380889911898,28.92495654848725,28.97489090321071,29.03358581928505,29.101507943870025,29.17919141294134,29.267241873760497,29.366341988196083,29.477258197955265,29.600847588956395,29.738061637922275,29.889939827807552,30.057580914450423,30.242076688692148,30.4444011584905,30.665275519551702
677.0,28.794131353562506,28.797765274031782,28.808694317577437,28.827011244650322,28.852869633900067,28.886484482364992,28.928132484254164,28.97815256151981,29.03694687011516,29.10498253886091,29.182794430943023,29.27098919653128,29.370250732353163,29.481346724345862,29.605134909278586,29.74256553777612,29.894672811996458,30.062543530463977,30.24724969737087,30.44974120015386,30.670720407459612
678.0,28.797075512191945,28.800716001294113,28.811664748692905,28.83001451040703,28.855918868033648,28.889592845864826,28.931313216100474,28.981419066718846,29.040312855646317,29.108462204233795,29.18640270900399,29.27474201489545,29.374165211277354,29.485441115245138,29.609427878112292,29.747074132211633,29.89940833702185,30.067505133224962,30.25241732379904,30.455072273722088,30.676155378733615
679.0,28.80002443883132,28.80367149550012,28.814639944094203,28.83302253811696,28.858972865568855,28.89270598332962,28.934498749058672,28.984690426302013,29.043683785807207,29.111946951460453,29.19001625738818,29.278500331372406,29.378085406400253,29.489541308365293,29.613726361640452,29.751587204041904,29.90414614755461,30.0724655615655,30.257579669192054,30.460394789417734,30.681580959470026
680.0,28.802978132359872,28.806631755668192,28.81761990323304,28.836035328009004,28.862031627920217,28.895823897818268,28.937689088278997,28.987966647807646,29.04705967039792,29.115436791514167,29.193635085123155,29.28226414595664,29.382011294929242,29.4936472362991,29.618030223766844,29.75610454356736,29.908886010273687,30.07742468226659,30.262736843473107,30.465709128284356,30.686997628384447
681.0,28.805936591752275,28.80959678091603,28.820604625671187,28.839052880436412,28.86509515663844,28.89894659252539,28.940884239018995,28.991247738797526,29.05044051904952,29.118931734796785,29.19725919989503,29.286033456042762,29.38594284999333,29.497758827170905,29.62233932728532,29.76062594934883,29.91362771246313,30.082382386050984,30.267888962311133,30.47101564508898,30.692405823289587
682.0,28.808899816081144,28.812566570462952,28.82359411108202,28.842075195876994,28.86816345340839,28.902074070775825,28.94408420663203,28.994533706834247,29.053826341181193,29.122431791066035,29.200888607955076,29.289808256384305,29.389880040836633,29.50187600528641,29.6266535348954,29.765151228696855,29.918371060551564,30.0873385841474,30.27303614489129,30.476314670892556,30.69780594639486
683.0,28.811867804519427,28.815541123632,28.826588359251897,28.845102274933044,28.871236520046736,28.905206336018516,28.947288996554644,28.997824559456717,29.05721714595555,29.12593696936468,29.204523314039708,29.293588539084556,29.39382283304887,29.50599869176485,29.630972710069372,29.769680197934004,29.92311587865382,30.09229320535193,30.27817851223625,30.481606515320387,30.703198368692025
684.0,28.81484055634262,28.818520439851916,28.829587370081278,28.848134118331014,28.874314358499202,28.908343391819727,28.950498614292744,29.001120304153947,29.060612942232808,29.12944727795289,29.208163321304987,29.297374293616947,29.397771188822798,29.510126805141613,29.635296717780456,29.774212682479057,29.927862007154015,30.097246193517687,30.283316185943544,30.486891468566526,30.708583433621488
685.0,28.817818070930787,28.821504518658895,28.83259114358568,28.851170726920923,28.87739697083738,28.91148524185554,28.953713065406625,29.00442094833737,29.06401373852449,29.132962724245075,29.21180863127626,29.30116550687181,29.40172506722963,29.514260261933067,29.63962542510403,29.778748516793847,29.932609301354788,30.102197505410768,30.288449287238414,30.492169803164863,30.713961460165166
686.0,28.82080034777039,28.824493359698156,28.83559967989638,28.854212101675436,28.8804843592551,28.914631889903617,28.95693235549482,29.007726499311904,29.067419542947423,29.136483314752148,29.215459243812898,29.304962163226104,29.405684424504553,29.518398977158526,29.643958701705046,29.78328754422656,29.937357630206854,30.1071471088783,30.29357793626696,30.497441775556673,30.719332745476834
687.0,28.82378738645599,28.827486962725327,28.83861297926088,28.857258243688648,28.8835765260643,28.917783339834173,28.960156490176914,29.0110369642461,29.07083036317866,29.14000905503006,29.21911515708784,29.30876424463252,29.40964921433571,29.52254286481663,29.648296420225048,29.78782961677881,29.942106875125884,30.11209498128174,30.29870225157296,30.502707627481033,30.724697567135642
688.0,28.826779186691663,28.830485327607594,28.841631042043133,28.860309154174505,28.886673473690397,28.92093959560018,28.96338547507531,29.014352350141685,29.074246206411992,29.143539949635144,29.222776367581194,29.31257173072448,29.413619388151194,29.52669183831539,29.652638456581627,29.79237459481853,29.946856928898615,30.11704110815528,30.303822349715492,30.507967587211184,30.7300561850896
689.0,28.82977574829229,28.833488454324648,28.844653868723505,28.863364834464882,28.889775204667117,28.92410066122681,28.96661931579616,29.017672663802834,29.07766707931656,29.14707600208659,29.22644287008695,29.31638459893361,29.417594895399652,29.53084581085654,29.656984690192463,29.796922346756066,29.95160769467699,30.121985482055432,30.308938344994875,30.51322187065683,30.735408843341926
690.0,28.83277707118458,28.836496342969415,28.847681459898432,28.86642528600726,28.89288172163075,28.927266540800087,28.969858017909534,29.020997911805523,29.081092987998108,29.150617214836274,29.23011465773163,29.320202824616683,29.421575683821157,29.535004695775807,29.661335004135022,29.801472748697194,29.956359085056874,30.12692810157289,30.31405034926192,30.518470682349502,30.7407557714224
691.0,28.835783155407896,28.83950899374851,28.850713816279814,28.869490510362027,28.89599302731389,28.930437238454903,28.97310158692902,29.02432810046726,29.084523937963255,29.15416358924591,29.2337917220037,29.324026381189064,29.4255616997058,29.53916840684144,29.66568928525187,29.80602568408361,29.96111102123674,30.131868970482426,30.319158471791486,30.52371421632581,30.746097185677744
692.0,28.838794001114813,28.84252640698246,28.853750938694077,28.872560509199328,28.89910912453856,28.933612758362315,28.97635002829089,29.027663235817545,29.087959934087053,29.15771512557135,29.23747405279237,29.327855240262323,29.429552888138208,29.543336858513786,29.67004742421041,29.81058104332907,29.965863432251016,30.13680809701023,30.324262819205558,30.52895265692128,30.75143329040858
693.0,28.841809608571477,28.845548583105675,28.85679282808091,28.875635284295512,28.90223001620883,28.93679310471627,28.97960334733304,29.031003323569305,29.09140098058416,29.1612718229538,29.241161638434512,29.33168937178368,29.43354919322692,29.547509966168832,29.674409315524823,29.815138723457252,29.970616254272517,30.141745493201473,30.329363495434425,30.534186179485665,30.756764278875693
694.0,28.844829978157637,28.848575522666074,28.85983948549168,28.87871483752914,28.90535570530288,28.939978281719824,28.98286154927383,29.034348369091582,29.094847080983712,29.16483367941757,29.244854465768437,29.33552874417553,29.43755055831787,29.551687646288908,29.678774857546898,29.819698627745954,29.97536942997838,30.146681174373395,30.33446060170715,30.539414951029162,30.76209033419415
695.0,28.84785511036647,28.851607226324507,28.862890912087476,28.881799170876555,28.908486194864526,28.943168293570928,28.98612463919105,29.037698377383702,29.09829823810795,29.168400691873934,29.248552520193247,29.33937332447345,29.441556926191794,29.55586981662352,29.68314395243158,29.824260665380812,29.980122907974046,30.151615158641704,30.33955423656435,30.544639130807607,30.767411630130887
696.0,28.850885005804066,28.854643694853802,28.865947109136794,28.884888286406987,28.911621487994296,28.94636314444784,28.98939262200112,29.04105335305108,29.10175445405473,29.171972856130644,29.252255785732686,29.343223078461374,29.445568239245688,29.56005639632335,29.687516506082137,29.828824751120965,29.984876642270216,30.15654746650974,30.344644495887945,30.549858870853722,30.772728331818655
697.0,28.85391966518864,28.85768492913751,28.869008078012865,28.887982186277256,28.91476158784004,28.949562838494316,28.992665502438733,29.044413300282855,29.10521573018374,29.17555016690651,29.255964245102387,29.34707797080296,29.44958443965856,29.56424730605023,29.69189242807928,29.8333908049781,29.98963059180785,30.16147812051164,30.3497314729436,30.555074316460445,30.778040596397236
698.0,28.85695908934942,28.860730930168337,28.8720738201906,28.891080872726025,28.917906497587122,28.952767379804644,28.99594328503706,29.047778222831443,29.10868206710643,29.179132617850627,29.259677879779563,29.350937965168292,29.45360546954213,29.568442468065737,29.696271631597657,29.83795875190989,29.99438472002683,30.166407144901978,30.35481525843258,30.56028560662163,30.783348573591148
699.0,28.860003279225214,28.86378169904623,28.87514433724313,28.89418434806765,28.92105622044828,28.955976772408597,28.999225974108644,29.051148123994125,29.11215346467946,29.18272020156563,29.26339667007429,29.35480302435533,29.457631271076984,29.57264180630091,29.700654033312826,29.842528521528312,29.999138994474105,30.1713345653855,30.3598959405504,30.56549287443476,30.788652406231662
700.0,28.86305223586265,28.866837236976096,28.87821963083801,28.897292614685625,28.924210759653153,28.959191020256434,29.00251357372708,29.054523006596668,29.115629922001556,29.18631290963451,29.267120595201604,29.35867311040567,29.461661786635105,29.576845246409324,29.7050395533012,29.847100047822952,30.003893386447608,30.176260408881507,30.364973605050192,30.57069624746967,30.793952230729797
701.0,28.866105960414075,28.869897545265204,28.881299702733028,28.90040567502566,28.92737011843757,28.962410127204024,29.005806087709676,29.05790287297908,29.119111437413537,29.18991073265046,29.270849633353734,29.362548184714324,29.46569695888943,29.581052715805555,29.70942811493504,29.85167326889927,30.008647870672498,30.181184703318273,30.370048335309264,30.575895848106814,30.799248177506023
702.0,28.86916445413509,28.872962625320184,28.88438455477161,28.90352353158841,28.930534300032612,28.96563409699819,29.00910351960105,29.061287724983444,29.122598008501328,29.1935136602493,29.274583761771922,29.366428208133293,29.4697367309114,29.585264143690967,29.71381964477422,29.856248126731458,30.013402425006642,30.186107477453476,30.3751202123975,30.581091793848163,30.804540371381623
703.0,28.872227718381733,28.876032478643708,28.8874741888779,28.90664618692187,28.933703307653573,28.968862933262326,29.012405872657837,29.06467756394381,29.126089632101724,29.197121681143987,29.278322956817295,29.37031314106897,29.47378104625722,29.589479461068464,29.71821407245622,29.86082456692953,30.01815703017254,30.19102876071732,30.380189315146694,30.586284197603476,30.809828931935925
704.0,28.87529575460733,28.879107106830784,28.89056860705148,28.909773643613487,28.936877144488786,28.97209663948238,29.015713149834486,29.068072390678147,29.129586304310706,29.20073478316081,29.28206719404042,29.374202943573273,29.47782984904379,29.593698600747683,29.722611330585522,29.865402538520062,30.022911669513128,30.195948583075303,30.385255720220027,30.591473167954348,30.815113973833164
705.0,28.878368564358958,28.882186511564715,28.893667811361734,28.912905904282017,28.940055813688456,28.975335218993315,29.019025353770264,29.07147220548224,29.133088020494036,29.204352953276924,29.285816448249143,29.378097575428683,29.481883084015053,29.597921497342035,29.72701135462327,29.86998199374006,30.02766632876922,30.200866974908227,30.390319502181086,30.59665880939814,30.820395607122155
706.0,28.88144614927358,28.885270694612682,28.8967718039419,28.91604297156915,28.943239318353488,28.978578674966002,29.022342486777426,29.07487700812551,29.136594775299926,29.20797617765877,29.289570693574507,29.381996996227247,29.48594069659953,29.602148087258772,29.73141408277808,29.8745628878433,30.03242099587652,30.20578396690718,30.395380733562003,30.60184122257374,30.82567393751159
707.0,28.884528511073793,28.88835965782101,28.899880586982803,28.91918484813095,28.94642766152442,28.981827010394717,29.0256645508306,29.07828679784861,29.140106562673548,29.21160444170116,29.29332990353443,29.3859011654438,29.490002632959854,29.606378308683063,29.73581945589851,29.87914517891853,30.037175660780317,30.2106995899817,30.400439484930363,30.607020504470764,30.830949066623457
708.0,28.887615651563273,28.89145340311008,28.902994162726337,28.922331536629123,28.949620846170443,28.98508022808521,29.028991547557393,29.081701573362768,29.143623375873165,29.215237730066658,29.29709405109508,29.389810042503544,29.494068840034956,29.610612101557134,29.74022741736769,29.883728827718887,30.041930315266242,30.215613875179407,30.405495824954592,30.612196748623738,30.836221092226722
709.0,28.89070757262186,28.894551932468936,28.906112533458646,28.925483039722202,28.95281887517863,28.98833833064341,29.032323478230175,29.08512133285075,29.147145207487682,29.21887602672508,29.30086310872974,29.393723586844263,29.498139265575595,29.614849407555212,29.744637913000492,29.888313797501873,30.04668495280558,30.22052685361574,30.41054982046771,30.61737004529258,30.84149010845319
710.0,28.89380427620031,28.89765524794957,28.909235701503082,28.92863936005663,28.956021751343343,28.991601320464802,29.035660343759087,29.088546073969315,29.15067204945538,29.22251931499279,29.304637048475126,29.397641757973417,29.50221385817386,29.619090170055024,29.749050890943494,29.89290005387934,30.05143956841375,30.22543855641257,30.41560153652928,30.622540481630594,30.84675620599724
711.0,28.896905764314774,28.90076335166094,28.912363669212954,28.931800500257793,28.95922947735594,28.9948691997245,29.039002144686176,29.091975793853088,29.154203893083693,29.226167577571672,29.308415841985077,29.401564515520356,29.506292567287204,29.62333433410646,29.75346630157795,29.8974875646768,30.05619415852078,30.230349014644602,30.420651036485424,30.62770814184103,30.852019472300977
712.0,28.900012039040934,28.903876245762696,28.915496438964098,28.934966462921064,28.96244205579474,28.99814197036802,29.04234888118068,29.09541048911973,29.1577407290698,29.22982079658759,29.31219946058162,29.40549181928392,29.510375343257575,29.62758184639801,29.75788409742592,29.902076299801564,30.06094872085265,30.235258259292642,30.425698382026983,30.63287310732317,30.857279991726024
713.0,28.903123102507898,28.906993932458658,28.91863401314727,28.938137250602857,28.96565948911532,29.001419634102767,29.045700553035402,29.098850155876285,29.16128254752193,29.23347895362814,29.31598787530338,29.409423629275707,29.51446213732612,29.63183265522138,29.762304233059556,29.906666231119107,30.065703254322525,30.240166321202917,30.430743633245637,30.63803545680885,30.862537845713284
714.0,28.906238956891826,28.910116413990085,28.921776394160403,28.94131286581173,28.968881779641176,29.004702192390273,29.04905715966413,29.10229478972664,29.164829337981132,29.237142029779644,29.319781056951395,29.41335990575925,29.51855290164392,29.636086710434782,29.76672666501375,29.91125733233718,30.070457758931003,30.245073231051705,30.435786848688128,30.64319526649014,30.86779311293161
715.0,28.909359604409296,28.913243692628708,28.924923584400794,28.944493310999604,28.972108929554757,29.007989646439142,29.052418700100073,29.105744385779904,29.168381089443464,29.24081000566322,29.323578976132357,29.417300609285366,29.522647589279185,29.640343963425195,29.771151351701967,29.91584957889714,30.075212235674535,30.24997901931473,30.440828085408512,30.64835261013889,30.87304586941644
716.0,28.912485047310504,28.91637577066961,28.92807558625718,28.947678588553075,28.97534094088889,29.011281997198722,29.05578517299522,29.10919893865972,29.17193779038243,29.244482861469876,29.327381603299305,29.42124570072393,29.52674615422131,29.644604367069945,29.775578253335404,29.92044294787206,30.07996668646133,30.254883716240645,30.4458673990185,30.653507559218887,30.87829618869914
717.0,28.915615287872203,28.919512650423922,28.931232402101767,28.95086870078487,28.978577815518644,29.014579245353506,29.05915657662064,29.112658442514316,29.175499428771516,29.248160576994547,29.331188908789894,29.425195141292303,29.530848551382093,29.64886787569788,29.780007331845336,29.92503741787116,30.08472111403405,30.25978735182826,30.450904843735923,30.658660182991035,30.88354414192792
718.0,28.918750328390544,28.922654334211398,28.934394034282267,28.9540636499255,28.9818195551536,29.017881391318205,29.06253290886763,29.116122891027242,29.179065992106807,29.25184313166903,29.335000862862262,29.42914889258066,29.534954736594468,29.653134445050352,29.784438550808634,29.929632968950163,30.089475521898766,30.264689955806976,30.455940472431358,30.663810548612215,30.888789797980966
719.0,28.921890171173718,28.92580082435288,28.9375604851139,28.95726343811507,28.9850661613306,29.021188435233558,29.0659141672496,29.119592277428705,29.18263746742948,29.25553050459377,29.338817435728593,29.433106916574435,29.53906466660906,29.6574040322422,29.788871875376376,29.934229582527188,30.094229914259536,30.269591557620128,30.46097433667299,30.668958721228254,30.894033223572404
720.0,28.925034818534503,28.928952123162688,28.94073175687145,28.96046806739534,28.988317635406904,29.024500376962752,29.06930034890478,29.12306659450741,29.186213841348188,29.25922267456846,29.342638597586472,29.437069175674072,29.543178299088794,29.661676595722927,29.793307272205467,29.938827241303805,30.098984295958203,30.274492186410864,30.46600648676974,30.67410476406143,30.89927448335169
721.0,28.928184389259034,28.932108349417256,28.94390796825769,28.9636776561783,28.99157409503016,29.02781733256485,29.072691567075886,29.126545951099143,29.189795216537505,29.262919736597773,29.346464435124417,29.441035749188636,29.547295709078124,29.665952211714504,29.797744825869515,29.943426045667263,30.10373878889528,30.279391987486598,30.471037116003806,30.679250021528247,30.904540781163586
722.0,28.931339002106466,28.93526962185472,28.94708923790285,28.966892322746023,28.994835657639772,29.031139417799814,29.07608793462139,29.130030455606683,29.19338169526708,29.266621785426885,29.350295035056334,29.445006716858103,29.551416972501762,29.670230957680598,29.802184622303894,29.948026097160092,30.108493516830766,30.284291142287906,30.47606700340772,30.68440080320592,30.90984776706326
723.0,28.93449865933593,28.9384359427018,28.950275567891513,28.970112068778043,28.998102323996086,29.034466631661424,29.07948944755473,29.133520099547308,29.19697326295776,29.270328799103083,29.354130367681382,29.44898204240086,29.555542049689503,29.674512795825333,29.806626632328776,29.952627382928615,30.113248502439916,30.28918985703822,30.48109742654417,30.68956058659879,30.915185456577998
724.0,28.93766336318061,28.94160731414791,28.95346696023679,28.97333689582623,29.001374094657162,29.03779897285796,29.082896101531162,29.137014874047697,29.20056990468443,29.274040755483373,29.357970403389096,29.4529616900065,29.559670901848595,29.67879768956613,29.811070828449484,29.95722989569294,30.11800380283559,30.294088479253812,30.486129666785445,30.69473090617022,30.920547473042994
725.0,28.94083311584008,28.944783738337467,28.95666341687286,28.976566805308153,29.00465096997424,29.04113643981166,29.086307891853362,29.140514769857205,29.204171605196713,29.277757632259096,29.361815112681068,29.456945624345828,29.563803491063272,29.683085603617727,29.815517185739395,29.961833638393188,30.1227595177054,30.298987444389912,30.491164825885807,30.69991228552163,30.925929592788272
726.0,28.94400791947262,28.947965217362306,28.959864939647687,28.979801798500752,29.007932950087646,29.04447903065867,29.089724813477446,29.14401977736123,29.207778348939154,29.28147940697944,29.365664466191202,29.46093381058247,29.56793978031951,29.687376504222982,29.8199656831419,29.96643862801289,30.127515787591637,30.30388722492552,30.496203783510996,30.70510473486612,30.93132890804254
727.0,28.947187776187647,28.95115175325416,28.963071530315872,28.983041876534315,29.01122003492313,29.04782674324952,29.09314686101935,29.14752988659465,29.211390120070895,29.2852060570739,29.369518434705494,29.464926214390704,29.572079733571314,29.691670359531884,29.824416304883215,29.97104489772249,30.132272786538458,30.308788292788282,30.501247212012604,30.71030801537999,30.93674333744589
728.0,28.950372688038144,28.95434334797724,28.96628319053174,28.986287040386763,29.01451222418864,29.051179575150023,29.0965740287616,29.151045087255273,29.21500690248489,29.28893755987395,29.37337698918262,29.46892280198473,29.576223315857135,29.69596714008555,29.828869041717336,29.97565249728495,30.137030712594363,30.313691095483275,30.506295609976238,30.715521778500353,30.94217133441942
729.0,28.953562657013244,28.95754000342096,28.96949992184259,28.989537290878268,29.01780951737151,29.054537523642658,29.100006310660348,29.154565368717233,29.218628679826676,29.29267389263438,29.37724010077717,29.472923540163997,29.580370493464706,29.70026681934102,29.83332389182635,29.98026149206572,30.14178977838249,30.318596043020165,30.51134933795418,30.720745638196274,30.947611709662176
730.0,28.95675768503088,28.96074172139275,28.972721725682213,28.992792628666184,29.021111913736057,29.057900585728326,29.103443700352695,29.158090720044385,29.222255435512796,29.29641503255487,29.38110774086741,29.47692839637695,29.5845212341336,29.704569374172515,29.83778086130523,29.98487196111017,30.146550202883237,30.323503502338973,30.51640865007486,30.725979207412085,30.953063520498322
731.0,28.959957773930594,28.963948503611103,28.97594860336458,28.996053054240296,29.024419412321564,29.06126875812851,29.10688619116423,29.161621130003653,29.225887152749134,29.300160956802536,29.384979881089187,29.480937338803084,29.58867550727939,29.708874785297837,29.84223996424055,29.989483994721397,30.151312204859437,30.328413796499998,30.521473719832084,30.73122211546969,30.958526000075395
732.0,28.963162925466484,28.967160351698713,28.979180556077818,28.9993185679184,29.027732011940643,29.06464203728777,29.110333776116807,29.16515658707838,29.229523814549296,29.303911642536196,29.388856493376938,29.48495033645077,29.592833284221417,29.713183037596714,29.84670122244131,29.994097691878185,30.15607599794145,30.33332720664915,30.526544660259038,30.736474015461233,30.963998510792177
733.0,28.96637314130031,28.970377267175852,28.98241758487842,29.002589169842203,29.031049711177985,29.0680204193766,29.113786447936512,29.16869707948177,29.23316540375343,29.307667066932968,29.39273755001214,29.48896735926652,29.596994538397357,29.71749412030579,29.851164664902136,29.998713157729203,30.16084178718605,30.338243975421626,30.531621539345736,30.741734586482895,30.969480512782496
734.0,28.96958842299478,28.973599251453937,28.985659690685676,29.005864859973535,29.034372508389442,29.071403900294605,29.11724419906185,29.17224259517048,29.236811903047716,29.311427207217765,29.396623023678703,29.492988378250253,29.601159245550953,29.7218080270897,29.855630327082487,30.003330501308092,30.16560976684698,30.343164310937343,30.53670439167001,30.747003533304955,30.974971541976643
735.0,28.972808772007028,28.976826305829288,28.988906874276434,29.009145638090892,29.03770040170146,29.074792475673938,29.120707021652127,29.175793121858494,29.240463294984895,29.315192040695912,29.40051288752418,29.49701336557084,29.605327383883132,29.72612475599817,29.860098250077712,30.00794983354388,30.170380119089675,30.348088390882886,30.54179322711372,30.75228058485512,30.980471194407755
736.0,28.976034189682313,28.980058431477136,28.992159136280048,29.012431503786292,29.041033389010867,29.078186140883098,29.124174907596124,29.179348647031382,29.24411956200597,29.318961544788877,29.40440711522516,29.501042294676537,29.609498934160886,29.730444309325446,29.86456847974473,30.012571265591784,30.17515301341086,30.35301636639931,30.54688803737672,30.757565492235443,30.985979114694352
737.0,28.979264677247894,28.98329562944583,28.995416477173666,29.015722456462417,29.04437146798493,29.081584891030996,29.12764784852104,29.182909157961127,29.24778068646337,29.322735697072904,29.40830568105486,29.505075140395686,29.613673879781953,29.734766693391393,29.869041065830547,30.01719490747778,30.17992860656411,30.357948365636904,30.55198880084383,30.762858026639474,30.991494987386773
738.0,28.982500235807173,28.98653790065132,28.99867889727773,29.019018495330105,29.04771463606181,29.084988720971324,29.131125835801775,29.18647464172156,29.251446650645562,29.326514475320106,29.412208559950958,29.509111879024037,29.617852206796204,29.73909191826401,29.873516061138165,30.021820867031767,30.184707042834212,30.36288449692358,30.557095486225617,30.768157977347656,30.997018530326226
739.0,28.985740866334044,28.989785245871847,29.001946396751816,29.022319619406108,29.05106289045126,29.088397625307252,29.134608860570616,29.19004508520455,29.25511743680317,29.330297857541336,29.41611572758156,29.51315248839612,29.622033903886933,29.743419997441926,29.877993520752533,30.02644924907519,30.189488454540207,30.367824851542693,30.562208055287574,30.773465149878813,31.002549489451457
740.0,28.988986569667492,28.99303766574291,29.005218975590683,29.025625827511192,29.054416228135697,29.091811598396443,29.138096913727345,29.19362047513698,29.258793027176445,29.33408582203011,29.420027160407553,29.51719694793926,29.626218962316564,29.747750947513246,29.882473501339835,30.031080154825908,30.19427296267824,30.37276950614231,30.567326464900678,30.77877936432398,31.008087634669344
741.0,28.992237346506435,28.99629516075248,29.008496633620666,29.028937118268505,29.057774645871547,29.09523063435644,29.141589985949864,29.19720079809858,29.26247340402393,29.337878347406818,29.423942835739794,29.521245238709636,29.63040737584217,29.752084787804467,29.886956060526153,30.035713681484104,30.199060677639945,30.377718524810376,30.572450668585432,30.784100453862873,31.01363275652302
742.0,28.99549319740484,28.999557731236486,29.01177937049631,29.032253490102264,29.061138140190945,29.098654727070407,29.14508806770532,29.20078604054055,29.266158549652047,29.341675412662298,29.42786273178988,29.525297343410664,29.63459914060644,29.756421540030512,29.89144125635634,30.040349921965728,30.203851699961113,30.382671960854413,30.57758061767648,30.78942826345132,31.019184663468664
743.0,28.998754122767057,29.002825377374553,29.015067185697294,29.03557494123676,29.064506707403748,29.102083870193272,29.14859114926178,29.20437618880497,29.269848446445334,29.345476997200144,29.431786827713612,29.52935324639465,29.638794255009643,29.76076122795433,29.895929146830404,30.04498896475411,30.208646121069783,30.387629858324033,30.582716262201874,30.7947626486632,31.024743179624274
744.0,29.00202012284346,29.00609809918602,29.018360078525667,29.038901469695652,29.0678803435999,29.105518057158278,29.152099220700485,29.207971229144942,29.273543076896907,29.349283080876894,29.435715103646626,29.533412933648986,29.64299271956774,29.76510387706221,29.900419789512455,30.049630893844473,30.21344402401333,30.392592253311975,30.58785755154667,30.800103474669204,31.030308142889822
745.0,29.005291197726336,29.009375896526237,29.021658048103337,29.04223307330157,29.07125904465214,29.10895728118396,29.155612271928636,29.211571147745236,29.277242423638867,29.353093644039586,29.439647540731873,29.53747639276854,29.64719453676138,29.76944951425908,29.904913241205954,30.054275788760048,30.218245484151787,30.397559175065673,30.593004434952924,30.80545061533571,31.035879403363303
746.0,29.00856734734604,29.012658769083114,29.02496109336988,29.045569749676055,29.074642806219074,29.11240153528156,29.159130292692716,29.215175930743456,29.28094646947229,29.356908667560127,29.443584121138993,29.54154361291607,29.651399710879772,29.77379816758642,29.909409557688424,30.058923724622474,30.223050569809974,30.402530646937386,30.59815686189504,30.810803952428266,31.041456821995347
747.0,29.01184857146744,29.015946716373975,29.028269213080623,29.048911496239807,29.078031623748593,29.115850812262874,29.162653272592305,29.218785564251466,29.284655197396404,29.360728132866114,29.447524828075757,29.5456145847725,29.655608247862933,29.778149865964156,29.91390879349872,30.063574772262122,30.227859342884884,30.407506687197174,30.60331478235971,30.816163374906097,31.04704026943814
748.0,29.01513486968662,29.0192397377427,29.031582405805054,29.052258310213258,29.081425492481678,29.11930510474853,29.166181201094346,29.222400034376932,29.288368590636697,29.364552021967807,29.451469645791974,29.5496893004789,29.65982015514512,29.782504638956897,29.9184110017701,30.068228998357032,30.232671859407187,30.41248730972937,30.6084781470527,30.821528778295757,31.05262962505408
749.0,29.01842624142789,29.02253783235712,29.0349006699255,29.05561018861747,29.084824407456598,29.122764405176707,29.169714067547766,29.226019327244845,29.292086632671626,29.36838031748109,29.455418559576408,29.553767753571893,29.664035441501706,29.78686251656422,29.922916234102853,30.07288646559139,30.237488170057578,30.417472524630217,30.61364690754928,30.826900064133593,31.058224776056875
750.0,29.021722685941057,29.02584099920673,29.038224003636138,29.058967128275402,29.088228363513434,29.12622870581222,29.173251861198406,29.22964342901879,29.29580930725774,29.37221300264639,29.45937155574727,29.55784993891419,29.668254116901267,29.791223529034127,29.927424540470724,30.07754723282642,30.24230832063961,30.422462338721523,30.61882101640124,30.83227713946815,31.063825616763268
751.0,29.025024202299004,29.029149237100693,29.041552404942312,29.06232912581346,29.09163735529903,29.129697998756015,29.176794571204173,29.23327232592184,29.299536598452946,29.3760500613435,29.46332862163698,29.56193585262164,29.672476192364186,29.795587706698438,29.93193596915593,30.082211355278186,30.24713235251146,30.427456755992914,30.624000427210373,30.837659916414953,31.069432047937887
752.0,29.02833078939555,29.032462544666153,29.044885871660146,29.065696177663433,29.095051377272284,29.133172275954983,29.180342186650318,29.236906004256902,29.30326849063785,29.37989147810247,29.46728974557185,29.56602549198812,29.676701679828664,29.7999550798287,29.936450566708224,30.086878884698127,30.25196030297935,30.432455777983332,30.629185094676018,30.84304831175703,31.075043976216914
753.0,29.03164244594361,29.035780920346806,29.0482244014165,29.069068280064762,29.098470423709777,29.1366515292121,29.183894696564735,29.240544450426384,29.307004968534997,29.383737238110673,29.47125491684743,29.570118855409444,29.680930592024776,29.804325678511056,29.94096837792392,30.091549869553027,30.25679220565543,30.437459404110665,30.63437497462266,30.848442246585666,31.080661313598917
754.0,29.03495917047366,29.039104362401833,29.05156799164924,29.072445429067127,29.10189448871178,29.14013575019679,29.18745208993323,29.24418765095102,29.31074601722596,29.38758732721627,29.475224125700144,29.574215942307227,29.685162942356882,29.808699532538455,29.94548944584145,30.096224355202168,30.261628090783052,30.442467631957125,30.639570024012116,30.85384164597643,31.086283976993204
755.0,29.038280961332482,29.042432868905102,29.054916639607807,29.075827620533396,29.10532356620857,29.143624930455545,29.191014355714632,29.247835592487778,29.314491622166237,29.391441731928282,29.47919736327588,29.578316753053535,29.68939874479451,29.813076671318594,29.95001381175037,30.100902384069833,30.26646798553223,30.447480457516672,30.64477020094392,30.8592464386964,31.091911887817705
756.0,29.041607816682262,29.045766437744685,29.058270342354138,29.079214850142897,29.10875764996705,29.147119061422675,29.194581482855657,29.251488261846735,29.318241769197996,29.395300439413553,29.48317462159614,29.582421288896956,29.693638013771672,29.817457123796068,29.954541515211293,30.105583995812047,30.271311914267866,30.452497875409964,30.649975464646708,30.864656556938893,31.097544971639675
757.0,29.044939734499945,29.04910506662271,29.06162909676391,29.082607113395007,29.11219673359764,29.150618134431166,29.198153460305495,29.255145646006852,29.321996444560636,29.39916343749089,29.48715589352233,29.586529551890706,29.697880764094457,29.82184091838723,29.959072594084482,30.110269227476646,30.27615989879333,30.45751987907134,30.65518577546279,30.87007193608264,31.103183157853664
758.0,29.04827671257693,29.05244875305552,29.06499289952806,29.086004405613053,29.115640810561423,29.15412214072362,29.201730277029974,29.258807732130588,29.325755634899256,29.403030714622638,29.491141172718613,29.590641544823118,29.702127010856568,29.826228082926395,29.963607084565318,30.11495811365625,30.281011958571604,30.462546460911746,30.660401094827655,30.875492514472636,31.10882637939194
759.0,29.051618748519083,29.055797494374115,29.068361747154697,29.089406721948528,29.11908987417753,29.157631071463168,29.20531192202527,29.26247450757733,29.329519327271118,29.406902259903944,29.495130453613932,29.594757271150893,29.706376769362517,29.830618644622078,29.96814502122499,30.119650686633793,30.28586811092615,30.467577612460868,30.665621385245753,30.880918233220335,31.11447457246336
760.0,29.054965839747048,29.059151287724966,29.071735635971255,29.092814057385578,29.12254391763068,29.161144917744355,29.20889838433113,29.26614595991557,29.333287509150175,29.410778063050095,29.499123731363433,29.598876734935306,29.710630055058083,29.835012630022128,29.972686437055174,30.124346976520588,30.290728371223445,30.472613324491345,30.670846610263617,30.886349036021098,31.120127676317285
761.0,29.05831798349688,29.062510130071097,29.075114562126988,29.096226406745775,29.126002933978928,29.16466367060392,29.212489653043477,29.26982207693387,29.337060168429765,29.414658114382085,29.503121001809802,29.602999940781537,29.71488688346756,29.839410064986637,29.97723136351553,30.129047011386906,30.295592753038903,30.477653587127392,30.67607673444116,30.891784868987106,31.125785633029526
762.0,29.061675176820998,29.065874018193494,29.07849852159577,29.09964376469312,29.129466916161498,29.168187321031432,29.216085717326454,29.273502846650594,29.340837293423615,29.41854240481072,29.50712226144471,29.607126893781246,29.719147270137427,29.843810974667665,29.98177983058316,30.13375081738523,30.30046126830782,30.482698389939948,30.68131172332184,30.89722568049413,31.131448387307852
763.0,29.065037416589433,29.06924294869284,29.081887510179165,29.103066125739314,29.13293585700673,29.171715859979724,29.21968656642376,29.27718825732243,29.34461887286525,29.422430925819516,29.51112750737068,29.61125759945838,29.723411230585963,29.848215383494942,29.98633186680329,30.138458418866396,30.30533392746275,30.487747722030047,30.686551543402135,30.902671421040775,31.137115886314838
764.0,29.068404699491406,29.072616917991514,29.085281523509806,29.106493484249206,29.136409749240073,29.175249278375126,29.223292189669372,29.280878297451704,29.34840489590594,29.426323669446578,29.515136737263607,29.615392063718247,29.727678780258373,29.852623315166674,29.99088749934044,30.14316983848888,30.310210739558617,30.492801572102007,30.691796162100793,30.908122043118947,31.142788079506136
765.0,29.071777022037192,29.07599592233593,29.088680557055,29.109925834446468,29.139888585492145,29.1787875671274,29.2269025764975,29.28457295579258,29.35219535211132,29.430220628265708,29.519149949336054,29.61953029279981,29.73194993448702,29.85703479264486,29.995446754029782,30.14788509732149,30.31509171238678,30.49785992852764,30.69704554772817,30.913577501094483,31.14846491848256
766.0,29.075154380560303,29.07937995779914,29.092084606120626,29.113363170419408,29.143372358306728,29.182330717139397,29.230517716451903,29.288272221356106,29.3559902314568,29.434121795366906,29.523167142301585,29.62367229323112,29.736224708456326,29.86144983815438,30.00000965542807,30.152604214939817,30.319976852579043,30.502922779402706,30.70229966945583,30.919037751096948,31.154146356854508
767.0,29.078536771219934,29.082769020283713,29.095493665855262,29.116805486126953,29.146861060148783,29.18587871931636,29.23413759919442,29.29197608341423,29.3597895243219,29.438027164336432,29.527188315340112,29.627818071787814,29.74050311717198,29.865868473185383,30.004576226864,30.157327209516716,30.32486616570259,30.507990112596527,30.707558497286662,30.924502750917746,31.15983235011747
768.0,29.081924190003726,29.08616310552492,29.09890773125453,29.120252775404758,29.150354683412385,29.189431564574914,29.237762214512834,29.295684531502797,29.363593221483594,29.44193672923664,29.531213468064482,29.631967635454547,29.744785175434064,29.870290718498474,30.009146490487616,30.16205409790718,30.329759656346756,30.513061915795596,30.71282200202562,30.929972459915806,31.165522855537482
769.0,29.085316632730777,29.089562209094133,29.10232679716567,29.1237050319714,29.15385322042855,29.192989243851628,29.24139155232801,29.29939755542358,29.367401314108832,29.445850484585634,29.53524260048829,29.636120991389273,29.749070897813755,29.874716594132202,30.013720467318617,30.16678489572789,30.33465732820227,30.51813817654195,30.71809015525116,30.935446838930115,31.17121783204562
770.0,29.08871409505494,29.092966326402514,29.10575085829228,29.127162249434665,29.157356663473,29.19655174811123,29.245025602700316,29.303115145245428,29.371213793746314,29.44976842533695,29.539275712994975,29.640278146890225,29.753360298633275,29.879146119412557,30.018298177293424,30.171519617431766,30.339559184133822,30.52321888226691,30.723362929287514,30.94092585019854,31.17691724014057
771.0,29.092116572468353,29.09637545270491,29.10917990919925,29.130624421297895,29.16086500477371,29.200119068354397,29.248664355835366,29.306837291304575,29.375030652317623,29.45369054685932,29.5433128063083,29.644439109365457,29.7576533919488,29.88357931296407,30.022879639310883,30.176258276377837,30.34446522624646,30.528304020320775,30.728640297177773,30.946409457282343,31.182621041798583
772.0,29.095524060305227,29.09978958310398,29.112613944317868,29.134091540966374,29.164378236518388,29.203691195625115,29.252307802089117,29.310563984204173,29.378851882107828,29.45761684491667,29.547353881464122,29.648603886304844,29.761950191536013,29.88801619272228,30.027464871276504,30.181000884896676,30.349375455946433,30.533393577998893,30.733922232657864,30.95189762499595,31.18832920039011
773.0,29.098936553745848,29.10320871255455,29.116052957951048,29.137563601753698,29.167896350861707,29.20726812101766,29.255955931972274,29.314295214813107,29.382677475755635,29.46154731564834,29.551398939783535,29.65277248525435,29.76625071087809,29.892456775947256,30.032053890145203,30.185747454351723,30.354289873996986,30.538487542564614,30.739208710131418,30.957390319341485,31.194041680602485
774.0,29.102354047820803,29.106632835868105,29.119496944278662,29.141040596888196,29.17141933993237,29.210849835683096,29.259608736154107,29.318030974264143,29.38650742624317,29.465481955549688,29.55544798284736,29.656944913792493,29.77055496315582,29.896901079238027,30.03664671196255,30.190497995196726,30.359208480569542,30.543585901269402,30.74449970464553,30.962887507447704,31.199758448368165
775.0,29.105776537415398,29.11006194771752,29.12294589736302,29.14452251951929,29.17494719583998,29.214436330835415,29.263266205465655,29.321771253951496,29.39034172688549,29.46942076145311,29.559501012471948,29.661121179508836,29.774862961239712,29.90134911854762,30.04124335190445,30.19525251702956,30.364131275290703,30.548688641370536,30.749795191867406,30.968389157512956,31.205479470797982
776.0,29.109204017274262,29.113496042641902,29.12639981115441,29.148009362723798,29.178479910681666,29.218027597757192,29.266928330902356,29.32551604552785,29.394180371319877,29.473363730509487,29.563558030686277,29.665301289984374,29.77917471768381,29.90580090919866,30.04584382431527,30.20001102864267,30.36905825728544,30.553795750146556,30.75509514806191,30.97389523875185,31.211204716119056
777.0,29.112636482006103,29.116935115051607,29.129858679496714,29.15150111951224,29.182017476548484,29.22162362780485,29.270595103626146,29.329265340900857,29.398023353494963,29.477310860170114,29.56761903971033,29.66948525277371,29.783490244721083,29.910256465899288,30.050448142744496,30.20477353807034,30.37398942521681,30.558907214910835,30.760399550069955,30.979405721345348,31.216934153616876
778.0,29.11607392608864,29.12037915923336,29.13332249613306,29.154997782835,29.185559885531575,29.225224412413514,29.274266514967035,29.33301913222926,29.401870667659786,29.481262148169215,29.5716840419347,29.673673075388905,29.78780955426022,29.914715802759314,30.055056319981844,30.209540052633002,30.378924777322457,30.564023023023402,30.765708375287765,30.984920576393986,31.22266775358127
779.0,29.119516343873645,29.123828169355495,29.136791254711547,29.158499345588446,29.189107129728082,29.22882994310146,29.277942556424204,29.336777411918558,29.405722308352807,29.485217592506938,29.575753039901382,29.677864765284845,29.792132657883645,29.91917893330654,30.05966836809092,30.214310578978772,30.383864311448278,30.569143161901238,30.771021601646936,30.990439775874023,31.228405487255955
780.0,29.122963729592133,29.12728213947329,29.14026494879094,29.162005800620936,29.19265920124681,29.232440211474152,29.281623219666642,29.34054017261639,29.409578270390913,29.489177191432958,29.579826036285734,29.682060329846077,29.796459566846632,29.92364587050304,30.064284298441454,30.219085123122422,30.38880802507941,30.574267619027257,30.776339207595317,30.995963292596258,31.23414732679132
781.0,29.126415919452107,29.13074090562688,29.143743413938907,29.165516982831203,29.196215934306128,29.236055051320438,29.28530833862587,29.344307249300098,29.413438390951008,29.49314078552316,29.58390287597202,29.68625961846748,29.80079013416993,29.92811646885399,30.06890396383262,30.22386353257445,30.39375575746127,30.579396224050555,30.781660976598083,31.001489360750337,31.23985644979305
782.0,29.129872749573646,29.13420430377643,29.147226485667446,29.169032727103847,29.19977716316884,29.23967429654554,29.288997747425494,29.34807847720125,29.417302507488884,29.497108215594096,29.587983403967257,29.69046248047337,29.80512421257041,29.932590582353516,30.073527216451712,30.2286456542618,30.398707345732724,30.58452875727828,30.786985896899264,31.007009481603124,31.245511695661026
783.0,29.133334213887,29.13767232770032,29.15071415733124,29.17255302620762,29.203342880039724,29.243297939066668,29.292691438273316,29.35185384969289,29.42117061562118,29.501079480581023,29.592067623279025,29.694668923000716,29.80946181235541,29.93706822239109,30.0781540657295,30.233431491125195,30.403662764448423,30.58966496505809,30.79231227980153,31.012518994310184,31.251126654985335
784.0,29.13680030622315,29.141144971085794,29.15420642221839,29.176077872886022,29.206913077155274,29.24692597090073,29.296389403545568,29.355633360369083,29.4250427111999,29.505054579608945,29.596155536986675,29.698878953075745,29.81380294350807,29.941549399814527,30.082784519942763,30.23822103942217,30.40862194181412,30.594804401821065,30.797638430394866,31.01801587071279,31.256710025643088
785.0,29.140271020319336,29.14462222753451,29.157703273556017,29.179607259862642,29.21048774678806,29.25055838416658,29.300091635785716,29.35941700303916,29.42891879030203,29.509033511979126,29.600247148228284,29.703092577605386,29.818147615674835,29.946034124782496,30.08741858496886,30.24301428237835,30.41358474862143,30.59994650241101,30.802962896262674,31.023499451636937,31.262267585160323
786.0,29.143746349824564,29.148104090568072,29.161204704515782,29.183141179846317,29.214066881250837,29.254195171086984,29.303798127703004,29.363204771721865,29.43279884921935,29.51301627715616,29.604342460188082,29.70730980336517,29.822495838118112,29.950522406418767,30.092056262474348,30.247811184957108,30.41855100054871,30.60509065110865,30.808284525090404,31.028969772521386,31.267803325628577
787.0,29.147226288305163,29.151590553633582,29.16471070821932,29.186679625536144,29.217650472900402,29.25783632399025,29.3075088721707,29.366996660639444,29.43668288444841,29.517002874755462,29.608441476083275,29.711530636977574,29.826847619612167,29.9550142522663,30.09669754795535,30.252611690909518,30.42352046810066,30.610236232571438,30.813602444665822,31.034427205087653,31.27332011736318
788.0,29.15071082925029,29.155081610109136,29.168221277743626,29.190222589626334,29.22123851414121,29.261481835311617,29.311223862224143,29.370792664211613,29.440570892680718,29.520993304530833,29.612544199148495,29.715755084873642,29.831202968270638,29.959509667599768,30.101342429007477,30.257415722182905,30.428492889457726,30.61538266419575,30.81891601742651,31.03987226854348,31.278820104322854
789.0,29.154199966077453,29.158577253309286,29.171736406126293,29.193770064810884,29.22483099742874,29.265131697594324,29.314943091058566,29.37459277704953,29.444462870793,29.52498756636161,29.616650632615457,29.719983153231922,29.835561891308156,29.964008654683575,30.10599088406484,30.262223180224005,30.433467983235605,30.620529413840362,30.824224792044646,31.04530553165186,31.284304944803527
790.0,29.15769369213797,29.162077476490452,29.17525608637069,29.19732204378806,29.228427915272626,29.268785903490468,29.31866655202673,29.378396993949647,29.4483588158374,29.528985660238526,29.620760779685416,29.724214847891506,29.839924394750554,29.968511212062563,30.110642881704226,30.267033948548477,30.438445459603,30.625676007384566,30.829528460600628,31.05072756336974,31.28977596150023
791.0,29.161192000722384,29.165582272856273,29.178780311450996,29.200878519264712,29.23202926023956,29.272444445761593,29.32239423863635,29.382205309887514,29.45225872503133,29.53298758624741,29.624874643492245,29.728450174239395,29.844290483115653,29.97301733395504,30.115298380501486,30.271847895990092,30.443425029174367,30.63082202982812,30.83482682364623,31.05613890929844,31.295234237540182
792.0,29.164694885065853,29.169091635562864,29.182309074317132,29.204439483960442,29.235635024955968,29.276107317279063,29.32612614454737,29.386017720011363,29.456162595746683,29.53699334454971,29.628992227054887,29.73268913707575,29.848660159089054,29.977527009793093,30.119957329361217,30.27666488016847,30.448406409653803,30.635967122628934,30.840119762879358,31.06154008170221,31.300680679665295
793.0,29.168202338353414,29.17260555772402,29.185842367899564,29.20800493061154,29.239245202110457,29.279774511024208,29.32986226356902,29.38983421963544,29.460070425497957,29.541002935358996,29.633113533218815,29.736931740462964,29.85303342321775,29.98204022393095,30.124619668210844,30.281484750855398,30.453389330482427,30.64111097909125,30.845407220266388,31.06693155651863,31.30611606100109
794.0,29.171714353725225,29.176124032416283,29.189380185113976,29.211574851974778,29.242859784456073,29.283446020088235,29.333602589656664,29.3936548042329,29.463982211928943,29.545016358912772,29.6372385645872,29.741177987566026,29.857410273640152,29.98655695552213,30.129285328945635,30.28630735304344,30.458373535844412,30.646253338951862,30.850689182296946,31.072313773843007,31.311541050839118
795.0,29.17523092428167,29.179647052683972,29.19292251886579,29.215149240831014,29.246478764812316,29.28712183767194,29.337347116908372,29.3974794694281,29.467897952797507,29.54903361543932,29.641367323443422,29.745427880491917,29.86179070586579,29.991077178551894,30.13395423652179,30.291132529615815,30.463358786394245,30.65139398284944,30.85596566818944,31.07768714001977,31.31695623595106
796.0,29.17875204308842,29.183174611544025,29.19646936205457,29.218728089988613,29.250102136066968,29.29080195708518,29.341095839561156,29.401308210988137,29.471817645958215,29.55305470511955,29.645499811667147,29.749681420135456,29.86617471261231,29.995600862002895,30.13862631011241,30.295960123583466,30.4683448600296,30.65653272705723,30.86123672108133,31.083052030364684,31.322362136239438
797.0,29.182277703181327,29.1867067019908,29.200020707578275,29.222311392286695,29.253729891177695,29.294486371746082,29.344848751986817,29.405141024813403,29.475741289342544,29.55707962804421,29.64963603064668,29.75393860603794,29.87056228370255,30.000127970127817,30.14330146426088,30.300789979898223,30.473331551979243,30.661669418667515,30.866502401451548,31.088408792020708,31.327759216503967
798.0,29.185807897571262,29.1902433170007,29.20357654833734,29.22589914059818,29.257362023173453,29.29817507517998,29.348605848687303,29.40897790692702,29.47966888093655,29.561108384167163,29.653775981190414,29.758199436263556,29.874953406020413,30.00465846280214,30.147979609984876,30.305621946876034,30.478318674419153,30.6668039313001,30.871762782204435,31.0937577467064,31.333147895477772
799.0,29.189342619248812,29.1937844495367,29.207136877238643,29.229491327832697,29.260998525155646,29.301868061018055,29.352367124289486,29.41281885346303,29.48360041875609,29.56514097325555,29.657919663440126,29.76246390729698,29.879348063521263,30.00919229593194,30.152660655800116,30.310455877276585,30.483306055779433,30.67193616134043,30.877017944988893,31.099099193251316,31.33852855289957
800.0,29.19288186118884,29.197330092552736,29.210701687199283,29.233087946939246,29.264639390299063,29.305565322995612,29.356132573539313,29.416663860653202,29.48753590081965,29.56917739483791,29.66206707678864,29.766732013964344,29.883746237290758,30.01372942189445,30.15734450864581,30.315291629089494,30.4882935398626,30.677066024677462,30.88226797743687,31.10443340988296,31.343901535142056
801.0,29.196425616354933,29.200880238997943,29.214270971150217,29.236688990908704,29.268284611852557,29.30926685494997,29.359902191295184,29.42051292481248,29.49147532511914,29.573217648151417,29.666218219803987,29.771003749378217,29.888147905644768,30.018269789992807,30.162031074703624,30.320129066076316,30.493280984860228,30.682193453894648,30.88751297108786,31.109760656264886,31.34926715975767
802.0,29.199973877703723,29.204434881820777,29.21784472203973,29.240294452776116,29.271934183139457,29.312972650817933,29.363675972520586,29.424366042323022,29.495418689588945,29.57726173208927,29.670373090161714,29.775279104906293,29.89255304426282,30.02281334690994,30.166720260108892,30.324968058113527,30.498268262329255,30.68731839586155,30.892753019827158,31.11508117530188,31.354625719197987
803.0,29.20352663818904,29.207994013972954,29.221422932836724,29.243904325622772,29.27558809755768,29.31668270463277,29.367453912275856,29.4282232096169,29.49936599207371,29.581309645149453,29.6745316845867,29.779558070162665,29.89696162634754,30.027360037150213,30.17141197155773,30.32980848137629,30.503255256169748,30.692440809674178,30.89798821871041,31.120395194734673,31.359977483891978
804.0,29.20708389076594,29.211557628413274,29.22500559653385,29.24751860257808,29.279246348579534,29.32039701052069,29.371236005709097,29.432084423157605,29.503317230295306,29.585361385385724,29.678693998805155,29.783840633019828,29.901373622803057,30.031909803460362,30.17610611681674,30.33465021839731,30.508241861631777,30.69756066489565,30.903218663079947,31.12570292854799,31.3653227048197
805.0,29.210645628394587,29.215125718111253,29.228592706150437,29.251137276821176,29.28290892975118,29.324115562696793,29.375022248046236,29.43594967942047,29.50727240181948,29.589416950361777,29.68286002750728,29.78812677963927,29.90578900242607,30.036462587223994,30.180802605143665,30.339493158029374,30.513227984368626,30.702677940053782,30.90844444790235,31.131004578214938,31.370661615683726
806.0,29.214211844043966,29.218698276050613,29.232184254735238,29.254760341582312,29.28657583469173,29.32783835546043,29.37881263458024,29.43981897487221,29.51123150402272,29.593476337109223,29.687029764320563,29.792416494518214,29.910207732104055,30.04101832882605,30.18550134762835,30.34433719533526,30.518213539546377,30.707792621357505,30.91366566727453,31.136300333798573,31.37599443475616
807.0,29.21778253069543,29.222275295232603,29.235780235368978,29.25838779014396,29.290247057091978,29.33156538318998,29.38260716065956,29.443692305949792,29.51519453405972,29.59753954208999,29.6912032017935,29.79670976054999,29.91462977701599,30.045576967985355,30.1902022574632,30.349182231424226,30.523198451014693,30.71290470159931,30.91888241405857,31.14159037492918,31.38132136646124
808.0,29.2213576813461,29.225856768679115,29.239380641166697,29.26201961584166,29.2939225907127,29.33529664033707,29.38640582167581,29.447569669038884,29.519161488832022,29.60160656116353,29.695380331389195,29.801006559095633,29.919055100831663,30.050138444054717,30.194905250152335,30.35402817325047,30.52818265054022,30.71801417921558,30.924094779615345,31.146874871673486,31.38664260274052
809.0,29.224937289012068,29.229442689435654,29.24298546527984,29.265655812064548,29.297602429382557,29.3390321214202,29.390208613050838,29.451451060452055,29.52313236495809,29.605677389559034,29.699561143488232,29.80530687006425,29.923483665906645,30.054702696289013,30.19961024366786,30.35887493338581,30.533166077101676,30.723121057480952,30.929302853614008,31.15215398530976,31.391958324237606
810.0,29.22852134673144,29.23303305057408,29.24659470089817,29.269296372255603,29.301286566995586,29.342771821017795,29.394015530223225,29.455336476407066,29.527107158745256,29.609752021852852,29.703745627399915,29.809610672000073,29.927915433470396,30.059269664082404,30.204317158561018,30.363722429776196,30.53814867624429,30.728225343816504,30.93450672389992,31.15742786902087,31.397268701332063
811.0,29.23210984756717,29.23662784519516,29.25020834125139,29.27294128991156,29.304974997508225,29.34651573376076,29.39782656863437,29.45922591300537,29.531085866163778,29.61383045195102,29.70793377138111,29.813917942174175,29.932350363805863,30.063839287176307,30.20902591803524,30.368570585489426,30.543130399490305,30.733327049194703,30.939706476407622,31.162696668515714,31.402573895046366
812.0,29.235702784609696,29.240227066430922,29.253826379610533,29.27659055858251,29.308667714935932,29.350263854324506,29.40164172371423,29.46311936621115,29.535068482823224,29.617912673076866,29.712125562661722,29.818228656679068,29.936788416419247,30.068411505840103,30.213736447987248,30.373419328459835,30.54811120380185,30.738426187626736,30.94490219510853,31.16796052258783,31.407874057845188
813.0,29.239300150979393,29.24383070744677,29.257448809289087,29.280244171871136,29.312364713349382,29.354016177420544,29.405460990866896,29.46701683183099,29.539055003951358,29.621998677763468,29.716320987475868,29.82254279052469,29.941229550199157,30.07298626102659,30.218448677021676,30.3782685912342,30.55309105109224,30.743522775720074,30.950093961985303,31.173219563618947,31.413169334342978
814.0,29.242901939828766,29.24743876144336,29.261075623643837,29.283902123431634,29.316065986870232,29.357772697787684,29.409284365456042,29.470918305494433,29.543045424375666,29.626088457850727,29.720520031097905,29.826860317734486,29.9456737235647,30.077563494504453,30.22316253644391,30.38311831072208,30.55806990778183,30.748616832296058,30.955281857026723,31.178473918034,31.41845986193288
815.0,29.246508144344453,29.251051221658262,29.264706816075453,29.287564406968272,29.319771529666497,29.361533410182908,29.41311184279048,29.474823782635582,29.547039738507497,29.63018200448673,29.72472267788244,29.83118121144043,29.950120894602335,30.082143148969816,30.227877960235173,30.38796842795288,30.563047744394563,30.753708378058818,30.960465958238203,31.183723706713348,31.423745771347846
816.0,29.250118757748986,29.254668081367363,29.26834238002875,29.291231016233617,29.323481335947562,29.36529830937194,29.416943418109845,29.478733258475796,29.551037940328932,29.6342793081331,29.72892891130746,29.835505443976135,29.954571021191544,30.086725168139,30.232594885013434,30.39281888784127,30.568024535191668,30.75879743530824,30.965646341664144,31.188969045367067,31.4290271871631
817.0,29.253733773302283,29.258289333885998,29.271982308992666,29.294901945026403,29.327195399958832,29.369067390119646,29.420779086570533,29.48264672800771,29.555040023382265,29.63838035857393,29.733138714019923,29.839832986967313,29.95902406111959,30.091309496824476,30.237313249982947,30.397669638961982,30.573000257839055,30.763884027690764,30.970823081419198,31.194210044875625,31.43430422824754
818.0,29.25735318430293,29.261914972569823,29.27562659649996,29.298577187189075,29.33091371597606,29.372840647180272,29.42461884323206,29.486564185980548,29.55904598076209,29.642485144927992,29.73735206788309,29.844163811419012,29.96347997218567,30.095896080995864,30.24203299687508,30.402520633334785,30.577974893105317,30.768968179982767,30.975996249726073,31.199446811600644,31.439577008170563
819.0,29.26097698408914,29.26554499081542,29.279275236126594,29.302256736605013,29.334636278299406,29.376618075287634,29.428462683043872,29.490485626886887,29.563055805109876,29.646593655663782,29.741568954024995,29.848497887799205,29.967938712295012,30.100484867827703,30.246754069882428,30.4073718262198,30.58294842458743,30.774049917902058,30.98116591695808,31.20467944766894,31.444845635569767
820.0,29.264605166039516,29.269179382060635,29.2829282214908,29.30594058719543,29.33836308124724,29.38039966914528,29.432310600832686,29.494411044950834,29.567069488610908,29.65070587861708,29.7457893528875,29.8528351861184,29.972400239543347,30.105075805735567,30.251476415588034,30.412223175923437,30.58792083846151,30.779129267943627,30.986332151684994,31.209908051232723,31.450110214484287
821.0,29.268237723573478,29.272818139784583,29.286585546251864,29.309628732915982,29.34209411914972,29.38418542341672,29.43616259129048,29.498340434117672,29.57108702299347,29.654821801010698,29.7500132442755,29.857175676005138,29.976864512292387,30.109668844402023,30.256199982891136,30.417074643614736,30.592892123256288,30.784206257236484,30.991495020721068,31.21513271670839,31.4553708446577
822.0,29.271874650151435,29.27646125750744,29.29024720410861,29.3133211677531,29.345829386342228,29.3879753327158,29.440018648963154,29.50227378804498,29.57510839953016,29.65894140947596,29.754240607405873,29.861519326777128,29.98133148923688,30.114263934793662,30.260924722930692,30.421926193152036,30.59786226964702,30.78928091341869,30.99665458917435,31.22035353499609,31.460627621814012
823.0,29.275515939274687,29.28010872878988,29.2939131887976,29.31701788572005,29.34956887715864,29.391769391597226,29.443878768239937,29.50621110009519,29.579133609041094,29.663064690075775,29.758471420955754,29.865866107508108,29.985801129463812,30.11886102917045,30.265650589007688,30.426777790919566,30.602831270268002,30.79435326452829,31.00181092049664,31.225570593681994,31.46588063790968
824.0,29.279161584485013,29.283760547232283,29.29758349409103,29.320718880852773,29.353312585924535,29.395567594547334,29.447742943343552,29.510152363329574,29.58316264189894,29.667191628328837,29.76270566310995,29.87021598709034,29.99027339250436,30.1234600810884,30.27037753650701,30.431629405673664,30.607799119541777,30.79942333890803,31.00696407653348,31.230783977224938,31.471129981364317
825.0,29.282811579363997,29.287416706473604,29.30125811379437,29.324424147205505,29.357060506950344,29.399369935975148,29.4516111683212,29.514097570503594,29.587195488035537,29.67132220923479,29.766943311607175,29.874568934292853,29.994748238379184,30.128061045396542,30.27510552281955,30.43648100839818,30.61276581352354,30.804491165122126,31.012114117573834,31.235993767128935,31.476375737272257
826.0,29.28646591753206,29.29107720019,29.30493704174375,29.328133678846186,29.360812634524475,29.403176410203766,29.455483437036353,29.518046714063598,29.591232136949987,29.675456417300076,29.771184343784913,29.8789249178155,29.999225627637554,30.132663878229035,30.279834507265132,30.441332572168637,30.61773134975925,30.80955677188353,31.017261102399104,31.241200042102903,31.481617987597044
827.0,29.290124592647206,29.294742022093175,29.308620271803083,29.33184746985175,29.36456896290647,29.406987011462096,29.459359743161396,29.521999786144757,29.59527257771805,29.679594236564203,29.775428736622832,29.883283906338967,30.003705521390895,30.13726853699312,30.284564451016596,30.44618407202474,30.62269572715615,30.814620187990414,31.022405088331276,31.246402878208762,31.486856811350517
828.0,29.29378759840351,29.29841116592844,29.312307797860967,29.33556551430322,29.368329486320228,29.410801733876994,29.463240080171087,29.525956778570233,29.599316799002672,29.683735650626296,29.779676466784515,29.88764586857088,30.008187881341215,30.141874980353595,30.28929531702545,30.451035484850717,30.627658945864543,30.819681442270706,31.02754613127996,31.251602348998965,31.492092284758023
829.0,29.297454928529316,29.30208462547253,29.31599961382735,29.339287806280748,29.37209419894732,29.414620571465825,29.46712444133686,29.529917682851462,29.603364789065512,29.687880642671704,29.783927510657502,29.892010773288156,30.012672669804896,30.146483168214413,30.294027069949276,30.455886789263122,30.632621007169764,30.824740563533673,31.03268428578828,31.2567985256444,31.497324481411127
830.0,29.30112657678518,29.305762394531182,29.319695713630033,29.34301433985852,29.37586309492042,29.418443518129493,29.471012819721956,29.533882490189487,29.60741653577933,29.692029195498517,29.788181844391566,29.89637858937581,30.017159849732273,30.15109306169784,30.29875967608117,30.4607379655056,30.6375819133934,30.82979758052773,31.037819605077452,31.26199147705348,31.502553472408966
831.0,29.304802536961574,29.309444466936444,29.323396091210938,29.34674510909963,29.3796361683169,29.4222705676459,29.47490520817734,29.53785119147731,29.61147202664109,29.696181291543848,29.792439443935162,29.900749285862354,30.021649384723403,30.155704623121707,30.30349310328123,30.465588995350267,30.642541667802885,30.834852521903674,31.04295214109001,31.267181269983237,31.507779326489345
832.0,29.30848280287633,29.31313083654379,29.32710074052228,29.350480108050903,29.383413413152603,29.426101713663908,29.4788015993384,29.541823777303094,29.61553124878565,29.700336912909783,29.796700285070056,29.905122831951974,30.026141239040445,30.16031781597507,30.308227320910333,30.470439862005225,30.64750027452875,30.839905416182756,31.048081944531685,31.272367969142998,31.513002110150477
833.0,29.312167368371874,29.316821497229025,29.33080965552253,29.354219330737706,29.387194823375808,29.42993694969779,29.482701985622423,29.545800237954264,29.61959418899998,29.70449604138885,29.800964343444118,29.909499197053737,30.030635377616925,30.164932604892638,30.312962299766127,30.475290550027896,30.652457738488778,30.84495629172895,31.053209064911854,31.27755163729135,31.51822188776419
834.0,29.315856227312228,29.320516442884966,29.334522830172297,29.357962771158796,29.390980392861433,29.433776269122156,29.48660635922677,29.54978056342231,29.623660833737667,29.708658658488968,29.805231594602336,29.913878350807902,30.035131766064275,30.169548955628283,30.317698012021367,30.480141045243773,30.65741406531849,30.850005176724952,31.058333550582624,31.282732335326873,31.52343872168142
835.0,29.31954937357983,29.32421566741799,29.338240258430105,29.361710423281163,29.39477011540549,29.43761966516738,29.49051471212777,29.553764743408298,29.627731169133778,29.712824745457766,29.809502014016005,29.918260263109612,30.039630370675905,30.174166835027858,30.322434431164535,30.484991334670234,30.66236926130735,30.855052099151493,31.063455448776516,31.287910122373173,31.528652672330548
836.0,29.323246801072145,29.327919164744404,29.34196193424805,29.365462281034954,29.398563984719758,29.441467130915516,29.494427036080257,29.55775276732899,29.631805181019853,29.71699428330624,29.813775577110185,29.922644904130088,30.044131158429067,30.178786211001547,30.32717153194279,30.48984140644512,30.667323333340217,30.86009708676954,31.06857480564279,31.29308505585865,31.533863798309273
837.0,29.326948503698148,29.331626928786644,29.345687851567433,29.369218338308464,29.40236199442677,29.445318659296724,29.49834332261773,29.561744624323502,29.635882854939027,29.721167252831673,29.818052259289477,29.927032244335475,30.04863409698479,30.183407052495962,30.33190929030715,30.494691249759768,30.67227628884357,30.865140167105043,31.073691666282443,31.29825719159141,31.539072156470525
838.0,29.33065447537462,29.3353389534694,29.349418004314334,29.37297858894322,29.40616413805505,29.44917424308612,29.502263563053113,29.56574030326045,29.639964176161154,29.72534363463981,29.822332035962113,29.931422254503595,30.053139154686097,30.188029329466104,30.336647683359935,30.499540854796173,30.677228135736073,30.870181367436,31.078806074781895,31.30342658382969,31.544277802002878
839.0,29.33436471002232,29.3390552327156,29.35315238639514,29.376743026729173,29.409970409034678,29.453033874901134,29.50618774848006,29.569739792745494,29.644049129697922,29.729523409166216,29.826614882562478,29.93581490573864,30.057646300554673,30.19265301284736,30.341386689304386,30.504390212668063,30.682178882383138,30.875220714781495,31.0839180742454,31.30859328534814,31.54948078850594
840.0,29.338079201562067,29.342775760442315,29.35689099169211,29.38051164540003,29.41378080069309,29.456897547199315,29.51011586977476,29.57374308112925,29.648137700317847,29.733706556696863,29.830900774572072,29.940210169484033,30.062155504286228,30.197278074527645,30.34612628739639,30.50923931536558,30.687128537555107,30.880258235892498,31.089027706826254,31.31375734750026,31.554681168061112
841.0,29.341797979869824,29.346500566515722,29.360633850018036,29.384284474587826,29.417595342210365,29.4607652882357,29.514047953557373,29.577750192474635,29.652229908520244,29.737893093346987,29.83518972349816,29.944608053492715,30.066666772203806,30.201904523278927,30.35086649385742,30.5140881916625,30.692077146347913,30.885293993203426,31.094135058272162,31.318919216382117,31.559887370450163
842.0,29.34552107480838,29.350229680782704,29.36438099114762,29.388061543854363,29.421414062651476,29.464637126097287,29.517984026230547,29.581761150601114,29.65632577458571,29.742083035115822,29.839481740927653,29.949008565872507,30.07118011128678,30.206532368765714,30.35560732586627,30.518936871113155,30.697024754598562,30.890328060121348,31.099240394638063,31.324080870195843,31.565104257705393
843.0,29.349248480267452,29.353963097110828,29.368132408857353,29.391842846731215,29.425236955007247,29.468513052746353,29.5219240780268,29.585775943137616,29.660425282634755,29.746276361948933,29.843776802588085,29.95341167913846,30.075695493207366,30.211161585562945,30.360348765575914,30.523785348353222,30.701971377085606,30.895360517519386,31.104344135375026,31.32924341207981,31.570328777069456
844.0,29.352980190120253,29.357700809344912,29.37188809688199,29.39562837667649,29.429064012152235,29.47239305998072,29.52586809897283,29.589794557492144,29.66452841660279,29.75047305371628,29.848074884323903,29.957817366180432,30.080212890283484,30.21579214909896,30.36509079614996,30.52863362011339,30.706917039351577,30.90039148970437,31.10944670061306,31.334407344603065,31.575558988862017
845.0,29.35671619821926,29.361442811302723,29.375648048910307,29.399418127070973,29.432895226842042,29.476277139433613,29.529816078893326,29.593816980860698,29.668635160253945,29.754673090228685,29.852375962110703,29.962225600268916,30.084732275473147,30.220424035666696,30.36983340201348,30.53348168663117,30.711861780199765,30.9054211279438,31.114548454547187,31.339572857578855,31.580793617372535
846.0,29.360456498391965,29.36518909677075,29.379412258580924,29.403212091214428,29.43673059171097,29.480165282573818,29.533768007415116,29.597843200236262,29.672745497194615,29.758876451253457,29.85668001206842,29.966636355060665,30.089253622376393,30.225057222480466,30.374576569234183,30.538329552810048,30.716805651149052,30.910449594746197,31.119649692339948,31.34473998167239,31.58603179245595
847.0,29.364201084436623,29.36893965949996,29.383180719478244,29.407010262322107,29.440570099269916,29.48405748070622,29.537723873971515,29.60187320241784,29.676859410886603,29.76308311652931,29.860987010473732,29.971049604605707,30.093776905249744,30.229691687778825,30.37932028593875,30.543177228861264,30.721748714150856,30.915477052260258,31.12475064469627,31.349908670036722,31.59127289844232
848.0,29.367949950118025,29.372694493201642,29.386953425128482,29.410812633521477,29.44441374190459,29.48795372497262,29.541683667806975,29.60590697401948,29.68097688465996,29.767293065780574,29.86529693377218,29.97546532335737,30.098302099035976,30.234327410960177,30.384064542678225,30.548024730410265,30.72669103864499,30.92050365490514,31.129851488233744,31.355078841340134,31.596516484128372
849.0,29.37170308916331,29.37645359154325,29.390730368995825,29.41461919784911,29.448261511873987,29.49185400635287,29.545647377981908,29.609944501479287,29.685097901725474,29.7715062787309,29.869609758590517,29.979883486186772,30.102829179408655,30.238964372731324,30.388809332687867,30.55287207817339,30.731632698637377,30.925529545334765,31.134952356526853,31.360250402099677,31.60176220800169
850.0,29.375460495257848,29.38021694814437,29.39451154447872,29.418429948247795,29.452113401309123,29.495758315666272,29.54961499337768,29.613985771068418,29.689222445186818,29.775722735116634,29.873925461749995,29.98430406840258,30.107358122828195,30.243602555249097,30.393554652019528,30.55771929734772,30.736573770152923,30.93055485271744,31.140053349877764,31.36542325795268,31.607009804101963
851.0,29.379222162041135,29.383984556572766,29.3982969449063,29.42224487756388,29.45596940221206,29.499666643573242,29.553586502701787,29.618030768899974,29.69335049805246,29.779942414700102,29.878244020281024,29.988727045776027,30.111888906604516,30.24824194223923,30.398300499549453,30.562566416847613,30.741514329196246,30.93557969248651,31.145154543289838,31.37059731904884,31.6122590601841
852.0,29.38298808310283,29.387756410340497,29.40208656353493,29.426063978544782,29.459829506455137,29.5035789805772,29.55756189449314,29.622079480937913,29.697482043247398,29.78416529728302,29.882565411439597,29.99315239457044,30.1164215089607,30.252882519082213,30.403046876879397,30.567413468492855,30.74645445022564,30.94060416694812,31.15025599270714,31.37577250235111,31.61750980336058
853.0,29.386758251978844,29.391532502900148,29.405880393544955,29.429887243836706,29.463693705780486,29.50749531702668,29.561541157127504,29.62613189300585,29.70161706362476,29.788391362720308,29.886889612725597,29.997580091573973,30.120955909092583,30.25752427286145,30.407793788155878,30.572260486221175,30.751394205082672,30.945628366333157,31.155357739785064,31.380948732343082,31.622761890390866
854.0,29.390532662147518,29.39531282764119,29.409678428037548,29.433714665982613,29.46756199179975,29.511415643117683,29.565524278823,29.630187990795896,29.705755541977425,29.79262059093439,29.891216601902816,30.002010114133917,30.125492087220017,30.262167192373457,30.41254123983324,30.577107505369757,30.756333662296484,30.950652370032092,31.160459815491585,31.38612594094399,31.628015200926793
855.0,29.394311307025955,29.399097377886452,29.41348066003176,29.437546237420335,29.47143435599405,29.515339948896163,29.569511247645753,29.63424775987746,29.709897461049717,29.796852961930146,29.895546357020443,30.006442440190828,30.13003002462683,30.266811268103282,30.417289240404035,30.581954562048686,30.761272886680175,30.955676247856662,31.16556224280827,31.391304067056634,31.63326963268498
856.0,29.39809417996642,29.402886146888722,29.4172870824617,29.441381950480913,29.475310789714133,29.519268224260745,29.573502051515618,29.6383111857061,29.714042803549276,29.801088455810504,29.89987885643546,30.010877048310846,30.134569703687777,30.271456492170074,30.42203780011598,30.586801692614017,30.766211939145293,30.96070006124173,31.170665038751057,31.396483055970474,31.63852509790774
857.0,29.40188127425291,29.406679127827502,29.42109768817393,29.44522179738716,29.479191284180764,29.52320045896561,29.577496678212004,29.642378253632454,29.71819155215912,29.8053270527926,29.904214078835423,30.0153139177148,30.139111107881874,30.27610285824882,30.42678693069038,30.59164893323836,30.771150876673058,30.965723864344458,31.175768215882165,31.40166285873334,31.64378152070731
858.0,29.405672583097832,29.41047631380588,29.424912469924962,29.449065770252368,29.4830758304853,29.52713664262352,29.58149511537984,29.64644894891127,29.722343689549973,29.809568733224392,29.908552003260983,30.019753028303008,30.14365422179241,30.28075036147433,30.43153664505267,30.59649631957119,30.776089752393688,30.970747705024266,31.180871783443177,31.406843431546548,31.649038835030762
859.0,29.40946809963883,29.414277697847584,29.428731420379005,29.45291386107925,29.486964419590453,29.531076764709024,29.58549735053561,29.65052325671054,29.726499198392826,29.813813477601563,29.912892609127578,30.02419436067497,30.148199031094652,30.28539899833319,30.436286957082025,30.601343886478297,30.781028615736755,30.9757716257023,31.185975748206324,31.412024735207666,31.654296983071045
860.0,29.413267816935747,29.418083272894172,29.432554532105822,29.45676606175905,29.490857042331246,29.53502081456182,29.589503371073558,29.654601162120787,29.730658061371724,29.818061266584447,29.917235876245734,30.028637896143575,30.15274552253262,30.29004876654874,30.441037881384116,30.606191667848858,30.78596751262512,30.980795664107195,31.191080115115973,31.417206734608932,31.65955591400591
861.0,29.41707172796777,29.42189303180237,29.436381797578793,29.460622364070858,29.494753689416154,29.53896878139028,29.593513164272004,29.65868265016451,29.734820261196695,29.822312081014793,29.921581784839525,30.033083616743646,30.15729368388662,30.294699664963293,30.445789433088848,30.61103969645891,30.79090648569249,30.98581985391771,31.19618488777345,31.422389398291536,31.66481558298241
862.0,29.42087982563069,29.425706967341593,29.44021320917314,29.464482759681083,29.498654351428424,29.54292065427514,29.597526717299797,29.662767705805756,29.738985780616797,29.826565901932096,29.92593031556284,30.03753150523489,30.16184350393332,30.29935169342101,30.45054162767335,30.615888003880855,30.7958455745107,30.990844225314245,31.20129006880442,31.427572698052174,31.670075950288716
863.0,29.424692102734348,29.429525072191627,29.44404875916435,29.468347240143128,29.50255901882757,29.5468764221733,29.601544017222917,29.666856313959812,29.743154602433133,29.830822710589267,29.93028144951317,30.041981545099624,30.166394972399974,30.304004852653996,30.455294480809314,30.620736620429913,30.80078481581712,30.995868805450932,31.206395660137954,31.432756608596765,31.675336980671133
864.0,29.428508552000235,29.433347338940457,29.447888439726725,29.47221579689726,29.506467681951033,29.550836073921854,29.60556505101121,29.670948459503027,29.74732670951179,29.835082488467464,29.93463516824279,30.046433720535596,30.170948079914556,30.308659144173586,30.460048008233173,30.62558557513966,30.805724243735845,31.000893618859433,31.211501663218694,31.437941107235996,31.680598642765204
865.0,29.43232916605926,29.437173760082292,29.451732242932167,29.476088421270614,29.510380331016044,29.55479959824222,29.60958980554526,29.675044127282657,29.751502084796538,29.83934521728986,29.938991453767233,30.050888016444542,30.175502817953117,30.31331457016805,30.464802225637133,30.630434895760107,30.810663889988746,31.005918687794228,31.2166080791683,31.443126173617472,31.685860908617727
866.0,29.436153937449678,29.441004328015726,29.455580160749086,29.47996510447741,29.514296956121605,29.558766983744434,29.613618267623366,29.67914330212677,29.755680711321244,29.843610879034262,29.943350288571136,30.055344418416954,30.180059178785704,30.317971133407543,30.46955714857895,30.635284608772885,30.815603784094037,31.010944032528105,31.221714908908172,31.448311789489733,31.69112375328193
867.0,29.439982858615174,29.44483903504209,29.45943218504151,29.48384583761934,29.51821754725069,29.562738218931617,29.617650423968648,29.683245968854106,29.75986257222186,29.84787945594439,29.94771165561141,30.059802912713657,30.18461715542185,30.322628837156756,30.474312792408305,30.64013473941914,30.820543953551255,31.015969671605276,31.226822153252478,31.453497938494035,31.696387154472195
868.0,29.443815921903166,29.448677873363984,29.463288307568373,29.487730611686107,29.522142094272564,29.566713292204554,29.62168626123622,29.687352112283847,29.76404765074791,29.852150930539832,29.952075538318034,30.064263486244815,30.189176741556576,30.32728768509531,30.47906917220767,30.644985311736573,30.8254844240123,31.02099562205859,31.231929812978386,31.458684605980114,31.701651092267706
869.0,29.447653119563203,29.452520835083956,29.46714851998295,29.49161941755616,29.526070586945313,29.57069219186641,29.625725766020444,29.69146171724531,29.768235930273377,29.85642528562457,29.956441920592482,30.068726126546878,30.193737931517553,30.331947681245836,30.483826302745697,30.649836348602857,30.83042521943871,31.026021899596156,31.23703788887871,31.463871778842883,31.706915548856557
870.0,29.451494443745602,29.456367912203365,29.471012813832484,29.495512245997595,29.530003014918478,29.574674906127605,29.629768924862205,29.6955747685874,29.772427394306963,29.860702504294103,29.960810786804096,30.073190821757976,30.19830072021397,30.336608829909455,30.488584198441373,30.654687871783157,30.835366362245715,31.031048518762116,31.242146381800897,31.46905944537728,31.712180508313676
871.0,29.455339886500226,29.46021909662141,29.474881180557993,29.499409087669214,29.533939367735883,29.57866142311076,29.633815724256195,29.69969125118785,29.776622026501613,29.86498256994112,29.965182121784572,30.07765756059228,30.202865103087568,30.34127113560825,30.493342873337305,30.659539901980093,30.84030787343375,31.036075493075302,31.24725529267552,31.474247595148956,31.717445956407122
872.0,29.45918943977541,29.464074380134356,29.478753611494223,29.50330993312174,29.537879634838593,29.582651730855755,29.637866150658212,29.703811149962217,29.780819810663296,29.869265466259865,29.969555910820763,30.082126332313624,30.207431076066026,30.345934603034312,30.498102341080696,30.664392458884787,30.845249772708307,31.041102835149157,31.252364622536565,31.479436218878796,31.72271188042839
873.0,29.46304309541712,29.467933754434878,29.48263009786978,29.50721477279922,29.541823805568004,29.586645817324882,29.64192019049236,29.707934449872507,29.785020730759,29.873551177249134,29.973932139646067,30.086597126708885,30.21199863551899,30.350599237004843,30.502862614910775,30.669245561228013,30.850192078588954,31.046130556795628,31.25747437253536,31.484625308339552,31.727978269043117
874.0,29.46690084516822,29.47179721111163,29.48651063080744,29.51112359704057,29.545771869169087,29.59064367040806,29.64597783015821,29.712061135935464,29.789224770923944,29.877839687214063,29.978310794430588,30.091069934061302,30.216567778216767,30.355265042422836,30.507623707651607,30.67409922683068,30.855134808508424,31.051158669115363,31.262584543949608,31.489814856263084,31.733245112159285
875.0,29.47076268066794,29.475664741648966,29.490395201324624,29.515036396081275,29.549723814793726,29.594645277928077,29.65003905603784,29.71619119323047,29.79343191546796,29.882130980766732,29.982691861770277,30.095544745124087,30.221138501291755,30.35993202424282,30.51238563170925,30.67895347265314,30.860077978902627,31.05618718257621,31.267695138188575,31.49500485625698,31.738512400810357
876.0,29.474628593451527,29.479536337426797,29.494283800334014,29.518953160055244,29.553679631504195,29.598650627645906,29.65410385450275,29.72032460690702,29.797642148881096,29.8864250428257,29.987075328675246,30.10002155109447,30.22571080220259,30.364600187441166,30.517148399072585,30.683808314842903,30.865021605292377,31.061216107081616,31.272806156795383,31.500195302729402,31.743780127051444
877.0,29.47849857495003,29.483411989720665,29.498176418644366,29.522873878996798,29.557639308276723,29.602659707265992,29.65817221192059,29.72446136219178,29.80185545583845,29.890721858614555,29.99146118255746,30.104500343588406,30.230284678700972,30.369269536990533,30.521912021317014,30.688663768780504,30.869965702357607,31.066245452030437,31.27791760144701,31.505386190821252,31.74904828386663
878.0,29.482372616490277,29.48729168970197,29.502073046961442,29.526798542842805,29.56160283400515,29.606672504441555,29.662244114661753,29.728601444395128,29.8060718212042,29.895021413659578,29.995849411217936,30.108981114615997,30.234860128801028,30.373940077837993,30.526676509610486,30.69351984912335,30.87491028400477,31.07127522636923,31.283029473952602,31.510577516344775,31.754316865086132
879.0,29.486250709295017,29.491175428438325,29.505973675889127,29.53072714143494,29.565570197504677,29.61068900677987,29.66631954910572,29.73274483891731,29.810291230034938,29.899323693786595,30.000240002833603,30.11346385655786,30.23943715075117,30.378611814886423,30.53144187472138,30.698376569847483,30.87985536342807,31.076305438638176,31.28814177625049,31.515769275727944,31.75958586531198
880.0,29.49013284448321,29.495063196894122,29.50987829593069,29.534659664522092,29.569541387515667,29.614709201847507,29.670398501647206,29.736891531254066,29.8145136675823,29.903628685117138,30.00463294594398,30.117948562142384,30.244015743008294,30.38328475297882,30.53620812702778,30.70323394428716,30.88480095316513,31.08133609701137,31.293254510404246,31.520961465963936,31.764855279851187
881.0,29.494019013070503,29.49895498593122,29.513786897490167,29.53859610176284,29.5735163927075,29.618733077175502,29.67448095870206,29.741041507001825,29.81873911929491,29.907936374063986,30.009028229437746,30.122435224423985,30.248595904214177,30.38795889688519,30.540975276527824,30.708091985172327,30.889747065147585,31.086367209332327,31.298367678598055,31.526154084565196,31.770125104655545
882.0,29.497909205969847,29.50285078630982,29.517699470873932,29.542536442728075,29.57749520168249,29.622760620264454,29.678566906712913,29.745194751862403,29.82296757081973,29.91224674732618,30.013425842539345,30.126923836762426,30.253177633173973,30.392634251291696,30.545743332850837,30.71295070466395,30.894693710747173,31.09139878314528,31.303481283131593,31.53134712952158,31.775395336267216
883.0,29.501803413992285,29.506750588689453,29.521616006292355,29.546480676903727,29.581477802979812,29.626791818589552,29.682656332154576,29.74935125164726,29.82719900800281,29.91655979188357,30.01782577479567,30.13141439280313,30.257760928836642,30.397310820791795,30.55051230526901,30.7178101143873,30.899640900817662,31.09643082572283,31.308595326414594,31.536540599262175,31.780665971769498
884.0,29.50570162784787,29.510654383630154,29.52553649386162,29.55042879369355,29.58546418507946,29.630826659605493,29.686749221539152,29.753510992281296,29.83143341688952,29.920875494991016,30.022228016062943,30.135906886458578,30.26234579027717,30.401988609879123,30.555282202709403,30.72267022546328,30.90458864573308,31.1014633440904,31.313709810961225,31.54173449262038,31.785937008742174
885.0,29.509603838146763,29.514562161593755,29.529460923605654,29.554380782422008,29.5894543364062,29.634865130751265,29.690845561420875,29.75767395980623,29.835670783724257,29.925193844172238,30.026632556493777,30.1404013118907,30.266932216680473,30.40666762294189,30.56005303376615,30.72753104853779,30.90953695542261,31.10649634504793,31.31882473938436,31.546928808802015,31.791208445220906
886.0,29.51351003540045,29.518473912945332,29.533389285458195,29.558336632337248,29.59344824533353,29.638907219454826,29.694945338400686,29.76184014038354,29.839911094949734,29.92951482721347,30.031039386524576,30.144897663494287,30.271520207326844,30.411347864258598,30.56482480671269,30.73239259380937,30.914485839402385,31.1115298351891,31.323940114389863,31.55212354735601,31.796480279660322
887.0,29.51742021002313,29.522389627954777,29.537321569264922,29.562296332614107,29.59744590018762,29.642952913137652,29.69904853913051,29.76600952029701,29.84415433720584,29.933838432156897,30.03544849686324,30.14939593588142,30.27610976157882,30.41602933799491,30.569597529513963,30.737254871055015,30.91943530680461,31.116563820918454,31.329055938770868,31.557318708147612,31.801752510900318
888.0,29.521334352333188,29.526309296798498,29.541257764785747,29.566259872357186,29.601447289251208,29.647002199219127,29.703155150317258,29.7701820859549,29.848400497328132,29.938164647293956,30.039859878477184,30.153896123866794,30.280700878869336,30.420712048201494,30.574371209838446,30.742117889654452,30.92438536640414,31.121598308466634,31.334172215402212,31.56251429133368,31.807025138135288
889.0,29.525252452554867,29.530232909561256,29.54519786169716,29.570227240603987,29.605452400767497,29.651055065120786,29.707265158726578,29.774357823891723,29.852649562346,29.94249346115857,30.0442735225818,30.15839822245399,30.285293558691098,30.425395998812732,30.57914585506999,30.74698165861283,30.929336026642826,31.126633303903944,31.339288947234966,31.567710297340035,31.812298160886
890.0,29.52917450082001,29.534160456238087,29.549141849594697,29.574198426328064,29.609461222943967,29.65511149827042,29.711378551186286,29.778536720769715,29.856901519480544,29.94682486252033,30.048689420629263,30.162902226822627,30.289887800587046,30.430081193646142,30.583921472319375,30.751846186581986,30.93428729565182,31.131668813152505,31.3444061372911,31.572906726840557,31.817571578973816
891.0,29.533100487169936,29.538091926736367,29.553089717995448,29.578173418442194,29.61347374395616,29.659171486105983,29.715495314589578,29.78271876337996,29.861156356142185,29.95115884037765,30.05310756429776,30.167408132316336,30.29448360414179,30.434767636402423,30.588698068435598,30.756711481880338,30.939239181272033,31.136704841997073,31.349523788658356,31.578103580737945,31.822845392497037
892.0,29.537030401557445,29.542027310877966,29.557041456340677,29.582152205801613,29.617489951951388,29.663235016079387,29.719615435897953,29.786903938643217,29.86541405992805,29.955495383950968,30.057527945481148,30.17191593443153,30.29908096897397,30.439455330666032,30.5934756500168,30.761577552511515,30.94419169107289,31.14174139609478,31.354641904485284,31.583300860145958,31.828119601809217
893.0,29.540964233848907,29.545966598401503,29.560997053998484,29.586134777207207,29.621509835052382,29.66730207566009,29.723738902143904,29.791092233610467,29.86967461861917,29.95983448267598,30.061950556278997,30.176425628806946,30.303679894729452,30.444144279906208,30.598254223420838,30.7664444061818,30.949144832369587,31.146778480983816,31.359760487976462,31.588498566373005,31.833394207499175
894.0,29.544901973826462,29.549909778964675,29.564956500266547,29.590121121408743,29.625533381360867,29.67137265233854,29.72786570043334,29.795283635463193,29.873938020177516,29.964176126196975,30.066375388987083,30.180937211213866,30.30828038107525,30.448834487478347,30.603033794775524,30.77131205031644,30.954098612238926,31.151816102091257,31.36487954238794,31.593696700906992,31.83866921037263
895.0,29.548843611190325,29.553856842146693,29.56891978437488,29.594111227108087,29.62956057896104,29.675446733629443,29.7319958179478,29.79947813151343,29.878204252742886,29.968520304360233,30.070802436088265,30.185450677547042,30.31288242769414,30.453525956625704,30.60781436998845,30.776180492074914,30.95905303753393,31.156854264740094,31.36999907102284,31.59889526540128,31.84394461143525
896.0,29.552789135561135,29.557807777450776,29.572886895488683,29.5981050829624,29.633591415922993,29.679524307074875,29.736129241946426,29.803675709203578,29.882473304629695,29.97286700720756,30.075231690243783,30.18996602381623,30.31748603427991,30.45821869048135,30.612595954756458,30.78104973836527,30.964008114897258,31.16189297415556,31.3751190772272,31.6040942616617,31.84922041187704
897.0,29.55673853648244,29.561762574306712,29.57685782271117,29.602102677587336,29.63762588030601,29.68360536024722,29.740265959767733,29.807876356106036,29.886745164323656,29.97721622496995,30.079663144284968,30.19448324613833,30.322091200533098,30.462912692070297,30.617378554574724,30.78591979585747,30.968963850773616,31.16693223547083,31.380239564385974,31.609293691634512,31.85449661305789
898.0,29.560691803423204,29.565721222073496,29.58083255508647,29.606103999560197,29.641663960161814,29.68768988075195,29.744405958831155,29.812080059922625,29.8910198204784,29.98156794806137,30.084096791205308,30.199002340730072,30.326697926157333,30.46760796431183,30.622162174745473,30.790790670995964,30.973920251421173,31.17197205373218,31.385360535919244,31.61449355739523,31.859773216494233
899.0,29.564648925780407,29.569683710042,29.584811081602552,29.610109037423072,29.64570564353768,29.69177785623026,29.748549226638414,29.816286808483852,29.895297261912056,29.985922167072722,30.088532624152908,30.203523303901232,30.331306210856052,30.47230451002195,30.62694682038631,30.79566237001144,30.97887732292213,31.17701243390362,31.390481995278606,31.61969386113827,31.86505022384672
900.0,29.568609892881685,29.573650027437704,29.58879339119412,29.614117779685927,29.649750918479484,29.695869274361524,29.752695750774713,29.820496589748032,29.899577477603767,29.99027887276593,30.09297063642333,30.20804613204832,30.335916054329644,30.477002331915887,30.631732496438204,30.800534898931815,30.983835071192477,31.182053380871125,31.39560394594375,31.624894605167295,31.870327636908765
901.0,29.572574838606272,29.577620308041713,29.592779617363806,29.61813035944792,29.65379991765286,29.699964267483857,29.75684566352797,29.824709536418514,29.903860601308462,29.99463820068647,30.09741096607101,30.21257096626699,30.34052760089124,30.481701577228968,30.636519352291376,30.805408408210827,30.98879364660928,31.18709504406468,31.400726570448438,31.63009738491672,31.875639156359966
902.0,29.57654389674917,29.58159468555495,29.596769893546508,29.622146909761817,29.657852773707468,29.704062967957704,29.760999097251084,29.82892578130394,29.90814676691477,29.99900028651919,30.10185375126418,30.217097947708016,30.345140994825936,30.48640239308066,30.641307537154468,30.81028304813872,30.99375320104996,31.192137618106518,31.405850780084627,31.63530996289916,31.881004140021826
903.0,29.580517056419204,29.58557314899632,29.60076420850764,29.62616741903227,29.661909474675024,29.708165363563168,29.76515603975793,29.83314531271233,29.912435963836845,30.003365121478257,30.106298985674048,30.221627072967575,30.349756235784348,30.491104781874675,30.64609705551678,30.81515882546251,30.998713760141893,31.197181328731638,31.410978106558577,31.640536587477598,31.886410119950366
904.0,29.584494306666898,29.589555687330563,29.604762550971095,29.630191875643767,29.66597000859698,29.71227144212694,29.76931647894895,29.83736811907475,29.916728181635946,30.007732696926947,30.11074666309399,30.22615833870771,30.354373323407977,30.49580874596139,30.650887912246564,30.820035752426787,31.003675391589567,31.202226577458816,31.41611008769199,31.645779096603636,31.8918491099293
905.0,29.588475636487274,29.59354228947112,29.608764909622128,29.634220267963485,29.670034363527048,29.716381191524047,29.773480402811565,29.841594188943905,29.921023410016975,30.012103004372594,30.11519677743408,30.230691741653047,30.35899225734203,30.500514287789827,30.655680113761502,30.824913852622178,31.008638215334205,31.207273875354833,31.42124803962981,31.651038075132824,31.897315799059733
906.0,29.592461034822716,29.597532944283003,29.61277127311026,29.638252584344087,29.674102527533634,29.720494599679483,29.777647799420457,29.845823510992634,29.92532163882508,30.016476035461757,30.119649322716274,30.235227278591914,30.363613037280803,30.505221410240956,30.660473669716147,30.829793165807413,31.013602401470322,31.21232377982485,31.426393004063705,31.65631347241,31.902806512319483
907.0,29.596450490565807,29.601527640585648,29.616781630052134,29.642288813126473,29.678174488702176,29.72461165456971,29.78181865693776,29.850056074012365,29.929622858042304,30.020851781975658,30.124104293071216,30.239764946387222,30.36823566306563,30.509930117143977,30.66526859482384,30.834673750641155,31.018568161164602,31.217376847964406,31.43154576653324,31.661604930412146,31.908318602722574
908.0,29.6004439925622,29.605526367155782,29.620795969034365,29.646328942642434,29.682250235137378,29.728732344224042,29.7859929636131,29.854291866911495,29.933927057784338,30.025230235826257,30.128561682738177,30.244304742003695,30.37286013484596,30.514640413921942,30.67006491046713,30.839555685251852,31.02353573490828,31.222433606924955,31.43670689803841,31.66691195662718,31.91385008914495
909.0,29.60444152961347,29.60952911273028,29.624814278616316,29.650372961217276,29.68632975496535,29.732856656725914,29.7901707077836,29.85853087871378,29.93823422829745,30.029611389053375,30.133021486070323,30.248846662556705,30.377486453301255,30.519352308286933,30.674862645877376,30.844439066070823,31.028505380850373,31.22749453768554,31.44187679936619,31.67223401371597,31.919399435856448
910.0,29.60844309047996,29.613535866008984,29.628836547332885,29.65442085717235,29.690413036335645,29.736984580214063,29.794351877873737,29.862773098556712,29.942544359955786,30.033995233823628,30.13748369754749,30.253390705385712,30.38211461991032,30.52406581090492,30.67966183879564,30.84932400550392,31.033477364633107,31.232560068133782,31.44705574029921,31.67757056469368,31.924965415058995
911.0,29.612448663883626,29.617546615657535,29.63286276369722,29.65847261882755,29.694500067423228,29.741116102883566,29.798536462395187,29.86701851568999,29.946857443259262,30.038381762432003,30.141948311798334,30.257936868151926,30.386744637247894,30.528780935966527,30.684462535626682,30.854210628979306,31.03845195126384,31.237630572061075,31.452243891599416,31.682921094473176,31.930547018908335
912.0,29.61645823851085,29.621561350310163,29.63689291620339,29.662528234503693,29.69859083643032,29.74525121298684,29.802724449946584,29.871267119474112,29.951173468832366,30.04277096730692,30.146415323633057,30.262485148956944,30.39137650928611,30.53349770162253,30.689264791158504,30.859099071793658,31.043429399045465,31.242706371602992,31.45744135002132,31.688285118983437,31.93614340162323
913.0,29.620471803015253,29.625580058572442,29.640926993329057,29.666587692524867,29.702685331588192,29.749389898834515,29.806915829213295,29.875518899379298,29.95549242742425,30.047162841019638,30.150884728086925,30.26703554647682,30.396010241679857,30.538216130265024,30.694068667947136,30.86398947604999,31.048409955334158,31.247787741464737,31.462648157420762,31.6936621878858,31.941753840291693
914.0,29.624489346020443,29.629602729024043,29.644964983538024,29.67065098122071,29.70678354115884,29.75353214879627,29.811110588967235,29.87977384498481,29.959814309910502,30.051557376298447,30.155356520473912,30.27158806010473,30.400645842018925,30.542936248653643,30.69887423547065,30.868881987866924,31.05339385379939,31.252874913880753,31.467864315163716,31.699051884109775,31.947377707572176
915.0,29.628510856122794,29.633629350221405,29.649006875282797,29.6747180889286,29.710885453436603,29.757677951301606,29.815308718066763,29.884031945978876,29.964139107296912,30.055954566048065,30.159830696448935,30.276142690095018,30.405283320034886,30.547658087899084,30.703681569146678,30.873776754951972,31.05838131285418,31.257968083681092,31.47308979491729,31.704453821918165,31.953014452151617
916.0,29.632536321894126,29.637659910700414,29.653052657007063,29.678789003995785,29.71499105674973,29.7618272948406,29.819510205456787,29.88829319215941,29.96846681072559,30.060354403374074,30.164307252076636,30.280699437701845,30.40992268775555,30.55238168332432,30.708490749291464,30.878673924570208,31.063372534958585,31.263067413116286,31.478324546707658,31.70986764439547,31.958663584391484
917.0,29.636565731884392,29.641694398979023,29.657102317148127,29.68286371478147,29.719100339461846,29.7659801679647,29.823715040169102,29.892557573435703,29.9727974114836,30.06475688161216,30.168786183904118,30.285258305306577,30.41456395960452,30.557107074227385,30.713301860080442,30.88357364190012,31.068367706549665,31.26817303626824,31.48356850493412,31.71529302081489,31.96432466553233
918.0,29.64059907462432,29.645732803559813,29.66115584413929,29.686942209658795,29.723213289973412,29.770136559287508,29.827923211323107,29.89682507983123,29.977130901014217,30.069161994361455,30.1732674890351,30.289819296529288,30.41920715244696,30.561834303570386,30.718114988553282,30.888476048745673,31.073366998402893,31.273285062981053,31.488821592861896,31.720729644104605,31.969997299399754
919.0,29.64463633862799,29.649775112932534,29.665213226412167,29.691024477016818,29.727329896723138,29.774296457485736,29.832134708126947,29.901095701487705,29.98146727093079,30.073569735521204,30.17775116520288,30.294382416321223,30.42385228558542,30.566563417617722,30.722930223691684,30.893381282562213,31.078370566276,31.27840358230651,31.494083725984073,31.726177228509997,31.975681125910093
920.0,29.6486775123954,29.653821315576582,29.66927445239897,29.6951105052624,29.731450148189406,29.77845985130025,29.836349519879228,29.905369428670525,29.985806513033044,30.077980099329753,30.18223721083979,30.29894767103622,30.428499380711408,30.571294465543932,30.727747655586473,30.898289475750236,31.083378551725026,31.283528665491758,31.49935481454196,31.731635507484192,31.981375815899305
921.0,29.65272258441495,29.657871399963426,29.67333951053472,29.69920028282207,29.73557403289169,29.78262672953734,29.840567635971322,29.909646251775587,29.990148619325616,30.082393080404827,30.18672562514117,30.30351506848044,30.433148461819243,30.576027499028203,30.732567374701546,30.90320075517207,31.088391083012816,31.28866036855187,31.504634765417528,31.737104231807283,31.987081066944185
922.0,29.656771543165913,29.66192535455901,29.677408389259437,29.703293798143864,29.739701539392044,29.78679708107022,29.844789045890387,29.913926161337525,29.99449358203844,30.086808673784034,30.191216408122283,30.308084617940647,30.437799555089253,30.580762571849217,30.73738947123588,30.908115241850112,31.09340827605397,31.29379873447533,31.509923483555685,31.74258316791953,31.99279659994122
923.0,29.660824377120836,29.665983167826074,29.681481077020255,29.707391039699143,29.74383265629663,29.790970894840836,29.84901373922312,29.91820914803927,29.998841393648608,30.09122687496458,30.195709560666955,30.312656330192087,30.44245268874712,30.58549973949095,30.742214034580236,30.91303305081016,31.098430235357945,31.298943795110077,31.515220873033073,31.748072096448045,31.998522156273367
924.0,29.664881074747896,29.670044828226466,29.68555756227353,29.711491995984414,29.747967372257406,29.795148159862023,29.853241705660306,29.922495202722917,30.00319204690328,30.095647679941276,30.200205084567237,30.31723021748757,30.447107892905795,30.590239058767025,30.74704115286253,30.917954291038548,31.103457054945054,31.304095572774333,31.520526837859997,31.75357081090497,32.004257495439646
925.0,29.668941624513234,29.67411032422337,29.6896378334869,29.715596655523143,29.752105675973887,29.79932886522006,29.857472935002114,29.92678431640166,30.007545534843146,30.100071085242057,30.204702982553695,30.321806293529765,30.4517651993958,30.594980587468978,30.75187091257414,30.92287906552688,31.108488819219566,31.309254081632133,31.52584128258,31.75907911653621,32.0100023930538
926.0,29.673006014883203,29.678179644283535,29.693721879141314,29.719705006867642,29.756247556195106,29.803513000077583,29.86170741716421,29.931076480272704,30.011901850826003,30.10449708796032,30.209203258316244,30.326384573428893,30.45642464158892,30.599724384041668,30.756703398268765,30.927807471382735,31.113525603790823,31.314419328868272,31.53116411271543,31.764596829301478,32.01575663914069
927.0,29.677074234326618,29.682252776879437,29.697809687733095,29.723817038600973,29.760393001721756,29.80770055367703,29.865945142184593,29.935371685730953,30.016260988549988,30.108925685783564,30.213705916515774,30.33096507364806,30.461086254219524,30.604470507287612,30.761538692325253,30.932739599988736,31.118567476237903,31.319591315692882,31.536495235095312,31.7701237749687,32.02152003667538
928.0,29.68114627131694,29.686329710491442,29.70190124777594,29.727932739338947,29.764542001408543,29.81189151534446,29.8701861002311,29.93966992438321,30.02062294207607,30.113356877017978,30.218210962787005,30.335547811938525,30.465750073207087,30.609219016100734,30.766376874766163,30.93767553719598,31.123614496816632,31.32477003820132,31.541834558093072,31.7756597883079,32.02729240032205
929.0,29.685222114334458,29.690410433609905,29.705996547802982,29.732052097732176,29.7686945441668,29.81608587449386,29.874430281609573,29.943971188062758,30.024987705849426,30.117790660608694,30.222718403733133,30.340132807267004,30.470416135482655,30.61396996922913,30.771218023124295,30.94261536354058,31.128666719109727,31.329955488111263,31.547181991794993,31.781204712371736,32.0330735553385
930.0,29.689301751868406,29.69449493473731,29.710095576368847,29.736175102468284,29.772850618967315,29.820283620631916,29.878677676772526,29.948275468844013,30.0293552747194,30.122227036155614,30.227228246913043,30.344720079737005,30.475084478821476,30.618723425065806,30.776062212350077,30.94755915447463,31.133724190622342,31.335147653395545,31.55253744811539,31.78675839785159,32.03886333661942
931.0,29.69338517241911,29.698583202390356,29.71419832205176,29.740301742274184,29.77701021484347,29.824484743363172,29.882928276328265,29.95258275905713,30.03372564395771,30.126666003924807,30.23174050082181,30.349309650506008,30.47975514168334,30.623479441465904,30.780909514753482,30.95250698060473,31.13878695332594,31.340346518826287,31.557900840870776,31.792320702499744,32.04466158785636
932.0,29.69747236450009,29.702675225102077,29.71830477345569,29.744432005918544,29.781173320894627,29.828689232395632,29.887182071050344,29.956893051302274,30.03809880927482,30.131107564855533,30.23625517486536,30.35390154170007,30.484428163061867,30.62823807558867,30.78575999997477,30.957458907932963,31.14385504415401,31.34555206644359,31.563272085822433,31.797891490609416,32.0504681607967
933.0,29.70156331664018,29.70677099142397,29.722414919212564,29.748565882214372,29.7853399262898,29.8328970775467,29.89143905188725,29.96120633846344,30.042474766834186,30.135551720563075,30.240772279330066,30.358495776327228,30.48910358234336,30.632999383762225,30.79061373497913,30.962414998096346,31.148928495453095,31.350764275959875,31.56865110069478,31.803470632545622,32.05628291458705
934.0,29.705658017385673,29.710870489928148,29.726528747984577,29.75270336002178,29.789510020271596,29.83710826874947,29.895699209972218,29.965522613721614,30.04685351326435,30.139998473337588,30.245291825348144,30.363092378190967,30.49378143917577,30.637763421369193,30.795470784070936,30.96737530860189,31.154007335392905,31.355983125109223,31.57403780517513,31.809058004320853,32.062105715189155
935.0,29.709756455302447,29.71497370920953,29.730646248466556,29.75684442825091,29.793683592160413,29.84132279605927,29.899962536633037,29.969841870567134,30.051235045668808,30.144447826139235,30.249813824859558,30.36769137180461,30.498461773347792,30.64253024275118,30.80033120892387,30.97233989305518,31.159091588338853,31.36120858994969,31.579432120899355,31.814653487210286,32.06793643485813
936.0,29.71385861897817,29.71908063788809,29.73476740938842,29.760989075865044,29.79786063135891,29.84554064966042,29.904229023401786,29.97416410281117,30.05561936163363,30.148899782589883,30.254338290571226,30.3722927823076,30.503144624678153,30.64729990113027,30.80519506862377,30.977308801380982,31.164181275190426,31.366440645125287,31.58483397142685,31.820256967402024,32.07377495167489
937.0,29.717964497024514,29.723191264611145,29.7388922195178,29.765137291883885,29.80204112735667,29.84976181987321,29.908498662024375,29.978489304596145,30.060006459232824,30.153354346961738,30.258865235914133,30.376896635384185,30.50783003291478,30.652072448545663,30.810062419721543,30.98228208003494,31.16927641368851,31.37167926409327,31.590243282207545,31.825868335678443,32.079621149125586
938.0,29.722074078079455,29.727305578055734,29.743020667662698,29.769289065387007,29.80622506973512,29.853986297160912,29.912771444469794,29.982817470405095,30.064396337031543,30.15781152416318,30.263394674998995,30.381502957185166,30.512518037643567,30.656847935803793,30.81493331629376,30.98725977220576,31.174377018694486,31.37692441932162,31.595659980543076,31.83148748712524,32.08547491572226
939.0,29.72618735080959,29.731423566931067,29.74715274267433,29.773444385517497,29.810412448172592,29.858214072136914,29.917047362939005,29.98714859506986,30.068788994087207,30.16227131972215,30.267926622571025,30.386111774252964,30.51720867820629,30.66162641244035,30.819807810009173,30.992241918007565,31.179483102443836,31.382176082460752,31.601083995543775,31.83711432086518,32.09133614465954
940.0,29.730304303912586,29.73554521998107,29.75128843345008,29.777603241485753,29.814603252449565,29.862445135571804,29.921326409873394,29.991482673778084,30.073184429948576,30.16673373976744,30.272461093964253,30.390723113450345,30.52190199362721,30.66640792669275,30.824685950199388,30.997228554662357,31.184594674776605,31.38743422449301,31.606515258082787,31.842748739813985,32.09720473350322
941.0,29.73442492611968,29.739670525987016,29.755427728936542,29.78176562257345,29.818797472454026,29.866679478400414,29.92560857796271,29.995819702079004,30.07758264465297,30.171198791008166,30.276998105055853,30.39533700189301,30.52659802254782,30.67119252548174,30.829567783932504,31.00221971667265,31.189711743346972,31.392698815862865,31.611953700748355,31.848390650456057,32.1030805839068
942.0,29.73854920619827,29.743799473770263,29.759570618132773,29.785931518137616,29.82299509818693,29.870917091728742,29.929893860152447,30.000159675888032,30.08198363872175,30.17566648071173,30.28153767222081,30.399953466886103,30.531296803169237,30.67598025440096,30.83445335608852,31.007215435984474,31.19483431381393,31.39796982659044,31.61739925779503,31.85403996263803,32.10896360135312
943.0,29.742677132954622,29.747932052195107,29.763717090093593,29.7901009176149,29.827196119767706,29.875157966840714,29.93418224965063,30.004502591490123,30.086387413154096,30.180136816680573,30.28607981228729,30.40457253586469,30.535998373201668,30.680771157713384,30.83934270943567,31.012215742141073,31.19996239001485,31.403247226370496,31.622851865094486,31.859696589378405,32.11485369491807
944.0,29.74680869523665,29.752068250171735,29.767867133933052,29.794273810525915,29.83140052743982,29.87940209520473,29.938473739933922,30.00884844554197,30.090793969419405,30.184609807227964,30.290624542492885,30.40919423633826,30.540702769820417,30.68556527835365,30.844235884706904,31.017220662427576,31.205095974123584,31.408530984658775,31.62831146008638,31.865360446691703,32.120750777054084
945.0,29.75094388193685,29.756208056659315,29.772020738828033,29.798450186479684,29.83560831157631,29.883649468479973,29.942768324753125,30.01319723507305,30.09520330944827,30.189085461153077,30.295171880442055,30.413818595839068,30.54541002962793,30.690362657935488,30.849132920675924,31.022230222007074,31.210235066794592,31.413821070747343,31.63377798172964,31.871031453425754,32.12665476339139
946.0,29.75508268199531,29.760351460669167,29.77617789402193,29.80263003517818,29.83981946268531,29.88790007852242,29.94706599813793,30.01754895748558,30.0996154356223,30.193563787715558,30.29972184406485,30.418445641874367,30.550120188621353,30.695163336763432,30.854033854232352,31.0272444440485,31.215379667294417,31.41911745383029,31.639251370454474,31.8767095311109,32.1325655725551
947.0,29.759225084402864,29.764498451268075,29.78033858882847,29.806813346420938,29.844033971415488,29.892153917390537,29.95136675440102,30.021903610553395,30.104030350762862,30.198044796609807,30.30427445157711,30.423075401882315,30.554833282165163,30.69996735384815,30.858938720455555,31.032263349846712,31.22052977362165,31.424420103061042,31.644731568115304,31.88239460382002,32.138483125996615
948.0,29.763371078204305,29.768649017581705,29.784502812635615,29.811000110109692,29.848251828561395,29.896410977350605,29.955670588141416,30.026261192419867,30.108448058118928,30.20252849793916,30.308829721442184,30.42770790319145,30.55954934496835,30.704774746924823,30.863847552686916,31.03728695893523,31.22568538261656,31.42972898760228,31.6502185179448,31.88808659803842,32.1444073478379
949.0,29.76752065250177,29.772803148798126,29.788670554909547,29.81519031625305,29.85247302506871,29.900671250881693,29.959977494247205,30.030621701594864,30.11286856135409,30.207014902190085,30.313387672334308,30.432343172983597,30.5642684110658,30.70958555247401,30.8687603826003,31.04231528919199,31.23084649006128,31.435044076669442,31.65571216450908,31.893785442542697,32.150338164727415
950.0,29.771673796458206,29.77696083417143,29.79284180519875,29.819383954971176,29.85669755203933,29.904934730680242,29.9642874678975,30.034985136950876,30.117291864532962,30.21150402020658,30.31794832310367,30.436981238260028,30.56899051380343,30.714399805744616,30.873677240270514,31.04734835693858,31.236013090771422,31.44036533956849,31.66121245366423,31.899491068287826,32.156275505706624
951.0,29.77583049930094,29.781122063025464,29.797016553138153,29.823581016500437,29.860925400736257,29.909201409664213,29.96860050456379,30.03935149771828,30.121717972106982,30.215995863164878,30.32251169274317,30.441622125810706,30.57371568582672,30.719217540778455,30.87859815423968,31.0523861770333,31.241185178680002,31.445692745728778,31.66671933251413,31.905203408301755,32.16221930208602
952.0,29.779990750325346,29.785286824757623,29.801194788453298,29.827781491198046,29.86515656258836,29.913471280976847,29.972916600010592,30.043720783479927,30.1261468888998,30.220490442548556,30.327077800356893,30.446265862186472,30.578443959072303,30.724038790436154,30.883523151581446,31.057428762958434,31.246362746914233,31.45102626473146,31.672232749369613,31.91092239758689,32.16816948732994
953.0,29.7841545388986,29.789455108842766,29.805376500964577,29.83198536954662,29.86939102919487,29.91774433798998,29.977235750295524,30.04809299416504,30.13057862009232,30.224987770124162,30.331646665130307,30.45091247367395,30.583175364762283,30.728863586424033,30.88845225796295,31.062476126902133,31.25154578786596,31.456365866334096,31.67775265370903,31.91664797302791,32.17412599694926
954.0,29.78832185446354,29.79362690483714,29.80956168059149,29.836192642158707,29.87362879232966,29.92202057430694,29.981557951768714,30.05246813004248,30.13501317120751,30.229487857917377,30.336218306302186,30.45556198627306,30.58790993340103,30.733691959321746,30.893385497704546,31.067528279835173,31.256734293256248,31.461711520491825,31.683278996140153,31.922380073305387,32.18008876840137
955.0,29.792492686542555,29.79780220238242,29.813750317356874,29.840403299781194,29.877869843945334,29.92629998376501,29.985883201071676,30.05684619171353,30.139450548095038,30.233990718189887,30.340792743138152,30.46021442567695,30.592647694774104,30.738523938610385,30.89832289383728,31.072585231582988,31.261928254194636,31.467063197375555,31.688811728363422,31.928118638814773,32.186057740996795
956.0,29.796667024741584,29.801980991209767,29.817942401391193,29.84461733329961,29.882114176176973,29.930582560437447,29.990211495135625,30.061227180104133,30.14389075691585,30.23849636341687,30.34536999490589,30.464869817254154,30.59738867794915,30.743359552700944,30.903264468158124,31.07764699089323,31.26712766123357,31.472420867387505,31.69435080313654,31.93386361159031,32.19203285581191
957.0,29.800844858754136,29.80616326114391,29.82213792293675,29.848834733742333,29.886361781345695,29.934868298635134,29.994542831179288,30.06561109645679,30.148333804126715,30.243004806265272,30.349950080851933,30.4695281860329,30.602132911278495,30.74819882896291,30.908210241283058,31.082713565499144,31.272332504418404,31.477784501174398,31.699896174240337,31.93961493523354,32.19801405560716
958.0,29.805026178365356,29.81034900210729,29.826336872351895,29.853055492284664,29.89061265196192,29.93915719290775,29.998877206706222,30.069997942322033,30.15277969646484,30.247516059572806,30.354533020179996,30.474189556687318,30.60688042240325,30.75304179375281,30.913160232697923,31.087784962179096,31.277542773333384,31.483154069638612,31.705447796445924,31.945372554845974,32.20400128475052
959.0,29.809210973456132,29.81453820412417,29.83053924011518,29.857279600252724,29.894866780728346,29.943449238044586,30.003214619501687,30.074387719549616,30.15722844093262,30.252030136327758,30.35911883203079,30.47885395352551,30.61163123825874,30.757888472442712,30.91811446080723,31.092861186812407,31.28275845714391,31.48852954394749,31.711005625483068,31.951136416965728,32.20999448914559
960.0,29.813399234007193,29.81873085732477,29.834745016829448,29.86150704912723,29.899124160542662,29.947744429074962,30.007555067629113,30.078780430279487,30.161680044782504,30.25654704964958,30.363707535463277,30.48352140047926,30.616385385081085,30.762738889448425,30.923072942980898,31.097942244431792,31.287979544635448,31.49391089554104,31.716569618009746,31.956906469507732,32.21599361616415
961.0,29.81759071246028,29.82292671430642,29.838953955582912,29.865737592904125,29.903384546857023,29.95204252362528,30.011898311783213,30.083175839289527,30.16613427785916,30.26106657512734,30.36829891179431,30.48819168345235,30.621142650771827,30.767592830614475,30.928035457956017,31.103027901629662,31.293205786606425,31.499297858495268,31.72213943739432,31.962680043970852,32.221943239316346
962.0,29.82178516139864,29.827125527814037,29.843165809629486,29.869970985774415,29.90764769535657,29.95634327959512,30.016244112962124,30.087573711662564,30.17059091026122,30.26558848847833,30.37289274225897,30.492864587989658,30.6259028225828,30.772450080918038,30.93300178355528,31.108117924215684,31.29843693083418,31.504690092792007,31.72771355038464,31.968444339262653,32.22781150244653
963.0,29.825982571171775,29.831327288364825,29.847380570013264,29.874207219748047,29.91191359958198,29.960646692777193,30.020592470083468,30.09197405039747,30.17504994994757,30.270112803151722,30.37748904561641,30.497540136891825,30.630665924745877,30.777310662113177,30.937971934250054,31.11321231288298,31.303672932043074,31.51008720746399,31.73328940511161,31.974192330248528,32.23361884833137
964.0,29.830182932245375,29.83553198659816,29.851598227918174,29.878446287002856,29.916182253276926,29.964952759202244,30.024943382325386,30.096376858745458,30.17951140506919,30.274639532658316,30.38208784048211,30.50221835255622,30.635431980825526,30.78217459504634,30.9429459227787,31.118311058352703,31.30891367534194,31.515488522872843,31.738864440500965,31.979920953981747,32.239378356569944
965.0,29.834386235205336,29.8397396132795,29.855818774671587,29.882688179887428,29.920453650389405,29.96926147513773,30.029296849121405,30.100782140200415,30.183975283955427,30.279168690555124,30.386689145315273,30.506899256971554,30.640201013705894,30.78704189943704,30.947923758271017,31.12341413181518,31.314158959566132,31.52089317955688,31.74443646056192,31.98562920789668,32.24509871189225
966.0,29.83859247076168,29.84395015930426,29.860042201747795,29.886932890923752,29.92472778507276,29.973572837086188,30.033652870155105,30.10518989848925,30.18844159510064,30.2837002904307,30.391292978406643,30.511582871706818,30.6449730455252,30.79191259336,30.952905443521065,31.128521477054562,31.319408500735186,31.526300242105105,31.750003721083633,31.99131713491279,32.25078591215359
967.0,29.84280162975243,29.848163615701527,29.86426850077138,29.891180412809668,29.929004651686476,29.977886841783345,30.03801144535455,30.10960013756224,30.192910347151173,30.288234345890995,30.395899357865225,30.516269217885505,30.649748097524373,30.796786692426007,30.95789097203699,31.133633006005397,31.32466194700682,31.531708775815417,31.75556489953488,31.996985284165905,32.25644426710842
968.0,29.847013703147415,29.852379973637753,29.868497663520415,29.89543073842112,29.933284244796678,29.98220348619595,30.042372574886578,30.114012861583433,30.197381548892626,30.292770870545265,30.400508301601132,30.520958316134397,30.654526189792552,30.801664208749532,30.96288032543636,31.138748597859117,31.329918898010266,31.537117895394505,31.761119026658577,32.002634426878814,32.26207699349788
969.0,29.851228682051946,29.856599224420293,29.87272968192952,29.899683860814186,29.937566559176414,29.98652276751937,30.04673625915094,30.118428074921088,30.20185520923731,30.297309877991186,30.40511982730106,30.525650186497895,30.659307340913138,30.806545149834257,30.967873471547616,31.143868101021983,31.33517892404459,31.542526791627466,31.766665413607587,32.008265408979874,32.26768657728253
970.0,29.855446557710415,29.860821359500836,29.876964548092772,29.90393977322693,29.941851589805673,29.990844683174963,30.051102498774288,30.12284578213814,30.2063313372116,30.301851381797984,30.40973395239265,30.53034484831308,30.664091567532264,30.81142951750769,30.972870363362052,31.148991336979126,31.340441582806566,31.547934742749177,31.772203587491422,32.01387907681638,32.27327499947836
971.0,29.85966732150977,29.865046370478712,29.881202254266455,29.90819846908102,29.946139331871183,29.99516923080721,30.055471294604065,30.127265987982614,30.21080994194284,30.306395395486188,30.414350693994574,30.535042320045953,30.668878883882762,30.81631730700968,30.977870938817016,31.154118105181585,31.345706432770218,31.553341116096604,31.777733238796298,32.01947624171323,32.27884388068185
972.0,29.863890964982886,29.869274249104077,29.88544279287162,29.912459941983165,29.950429780765983,29.999496408280688,30.05984264770224,30.13168869737789,30.21529103264521,30.31094193250249,30.418970068850406,30.539742619094074,30.673669301300432,30.821208506302504,30.982875121291425,31.159248188262517,31.35097304318215,31.55874536409924,31.783254180260315,32.02505766495075,32.28439457615646
973.0,29.86811747981178,29.873504987280942,29.889686156496502,29.916724185726313,29.954722932088757,30.00382621367681,30.064216559338906,30.13611391541262,30.21977461860404,30.31549100618847,30.423592093245755,30.544445761564702,30.678462827766918,30.8261030956338,30.987882820649734,31.164381357100915,31.356241001052478,31.564147017335777,31.788766315451912,32.030624053264944,32.289928240197504
974.0,29.87234685783072,29.877738577070065,29.893932337898757,29.92099119429069,29.959018781642975,30.008158645290397,30.068593030985653,30.140541647330082,30.224260709157875,30.320042629742158,30.42821678290976,30.549151762039525,30.683259467507252,30.831001047353443,30.992893934663662,31.16951737543746,31.36150991567576,31.569545676383967,31.794269615072373,32.036176059575624,32.29544587095285
975.0,29.876579091029182,29.88197501069169,29.89818133000752,29.925260961844618,29.963317325435817,30.012493701626024,30.07297206430867,30.144971898516747,30.228749313677785,30.324596816172008,30.432844152903332,30.55386063333782,30.68805922066195,30.835902325964096,30.997908350656783,31.174656003890462,31.36677942122762,31.574941003494637,31.79976409920407,32.04171428613312,32.30094834249912
976.0,29.880814171554636,29.886214280528122,29.90243312592529,29.929533482745136,29.967618559676893,30.01683138139415,30.07735366116146,30.149404674489684,30.233240441543295,30.32915357824327,30.43747421749757,30.55857238628909,30.692862083045203,30.840806888372143,31.00292594724379,31.17979700332056,31.372049177925195,31.580332714662262,31.805249824050552,32.04723928861416,32.3064364283947
977.0,29.885052091715213,29.890456379126167,29.906687718929625,29.933808751538418,29.971922480776747,30.02117168350701,30.081737823577072,30.153839980882648,30.23773410211475,30.3337129284173,30.442106990046426,30.56328702952476,30.697668045993375,30.845714684299555,31.007946596065995,31.18494013755762,31.377318872156966,31.58572057237547,31.81072687203598,32.052751580418786,32.311910819386796
978.0,29.889292843982194,29.894701299199372,29.91094510247468,29.938086762960012,29.976229085345143,30.025514607074143,30.086124553759674,30.15827782343047,30.242230304701806,30.338274878784787,30.446742482857832,30.56800456929644,30.70247709630178,30.85062565681639,31.012970163452504,31.190085175540943,31.382588215902604,31.591104379156203,31.816195344404996,32.05825163680559,32.317372137009805
979.0,29.893536420992344,29.89894903363012,29.915205270192548,29.942367511934847,29.980538370189105,30.029860151397656,30.09051385407539,30.162718207951652,30.246729058528224,30.3428394409943,30.45138070706746,30.572725009326007,30.7072892162435,30.855539742955965,31.01799651196065,31.195231892942374,31.387856945687698,31.596483971896124,31.821655355681617,32.063739898706274,32.32282094422775
980.0,29.89778281555008,29.903199575471547,29.919468215894398,29.946650993577066,29.984850332310717,30.034208315967003,30.094905727042242,30.167161140328936,30.251230372693048,30.3474066261776,30.456021672518933,30.577448350690556,30.712104383660854,30.86045687437937,31.023025501768597,31.200380073348068,31.393124821254638,31.6018592169452,31.82710702951163,32.06921677616624,32.32825775390385
981.0,29.90203202062946,29.907452917949296,29.923733933571462,29.950937203189614,29.989164968904625,30.03855910045329,30.099300175319062,30.171606626487826,30.25573425612869,30.351976444873547,30.460665387653624,30.58217459174346,30.716922572118694,30.865376978061214,31.028056991907654,31.205529509072747,31.39839162408072,31.607230005882194,31.83255049553745,32.07468265141075,32.33368303564075
982.0,29.906284029376017,29.911709054463074,29.928002417395813,29.955226136263626,29.99348227735523,30.04291250470307,30.1036972016933,30.176054672373056,30.26024071755639,30.356548906952174,30.465311859412704,30.586903728070922,30.72174375110801,30.870299976974135,31.033090841332516,31.210680001674543,31.403657155835592,31.61259625188822,31.837985887046166,32.08013788156034,32.339097221377024
983.0,29.91053883510841,29.91596797858805,29.932273661720927,29.95951778847756,29.997802255233548,30.04726852873147,30.108096809067654,30.18050528392308,30.2647497654397,30.361124021540718,30.469961093153227,30.591635752482393,30.726567886288557,30.875225790754772,31.038126909834855,31.21583136223038,31.408921236841003,31.61795788664517,31.843413339198964,32.08558280102963,32.34450071001878
984.0,29.914796431319882,29.920229684076045,29.936547661082066,29.963812155696065,30.002124900293676,30.05162717271467,30.112499000445464,30.184958467042783,30.26926140793676,30.36570179695292,30.47461309257953,30.59637065503206,30.73139493975992,30.880154336338563,31.043165058810327,31.220983411423358,31.41418370457444,31.623314857686136,31.848832987699648,32.091017723645095,32.349893871311856
985.0,29.919056811679557,29.924494164856547,29.940824410196438,29.968109233968608,30.006450210468827,30.055988436981654,30.116903778914896,30.18941422757457,30.27377565285203,30.370282240623034,30.479267859690513,30.601108423068215,30.73622487035159,30.885085528554743,31.048205151891676,31.226135979485328,31.41944441224261,31.628667126132598,31.854244967796152,32.09644294451655,32.35527704910864
986.0,29.923319970033535,29.928761415037535,29.945103903963123,29.972409019527774,30.01077818386693,30.060352322005155,30.121311147631918,30.19387257126819,30.278292507588326,30.37486535904551,30.483925394742826,30.605849041306772,30.74105763392369,30.890019280676093,31.05324705546177,31.23128890603018,31.424703227439785,31.63401466476096,31.859649413535674,32.10185874169363,32.36065056414659
987.0,29.927585900405806,29.933031428906084,29.94938613746277,29.976711508787243,30.015108818765718,30.064718828391875,30.125721109802132,30.19833350374953,30.28281197909977,30.37945115772124,30.488585696229656,30.61059249192526,30.74589318367133,30.89495550492063,31.058290639060754,31.23644203980683,31.42996003089838,31.639357456349106,31.86504645721362,32.107265377635315,32.36601471642883
988.0,29.931854596998928,29.93730420092876,29.95367110595705,29.98101669833946,30.019442113607315,30.069087956871833,30.13013366866159,30.202797030488796,30.287334073846395,30.384039641110945,30.493248760874273,30.615338754673513,30.75073147042694,30.89989411290445,31.063335775700814,31.24159523839501,31.435214715333757,31.64469549226063,31.870436228971155,32.112663100516656,32.37136978727749
989.0,29.936126054194546,29.941579725751808,29.95795880488781,29.985324584952906,30.023778066992264,30.073459708286947,30.134548827456666,30.20726315676838,30.291858797750987,30.388630812596094,30.497914583637396,30.620087806997553,30.755572442955774,30.904835016046345,31.06838234210144,31.24674836786235,31.440467184382026,31.650028771230808,31.875818856507017,32.118052145394,32.37671604111551
990.0,29.940400266553656,29.94585799820109,29.962249229876008,29.98963516556901,30.028116677672994,30.07783408357886,30.138966589423177,30.21173188765081,30.296386156158608,30.39322467444749,30.502583157737135,30.624839624173408,30.760416048241225,30.90977812592594,31.073430218856803,31.25190130239711,31.44571735162713,31.655357298323906,31.88119446487728,32.1234327352467,32.38205372702141
991.0,29.944677228816666,29.950139013281806,29.966542376720287,29.993948437298638,30.032457944546728,30.082211083775995,30.143386957764868,30.216203227947084,30.300916153799324,30.397821227801575,30.507254474680217,30.629594179447825,30.76526223175714,30.91472335459783,31.07847929054579,31.2570539239278,31.450965139712412,31.660681084036174,31.886563176362923,32.12880508191093,32.38738308009298
992.0,29.948956935903183,29.954422766177913,29.97083824139528,29.99826439741817,30.0368018666478,30.086590709979973,30.14780993563148,30.220677182185753,30.305448794754398,30.40242047264424,30.511928524303137,30.634351444183284,30.770110937725317,30.91967061486459,31.083529445793996,31.262206121738227,31.45621047953101,31.666000143522844,31.89192511038965,32.13416938691913,32.39270432264896
993.0,29.953239382911597,29.958709252251328,29.97513682004956,30.002583043365156,30.04114844313941,30.090972963351387,30.152235526096536,30.225153754583044,30.30998408242621,30.407022407801914,30.516605294821815,30.63911138800504,30.77496210935699,30.924619820511847,31.088580577295872,31.267357792084447,31.461453309489233,31.671314495930872,31.897280383487914,32.139525842256425,32.3980176652927
994.0,29.95752456511836,29.96299846704081,29.97943810900327,30.0069043727335,30.045497673304848,30.09535784509505,30.156663732135087,30.22963294901427,30.314522019512115,30.41162703093951,30.521284772888478,30.643873978948143,30.779815689077594,30.929570886508664,31.093632581804062,31.272508837818403,31.466693574836967,31.67662416382203,31.90262910928378,32.144874631044125,32.40332330785736
995.0,29.961812477977,29.96729040626056,29.983742104745374,30.01122838326823,30.049849556538152,30.09974535644481,30.161094556601515,30.234114768986803,30.319062607982207,30.416234338564784,30.5259669436544,30.64863918360287,30.784671618734542,30.93452372917645,31.098685360092123,31.27765916802175,31.471931227059432,31.681929172673303,31.907971398513368,32.15021592815872,32.40862144024923
996.0,29.966103117116877,29.97158506579852,29.988048803930578,30.01555507285978,30.05420409233431,30.104135498647985,30.165528002207658,30.238599217614766,30.32360584906118,30.420844326038637,30.530651790837364,30.65340696725719,30.78952983978818,30.939478266329594,31.103738816895806,31.282808697652225,31.47716622332483,31.687229550443607,31.91330735905513,32.155549900793915,32.41391224320255
997.0,29.97039647834158,29.975882441714333,29.99235820337583,30.019884439537876,30.05856128027897,30.108528272949577,30.16996407150134,30.24308629759562,30.328151743214057,30.425456987590756,30.53533929679269,30.65817729403516,30.794390293486195,30.944434417390735,31.108792860837358,31.28795734720427,31.482398525982774,31.692525327197473,31.918637095975534,32.16087670897197,32.41919588895776
998.0,29.974692557627055,29.980182530236984,29.996670300056472,30.024216481464943,30.062921120037753,30.112923680576287,30.174402766845517,30.247576011188812,30.33270029013583,30.430072316340105,30.540029442586818,30.66295012703041,30.7992529210221,30.949392103483543,31.113847404336607,31.293105042384845,31.487628102108815,31.697816534777786,31.923960711584634,32.16619650601011,32.42447254187238
999.0,29.97899135111938,29.984485327762094,30.000985091102006,30.02855119692913,30.067283611345196,30.1173217227205,30.178844090398155,30.252068360196485,30.3372514887448,30.434690304319666,30.544722208072557,30.66772542843409,30.804117663678454,30.954351247505553,31.11890236351203,31.298251713804987,31.49285492309065,31.70310320652086,31.92927830549879,32.17150943894668,32.4297423589733
1000.0,29.983292855132223,29.988790830848853,30.005302573791447,30.03288858433688,30.07164875399337,30.121722400524323,30.183288044092947,30.256563345946397,30.341805337179483,30.43931094250491,30.549417571965172,30.672503159656763,30.808984462955625,30.95931177418348,31.123957658074424,31.303397296687248,31.498078964252155,31.708385377008085,31.934589974708377,32.17681564893146,32.435005490457115
1001.0,29.98759706614394,29.993099036216616,30.009622745548317,30.037228642205186,30.076016547820245,30.126125715063715,30.187734629621016,30.261060969277032,30.346361832798838,30.44393422084545,30.5541155119186,30.677283281444023,30.813853260686937,30.96427361011315,31.129013211215355,31.308541730588928,31.50330020451152,31.713663081849273,31.939895813648775,32.18211527158375,32.440262080144834
1002.0,29.991903980794323,29.997409940741118,30.013945603935262,30.04157136915343,30.080386992697882,30.13053166733289,30.19218384841364,30.265561230524913,30.35092097218564,30.448560128299366,30.55881600460121,30.68206575398555,30.818723999141113,30.96923668378607,31.13406894949231,31.313684959140765,31.50851862607027,31.71893635749347,31.945195914273345,32.18740843732157,32.44551226589598
1003.0,29.996213595880988,30.001723541450332,30.01827114664828,30.045916763894933,30.084760088520436,30.134940258229005,30.19663570162614,30.270064129514072,30.355482751152753,30.453188652869766,30.563519025770564,30.686850537017634,30.82359662111285,30.974200925604354,31.13912480271195,31.31882692980065,31.51373421413024,31.72420524106366,31.950490366127337,32.19269527166478,32.45075617998672
1004.0,30.00052590835541,30.00603983551996,30.02259937151062,30.050264825228194,30.0891358351921,30.13935148853726,30.201090190122912,30.274569665547688,30.360047164752032,30.457819781643074,30.568224550346756,30.691637589919083,30.828471070002465,30.979166267885606,31.144180703812754,31.32396759362182,31.518946956635734,31.72946977021233,31.95577925642193,32.19797589551475,32.455993949455845
1005.0,30.004840915318585,30.010358820268575,30.026930276466285,30.05461555202788,30.09351423261503,30.143765358916447,30.205547314463722,30.27907783740175,30.364614207285676,30.462453500828698,30.57293255248394,30.696426871800707,30.833347289885463,30.984132644859233,31.14923658874805,31.32910690503489,31.524156844038593,31.73472998299507,31.96106267010778,32.20325042541275,32.46122569642204
1006.0,30.009158614016354,30.01468049315239,30.03126385957327,30.058968943235566,30.097895280677303,30.14818186988503,30.21000707489124,30.283588643320748,30.369183872319706,30.467089795799655,30.57764300563981,30.701218341588426,30.838225225572806,30.98909999265535,31.154292396370185,31.33424482164311,31.52936386908386,31.739985917760134,31.966340689947607,32.208518973779114,32.46645153837535
1007.0,30.013479001834327,30.019004851759682,30.035600118996452,30.06332499785033,30.10227897924094,30.152601021807797,30.21446947131984,30.288102081015243,30.373756152699393,30.47172865113387,30.582355882642716,30.706011958100273,30.843104822662745,30.994068249287498,31.159348068316543,31.339381304030137,31.534568026614192,31.74523761305178,31.97161339658747,32.21378164913496,32.471671588445595
1008.0,30.017802076292508,30.023331893804897,30.03993905300021,30.067683714919138,30.1066653281301,30.157022814883174,30.218934503325684,30.29261814766126,30.37833104056638,30.476370050655767,30.587071155756345,30.710807680117433,30.847986027584913,30.99903735463006,31.16440354889784,31.344516315579682,31.53976931339121,31.7504851075258,31.976880868626438,32.2190385563079,32.47688595564985
1009.0,30.02212783503956,30.027661617122412,30.044280659940764,30.072045093527187,30.11105432711943,30.16144724913118,30.223402170138076,30.29713683990135,30.38290852737729,30.48101397747796,30.591788796741724,30.715605466449652,30.85286878763739,31.004007250391343,31.169458784989146,31.349649822306343,31.544967727932203,31.755728439875682,31.982143182684492,32.224289796623424,32.482094745121145
1010.0,30.026456275846723,30.03199401965999,30.048624938258286,30.076409132788104,30.115445975922682,30.1658743243821,30.22787247063204,30.30165815384727,30.38748860392356,30.485660414042748,30.596508776916536,30.7204052759952,30.857753051017454,31.008977880082977,31.17451372592384,31.354781792696972,31.55016327036078,31.760967648768123,31.987400413468496,32.22953546808297,32.48729805832008
1011.0,30.030787396601447,30.036329099471956,30.05297188646881,30.080775831834156,30.11984027418158,30.170304040265883,30.232345403322153,30.30618208508412,30.39207126035239,30.49030934216324,30.60123106721167,30.725207067795708,30.862638766846516,31.013949188986437,31.17956832339082,31.359912197561947,31.555355942270175,31.766202772786794,31.99265263383618,32.23477566552991,32.49249599323099
1012.0,30.03512119530072,30.040666854712086,30.057321503155947,30.08514518980644,30.124237221455008,30.174736396202313,30.236820966357545,30.310708628675847,30.39665648618851,30.494960743063917,30.60595563822497,30.730010801086138,30.867525885189924,31.01892112411712,31.184622531334977,31.36504100989577,31.56054574659802,31.77143385038333,31.997899914858056,32.2400104808045,32.4976886445441
1013.0,30.039457670044108,30.04500728362625,30.06167378696243,30.089517205845112,30.12863681720856,30.179171391391897,30.241299157518043,30.315237779171973,30.401244270356667,30.499614597420464,30.6106824602722,30.73481643534017,30.87241435707211,31.023893634186603,31.189676305861138,31.370168204746363,31.565732687511588,31.776660919834683,32.00314232587725,32.24524000288869,32.50287610382482
1014.0,30.04379681902652,30.049350384544834,30.066028736581554,30.09389187907969,30.13303906080444,30.18360902480757,30.245779974211437,30.31976953061549,30.4058346012047,30.504270885398764,30.615411503435258,30.739623930311293,30.877304134487538,31.02886666956346,31.194729605141458,31.375293759092546,31.570916770302546,31.781884019206142,32.00837993456725,32.25046431804155,32.5080584596714
1015.0,30.0481386405308,30.053696155874942,30.07038635074851,30.09826920861944,30.137443951491807,30.188049295187124,30.250263413471792,30.324303876551742,30.41042746652691,30.508929586692922,30.620142737607626,30.74443324606983,30.882195170407943,31.03384018223305,31.199782389326288,31.38041765172916,31.576098001290347,31.78710318631929,32.01361280698762,32.255683509926165,32.51323579786195
1016.0,30.052483132920013,30.058044596092426,30.07474662823163,30.10264919354392,30.141851488397513,30.19249220102643,30.25474947195876,30.32884081003825,30.415022853587764,30.513590680562253,30.624876132537217,30.74924434303621,30.887087418786233,31.03881412575659,31.204834620458513,31.385539863159366,31.581276387733514,31.792318458724367,32.01884100763761,32.260897659728634,32.51840820149158
1017.0,30.056830294629606,30.06239570373376,30.07910956782362,30.107031832893668,30.14626167051729,30.19693774057341,30.259238145957845,30.33338032365532,30.419620749145682,30.51825414586715,30.62961165786657,30.754057182010726,30.891980834557458,31.0437884552298,31.209886262391294,31.390660375493603,31.58645193774814,31.797529873676503,32.02406459950788,32.26610684626972,32.52357575110073
1018.0,30.06118012415937,30.06674947738778,30.083475168332768,30.111417125661074,30.150674496707413,30.201385911822737,30.26372943138155,30.337922409517383,30.42422113947688,30.522919961103756,30.634349283170557,30.758871724199984,30.896875373637126,31.048763127241365,31.214937280709155,31.395779172354857,31.591624660232938,31.80273746811538,32.02928364413015,32.27131114610984,32.52873852479516
1019.0,30.06553262006529,30.071105915687333,30.08784342857415,30.11580507078147,30.155089965676833,30.205836712511267,30.268223323771377,30.342467059284935,30.428824010399104,30.52758810443744,30.63908897799165,30.76368793124034,30.901770992917246,31.05373809983143,31.21998764265237,31.40089623878975,31.596794564800273,31.807941278647952,32.03449820162508,32.27651063364774,32.53389659835843
1020.0,30.069887780951245,30.075465017300836,30.09221434736089,30.120195667124474,30.159508075979765,30.210290140114193,30.27271981830059,30.347014264177027,30.433429347295196,30.532258553735016,30.643830711872827,30.768505765218503,30.906667650260303,31.05871333245029,31.225037317044542,31.40601156118509,31.601961661712725,31.813141341533804,32.03970833074821,32.28170538121348,32.53905004535738
1021.0,30.074245957234744,30.079827132697893,30.096588275269617,30.124589265259655,30.16392917778291,30.21474654361597,30.277219261551824,30.35156436675828,30.438037486910552,30.536931638369815,30.648574806162365,30.773325540463627,30.9115656562656,31.06368913769154,31.23008662599737,31.411125478963683,31.607126313598737,31.818338044447067,32.04491452441075,32.286899334094876,32.54428090720765
1022.0,30.0786074993149,30.0841926123172,30.100965562808245,30.12898621562479,30.168353621035415,30.21920627168418,30.281721999697613,30.356117709128576,30.442648765552537,30.541607687427756,30.653321582218737,30.778147571739307,30.916465322436306,31.068665829427992,31.23513589302195,31.416238332783553,31.612288887636154,31.823531884791375,32.05011904684771,32.29211143645857,32.549636334993856
1023.0,30.082972405822826,30.088561454816887,30.105346208666408,30.133386516776884,30.172781403721817,30.22366932092655,30.28622802676406,30.36067428119552,30.447263167371993,30.546286677994644,30.65807100969595,30.78297182251581,30.921366609427782,31.073643371035793,31.24018509137009,31.421350115685225,31.61744944473953,31.82872343543662,32.05532567012662,32.297352082514266,32.555086063588426
1024.0,30.08734067540378,30.092933658856676,30.109730211497723,30.137790167175226,30.17721252364722,30.228135687680286,30.290737336426762,30.36523407247885,30.451880676176067,30.550968586973923,30.662823058358654,30.787798256772206,30.926269478831106,31.078621727230217,31.245234196899297,31.426460835537814,31.622608148941254,31.83391369660778,32.0605381799531,32.302625801374724,32.560610727278714
1025.0,30.091712306708683,30.097309223089447,30.114117569911627,30.142197165174128,30.181646978432312,30.23260536801135,30.295249922016637,30.36979707212439,30.45650127544997,30.55565339111257,30.667577698104942,30.79262683900836,30.931173893194664,31.083600864390352,31.25028319084661,31.431570529184565,31.627765292045687,31.83910393475948,32.06575982162581,32.30793407223319,32.56619746589288
1026.0,30.096087298385694,30.101688146152856,30.118508282465363,30.146607509016018,30.186084765508866,30.23707835771433,30.2997657765262,30.374363268918124,30.4611249483782,30.560341067025846,30.67233489898828,30.797457534265025,30.93607981612362,31.088580751325676,31.255332063863136,31.436679274096605,31.63292128850727,31.844295528813138,32.07099317170346,32.31327682667916,32.57183739652193
1027.0,30.10046564907183,30.1060704266611,30.12290234765616,30.151021196824832,30.190525882115708,30.2415546523128,30.304284892616234,30.378932651300307,30.465751677865292,30.565031591221135,30.677094631240962,30.80229030816555,30.940987212506123,31.09356136048859,31.260380820378913,31.441787194946823,31.638076653291254,31.84948985668091,32.07624018256171,32.31865324696047,32.57752413507471
1028.0,30.10484735738469,30.11045606319674,30.127299763913634,30.15543822659976,30.19497032529512,30.246034247060162,30.30880726262284,30.383505207379596,30.470381446556086,30.569724940121684,30.68185686530308,30.80712512699504,30.94589604889203,31.09854266950257,31.26542948245634,31.446894464929176,31.643231973252142,31.854688223175337,32.081502283651766,32.32406218657181,32.5832529153944
1029.0,30.109232421914257,30.1148450543027,30.131700529592404,30.15985859620931,30.19941809188971,30.250517136940974,30.313332878564793,30.388080924947168,30.47501423685579,30.574421090091366,30.686621571862258,30.81196195783031,30.95080629401872,31.1035246628118,31.27047809259857,31.452001302857322,31.648387878712164,31.85989182052977,32.086780489358986,32.32950238841996,32.58902005306127
1030.0,30.11362084121486,30.11923739847442,30.136104642964952,30.16428230338576,30.2038691785397,30.255003316672685,30.317861732151197,30.392659791490892,30.479650030950147,30.57912001746233,30.69138872190968,30.81680076872778,30.955717919451608,31.108507333258117,31.275526715298962,31.457107967441907,31.6535450186969,31.865101711564307,32.09207549441112,32.33497259478945,32.59482261109833
1031.0,30.118012613797244,30.123633094152158,30.14051210221471,30.168709345719897,30.208323581680617,30.2594927807078,30.322393814789386,30.39724179420959,30.48428881082629,30.583821698567565,30.69615828681709,30.821641528968733,30.960630900290425,31.113490683430175,31.28057543736024,31.46221475005375,31.658704041127496,31.870318827238602,32.097387751710784,32.34047159980676,32.60065818603822
1032.0,30.122407738120835,30.12803213971349,30.144922905429436,30.173139720656145,30.212781297541415,30.2639855232364,30.326929117593124,30.401826920027613,30.488930558295063,30.588526109780602,30.700930238437696,30.826484209354085,30.965545215886767,31.11847472668455,31.28562436715935,31.46732196699996,31.66386557802258,31.87554397258583,32.10271753321135,32.34599827167861,32.6065247671722
1033.0,30.126806212586164,30.132434533466043,30.149337050594823,30.177573425488024,30.217242322142983,30.268481538189068,30.331467631391128,30.406415155609942,30.493575255015692,30.59323322756424,30.70570454923167,30.831328782535333,30.970460850522194,31.123459487792605,31.290673633100518,31.472429952025916,31.669030235147645,31.8807778369895,32.10806497642933,32.351551559354284,32.61242064127491
1034.0,30.13120803552749,30.136840273640377,30.15375453558842,30.182010457353936,30.221706651297023,30.272980819240157,30.336009346735914,30.41100648737815,30.4982228825237,30.59794302852977,30.71048119241469,30.83617522336516,30.975377794005283,31.128445003211453,31.295723381509266,31.477539049480384,31.674198585320823,31.886021006246683,32.11343011952321,32.357130491448984,32.618344326259574
1035.0,30.135613205205644,30.141249358383185,30.158175358173786,30.186450813233314,30.2261742806053,30.277483359811452,30.340554253913204,30.415600901527622,30.50287342226297,30.602655489507363,30.715260142125985,30.84102350925032,30.980296042158283,31.133431321008988,31.30077377419661,31.482649608368806,31.67937116456729,31.891273974891657,32.118812927570836,32.362734171587135,32.624294523698225
1036.0,30.14002171980108,30.145661785750647,30.16259951599498,30.190894489943098,30.230645205459297,30.28198915307624,30.345102342951893,30.420198384046437,30.50752685562268,30.607370587627656,30.720041373610773,30.845873620490302,30.985215597176186,31.138418500492328,31.305824985883152,31.48776197737071,31.684548470399672,31.89653715793259,32.124213312197796,32.368361772340464,32.6302700839585
1037.0,30.144433577407156,30.150077553702083,30.167027006571313,30.19534148413455,30.23511942104022,30.286498191963823,30.349653603634852,30.424798920736315,30.512183163979596,30.612088300413678,30.724824863411175,30.8507255405877,30.990136467852146,31.14340661159801,31.310877201628898,31.492876500801376,31.689730961624246,31.901810901581815,32.129631146233024,32.37401252886837,32.63626997999365
1038.0,30.148848776023677,30.154496660093866,30.171457827292393,30.199791792290416,30.2395969223194,30.29101046916455,30.35420802551069,30.429402497236,30.51684232874597,30.616808605881705,30.72961058955923,30.85557925651916,30.99505866967206,31.148395734103673,31.31593061437313,31.497993515442083,31.6949190591981,31.907095492818698,32.13506627466299,32.37968573279765,32.64229328721456
1039.0,30.153267313550685,30.158919102673565,30.17589197541349,30.20424541072243,30.244077704059105,30.29552597713544,30.358765597906707,30.434009099047437,30.521504331422992,30.621531482649043,30.734398531765926,30.86043475895915,30.999982224787722,31.1533859567173,31.320985422653063,31.50311334813586,31.700113147774974,31.912391167772455,32.140518522834185,32.38538072657668,32.64833916773712
1040.0,30.15768918778249,30.163344879074394,30.180329448051197,30.208702335569168,30.2485617608138,30.300044708106466,30.363326309943222,30.438618711564853,30.526169153659477,30.626256910046433,30.739188671600647,30.865292042451944,31.004907161882347,31.158377376093483,31.32604182854143,31.50823631403671,31.70531357767133,31.9176981189916,32.14598770260746,32.39109689838319,32.654406857846034
1041.0,30.162114396402004,30.167773986809944,30.1847702421794,30.213162562794288,30.253049086931874,30.304566654087633,30.36789015054944,30.44323132010694,30.53083677731515,30.630984868232545,30.743980992656233,30.870151105530194,31.009833515944536,31.163370095818237,31.331100035821386,31.51336271540289,31.71052066705864,31.923016501704,32.15147361698414,32.39683367758627,32.66049565787025
1042.0,30.16654293697531,30.172206423269174,30.189214354625584,30.217626088185124,30.257539676557883,30.309091806876914,30.372457108480994,30.44784690995207,30.535507184527802,30.635715338308096,30.748775480695944,30.875011950780763,31.01476132796772,31.16836422539567,31.33616024840138,31.5184928408335,31.715734704245587,31.928346439184306,32.1569760635876,32.40259053072729,32.66660492389946
1043.0,30.170974806946568,30.17664218571171,30.193661782067437,30.222092907351698,30.26203352363538,30.313620158069156,30.377027172339304,30.452465466376463,30.54018035778327,30.64044830242708,30.753572123779456,30.87987458486046,31.01969064459183,31.1733598792621,31.34122266896197,31.523626964859627,31.720955949956895,31.933688027344452,32.16249483728413,32.4083669579697,32.672734060928825
1044.0,30.175410003633154,30.181081271263473,30.19811252102984,30.226563015726164,30.26653062191033,30.31815169906604,30.38160033059274,30.457086974694977,30.544856279987275,30.64518374390304,30.758370912366193,30.884739018465606,31.02462151770276,31.1783571758463,31.346287497819663,31.52876534781385,31.726184639547277,31.939041338655084,32.16802973215394,32.41416248996456,32.67888251712766
1045.0,30.179848524221164,30.18552367691258,30.202566567882187,30.231036408562694,30.27103096493524,30.32268642108717,30.386176571599677,30.461711420304304,30.54953493453795,30.64992164730834,30.76317183939502,30.889605266260375,31.029554004003746,31.183356236688713,31.35135493198907,31.533908235914176,31.731420985112063,31.944406425494616,32.17358054296912,32.41997668508075,32.68504977900431
1046.0,30.184290365761168,30.189969399505593,30.207023918836065,30.23551308093786,30.27553454607398,30.32722431518234,30.390755883633318,30.466338788728066,30.55421630539795,30.654661998564976,30.76797490034035,30.894473346769235,31.034488164570895,31.188357185627623,31.356425164422728,31.53905586150979,31.736665177472247,31.94978332301063,32.179147066296224,32.42580912695324,32.6912353672937
1047.0,30.188735525164304,30.1944184357441,30.211484569943362,30.23999302775152,30.280041358507432,30.331765372245037,30.39533825490824,30.47096906566339,30.55890037716515,30.659404785025615,30.772780093245093,30.899343282239094,31.039424064403285,31.19336014805647,31.361498383407838,31.544208443445797,31.7419173880231,31.955172051566933,32.18472910131194,32.43165942230824,32.697438833433864
1048.0,30.193183999198727,30.198870782181643,30.21594851709477,30.24447624372828,30.28455139523988,30.33630958302713,30.399923673608505,30.475602237028433,30.563587135140835,30.664149995544,30.77758741873169,30.90421509847662,31.04436177197615,31.198365250253516,31.366574772099696,31.549366187512593,31.747177770443294,31.96057261883874,32.19032645039873,32.437527199029084,32.70365975652687
1049.0,30.19763578448637,30.20332643522101,30.220415756018696,30.248962723419506,30.289064649106322,30.34085693815484,30.404512127917155,30.48023828901035,30.568276565394665,30.668897620534203,30.78239687999264,30.909088824665993,31.049301358803955,31.203372618782883,31.37165450817291,31.554529286952697,31.752446462266487,31.965985021609296,32.19593891957138,32.44341210443172,32.70989774070166
1050.0,30.202090877500076,30.207785391111898,30.22488628228068,30.253452461205992,30.29358111278063,30.345407428145826,30.409103606046852,30.484877208113158,30.572968654825484,30.673647652018406,30.78720848276231,30.913964493171953,31.054242899018735,31.208382379964377,31.37673776357311,31.559697923003586,31.757723586320722,31.971409247312852,32.20156631877334,32.44931380372296,32.7161524128129
1051.0,30.206549274561105,30.212247645949006,30.229360091283247,30.257945451301225,30.29810077878459,30.349961043427445,30.413698096271474,30.48951898120499,30.57766339121748,30.67840008366328,30.792022235272064,30.918842139332526,31.05918646896753,31.21339465940851,31.381824704353598,31.564872265460046,31.763009252042853,31.976845275362045,32.20720846207261,32.45523197861825,32.72242342042262
1052.0,30.21101097183704,30.216713195670508,30.233837178266302,30.262441687755356,30.30262363949786,30.354517774356005,30.418295586958365,30.494163595564263,30.582360763291142,30.683154910805158,30.796838148190588,30.92372180124536,31.064132146831735,31.218409581612374,31.386915490583117,31.57005247324331,31.768303556676305,31.982293078291722,32.212865167780365,32.4611663260994,32.72871043002166
1053.0,30.21547596534008,30.221182036056987,30.238317538308024,30.266941164459823,30.30714968716878,30.359077611236998,30.422896066600977,30.498811038924313,30.58706076074866,30.687912130464415,30.801656234551587,30.92860351955109,31.0690800122702,31.223427269611665,31.392010276312682,31.575238694967435,31.77360658636086,31.987752622746235,32.21853625851005,32.46711655729489,32.735013125455424
1054.0,30.21994425092578,30.22565416273082,30.24280116632632,30.271443875152695,30.31167891392607,30.36364054434611,30.427499523851658,30.503461299516076,30.591763374313533,30.692671741349667,30.806476509670773,30.933487337216583,31.074030146087015,31.228447844684112,31.397109209590937,31.580431069495777,31.778918417123226,31.99322387033305,32.22422156119075,32.47308239646826,32.741331206524855
1055.0,30.224415824292247,30.230129571156045,30.247288057080837,30.275949813424724,30.316211311791292,30.36820656395097,30.43210594755428,30.50811436610852,30.59646859576425,30.6974337438524,30.811298991054098,30.938373299320563,31.078982629924425,31.233471426099438,31.402212432518997,31.58562972648252,31.784239115776842,31.99870677836189,32.2299209070457,32.479063580101936,32.74766438773834
1056.0,30.228890680979774,30.234608256638726,30.251778205175583,30.28045897272607,30.320746872692162,30.372775660333403,30.43671532677648,30.51277022804644,30.601176417962037,30.70219814003281,30.81612369829897,30.943261452843604,31.08393754598066,31.238498130911257,31.407320081337044,31.59083478689555,31.789568740738986,32.00420130048577,32.235634131544394,32.48505985606535,32.75401239719438
1057.0,30.23336881637101,30.239090214327828,30.256271605062114,30.28497134637376,30.325285588476504,30.377347823812133,30.441327650841263,30.517428875285503,30.60588683487271,30.706964933597654,30.820950652990163,30.948151846464082,31.088894976752204,31.243528073786454,31.41243228653607,31.596046363518347,31.794907342772703,32.00970738725767,32.241361074334826,32.491070982858,32.760374975577875
1058.0,30.237850225691588,30.24357543921663,30.260768251043338,30.289486927559803,30.329827450926906,30.381923044765717,30.44594290935773,30.52209029842424,30.610599841582815,30.71173412987093,30.825779878591877,30.953044530361378,31.09385500479966,31.24856136686791,31.41754917298917,31.60126456142939,31.800254965660585,32.01522498661466,32.247101579161075,32.49709672891915,32.76675187525579
1059.0,30.242334904011308,30.24806392614469,30.26526813727794,30.294005709359993,30.334372451775923,30.386501313655586,30.450561092250716,30.52675448873291,30.615315434310208,30.716505735758204,30.83061140033733,30.957939556027263,31.098817712536157,31.253598119666737,31.42267086009776,31.60648947845829,31.8056116468168,32.020754044299316,32.25285549377036,32.50313687199698,32.7731428594598
1060.0,30.246822846245845,30.252555669800373,30.269771257785404,30.298527684743323,30.338920582721798,30.391082621049062,30.45518218978921,30.531421438179162,30.620033610409383,30.721279759705386,30.835445245117057,30.962836976086184,31.103783182037198,31.25863843898046,31.42779746194874,31.61172120561844,31.810977417843226,32.02629450422703,32.25862266981266,32.5091911985708,32.77954770154564
1061.0,30.251314047159024,30.257050664723927,30.274277606451644,30.30305284658201,30.343471835444575,30.395666957642188,30.459806192613318,30.536091139450406,30.6247543683718,30.72605621165279,30.840281441366976,30.967736844124868,31.10875149487059,31.263682428833945,31.432929087479327,31.616959827516315,31.816352305035082,32.03184630880644,32.26440296273544,32.515259503321,32.78596618432006
1062.0,30.255808501365642,30.26154890531117,30.278787177035255,30.307581187662088,30.348026201622556,30.40025431428223,30.4644330917597,30.540763585972933,30.62947770782159,30.73083510298516,30.845120018957108,30.972639214531558,31.113722731945234,31.268730190440195,31.43806584064693,31.62220542273791,31.82173632984086,32.03740939921917,32.27019623167554,32.521341588641725,32.792398099427885
1063.0,30.260306203334864,30.266050385817728,30.28329996317431,30.31211270069451,30.352583672949,30.404844681989754,30.46906287868535,30.54543877192781,30.634203629506924,30.735616446478407,30.84996100908176,30.97754414234493,31.118696973377414,31.273781822178282,31.443207820601724,31.62745806421295,31.827129509280933,32.04298371566421,32.27600233934959,32.52743726419211,32.79884324679225
1064.0,30.264807147394208,30.270555100363865,30.287815958393775,30.31664737832673,30.357144241148944,30.409438051980135,30.47369554528959,30.550116692263604,30.638932135287458,30.740400256243735,30.854804444151764,30.982451683112746,31.12367429837327,31.278837419586203,31.4483551218602,31.632717819557723,31.83253185632884,32.048569197571474,32.28182115194425,32.53354634648225,32.805301434102475
1065.0,30.269311327734084,30.27506304293989,30.292335156113424,30.321185213154713,30.36170789799613,30.414034415684398,30.478331083934314,30.554797342706035,30.64366322811817,30.745186547669693,30.85965035768936,30.987361892760063,31.128654785126223,31.28389707536644,31.453507834478167,31.6379847513974,31.837943380258764,32.05416578378861,32.28765253900719,32.53966865849065,32.81177247634441
1066.0,30.273818738412928,30.279574207412114,30.296857549656316,30.32572619773528,30.366274635329884,30.418633764769282,30.482969487462316,30.55948071976467,30.64839691202999,30.74997533736279,30.864498784226132,30.992274827466776,31.13363851072809,31.288960879402442,31.45866604422205,31.643258917668845,31.843364086962445,32.059773412744256,32.293496373339494,32.545804029310126,32.81825619536886
1067.0,30.27832937336288,30.284088587529375,30.301383132257744,30.330270324598793,30.370844445071896,30.423236091156486,30.487610749213786,30.564166820736826,30.653133192107532,30.754766643087123,30.869349759204336,30.99719054355425,31.138625551092723,31.294028918784328,31.463829832737478,31.648540371904865,31.848793979238415,32.06539202259083,32.29935253088998,32.5519522938196,32.82475241949434
1068.0,30.282843226396043,30.2886061769301,30.305911897074644,30.3348175862621,30.37541731924281,30.42784138704097,30.49225486304091,30.568855643708734,30.65787207446431,30.75956048370347,30.874203318881907,31.0021090973807,31.143615980891084,31.29910127784238,31.468999277714513,31.653829163500944,31.854233057056156,32.07102155132933,32.30522089065194,32.55811329237936,32.83126098314058
1069.0,30.28736029121124,30.29312696914986,30.310443837195432,30.33936797524166,30.37999324997859,30.432449644908292,30.496901823320584,30.57354718755424,30.66261356621578,30.764356879108302,30.879059500241326,31.00703054524494,31.148609873496703,31.304178038187015,31.474174453048878,31.659125337965424,31.85968131779754,32.076661936918455,32.3111013345624,32.564286870547775,32.837781726490014
1070.0,30.29188056140135,30.297650957629465,30.314978945650246,30.343921484066797,30.384572229546517,30.437060857550904,30.50155162496532,30.57824145193112,30.66735767545043,30.76915585017298,30.883918340902486,31.011954943298157,31.153607300940525,31.309259278754134,31.479355428998787,31.664428937154074,31.865138756477645,32.082313117369736,32.316993747404375,32.570472878817604,32.84431449517439
1071.0,30.2964040304611,30.302178135723484,30.3195172154215,30.348478105293072,30.389154250360857,30.441675018083384,30.5062042634323,30.582938437275214,30.67210441119936,30.77395741868354,30.88877987903962,31.01688234746325,31.15860833387427,31.31434507585484,31.48454227233707,31.66973999949004,31.870605365946854,32.087975030830634,32.32289801671195,32.57667117237015,32.85085913998433
1072.0,30.300930691795372,30.30670849670922,30.32405863945478,30.353037831515664,30.393739304998025,30.446292119956578,30.510859734730712,30.58763814479254,30.6768537834045,30.77876160728127,30.893644153302347,31.021812813361347,31.16361304154145,31.319435503228668,31.489735046498364,31.67505856017001,31.87608113707598,32.093647615656856,32.328814032678515,32.582881610845774,32.85741551659965
1073.0,30.305460538727914,30.311242033796102,30.328603210669982,30.357600655382733,30.398327386211303,30.45091215697062,30.515518035427377,30.592340576449555,30.681605802885787,30.783568439404338,30.898511202740835,31.026746396245134,31.16862149175528,31.324530632099588,31.49493381172126,31.68038465135751,31.881566058925877,32.09933081047522,32.33474168806798,32.589104058129514,32.86398348533862
1074.0,30.309993564510513,30.315778740135432,30.333150921972692,30.362166569608707,30.40291848694499,30.455535123286836,30.520179162650724,30.59704573496173,30.68636048130755,30.788377939230642,30.90338106673501,31.0316831509385,31.173633750882747,31.32963053123409,31.500138625185315,31.685718302364062,31.88706011890307,32.10502455423827,32.340680878129156,32.595338382150395,32.87056291092453
1075.0,30.31452976233254,30.320318608830494,30.33770176626572,30.366735566987437,30.407512600347985,30.460161013438494,30.524843114093244,30.601753623780613,30.691117831144275,30.793190131622097,30.908253784927826,31.03662313178216,31.178649883834186,31.33473526700083,31.50534954114293,31.691059539819094,31.89256330290251,32.11072878627143,32.34663150051313,32.60158445469351,32.87715366226795
1076.0,30.31906912533086,30.32486163294695,30.342255736460785,30.3713076404052,30.412109719786766,30.464789822340492,30.52950988801243,30.60646424707954,30.695877865646015,30.79800504207042,30.91312939716239,31.041566392584894,31.183669954057812,31.339844903431324,31.510566611046126,31.6964083878292,31.89807559543869,32.11644344631378,32.35259345519374,32.607842151223785,32.88375561226359
1077.0,30.323611646600018,30.32940780552348,30.3468128254903,30.375882782853477,30.4167098388577,30.469421545297877,30.53417948323033,30.611177609738114,30.700640598803552,30.80282269664458,30.918007943422992,31.046512986579906,31.188694023538563,31.34495950228127,31.515789883668248,31.70176486812755,31.90359697976612,32.12216847455301,32.358566644390876,32.61411135072053,32.890368637600304
1078.0,30.328157319202766,30.333957119582692,30.351373026319173,30.380460987441495,30.42131295139871,30.474056178013317,30.538851899131764,30.615893717325655,30.705406045313556,30.807643121939947,30.922889463779786,31.0514629663861,31.193722152800856,31.350079123092144,31.521019405220738,31.707129000214,31.909127437990087,32.12790381165533,32.36455097249676,32.62039193552193,32.8969926185833
1079.0,30.33270613618079,30.33850956814218,30.355936331956652,30.385042247408453,30.42591905150029,30.478693716593494,30.54352713566134,30.620612576083705,30.710174220543816,30.81246634502926,30.92777399833711,31.0564163839738,31.198754400914744,31.35520382325276,31.526255219465035,31.712500801486573,31.914666951168527,32.13364939879094,32.370546346004986,32.62668379117883,32.90362743896753
1080.0,30.33725809056564,30.343065144225726,30.360502735468135,30.38962655613544,30.430528133515757,30.483334157554467,30.54820519331928,30.625334192907765,30.714945140498735,30.8172923934154,30.932661587185205,31.06137329063467,31.20379082550507,31.360333658060537,31.531497367819778,31.71788028736484,31.920215499405806,32.139405177655426,32.37655267344228,32.632986806316964,32.9102729858015
1081.0,30.34181289318884,30.34762355867363,30.36507194778587,30.394213624956,30.435139909869847,30.487977215625016,30.552885790955195,30.63005829312734,30.719718539584136,30.82212101278503,30.937551988154315,31.066333454754417,31.208831200562244,31.365468398581218,31.536745607262375,31.723267189204726,31.925772779738054,32.14517080828671,32.382569515954,32.639297763945144,32.91686339115176
1082.0,30.346370254933824,30.35218452239479,30.369643679961314,30.39880316540803,30.439754093308327,30.492622605990768,30.557568648002587,30.63478460272719,30.724494152814295,30.8269519492058,30.94244495901362,31.071296644030884,31.213875298697044,31.370607813949643,31.54199969266693,31.72866123657067,31.93133848519563,32.15094586295682,32.38859501456906,32.645601415937925,32.92336077826848
1083.0,30.35093016892179,30.356748028552666,30.37421792535114,30.403395171419096,30.44437067908071,30.497270326471163,30.56225376664629,30.63951313050193,30.72927199795329,30.831785231259293,30.947340539607065,31.076262907629133,31.218923173331106,31.375751953599334,31.54725965895563,31.734062437139755,31.936912554177468,32.15672985366411,32.3946261015507,32.651889374381966,32.92978937673269
1084.0,30.355492628308795,30.361314070362422,30.378794677414305,30.407989637102553,30.44898966273348,30.501920375306824,30.566941149600282,30.64424388582154,30.734052093268218,30.83662088778701,30.952238769603284,31.08123229395067,31.223974876496655,31.38090086503873,31.552525538063723,31.739470785983304,31.94249484206734,32.16252194984448,32.40065969904565,32.65815795767154,32.93616467364167
1085.0,30.36005762629716,30.365882641102292,30.383373929723152,30.412586556767447,30.45361104011689,30.506572751160245,30.571630800099026,30.648976878610856,30.738834457497337,30.841458947852452,30.957139688462398,31.086204850617783,31.229030458828106,31.38605459361695,31.557797356753564,31.744886254260287,31.948085101484242,32.16832110763318,32.406693163525674,32.66440593206326,32.94249693841945
1086.0,30.36462515614677,30.370453734124848,30.38795567597428,30.41718592492798,30.458234807391058,30.511227453115744,30.576322721888104,30.65371211932893,30.743619109818937,30.846299440704964,30.96204333540466,31.091180624452548,31.234089969491798,31.3912131819345,31.56307513341556,31.750308779907215,31.95368298641761,32.1741261932192,32.41272438871438,32.67063330644006,32.9487932510077
1087.0,30.369195211186373,30.37502734286815,30.392539909999147,30.421787736312506,30.462860961031396,30.515884480678608,30.581016919214296,30.658449618948275,30.74840606982099,30.851142395745075,30.966949749379033,31.096159661439547,31.239153456014485,31.396376668895677,31.56835887460243,31.755738262400914,31.959288070012196,32.17993607387997,32.418751769818904,32.67684069188515,32.95505868786005
1088.0,30.373767784824757,30.379603460866786,30.397126625774412,30.42639198587202,30.4674894978334,30.52054383377355,30.585713396815084,30.663189388934125,30.75319535747152,30.855987842490755,30.97185896902843,31.10114200665952,31.244220963989886,31.401545088507188,31.57364857197217,31.761174561734457,31.96489986755132,32.18574967581487,32.4247741222751,32.68302896423621,32.96129702856183
1089.0,30.3783428705618,30.38418208176268,30.401715817431928,30.43099866878821,30.472120414916755,30.52520551274248,30.59041215990774,30.667931441223704,30.757986993089535,30.860835810543612,30.97677103264726,31.106127704183162,31.24929253666756,31.406718468578706,31.57894420006779,31.76661750077701,31.97051785927799,32.19156601581698,32.43079059519903,32.68919908903014,32.96751118593723
1090.0,30.382920461999348,30.388763199315747,30.406307479268442,30.43560778048098,30.476753709728865,30.52986951834164,30.595113214177935,30.672675788205517,30.76278099731631,30.865686329553508,30.98168597812693,31.111116796919248,31.25436821445,31.411896829481112,31.58424571510555,31.772066869895124,31.976141510280524,32.19738421477767,32.43680059482712,32.69535203324989,32.97370347418772
1091.0,30.387500552851943,30.393346807414282,30.410901605754947,30.440219316615487,30.481389380047744,30.534535851738163,30.59981656576804,30.67742244269863,30.76757739108645,30.87053942917999,30.986603842885337,31.116109326417472,31.25944803433718,31.417080183086863,31.589553054748748,31.777522432786892,31.981770286400494,32.203203499649135,32.44280372205696,32.70148872320194,32.979875780476114
1092.0,30.392083136957282,30.397932900085106,30.415498191545662,30.444833273108713,30.486027423984332,30.539204514506057,30.604522221265018,30.682171417931823,30.77237619559825,30.87539513904867,30.9915246637781,31.121105332632226,31.26453202936216,31.422268531972882,31.59486613872598,31.782983932705182,31.987403666120418,32.20902319868305,32.448799723591634,32.70761002664348,32.98602967780423
1093.0,30.39666820828647,30.402521471503448,30.420097231486633,30.44944964613551,30.490667839984255,30.54387550862169,30.609230187687974,30.6869227275224,30.777177432282556,30.880253488701094,30.996448476990803,31.126104853657974,31.2696202280585,31.427461868923075,31.600184870099305,31.788451098498147,31.993041148882362,32.21484273318491,32.454788454607666,32.713716747406515,32.992166501410765
1094.0,30.401255760953998,30.4071125160025,30.424698720623972,30.45406843213416,30.49531062682902,30.548548836458735,30.613940472475353,30.691676385454482,30.781981122769437,30.885114507536787,31.001375317913485,31.13110792544939,31.274712653992662,31.43266017673176,31.60550913697969,31.79392365011623,31.99868226047215,32.22066160783496,32.46076985059587,32.71980962623184,32.99828740196214
1095.0,30.405845789227435,30.41170602808267,30.429302654211682,30.458689627811488,30.499955783636697,30.553224500782655,30.618653083471617,30.696432406056402,30.786787288851936,30.889978224747036,31.00630522100023,31.136114581540184,31.27980932538506,31.437863428283997,31.61083881450588,31.799401303405368,32.00432655611733,32.22647940079993,32.46674390626353,32.725889344476435,33.004393383611095
1096.0,30.410438287536806,30.416302002420526,30.433909027719082,30.463313230147442,30.50460330986204,30.557902504744654,30.623368028913422,30.701190803976957,30.791595952446347,30.89484466924025,31.011238219617795,31.14112485277375,31.284910254833413,31.44307158687325,31.61617376693453,31.8048837741254,32.00997362187857,32.232295754315395,32.47271065977133,32.73195652894946,33.01048533193548
1097.0,30.41503325048367,30.42090043387735,30.43851783683783,30.46793923639923,30.509253205296165,30.56258285187512,30.628085317415106,30.70595159416015,30.796407135548566,30.899713869559644,31.016174345888107,31.146138767056925,31.29001544914326,31.44828460670953,31.621513849724685,31.810370781209834,32.01562307481625,32.238110366075325,32.478670180960066,32.73801175698835,33.01656403493659
1098.0,30.419630672849834,30.42550131750736,30.4431290774885,30.47256764410495,30.51390547006563,30.567265546076527,30.632804957953393,30.71071479181819,30.801220860186362,30.904585853794305,31.021113630529598,31.151156349145715,31.295124909263397,31.453502433570225,31.62685891153297,31.815862049327624,32.021274562312946,32.243922981557965,32.48462256254736,32.74405556134408,33.02263019915979
1099.0,30.424230549605728,30.430104648565546,30.447742745826794,30.477198451086785,30.51856010463107,30.571950591615725,30.637526959851133,30.71548041240242,30.80603714836758,30.909460649485233,31.02605610270228,31.156177620469215,31.300238630318596,31.4587250055485,31.63220879606436,31.821357310829836,32.02692776084286,32.24973338729818,32.49056791353241,32.75008843468683,33.02868446230627
1100.0,30.428832875918403,30.43471042251513,30.45235883824926,30.481831655453682,30.523217109785246,30.576637993115558,30.64225133275995,30.720248471572106,30.81085602202455,30.914338283528195,31.03100178986102,31.1612025989953,31.305356601728594,31.463952253859727,31.637563343746425,31.826856307171045,32.032582374403276,32.25554140505291,32.496506354244374,32.75611083366874,33.034727403265826
1101.0,30.433437647159177,30.43931863503464,30.45697735139863,30.48646725560355,30.52787648665058,30.581327755545807,30.64697808664173,30.725018985160965,30.815677502955154,30.919218782075372,31.03595071762076,31.166231299139465,31.310478807400397,31.469184103672546,31.642922393212316,31.832358789893377,32.03823813276395,32.26134688677623,32.5024380126172,32.76212318254288,33.04075955021594
1102.0,30.438044858910875,30.443929282024566,30.461598282168698,30.491105250225,30.532538236676096,30.586019884213293,30.651707231748727,30.729791969141434,30.82050161276119,30.924102170437823,31.040902909636774,31.171263731716152,31.31560522598019,31.474420474937933,31.64828578259037,31.837864521253998,32.04389478964375,32.26714971031041,32.50836302138319,32.76812587636697,33.046781387245034
1103.0,30.442654506974662,30.448542359613633,30.466221627708734,30.49574563829855,30.53720236163377,30.590714384751177,30.656438778602336,30.734567439586833,30.825328372784803,30.928988472990632,31.04585838750204,31.17629990393048,31.320735831151488,31.479661283195693,31.653653350606902,31.843373274567373,32.04955212088943,32.272949775700205,32.51428151595745,32.77411928383181,33.052793359830964
1104.0,30.447266587376514,30.45315786416463,30.470847385427497,30.500388419097337,30.541868863614226,30.595411263107316,30.661172737970436,30.739345412631554,30.830157804043786,30.93387771308255,31.05081717066325,31.181339819407142,31.32587059196698,31.484906440343455,31.659024937514076,31.84888483432344,32.0552099227059,32.27874700204372,32.52019363284422,32.78010374975696,33.05879587941872
1105.0,30.451881096373228,30.45777579227983,30.475475552996738,30.505033592187278,30.546537745021773,30.600110525531687,30.66590912084329,30.74412590442961,30.834989927166703,30.938769912951553,31.055779276356056,31.186383478252562,31.331009473202684,31.490155855357834,31.664400385858023,31.854398996133003,32.06086800996894,32.28454132480257,32.52609950843909,32.78607959729484,33.06478932728008
1106.0,30.456498030458054,30.462396140805968,30.480106128354247,30.50968115742669,30.551209008568726,30.604812178562806,30.670647938408106,30.748908931111835,30.83982476232861,30.943665093647667,31.060744719559594,31.191430877145926,31.3361524357247,31.495409434961427,31.66977954110368,31.859915566542654,32.06652621463821,32.29033269350306,32.53199927813281,32.79204712988018,33.070774057794374
1107.0,30.46111738636586,30.467018906838803,30.484739109706425,30.51433111496535,30.55588265726902,30.609516229013142,30.675389202022306,30.753694508742107,30.84466232918831,30.948563274963924,31.065713512969875,31.19648200945464,31.341299436860094,31.50066708423223,31.675162252133124,31.865434362753557,32.072184384279204,32.296121069769825,32.537893075645684,32.7980066329583,33.076750401257506
1108.0,30.465739161077888,30.471644087727185,30.48937449553034,30.518983465242954,30.560558694431027,30.61422268395352,30.6801329231856,30.758482653273038,30.849502646827855,30.953464475376222,31.070685666991018,31.20153686536978,31.34645043076515,31.50592870715457,31.68054837163361,31.87095521227177,32.07784238069685,32.301906425641675,32.543781032538824,32.80395837552072,33.082718666303116
1109.0,30.470363351826048,30.476271681076692,30.494012284575284,30.523638208986956,30.56523712364962,30.61893155069654,30.68487911351108,30.763273380501506,30.854345733695013,30.95836871199246,31.075661189743183,31.206595432057284,31.351605368785446,31.51119420711236,31.685937756390544,31.876477952511838,32.08350007867896,32.30768874212699,32.54966327786146,32.809902611473454,33.08867914200206
1110.0,30.474989956096746,30.48090168475278,30.498652475863803,30.52829534720979,30.56991794879744,30.623642836779013,30.689627784695457,30.768066706024484,30.859191607549292,30.963276000511172,31.080640087085737,31.21165769382104,31.35676419980356,31.51646348732669,31.691330267499225,31.882002430371013,32.089157364845455,32.3134680079626,32.55553993790305,32.81583958085914,33.09463209969298
1111.0,30.479618971634277,30.485534096883438,30.50329506869218,30.53295488120547,30.574601174015367,30.62835654994354,30.694378948488655,30.77286264519556,30.864040285412024,30.96818635518961,31.085622362654046,31.216723632274235,31.36192687057121,31.521736451240745,31.696725770507946,31.88752850178727,32.09481413659753,32.31924421854554,32.56141113602627,32.82176951095187,33.100577794586606
1112.0,30.48425039644368,30.490168915861368,30.507940062630354,30.537616812545465,30.579286803702207,30.633072698119236,30.699132616662983,30.777661213082528,30.868891783520873,30.97309978882108,31.090608017908316,31.22179322651587,31.367093326023628,31.527013002855504,31.702124135503485,31.8930560312914,32.10047030116008,32.32501737501223,32.567276992562405,32.82769261724026,33.10651646717836
1113.0,30.488884228793154,30.49480614034563,30.512587457521295,30.542281143073993,30.58397484250361,30.63779128940172,30.703888800982067,30.782462424426427,30.87374611728906,30.978016312721227,31.095597052192733,31.22686645330972,31.372263509574708,31.532293047019962,31.707525237148765,31.898584891560912,32.10612577471053,32.33078748344303,32.57313762475472,32.833609104312714,33.11244834449754
1114.0,30.49352046721593,30.499445769262774,30.517237253479767,30.54694787490257,30.58866529530025,30.642512332032457,30.708647513169836,30.78726629360231,30.878603301269493,30.982935936722694,31.10058946280336,31.231943287263316,31.377437363392108,31.537576489679783,31.71292895468109,31.90411496298133,32.11178048158696,32.33655455417428,32.57899314673889,32.83951916665643,33.11837364121655
1115.0,30.498159110511654,30.50408780180742,30.521889450890516,30.551617010403945,30.593358167195255,30.647235834377597,30.71340876487968,30.792072834582047,30.883463349123893,30.987858669177726,31.105585245063224,31.237023701005057,31.38261482865206,31.542863238088238,31.71833517187824,31.90964613321921,32.117434353568825,32.34231860120201,32.58484366955159,32.84542298938041,33.12429256063952
1116.0,30.502800157747213,30.508732237442306,30.52654405040586,30.556288552205316,30.598053463501056,30.65196180490635,30.71817256766407,30.796882060899396,30.88832627359691,30.992784516968015,31.110584392403155,31.24210766535781,31.38779584577393,31.548153200983148,31.723743776998706,31.915178296809646,32.123087329223814,32.34807964166453,32.59068930116064,32.8513207488712,33.130205295586514
1117.0,30.507443608257024,30.51337907589778,30.53120105294265,30.560962503180953,30.602751189725524,30.656690252169117,30.722938932944796,30.80169398561749,30.89319208649519,30.997713485521185,31.115586896447,31.24719514950768,31.392980354635043,31.55344628873344,31.729154662701315,31.920711354760282,32.1287393533148,32.35383769539259,32.596530146511306,32.857212613389,33.136112029187075
1118.0,30.51208946164278,30.51802831717068,30.53586045967865,30.565638866444136,30.60745135155762,30.66142118477541,30.72770787198402,30.806508621298956,30.898060798671253,31.002645578833206,31.120592747100023,31.252286121166954,31.398168294766343,31.558742413458585,31.734567725948782,31.92624521417302,32.134390376261244,32.3595927845179,32.602366307584596,32.863098743610706,33.142012935594494
1119.0,30.516737717772624,30.52267996152269,30.54052227204829,30.570317645338495,30.61215395485253,30.666154611371756,30.732479395856288,30.81132597997868,30.902932420012007,31.007580799496104,31.12560193263943,31.25738054673044,31.4033596055298,31.564041489124094,31.739982867898924,31.93177978788404,32.14004035365006,32.36534493313189,32.608197883464314,32.86897929312565,33.14790818063069
1120.0,30.521388376779743,30.527334009478086,30.545186491737823,30.574998843428784,30.61685900561636,30.670890540619652,30.737253515421692,30.816146073139357,30.907806959431714,31.01251914873027,31.13061443980597,31.262478391424636,31.408554226278433,31.569343431615856,31.745399993786744,31.937314994122406,32.145689245791,32.37109416698796,32.61402497041025,32.87485440888913,33.153797922369975
1121.0,30.5260414390604,30.531990461820886,30.549853120679895,30.579682464491068,30.62156650999052,30.675628981173727,30.742030241300238,30.820968911689825,30.912684424869095,31.017460626420746,31.135630253895837,31.267579619449364,31.413752096500023,31.574648158795945,31.750819012800005,31.942850756187084,32.15133701731255,32.376840513241405,32.61984766193554,32.880724231638034,33.15968231166895
1122.0,30.53069690527137,30.536649319591447,30.554522161047508,30.58436851250241,30.626276474235794,30.680369941660178,30.74680958384762,30.825794505946167,30.917564823288394,31.022405231156885,31.140649358852087,31.272684194111637,31.418953155945545,31.579955590542223,31.75623983795046,31.948387002142002,32.15698363679427,32.382584000221954,32.62566604888654,32.886588896272485,33.165561492648635
1123.0,30.535354776326802,30.54131058408245,30.55919361524744,30.58905699163009,30.63098890471623,30.685113430655658,30.7515915531324,30.830622865615577,30.922448160684038,31.02735296027477,31.145671737354995,31.277792077951712,31.42415734474336,31.58526564877388,31.761662385942586,31.953923664528723,32.16262907643216,32.38832465723476,32.63148021952413,32.89244853220693,33.17143560313412
1124.0,30.54001505339449,30.545974256834306,30.563867485913107,30.593747906220358,30.63570380788288,30.689859456666625,30.756376158914705,30.835453999782903,30.927334442088636,31.032303809901904,31.150697370910773,31.28290323286126,31.429364603500257,31.590578257464788,31.76708657704126,31.95946068009601,32.16827331173383,32.39406251438615,32.6372902596052,32.89830326369358,33.17730477505651
1125.0,30.544677737891575,30.55064033963002,30.568543775896877,30.598441260786824,30.640421190257513,30.69460802810929,30.76116341062651,30.840287916899797,30.932223671584026,31.03725777500365,31.155726239938225,31.288017620193845,31.434574873390336,31.595893342646352,31.772512334939556,31.964997989545605,32.173916321240725,32.399797602430894,32.64309625246396,32.90415321012102,33.183169134820986
1126.0,30.549342831479663,30.555308834489466,30.573222488261926,30.60313705999851,30.64514105841632,30.69935915329025,30.765953317353475,30.845124624776403,30.93711585231504,31.042214849430955,31.160758323853017,31.29313520086782,31.43978809623272,31.60121083240141,31.777939586627706,31.970535537293436,32.17955808627473,32.40552995263837,32.648898279092165,32.90999848629017,33.18902880364468
1127.0,30.554010336059406,30.55997974366314,30.577903626273578,30.60783530866758,30.649863418973723,30.704112840387822,30.770745887818443,30.84996413057542,30.942010986505736,31.047175025968986,31.165793601149232,31.298255935461892,31.445004214559095,31.606530656850445,31.7833682622639,31.97607327124552,32.18519859070687,32.41125959667523,32.65469641821794,32.915839202669844,33.194883897867335
1128.0,30.55868025376451,30.564653069625372,30.582587193390232,30.612536011736854,30.654588278566326,30.708869097434217,30.775541130366502,30.854806440808463,30.946909075477777,31.05213829638627,31.170832049478022,31.303379784303583,31.450223171671876,31.61185274813137,31.788798295047584,31.981611142587706,32.19083782074603,32.416986566502494,32.66049074638301,32.921675465633626,33.20073452923745
1129.0,30.563352586955226,30.56932881506705,30.587273193253854,30.61723917426712,30.659315643837083,30.713627932298518,30.78033905295168,30.859651561334594,30.951810119670725,31.05710465148403,31.17587364572319,31.308506707550933,31.45544491169391,31.617177040373843,31.79422962109573,31.987149105588507,32.19647576474589,32.42271089428537,32.66628133801786,32.92750737767987,33.206580805176394
1130.0,30.568027338211326,30.57400698288784,30.591961629680114,30.621944801424302,30.664045521419737,30.718389352670574,30.785139663125214,30.86449949736083,30.956714118663957,31.062074081145404,31.180918366073577,31.313636665267687,31.460669379610486,31.622503469669088,31.799662179322393,31.992687117414295,32.20211241302818,32.428432612314204,32.67206826551485,32.933335037636226,33.21242282902251
1131.0,30.57270451032459,30.578687576187974,30.59665250664817,30.62665289846652,30.66877791792359,30.72315336604578,30.789942968025365,30.86935025344454,30.961621071199975,31.06704657438435,31.185966186092212,31.318769617492354,31.46589652130436,31.627831974036013,31.80509591132182,31.99822513795604,32.20774775772102,32.434151752935215,32.67785159929908,32.93915854085,33.21826070025708
1132.0,30.577384106290825,30.583370598259588,30.601345828290153,30.631363470731127,30.673512839918633,30.727919979710816,30.794748974368733,30.87420383349762,30.966530975208887,31.07202211939392,31.191017080782157,31.32390552430142,31.471126283584493,31.63316249338426,31.81053076125535,32.00376312966695,32.213381792610754,32.439868348489924,32.68363140789699,32.9449779793657,33.22409451471392
1133.0,30.582066129301435,30.588056052577677,30.606041598880406,30.636076523621725,30.678250293921085,30.732689200730345,30.799557688443038,30.87906024079221,30.971443827833816,31.07700070359382,31.196071024649076,31.329044345867047,31.47635861420914,31.638494969474916,31.815966675742118,32.00930105741029,32.219014513006094,32.44558243126215,32.68940775800256,32.95079344209065,33.229924364773915
1134.0,30.586750582734613,30.59274394279067,30.610739822824456,30.640792062595235,30.68299028637942,30.737461035934658,30.804369116101295,30.883919477967897,30.976359625457093,31.08198231367699,31.20112799176055,31.33418604250963,31.481593461903817,31.643829345879297,31.82140360375372,32.01483888831676,32.22464591561355,32.45129403343175,32.69518071454129,32.95660501494974,33.23575033954597
1135.0,30.5914374701461,30.59743427271069,30.61544050464784,30.645510093149046,30.687732823660845,30.742235491908282,30.80918326275734,30.888781547040246,30.981278363726986,31.08696693565516,31.206187955802154,31.339330574745457,31.486830776374738,31.64916556793635,31.826841496512806,32.020376591650844,32.230275998423025,32.457003187034296,32.70095034073176,32.96241278103026,33.2415725250355
1136.0,30.596126795259657,30.602127046303487,30.620143648984765,30.65023062080828,30.692477912038306,30.74701257497956,30.814000133382628,30.89364644941051,30.98620003758486,31.091954554903218,31.211250890130383,31.344477903329867,31.492070508318157,31.65450358270901,31.8322803073956,32.02591413868545,32.23590476060275,32.46270992392599,32.70671669814498,32.968216820717466,33.24739100430148
1137.0,30.600818561957155,30.606822267678133,30.62484926056667,30.654953651113246,30.69722555767804,30.751792291211178,30.81881973250423,30.89851418587641,30.991124641292586,31.09694515620231,31.216316767822526,31.34962798929615,31.49731260942608,31.659843338939925,31.837719991838306,32.031451502584446,32.2415322024027,32.46841427575326,32.71247984676144,32.974017211821675,33.253205857603085
1138.0,30.60551277426846,30.611519941076462,30.62955734421068,30.659679189607065,30.70197576662767,30.756574646391595,30.823642064204005,30.903384756643863,30.99605216846004,31.101938723781593,31.22138556172354,31.35478079399047,31.50255703238874,31.66518478700675,31.843160507247333,32.036988658292444,32.247158325065726,32.4741162739264,32.71823984502601,32.97981402969757,33.259017162536736
1139.0,30.610209436360986,30.616220070862337,30.63426790480808,30.664407241823525,30.706728544804903,30.761359646027426,30.828467132118806,30.908258161339525,31.000982612072622,31.10693524135863,31.22645724449002,31.35993627910317,31.507803730894246,31.670527878877376,31.848601812913266,32.04252558243147,32.25278313074581,32.47981594959694,32.72399674990069,32.98560734735625,33.26482499416433
1140.0,30.61490855252912,30.620922661510743,30.638980947312728,30.669137813275217,30.711483897986778,30.766147295336683,30.833294939441718,30.913134399024067,31.005915964518664,31.111934692178316,31.231531788631408,31.365094406696606,31.513052659625643,31.67587256806518,31.854043869928464,32.048062253203994,32.25840662243279,32.485513333638174,32.72975061691531,32.99139723557059,33.27062942513337
1141.0,30.619610213954356,30.625627804367713,30.643696563500505,30.673870996212877,30.71624191857048,30.77093768601385,30.83812557569516,30.918013554977012,31.01085230438754,31.116937145821332,31.236609253319457,31.3702552260008,31.51830386102674,31.681218896355578,31.859486727879172,32.05359873707283,32.26402889065386,32.49120854339954,32.73550160763376,32.99718471879264,33.276450745047995
1142.0,30.624314511911223,30.630335590856056,30.648414845174678,30.67860688283094,30.721002698780627,30.77573090944165,30.842959129950763,30.922895713927975,31.01579170971341,31.12194267145699,31.24168969764105,31.375418786652073,31.523557378511875,31.686566906978815,31.86493043798722,32.05913510191638,32.26965002762826,32.49690172307941,32.74125031952508,33.00297451962054,33.282300635534064
1143.0,30.62902145099343,30.63504602570139,30.65313579739174,30.683345478493795,30.72576624389752,30.78052696992402,30.84779560407038,30.927780873308695,31.020734171238907,31.12695125111499,31.24677309386888,31.38058505194929,31.528813169694317,31.691916557804984,31.870374966311104,32.06467133091507,32.27527005055332,32.50259303526376,32.74699772100379,33.008769250154515,33.288171680599575
1144.0,30.633731035877787,30.639759113695956,30.6578594252252,30.68808678850017,30.73053255902383,30.785325871457623,30.852634999485666,30.93266903004322,31.025679679216225,31.131962866493517,31.251859414267653,31.385753985645525,31.534071193152233,31.697267808097056,31.875820280732043,32.07020741189537,32.280889002542004,32.50828274771724,32.75274478289534,33.01457007432727,33.29405915122909
1145.0,30.638443271313065,30.64447485968746,30.662585733754483,30.692830818072903,30.73530164907678,30.790127617729112,30.85747731720329,30.93756018056335,31.030628223432696,31.136977498990863,31.256948631123056,31.390925551962987,31.539331408425593,31.702620618558427,31.881266351586635,32.075743340763296,32.28650695866444,32.51397119363212,32.75849234180382,33.02037740237571,33.29995992163032
1146.0,30.643158162108836,30.649193268567934,30.667314728054038,30.697577572349086,30.74007351878104,30.794932212113096,30.862322557810764,30.942454320824282,31.03557979323582,31.14199512973564,31.26204071676887,31.396099715608248,31.54459377603145,31.707974951490066,31.886713152612817,32.08127912432658,32.29212402464766,32.51965873369467,32.764241068487216,33.026191261470075,33.30587184565697
1147.0,30.64787571312436,30.653914345262674,30.67204641318263,30.702327056370567,30.74484817266205,30.799739657670735,30.867170721482807,30.947351446320358,31.040534377557712,31.147015739615664,31.267135643612836,31.401276441791264,31.549858257509722,31.71333077105834,31.892160661979496,32.08681478186694,32.29774033138059,32.525345728089945,32.76999147887774,33.03201149267335,33.311793392186786
1148.0,30.65259592925752,30.658638094719272,30.676780794172874,30.707079275074886,30.74962561504003,30.804549957149,30.872021807988236,30.952251552100915,31.045491964938996,31.152039309305703,31.27223338416239,31.40645569625222,31.55512481550592,31.718688043641418,31.897608863192193,32.09235034541919,32.30335602782255,32.53103251871615,32.77574395908733,33.03783785473823,33.3177234278946
1149.0,30.65731881543384,30.663364521896803,30.68151787602099,30.711834233286602,30.754405850024465,30.809363112980517,30.876875816697233,30.957154632786125,31.05045254355209,31.157065819294434,31.277333911051617,31.4116374452996,31.560393413889656,31.72404673820633,31.903057745742917,32.097885859011974,32.30897127396356,32.53671941944379,32.781498792040026,33.04367007797031,33.3236610850448
1150.0,30.662044376595627,30.668093631755134,30.686257663676844,30.716591935709033,30.75918888150915,30.814179127283964,30.88173274658904,30.962060682582866,31.055416101224044,31.16209524991106,31.282437197070884,31.416821655861355,31.56566401790099,31.729406826668892,31.90850730545148,32.10342137721511,32.314586234688775,32.54240671196149,32.78725618103219,33.049507891399415,33.329605679083514
1151.0,30.66677261769124,30.67282542924442,30.691000162034253,30.721352386916394,30.763974713167766,30.81899800186498,30.88659259625999,30.96696969530052,31.06038262545901,31.16712758135214,31.28754321520037,31.422008295549134,31.570936594312627,31.734768284198186,31.91395754450517,32.10895696331592,32.320201074867704,32.54809464517131,32.79301626895631,33.055351035764886,33.33555665591714
1152.0,30.671503543664528,30.677559919294808,30.6957453759216,30.726115591346378,30.768763348449934,30.82381973821759,30.891455363931847,30.971881664366812,31.06535210346054,31.17216279370918,31.292651938648287,31.42719733273374,31.57621111159465,31.74013108944089,31.91940847124017,32.11449268737758,32.32581595568085,32.55378343665198,32.79877915334117,33.06119926904284,33.34151355723984
1153.0,30.676237159444465,30.68229710680635,30.700493310092725,30.730881553293127,30.77355479057779,30.828644337526065,30.896321047460408,30.976796582843622,31.070324522153904,31.177200866997534,31.297763340894075,31.432388736628614,31.581487540069254,31.745495224654082,31.924860099724427,32.12002862435538,32.33143103204521,32.55947327519393,32.80454489784818,33.067052368129296,33.34747599707596
1154.0,30.680973469934962,30.687036996639154,30.70524396921817,30.73565027690064,30.778349042543017,30.833471800667226,30.90118964434442,30.981714443442893,31.075299868208674,31.18224178118696,31.302877395736164,31.43758247737733,31.586765852045374,31.75086067574609,31.930312449204227,32.12556485237847,32.33704645094317,32.56516432377537,32.81031354094633,33.07291012861238,33.353443645456366
1155.0,30.685712480004952,30.691779593603798,30.709997357876723,30.740421766156558,30.783146107104322,30.83830212821318,30.906061151734708,30.986635238542675,31.080278128061796,31.187285516234052,31.307994077343608,31.442778526140927,31.592046021925963,31.75622743223277,31.935765543470993,32.13110145125256,32.342662350455576,32.570856722603146,32.816085102415464,33.07877236365952,33.35941621674603
1156.0,30.69045419447868,30.69652490245199,30.71475348054732,30.7451960248864,30.787945986785374,30.84313532043439,30.910935566443598,30.991558960203413,31.08525928794129,31.192332052116587,31.31311336031029,31.447976855181036,31.597328026283737,31.76159548712142,31.941219410194964,32.13663850120218,32.3482788593205,32.576550592009056,32.82185958820847,33.084638902556335,33.36539346108169
1157.0,30.695198618126255,30.701272927867556,30.71951234160125,30.749973056748157,30.792748683873157,30.847971377303192,30.91581288495462,30.99648560018451,31.09024333389076,31.19738136886961,31.318235219710374,31.453177437935427,31.60261184390394,31.766964836736648,31.94667408026173,32.14217608184745,32.35389609686967,32.58224603509832,32.82763699408614,33.090509589170466,33.37137515794214
1158.0,30.699945755654525,30.706023674457665,30.724273945294755,30.754752865227324,30.797554200416748,30.852810298497648,30.920693103432523,31.00141514996132,31.09523025179473,31.202433446622944,31.323359631153437,31.4583802490833,31.607897455794877,31.772335480502974,31.952129587137204,32.14771427139671,32.359514173225215,32.58794314011032,32.83341730833826,33.096384280472826,33.37736111121696
1159.0,30.70469561169816,30.7107771467444,30.729038295761946,30.759535453632306,30.802362538226493,30.857652083405764,30.92557621773363,31.006347600742576,31.10022002740484,31.207488265639636,31.328486570837864,31.46358526459842,31.613184845168515,31.77770742069793,31.957585966278028,32.15325314602925,32.36513318966742,32.59364198248852,32.83920051382518,33.10226284517452,33.3833511453529
1160.0,30.709448190811113,30.715533349156647,30.733805397008076,30.76432082509022,30.807173698873594,30.862496731130086,30.930462223416527,31.011282943488283,31.1052126463668,31.212545806354864,31.333616015601137,31.468792461789025,31.618473997394645,31.783080662187906,31.963043254597157,32.15879277944076,32.370753239107046,32.59934262667597,32.8449865895135,33.10814516249886,33.389345102292
1161.0,30.714203497458342,30.720292286022268,30.738575252903196,30.769108982543084,30.811987683690074,30.867344240492685,30.93535111575315,31.01622116892816,31.11020809424797,31.21760604941463,31.338747942965934,31.474001819324208,31.623764899932542,31.788455212156915,31.968501489989137,32.16433324252412,32.376374406614424,32.605045127662,32.850775511634126,33.11403112108886,33.395342839003284
1162.0,30.71896153600785,30.725053961560644,30.743347867176134,30.773899928744395,30.81680449376913,30.87219461004049,30.940242889740297,31.02116226758055,31.11520635656539,31.22266897571374,31.343882331181124,31.47921331724688,31.629057542244396,31.793831079836504,31.973960710915716,32.169874603160764,32.381996769971515,32.610749532308894,32.856567254557376,33.119920618041476,33.401344225467106
1163.0,30.72372231072308,30.729818379875535,30.74812324340885,30.77869366625609,30.8216241299659,30.87704783805105,30.945137540111507,31.026106229771813,31.120207418814054,31.227734566432428,31.349019159256997,31.484426936974103,31.634351915694623,31.799208276243107,31.979420956049672,32.17541692610062,32.38762040022397,32.616455880487045,32.8623617914552,33.125813558056386,33.40734914301049
1164.0,30.728485825755616,30.734585544948278,30.75290138503115,30.783490197445865,30.826446592898584,30.881903922538612,30.950035061349386,31.03105304565609,31.125211266495096,31.232802803071156,31.354158406994383,31.489642661285725,31.63964801343892,31.804586813927425,31.984882263973216,32.18096027291176,32.3932453622179,32.62216420604519,32.86815909480245,33.13170985268619,33.41335748291857
1165.0,30.733252085138233,30.73935546063133,30.757682295315785,30.788289524484913,30.831271882949963,30.886762861260685,30.954935447698315,31.036002705235397,31.13021788514375,31.23787366748314,31.359300055007413,31.494860474302627,31.644945830306575,31.809966706738965,31.990344672926227,32.18650470198394,32.39887171511178,32.62787453763957,32.873959136756035,33.137609419675556,33.419369145265904
1166.0,30.73802109277827,30.744128130642178,30.762465977373864,30.793091649346007,30.83610000026932,30.89162465172491,30.95983869317753,31.040955198379912,31.135227260356725,31.242947141904214,31.364444084740008,31.500080361455883,31.65024536267907,31.815347969607732,31.995808220599255,32.19205026857295,32.404499512858095,32.63358689944285,32.879761889440935,33.14351218237784,33.42538403792497
1167.0,30.742792852451377,30.74890355855756,30.767252434150688,30.797896573801964,30.84093094477472,30.89648929119637,30.96474479159457,31.045910514848366,31.140239377818776,31.24802320897981,31.36959047847619,31.505302309448272,31.655546608367505,31.82073061834406,32.001272943966065,32.19759702487521,32.41012880465185,32.63930131175086,32.88556732516494,33.1494180692391,33.43140207571891
1168.0,30.74756736779559,30.753681747808095,30.772041668421895,30.80270429942452,30.8457647161557,30.90135677670525,30.969653736558975,31.050868644308398,31.145254223328276,31.25310185178878,31.37473921934462,31.5105263062095,31.660849566491013,31.826114669456857,32.006738879150724,32.203145020124076,32.415759635345225,32.645017791502745,32.8913754165786,33.15532701334058,33.437423179692814
1169.0,30.752344642305765,30.758462701673214,30.776833682790024,30.80751482758353,30.850601313876307,30.906227105054846,30.974565521496288,31.05582957635672,31.15027178282153,31.258183053864055,31.37989029131766,31.51575234084645,31.666154237357823,31.831500139990002,32.01220606132458,32.208694300701104,32.421392045828824,32.65073635272727,32.89718613679303,33.16123895199217,33.443447276483234
1170.0,30.75712467932837,30.76324642327648,30.781628479681405,30.812328159446587,30.855440737178544,30.911100272829948,30.979480139662193,31.060793300539046,31.155292042395693,31.263266799209973,31.385043679205513,31.520980403589714,31.67146062235029,31.836887047376308,32.01767452462867,32.21424491025686,32.42702607338075,32.65645700692681,32.90299945946515,33.167153826369955,33.44947429776967
1171.0,30.76190748205663,30.76803291558128,30.786426061343448,30.817144295978988,30.860282985086155,30.91597627640551,30.984397584156792,31.06575980636954,31.160314988330157,31.268353072316422,31.39019936864587,31.526210485737458,31.67676872381485,31.842275409308026,32.0231443021179,32.219796889837305,32.432661751985336,32.662179763408,32.90881535885768,33.173071581192644,33.45550417979504
1172.0,30.76669305352601,30.772822181386832,30.791226429842276,30.821963237944097,30.865128056408793,30.92085511195559,30.98931784793892,31.070729083349786,31.165340607106266,31.27344185816981,31.395357346089664,31.531442579597634,31.682078544957626,31.8476652436229,32.02861542572339,32.22535027801248,32.43829911262346,32.667904629567275,32.914633809879746,33.17899216443158,33.46153686294454
1173.0,30.771481396610113,30.777614223324612,30.796029587060733,30.82678498590403,30.869975949746504,30.92573677546257,30.994240923840465,31.07570112098708,31.170368885425315,31.278533142260976,31.400517598783388,31.53667667842942,31.6873900897461,31.853056568204558,32.034087926230015,32.2309051110051,32.44393818353663,32.67363161113765,32.92045478811228,33.18491552705045,33.46757229137408
1174.0,30.776272514016892,30.782409043855097,30.800835534696766,30.831609540220768,30.87482666349455,30.93062126272658,30.99916680458056,31.08067590881202,31.175399810224757,31.283626910590264,31.405680114748538,31.541912776384564,31.692703362817078,31.858449400896077,32.03956183326661,32.23646142281733,32.44957899046693,32.67936071240263,32.92627826982191,33.19084162277098,33.47361041268135
1175.0,30.781066408285238,30.7872066452649,30.805644274262164,30.83643690105755,30.879680195848547,30.935508569375056,31.004095482779647,31.085653436395262,31.180433368692633,31.288723149669888,31.41084488275866,31.547150868449283,31.698018369391114,31.863843759425446,32.0450371753064,32.242019245354356,32.45522155687491,32.6850919363818,32.93210423196579,33.19677040786155,33.47965117761338
1176.0,30.785863081781926,30.792007029664262,30.81045580708166,30.841267068380684,30.884536544809887,30.940398690872488,31.009026950973276,31.090633693363397,31.185469548280203,31.29382184652379,31.416011892314444,31.552390950387228,31.703335115193276,31.86923966134184,32.05051397967589,32.24757860854393,32.4608659041374,32.69082528499228,32.93793265218961,33.20270184094603,33.485694539805735
1177.0,30.79066253669895,30.7968101989849,30.81527013429239,30.846100041961638,30.889395708191415,30.94529162253021,31.013961201625655,31.095616669413896,31.19050833671282,31.298922988685266,31.421181133617306,31.557633018683898,31.708653606380178,31.874637123961566,32.0559922725705,32.253139540451194,32.46651205172702,32.69656075918924,32.94376350882036,33.208635882830606,33.49174045554922
1178.0,30.795464775051176,30.801616154978216,30.820087256843713,30.85093582137948,30.894257683623373,30.950187359516246,31.01889822714282,31.100602354329073,31.195549721999093,31.304026564192494,31.426352597541857,31.56287707049285,31.71397384947303,31.880036164322654,32.061472079075465,32.25870206738842,32.4721600173752,32.7022983590886,32.949596780855174,33.21457249634645,33.497788883580384
1179.0,30.800269798674407,30.806424899213887,30.824907175497366,30.85577440602363,30.899122468559515,30.95508589686516,31.023838019885417,31.105590737989047,31.200593692438396,31.309132561582256,31.43152627560758,31.56812310358393,31.719295851296515,31.885436799147108,32.06695342319097,32.26426621401946,32.477809817220155,32.708038084074175,32.95543244794724,33.22051164620656,33.50383978489308
1180.0,30.805077609223765,30.81123643307878,30.829729890827977,30.860615795096912,30.90399006028347,30.959987229487876,31.02878057218105,31.110581810383675,31.20564023662681,31.314240969882047,31.43670215995004,31.573371116293725,31.724619618923093,31.89083904480996,32.07243632786039,32.269832003458774,32.48346146594136,32.713779932891455,32.96127049038963,33.2264532988753,33.50989312256835
1181.0,30.809888208172453,30.81605075777623,30.834555403223895,30.865459987618866,30.90886045591521,30.964891352181386,31.033725876336117,31.11557556162347,31.21068934346156,31.31935177860073,31.441880243291898,31.57862110747833,31.729945159622556,31.896242917314297,32.07792081500093,32.275399457365154,32.48911497688174,32.71952390372979,32.96711088909761,33.23239742244916,33.51594886162052
1182.0,30.814701596810863,30.820867874325693,30.83938371288835,30.870306982429355,30.91373365241769,30.969798259638385,31.03867392464717,31.120571981949496,31.215741002144078,31.32446497771804,31.44706051891395,31.58387307646853,31.735272480816384,31.90164843227152,32.08340690553587,32.2809685960301,32.49477036215882,32.72526999429448,32.97295362558996,33.238343986547704,33.522006968857674
1183.0,30.819517776246037,30.825687783562678,30.84421481984093,30.875156778192395,30.91860964660357,30.97470794645672,31.04362470941168,31.125571061742246,31.22079520218173,31.329580557673005,31.452242980626437,31.589127023027398,31.74060159003665,31.907055604886267,32.08889461942788,32.286539438461105,32.50042763276582,32.73101820187017,32.9787986819697,33.24429296221354,33.52806741275476
1184.0,30.824336747401464,30.830510486139087,30.849048723919356,30.880009373400217,30.923488435142023,30.979620407148673,31.048578222938282,31.130572791529566,31.225851933388356,31.334698509351544,31.457427622740738,31.59438294731034,31.745932494889132,31.91246444994521,32.09438397571303,32.29211200246001,32.506086798663794,32.73676852337653,32.98464604090454,33.25024432182055,33.53413016333808
1185.0,30.829158511017216,30.835335982523823,30.85388542478156,30.884864766377543,30.92837001456559,30.98453563615001,31.05353445755642,31.135577161993584,31.230911185883706,31.339818824073394,31.46261444004162,31.59964084982755,31.75126520302028,31.917874981809444,32.09987499253493,32.29768630469655,32.51174786886552,32.74252095541732,32.99049568560724,33.25619803898946,33.54019519207978
1186.0,30.833983067650415,30.840164273003747,30.858724921908,30.889722955286047,30.93325438127707,30.989453627828823,31.058493405625395,31.14058416397675,31.23597295009187,31.344941493578457,31.467803427760167,31.60490073140881,31.7565997220878,31.92328721440978,32.10536768717886,32.30326236077745,32.517410851512025,32.74827549432362,32.99634759981606,33.26215408851005,33.54626247180145
1187.0,30.838810417676022,30.844995357684923,30.86356721460429,30.894583938128992,30.938141531556383,30.994374376494072,31.063455059542843,31.14559378848699,31.24103721673878,31.350066510012763,31.47299458154746,31.610162593170593,31.76193605973447,31.928701161244664,32.11086207610559,32.30884018531118,32.52307575394246,32.754032136191945,33.002201767775524,33.26811244626948,33.55233197658569
1188.0,30.843640561287938,30.849829236494188,30.868412302004057,30.899447712755986,30.943031461567433,30.999297876403865,31.068419411752604,31.150606026702008,31.246103976848907,31.355193865914146,31.478187897449118,31.615426436485375,31.76727422356501,31.9341168353803,32.116358174984605,32.31441979196867,32.528742582757864,32.75979087691789,33.00805817421756,33.27407308918601,33.558403681695076
1189.0,30.84847349850039,30.85466590918097,30.87326018307201,30.904314276867908,30.947924167364913,31.004224121773444,31.073386454752004,31.15562086997279,31.251173221741237,31.360323554197752,31.4833833718807,31.620692262953085,31.77261422112568,31.939534249452617,32.12185599872672,32.32000119354015,32.5344113438795,32.765551712225864,33.013916804343,33.28003599514775,33.56447756349751
1190.0,30.853309229149644,30.85950537531942,30.87811085660726,30.909183628021918,30.952819644901037,31.009153106782833,31.07835618109857,31.160638309826382,31.256244943024583,31.365455568141453,31.488581001604064,31.62596007437458,31.777956059886353,31.94495341567087,32.1273555615159,32.32558440198851,32.54008204260217,32.77131463769533,33.01977764380367,33.28600114295588,33.57055359939762
1191.0,30.858147752895952,30.864347634310764,30.882964321246824,30.91405576363654,30.957717890032185,31.014084825584188,31.083328583416154,31.16565833796793,31.261319132592376,31.370589901371268,31.493780783704686,31.631229872727058,31.783299747224923,31.950374345822542,32.13285687684012,32.33116942849909,32.54575468364308,32.777079648784024,33.025640678685,33.291968512272064,33.57663176777338
1192.0,30.862989069225808,30.869192685385933,30.887820575469302,30.918930680996866,30.962618898525456,31.0190192723088,31.088303654400526,31.170680946282094,31.26639578261692,31.375726547846885,31.498982715569923,31.636501660141324,31.78864529041372,31.9557970512794,32.138359957521395,32.33675628352641,32.55142927118656,32.78284674084846,33.031505895489154,33.29793808356956,33.58271204791765
1193.0,30.8678331774544,30.8740405276084,30.89267961759875,30.92380837725975,30.96752266606507,31.023956441073754,31.093281386824426,31.175706126833838,31.27147488554329,31.380865501847296,31.504186794868307,31.641775438880774,31.793992696607805,31.961221543004417,32.1438648157447,32.34234497683793,32.55710580892506,32.78861590916211,33.037373281118796,33.30390983808783,33.58879441998406
1194.0,30.87268007672837,30.878891159877266,30.897541445808685,30.928688849459082,30.97242918825866,31.028896325988267,31.098261773542077,31.18073387186866,31.276556434082835,31.386006757956668,31.509393019529757,31.647051211322037,31.799341972834984,31.96664783155951,32.14937146308596,32.3479355175549,32.56278430009686,32.794387148931406,33.04324282286143,33.30988375779026,33.59487886493691
1195.0,30.877529766028733,30.883744580930507,30.90240605812624,30.93357209451106,30.9773384606434,31.03383892115967,31.10324480749324,31.185764173812316,31.281640421206436,31.391150311050417,31.514601387726806,31.652328979937142,31.804693125987292,31.97207592711381,32.15487991053896,32.353527914190785,32.56846474752057,32.80016045530997,33.04911450837431,33.31585982532478,33.600965364504674
1196.0,30.882382244174057,30.888600789348445,30.907273452436403,30.938458109219468,30.982250478691984,31.038784220699053,31.108230481706748,31.190797025270044,31.286726840137515,31.396296156281622,31.519811897856748,31.65760874727715,31.81004616281389,31.977505839452473,32.16039016854119,32.35912217468708,32.57414715362693,32.80593582341112,33.05498832566999,33.321838023987155,33.60705390113688
1197.0,30.8872375098238,30.893459783557365,30.912143626486415,30.943346890280935,30.987165237818424,31.04373221872658,31.11321878930361,31.195832419025386,31.29181568434486,31.40144428906771,31.525024548524723,31.66289051595711,31.81540108991517,31.982937577985805,32.16590224699875,32.364718306446946,32.579831520487986,32.811713248319,33.06086426310237,33.32781833768672,33.613144457963976
1198.0,30.892095561481845,30.898321561833306,30.917016577890205,30.94823843429017,30.99208273338367,31.048682909376442,31.118209723499685,31.200870348038624,31.296906947535355,31.406594705077527,31.530239338527714,31.668174288642323,31.820757913737978,31.988371151758674,32.17141615531012,32.37031631636668,32.585517849844,32.81749272509833,33.06674230935337,33.33380075091433,33.61923701875999
1199.0,30.89695639750019,30.903186122305982,30.92189230413292,30.95313273774517,30.997002960701053,31.053636286801535,31.12320327760795,31.205910805444834,31.30200062364656,31.411747400218736,31.535456266839407,31.67346006803576,31.826116640571808,31.993806569460105,32.17693190238903,32.375916210865235,32.5912061431282,32.82327424880307,33.072622453420145,33.33978524871239,33.62533156790774
1200.0,30.901820016082784,30.908053462962833,30.92677080257552,30.958029797052347,31.00192591504154,31.058592345177768,31.128199445040348,31.21095378455166,31.307096706839314,31.416902370625635,31.540675332595917,31.67874785686656,31.831477276545893,31.99924383943297,32.18244949668629,32.38151799591183,32.59689640148954,32.82905781448399,33.078504684602784,33.3457718166468,33.6314280903664
1201.0,30.906686250346542,30.912923416710203,30.93165190551641,30.962929443588646,31.006851426695807,31.063550913765106,31.133198054366368,31.215999113893826,31.3121950265473,31.422059447704378,31.545896370139342,31.68403749293664,31.836839662684113,32.004682804740796,32.18796878126768,32.38712151210891,32.602588460870834,32.83484325225245,33.0843887883025,33.351758623864924,33.637488136834634
1202.0,30.911554933291608,30.917795816343787,30.936535445162296,30.967831508672727,31.011779325945298,31.068511821877475,31.138198934280368,31.221046622196546,31.3172954124358,31.427218463087748,31.551119213971262,31.68932881407734,31.842203639869734,32.01012330814366,32.19348959879959,32.392726599637435,32.60828215509016,32.840630340604946,33.09027371904696,33.35773680628886,33.643489617268116
1203.0,30.916426062733038,30.922670659480456,30.94142141856035,30.972735988497394,31.016709607994372,31.073475063813685,31.143202078529953,31.226096303300075,31.32239785932179,31.432379413551676,31.556343863668317,31.694621823068307,31.847569213772044,32.01556535703302,32.19901195642717,32.39833326182041,32.61397746157209,32.84641882249006,33.096157724046876,33.36370150841635,33.64944674080719
1204.0,30.92129963635439,30.92754794361195,30.94630982265217,30.97764287918371,31.021642268024067,31.078440633909842,31.148207480965826,31.231148151205815,31.32750236221592,31.43754229605394,31.561570318920293,31.69991652267889,31.852936389893173,32.02100895845101,32.20453586030965,32.40394149516692,32.619674309388564,32.85220824031311,33.10203904381521,33.36965062443255,33.65536860557453
1205.0,30.926175651712068,30.932427666109323,30.95120065427846,30.982552176785727,31.026577301196365,31.083408526542236,31.153215135542084,31.236202160073027,31.332608916315266,31.442707107723987,31.566798579519517,31.705212915659875,31.858305173552175,32.02645411892971,32.21006131430992,32.40955128273091,32.6253725676943,32.85799801148768,33.1079161719606,33.37558347821688,33.661261258927084
1206.0,30.931054106239728,30.937309824227455,30.956093910183665,30.987463877295134,31.031514702658267,31.088378736129936,31.158225036316257,31.241258324215362,31.337717516996197,31.447873845853124,31.572028645350482,31.71051100473133,31.86367556983263,32.03190084412334,32.215588318093445,32.415162588638786,32.6310720481243,32.86378750053487,33.11378791536886,33.381500118935556,33.66712888295011
1207.0,30.93593499725275,30.942194415109544,30.960989587020595,30.992377976645756,31.036454467545656,31.093351257137158,31.16323717744913,31.246316638097326,31.342828159807336,31.453042507884966,31.5772605163786,31.71581079256021,31.869047583470863,32.03734913823165,32.22111686507262,32.42077535499945,32.636772515170904,32.86957607229271,33.119653373318016,33.38740094675653,33.672974487695654
1208.0,30.940818321952722,30.947081435791663,30.965887681355017,30.99729447071796,31.041396590987002,31.09832608407538,31.168251553204332,31.25137709633062,31.347940840462616,31.458213091405757,31.58249419263623,31.72111228172031,31.87442121867271,32.04279900327553,32.226646940591344,32.42638950127849,32.64247369960066,32.87536312572031,33.125511890006386,33.39328651565097,33.67880032423047
1209.0,30.945704077431955,30.95197088320727,30.97078818967016,31.002213355342956,31.046341068106837,31.103303211505253,31.173268157947746,31.256439693670412,31.353055554834295,31.463385594134074,31.58772967420348,31.72641547462834,31.87979647886137,32.04825043831591,32.2321785206,32.43200492565185,32.648175311777706,32.881148112411225,33.131363003985705,33.3991574311082,33.684608136063964
1210.0,30.950592260678008,30.95686275419176,30.97569110837122,31.007134626306943,31.051287894029077,31.108282634038257,31.178286986146723,31.26150442501148,31.3581722989458,31.468560013909023,31.592966961181276,31.73172037345278,31.885173366371546,32.0537034387069,32.237711570921014,32.43762150768274,32.65387705327264,32.88693054448864,33.13720640343186,33.4050142985839,33.69039931590551
1211.0,30.955482868578198,30.96175704548696,30.980596433789746,31.012058279355145,31.056237063880147,31.113264346338205,31.183308032369137,31.266571285384245,31.36329106896414,31.473736348675978,31.59820605365445,31.737026979995772,31.890551882112838,32.05915799545603,32.24324604709165,32.44323911170888,32.65957862614747,32.89270999575474,33.14304188965654,33.41085769890963,33.6961750059854
1212.0,30.960375897924123,30.966653753745597,30.985504162188008,31.01698431019573,31.061188572791927,31.118248343122502,31.18833129128224,31.271640269950556,31.368411861191472,31.478914596468854,31.603446951643527,31.742335295551772,31.89593202522788,32.06461409473848,32.248781894701516,32.448857590458445,32.665279739891915,32.898486098910304,33.14886934856936,33.41668817787458,33.701936164061
1213.0,30.96527134541612,30.97155287553576,30.990414289763233,31.021912714503582,31.066142415904533,31.123234619163245,31.193356757651323,31.276711373999134,31.37353467205548,31.48409475538801,31.60868965504485,31.747645320749193,31.901313792769123,32.07007171758702,32.25431905011092,32.45447678856042,32.67098011627445,32.904258540737956,33.154688728874746,33.42250624311038,33.70768360809944
1214.0,30.970169207667734,30.976454407345287,30.995326812651808,31.026843487923944,31.07109858836892,31.128223169288102,31.19838442633816,31.281784592940536,31.378659498098095,31.489276823573114,31.613934163559833,31.75295705538281,31.906697179413683,32.07553083975839,32.25985744143176,32.46009654574428,32.676679492479174,32.91002705644785,33.16050002562964,33.428312364604224,33.71341804739477
1215.0,30.97506948121012,30.981358345586095,31.00024172693335,31.03177662607596,31.07605708534931,31.133213988381016,31.20341429229914,31.286859922301424,31.383786335962174,31.494460799170632,31.619180476614975,31.758270498245114,31.912082177230015,32.08099143176212,32.26539698966328,32.46571669962356,32.68237762290713,32.915791423901254,33.16630326792796,33.43410697689039,33.71914010483918
1216.0,30.979972162496395,30.98626468659848,31.005159028634733,31.036712124556022,31.081017902025454,31.138207071382666,31.2084463505831,31.291937357717988,31.388915182375772,31.499646680295996,31.62442859327502,31.76358564696427,31.91746877550455,32.08645345902859,32.270937609893735,32.47133708802759,32.688074279980974,32.921551458109306,33.17209850970248,33.43989048190029,33.72485033327803
1217.0,30.984877247905953,30.991173426655315,31.010078713733964,31.041649978941045,31.08598103359473,31.14320241329071,31.213480596328644,31.2970168949283,31.394046034133808,31.504834464990783,31.629678512152122,31.768902497855386,31.92285696063105,32.09191688218899,32.27647921249976,32.47695755089067,32.6937692542343,32.927307006203705,33.177885822858286,33.44566325195185,33.73054922780728
1218.0,30.98978473374868,30.99608456196619,31.01500077816401,31.046590184791565,31.09094647527402,31.14820000915976,31.218517024761045,31.30209852976344,31.399178888076975,31.510024151175624,31.6349302313139,31.77422104579024,31.92824671606146,32.0973816574392,32.28202170429426,32.4825779317343,32.69946235390842,32.933057942954804,33.18366529214155,33.45142563262634,33.73623723521872
1219.0,30.99469461626915,31.00099808868147,31.01992521781646,31.051532737654707,31.09591422230143,31.15319985410104,31.22355563118846,31.30718225813724,31.40431374106797,31.515215736599767,31.64018374819336,31.779541284089166,31.93363802231371,32.102847736961245,32.287564989590734,32.48819807879067,32.705153404226294,32.93880416684295,33.18943701129843,33.457177945422515,33.74191476139338
1220.0,30.999606891650696,31.00591400289628,31.02485202854515,31.056477633066997,31.1008842699378,31.158201943281703,31.22859641099747,31.312268076034556,31.40945058996517,31.520409218788387,31.645439059503214,31.784863204437205,31.939030857030183,32.108315069379096,32.293108971165225,32.49381784581989,32.71084224646954,32.94454559665189,33.19520108019417,33.46292049015092,33.7475821771866
1221.0,31.00452155601941,31.01083230065435,31.029781206169602,31.06142486655703,31.10585661346794,31.163206271923762,31.23363935964784,31.31735597949805,31.414589431594063,31.525604594988824,31.650696161156926,31.790186796825328,31.94442519507914,32.113783600229496,32.29865355110711,32.49943709267239,32.716528736949535,32.950282168535466,33.2009576026486,33.46865354706808,33.75323982318193
1222.0,31.00943860544808,31.015752977951845,31.03471274647837,31.06637443364795,31.110831248201677,31.168212835302565,31.238684472666435,31.322445964613415,31.419730262716733,31.530801862116935,31.65595504819818,31.79551204951642,31.949821008691192,32.119253272432,32.304198631557654,32.50505568564357,32.722212745936424,32.95601383350282,33.2067066848082,33.47437737876714,33.75888801358158
1223.0,31.01435803596,31.020676030741004,31.03964664523227,31.071326329859794,31.11580816947457,31.17322162874479,31.243731745640225,31.327538027493198,31.42487308000001,31.5360010167047,31.661215714740152,31.80083894903477,31.95521826762299,32.12472402674632,32.30974411533995,32.51067349766246,32.72789415658982,32.961740555267895,33.212448433921566,33.48009223184842,33.76452703942702
1224.0,31.0192798435327,31.025601454933746,31.044582898167466,31.076280550711584,31.120787372648373,31.17823264762592,31.248781174208375,31.332632164259255,31.43001787998259,31.541202054850118,31.666478153915396,31.806167480177216,31.960616939340767,32.13019580220824,32.315289906487344,32.51629040834995,32.73357286392,32.96746230841259,33.21818295741943,33.48579833839488,33.77015717129221
1225.0,31.024204024101564,31.0305292464051,31.049521500998388,31.081237091723278,31.125768853111126,31.18324588736713,31.253832754053413,31.337728371024056,31.435164659041817,31.546404972170283,31.67174235783674,31.811497626043693,31.96601698921718,32.13566853653797,32.32083591067896,32.52190630397666,32.73924877379769,32.97317907681837,33.22391036222584,33.49149591727635,33.775778661556515
1226.0,31.029130573563332,31.035459400996555,31.054462449420537,31.08619594841744,31.130752606276918,31.18826134343162,31.258886480891476,31.342826643870985,31.440313413360535,31.551609763758407,31.677008317569275,31.8168293680846,31.971418380735646,32.1411421665173,32.32638203559218,32.527521077345085,32.74492180202269,32.97889085232636,33.229630754245115,33.49718517530446,33.78139174633848
1227.0,31.03405948777949,31.04039191451927,31.059405739113096,31.091157116320733,31.13573862758527,31.193279011320314,31.263942350461747,31.347926978833915,31.445464138894557,31.55681642414533,31.682276023113133,31.82216268616245,31.97682107569732,32.146616628333526,32.33192819118166,32.533134627616086,32.75059187345668,32.98459763359188,33.2353442379833,33.50286630825752,33.78699664715332
1228.0,31.038990762579534,31.045326782757122,31.064351365741366,31.09612059096509,31.1407269125001,31.198298886566945,31.269000358515044,31.353029371876236,31.45061683134123,31.562024947265993,31.687545463396546,31.82749755862515,31.98222503442676,32.152091857889594,32.3374742898944,32.538746860095806,32.75625892122141,32.99029942510381,33.241050916272606,33.50853950179244,33.792593572343065
1229.0,31.043924393764083,31.05026400146966,31.06929932495903,31.10108636788867,31.145717456508297,31.203320964732548,31.274060500801745,31.35813381886962,31.45577148610945,31.56723532643107,31.69281662627853,31.83283396238853,31.987630215972988,32.15756779108089,32.343020246829774,32.54435768599582,32.761922885961475,32.995996236343935,33.24675089007511,33.51420493225807,33.798182718318024
1230.0,31.048860377107882,31.05520356639483,31.074249612410192,31.10605444263648,31.15071025511784,31.208345241399346,31.279122773059097,31.36324031557279,31.46092809829158,31.572447554303942,31.698089498560268,31.838171873025797,31.99303657830352,32.16304436403992,32.34856597985253,32.54996702217646,32.76758371516912,33.00168808106528,33.252444258347325,33.51986276742283,33.80376427064063
1231.0,31.053798708362617,31.060145473251605,31.079202223731237,31.11102481076074,31.155705303855495,31.213371712164086,31.284187170998035,31.368348857610453,31.466086662637426,31.577661622882985,31.7033640660044,31.84351126486185,31.998444078489538,32.16852151335055,32.35411140966617,32.555574790881124,32.773241362567674,33.00737497667144,33.25813111795179,33.52551316712728,33.809338404976415
1232.0,31.05873938325959,31.065089717742385,31.084157154552422,31.115997467820875,31.160702598264077,31.21840037263085,31.28925369028965,31.373459440452763,31.471247173530685,31.582877523489064,31.708640313361162,31.848852111070652,32.003852672880825,32.17399917623385,32.35965645985302,32.561180919467525,32.778895787549786,33.01305694368197,33.26381156360485,33.531156283870985,33.8149052879325
1233.0,31.0636823975122,31.070036295555227,31.08911440049926,31.12097240938323,31.16570213389927,31.223431218403363,31.294322326551395,31.37857205939538,31.47640962496786,31.588095246758037,31.7139182244005,31.854194383774036,32.00926231726972,32.17947729070769,32.365201056886804,32.56678534014031,32.78454695466629,33.01873400527112,33.26948568785215,33.536792263341745,33.82046507780003
1234.0,31.068627746818265,31.07498520236588,31.094073957193626,31.125949631020436,31.170703906326025,31.228464245076925,31.29939307533319,31.383686709540417,31.481574010539905,31.593314782638032,31.719197781949195,31.8595380541406,32.014672967043516,32.18495579572236,32.37074513012256,32.572387989688416,32.790194833161664,33.0244061868693,33.27515358106562,33.54242124489399,33.82601792521441
1235.0,31.07357542686214,31.079936433839606,31.09903582025464,31.13092912831042,31.17570791111456,31.233499448229942,31.304465932103557,31.388803385778363,31.486740323416548,31.59853612039116,31.724478967932065,31.864883092483524,32.0200845773252,32.19043463127449,32.37628861176814,32.57798880922956,32.795839396552054,33.0300735158181,33.28081533145652,33.54804336198234,33.83156397374452
1236.0,31.078525433316603,31.084889985632756,31.10399998529924,31.135910896835103,31.18071414383595,31.238536823415167,31.309540892235873,31.393922082771226,31.49190855633338,31.603759248599317,31.72976176341651,31.870229468356406,32.02549710310258,32.195913738501424,32.38183143684095,32.5835877439635,32.80148062224214,33.03573602107137,33.286471025101,33.553658742555484,33.83710336042065
1237.0,31.08347776184457,31.08984585339415,31.10896644794249,31.140894932178746,31.185722600057392,31.243576366150723,31.314617950994876,31.399042794936882,31.497078701581657,31.608984155173733,31.73504614865951,31.87557715064633,32.03091049934602,32.20139305975807,32.387373543113,32.58918474293526,32.80711849117725,33.041393732935745,33.29212074597473,33.55926750941484,33.842636216208824
1238.0,31.08843240810054,31.094804032766177,31.113935203797624,31.145881229925966,31.190733275337127,31.248618071910965,31.31969710352354,31.40416551643481,31.502250751000727,31.614210827367828,31.74033210315646,31.88092610766356,32.0363247211152,32.206872538678276,32.39291487104689,32.59477975880896,32.81275298752752,33.047046682845234,33.2977645759944,33.564869780541784,33.84816266643862
1239.0,31.093389367731824,31.099764519385683,31.118906248475767,31.150869785659427,31.195746165219045,31.253661936117247,31.324778344830424,31.40929024115326,31.50742469597304,31.619439251793047,31.745619605691164,31.88627630722748,32.04173972365538,32.21235212022243,32.39845536372487,32.600372747652635,32.818384098400955,33.052694903165154,33.30340259506406,33.57046566939703,33.85368283118994
1240.0,31.098348636379534,31.104727308884556,31.1238795775854,31.155860594957232,31.200761265227058,31.258707954128685,31.32986166977751,31.414416962697867,31.512600527421583,31.624669414437278,31.750908634386427,31.89162771674839,32.04715546248371,32.217831750712996,32.40399496677287,32.60596366873412,32.82401181358279,33.05833842702141,33.30903488112488,33.576055285194826,33.85919682564379
1241.0,31.103310209679282,31.109692396890086,31.12885518673151,31.160853653390006,31.20577857085925,31.263756121232944,31.334947073068733,31.41954567438176,31.517778235809597,31.629901300685457,31.756199166754808,31.896980303304947,32.0525718934661,32.22331137785945,32.40953362828106,32.61155248432796,32.82963612529854,33.063977288151726,33.31466151020713,33.58163873315485,33.86470476040117
1242.0,31.108274083261676,31.11465977902503,31.133833071514474,31.165848956517706,31.210798077581835,31.268806432637167,31.34003454923913,31.424676369217146,31.522957811142465,31.635134895342055,31.761491179749036,31.902334033717192,32.057988972885475,32.228790950774055,32.41507129872207,32.617139159533096,32.83525702799848,33.06961152077594,33.320282556483406,33.58721611473389,33.87020674177379
1243.0,31.11324025275249,31.11962945090741,31.138813227528637,31.170846499886167,31.215819780822986,31.273858883459038,31.345124092644777,31.429809039908406,31.52813924297157,31.64037018265509,31.7667846498118,31.907688874615012,32.06340665750175,32.23427041997957,32.42060793086805,32.62272366210106,32.84087451816152,33.075241159482886,33.32589809232252,33.59278752783936,33.87570287204968
1244.0,31.11820871377261,31.12460140815006,31.14379565036065,31.175846279023425,31.220843675966567,31.27891346871812,31.350215697453464,31.434943678846576,31.533322520399988,31.645607146341362,31.772079552924534,31.91304479250213,32.06882490460436,32.239749737410186,32.426143479707385,32.62830596227416,32.84648859411664,33.080866239131566,33.33150818834337,33.59835306702645,33.88119324973636
1245.0,31.12317946193768,31.129575646359854,31.148780335587517,31.180848289435794,31.22586975834581,31.28397018332743,31.355309357636212,31.440080278105274,31.53850763208983,31.650845769612644,31.777375864655028,31.918401753815658,32.07424367205782,32.24522885640642,32.43167790236166,32.633886032633484,32.85209925588016,33.086486794765065,33.3371129134684,33.60391282368041,33.88667796978409
1246.0,31.128152492857502,31.13455216113672,31.153767278774385,31.185852526603796,31.23089802323695,31.289029022085344,31.3604050669596,31.44521882943796,31.543694566271057,31.656086035202527,31.78267356020359,31.923759724981263,32.07966291834093,32.25070773170512,32.43721115800358,32.63946384795595,32.85770650500735,33.0921028615353,33.34271233497639,33.609466886185416,33.892157123791044
1247.0,31.133127802135142,31.139530948072352,31.158756475472106,31.190858985977897,31.235928465852922,31.294089979667902,31.365502818978936,31.45035932427648,31.54888331075165,31.661327925393753,31.787972614447668,31.929118672464185,32.0850826025802,32.256186319425126,32.44274320777617,32.645039385080196,32.863310344457055,33.09771447463741,33.34830651855419,33.61501534008127,33.897630800192445
1248.0,31.138105385365787,31.144512002748673,31.16374792121458,31.195867662974113,31.240961081337097,31.299153050621445,31.37060260703228,31.455501753730857,31.554073852928905,31.666571422045756,31.79327300198471,31.93447856281614,32.09050268457793,32.26166457704936,32.44827401471364,32.65061262278071,32.868910778468084,33.103321669252516,33.35389552834738,33.62055826820894,33.9030990844351
1249.0,31.14308523813535,31.14949532073605,31.168741611515852,31.200878552969492,31.245995864757095,31.30421822935574,31.37570442423531,31.460646108590193,31.559266179801774,31.671816506622264,31.798574697173294,31.939839362718363,32.09592312483548,32.267142463403964,32.45380354366421,32.65618354164976,32.87450781244627,33.108924480497926,33.35947942700956,33.62609575084596,33.90856205913878
1250.0,31.148067356018796,31.15448089759128,31.173737541867048,31.205891651297534,31.25103281109874,31.309285510137514,31.38080826347701,31.465792379324668,31.56446027798403,31.677063160218793,31.80387767417237,31.945201039020926,32.10134388457228,32.272619938634975,32.45933176121499,32.66175212398666,32.88010145286118,33.114522943383726,33.365058275750314,33.63162786583269,33.914019804245775
1251.0,31.153051734578252,31.159468728855312,31.178735707733114,31.210906953243537,31.25607191526017,31.31435488708448,31.385914117416167,31.470940556088543,31.569656133718187,31.682311363589886,31.80918190697862,31.950563558778555,32.10676492574078,32.278096964183014,32.464858635619194,32.667318353694,32.88569170715167,33.12011709277508,33.37063213438171,33.63715468869002,33.9194723971595
1252.0,31.158038369360863,31.164458810050796,31.183736104549396,31.2159244540399,31.261113172046116,31.319426354159834,31.39102197847868,31.47609062872406,31.57485373289003,31.687561097175948,31.81448736946189,31.9559268892831,32.11218621103794,32.28357350275639,32.47038413672569,32.672882216180284,32.89127858363935,33.125706963359576,33.376201061363325,33.642676292729334,33.924919912873456
1253.0,31.163027255896438,31.16945113667939,31.188738727718103,31.22094414886143,31.266156576162402,31.324499905167244,31.39613183885561,31.481242586766204,31.580053061043564,31.69281234112962,31.819794035398754,31.96129099809288,32.11760770391355,32.28904951830298,32.47590823591098,32.67844369826872,32.89686209144933,33.13129258961887,33.38176511384577,33.648192749155456,33.930362424091115
1254.0,31.16801838969489,31.174445704218908,31.19374357260462,31.225966032820658,31.271202122210646,31.329575533746336,31.40124369050197,31.48639641944821,31.585254103396387,31.698065075341557,31.825101878504153,31.96665585305908,32.12302936857568,32.29452497598115,32.4814309060136,32.684002788111684,32.902442240437615,33.13687400580436,33.38732434771274,33.65370412716296,33.93580000133771
1255.0,31.17301176624347,31.179442508120292,31.198750634533738,31.23099010096318,31.276249804683232,31.334653233368684,31.406357525136233,31.49155211570777,31.5904568448553,31.703319279465553,31.830410872461183,31.972021422349385,32.1284511699936,32.29999984213002,32.48695212127106,32.689559475110485,32.90801904112444,33.14245124591612,33.392878817621536,33.65921049402652,33.94123271306454
1256.0,31.178007381003834,31.1844415438044,31.203759908785795,31.23601634826308,31.281299617958524,31.339732997334277,31.411473334240476,31.496709664193848,31.59566127003208,31.70857493294294,31.835720990949074,31.977387674469053,32.13387307389846,32.30547408423934,32.49247185725913,32.695113749840225,32.9135925046331,33.14802434368502,33.39842857704223,33.66471191518568,33.946660625746404
1257.0,31.18300522940895,31.189442806658704,31.208771390592762,31.241044769618405,31.286351556296363,31.3448148187685,31.41659110906118,31.501869053274042,31.60086736325936,31.713832015026252,31.841032207669386,31.98275457827956,32.13929504678193,32.310947670919035,32.49799009083361,32.700665603979196,32.919162642633836,33.1535933325574,33.4039736782953,33.670208454324595,33.95208380397285
1258.0,31.188005306859825,31.194446292033817,31.213785075134286,31.246075359846742,31.29140561383384,31.349898690619593,31.421710840610604,31.507030271042403,31.606075108606518,31.719090504802033,31.84634449637048,31.988122103015037,32.144717055893175,32.31642057186871,32.50350680007444,32.706215030242774,32.92472946729217,33.15915824568212,33.40951417258793,33.675700173446906,33.957502310533535
1259.0,31.19300760872218,31.199451995239958,31.218800957533706,31.251108113680917,31.296461784581382,31.354984605656536,31.42683251966873,31.512193305327706,31.61128448989545,31.72435038121287,31.851657830870334,31.99349021829663,32.150139069234115,32.321892757847266,32.50902196423211,32.7117620223213,32.9302929912215,33.16471911589975,33.415050110048945,33.68118713294638,33.96291620649839
1260.0,31.198012130322915,31.204459911543307,31.22381903285407,31.25614302576482,31.301520062419097,31.360072556467465,31.431956136785697,31.51735814370202,31.61649549071632,31.729611623078522,31.856972185077748,31.99885889414492,32.15556105555348,32.32736420064264,32.51453556367637,32.71730657482183,32.93585322743948,33.170275975733546,33.4205815397624,33.68666939167337,33.96832555129284
1261.0,31.203019164781985,31.209470333997725,31.22883959392957,31.261180388484775,31.306580738928883,31.365162833293894,31.437081980120148,31.52252507132502,31.62170839227847,31.734874506951634,31.86228783084745,32.004228398826044,32.16098328217497,32.33283517087725,32.52004787768251,32.722848981048884,32.94141048716327,33.175829155217514,33.426108878503435,33.69215028777918,33.973799804006816
1262.0,31.208029005131397,31.214483555563675,31.23386293348429,31.26622049408834,31.311644105514066,31.370255726152646,31.44221033756526,31.5276943730758,31.626923475548402,31.740139309259828,31.867605040120978,32.00959900098334,32.16640601711174,32.33830594010116,32.52555918650803,32.72838953515731,32.94696508533354,33.18137907727239,33.431634042869085,33.69764585865186,33.9793788834568
1263.0,31.213041646504042,31.219499571296968,31.238889046320807,31.27126333687312,31.316710155589234,31.37535122702802,31.44734119894503,31.532866035754697,31.632140723457365,31.74540600851676,31.872923787136003,32.01497067183747,32.17182923124989,32.34377648295973,32.53106947366374,32.73392823680063,32.95251707746774,33.18692622869841,33.43716022618437,33.703164902891885,33.98503716292836
1264.0,31.218057083979325,31.22451837619435,31.243917927165775,31.276308911032608,31.32177888242718,31.380449327721248,31.45247455386779,31.538040045942136,31.637360118765468,31.75067458318919,31.878244046291208,32.02034338304205,32.17725289619196,32.34924677508596,32.53657872468109,32.73946509801165,32.958066606276844,33.19247145810995,33.44269063341321,33.70871125348418,33.990758244062945
1265.0,31.223075312579397,31.229539965189705,31.248949570666138,31.281357210652832,31.326850279156794,31.38555001985091,31.457610391730654,31.543216390008187,31.642581644076092,31.755945011713813,31.883565792160606,32.02571710669076,32.182676984275574,32.35471679337982,32.54208692946866,32.745000155188066,32.96361392254605,33.19801583951776,33.448228012062735,33.714286161306156,33.99653123670107
1266.0,31.22809632726537,31.234564333150285,31.253983971385463,31.286408229709195,31.331924338761254,31.390653294853706,31.462748701724244,31.548395054122178,31.64780528184999,31.76121727251328,31.888888999507483,32.0310918153315,32.18810146865815,32.36018651666177,32.54759408573568,32.750533478967824,32.96915938080461,33.20356054214475,33.45377454352394,33.71988956708006,34.00234861826417
1267.0,31.233120122933546,31.239591474872963,31.25902112380037,31.291461962063497,31.337001054076502,31.395759143985558,31.467889472837722,31.553576024262338,31.65303101441897,31.766491344011747,31.894213643299874,32.03646748199915,32.19352632350905,32.36565592670371,32.55310020269483,32.756065179802995,32.974703420587126,33.20910673435097,33.45933188079269,33.72552077722702,34.00820498199561
1268.0,31.23814669441169,31.244621385080542,31.264061022297074,31.296518401461185,31.342080417789983,31.40086755832305,31.473032693863995,31.558759286225417,31.658258823999365,31.771767204650402,31.899539698730965,32.04184408028038,32.19895152433102,32.37112500952706,32.558605304331756,32.761595409084336,32.98024654220614,33.21465552259835,33.464901234198244,33.73117881995793,34.01409629113762
1269.0,31.24317603645531,31.24965405841812,31.269103661168035,31.301577541528772,31.3471624224397,31.405978528765115,31.47817835340517,31.563944825636355,31.66348869270533,31.777044832904178,31.9048671412489,32.04722158442154,32.20437704840627,32.37659375680363,32.56410943178942,32.76712435669185,32.985789282693645,33.220207918025764,33.4704834627201,33.7368626299798,34.020019424943115
1270.0,31.24820814374402,31.254689489449532,31.274149034608765,31.30663937577149,31.352247060413497,31.411092046035048,31.483326439878155,31.569132627957913,31.668720602562363,31.782324207300984,31.910195946600595,32.05259996948602,32.20980287533974,32.38206216719478,32.569612644686266,32.77265224615626,32.99133219483866,33.225764822197135,33.47607915476352,33.7425711415933,34.02597189563247
1271.0,31.253243010877952,31.25972767265389,31.279197136714753,31.31170389757114,31.357334323948646,31.416208100682738,31.48847694152047,31.57432267850047,31.673954535521517,31.78760530644536,31.91552609089356,32.057979211560166,32.215228987658115,32.387530247497686,32.575115021392456,32.7781793285381,32.99687583042107,33.2313270250303,33.48168869405452,33.748303333106406,34.031951667256514
1272.0,31.25828063237426,31.2647686024222,31.284247961478542,31.316771100184155,31.362424205131642,31.421326683087166,31.493629846396217,31.579514962432036,31.679190473474915,31.792888109048306,31.92085755067814,32.06335928800148,32.220655371418516,32.392998013513676,32.580616658413135,32.78370587589409,33.002420727686626,33.236895209821824,33.48731231117836,33.754058245656886,34.03795703652077
1273.0,31.263321002663726,31.269812273054107,31.289301502786973,31.321840976739868,31.36751669589828,31.426447783459132,31.498785142402284,31.58470946478879,31.684428398273358,31.798172593964928,31.926190303050806,32.06874017771751,32.22608201678378,32.39846549059964,32.58611766908416,32.7892321749344,33.007967402587305,33.24246996194862,33.49295012295711,33.75983498884757,34.04398655211296
1274.0,31.268364116087444,31.274858678754743,31.29435775441856,31.326913520238982,31.372611788033957,31.431571391844233,31.503942817274837,31.589906170486312,31.689668291746802,31.80345874024115,31.93152432577717,32.074121861461585,32.23150891852918,32.40393271390108,32.59161818179423,32.79475852124102,33.01351634311705,33.24805177908207,33.49860216214691,33.76563273982959,34.05003895852524
1275.0,31.273409966893617,31.27990781363172,31.299416710041058,31.33198872355226,31.37770947317419,31.436697498126083,31.509102858596187,31.595105064331943,31.694910135728424,31.808746527170033,31.93685959743163,32.0795043221306,32.23693607645574,32.4093997282921,32.597118337927526,32.80028521423788,33.01906800605915,33.25364108162243,33.50426839968348,33.77145073935474,34.05611315584917
1276.0,31.27845854923452,31.284959671692242,31.304478363209178,31.337066579419417,31.382809742805414,31.441826092029835,31.514265253802154,31.600306131038582,31.700153912082914,31.814035934357705,31.94219609754946,32.08488754505092,32.242363495695514,32.41486658806425,32.60261828968751,32.80581255297691,33.02462281553347,33.25923822263635,33.50994876129829,33.7772882866384,34.06220817025299
1277.0,31.28350985716354,31.290014246840354,31.3095427073625,31.342147080448203,31.387912588266,31.446957163126005,31.51942999019011,31.60550935524024,31.705399602739405,31.819326941798224,31.947533806786133,32.09027151824039,32.247791186903754,32.420333356413494,32.60811819792534,32.81134083272336,33.0301811628352,33.26484349694208,33.51564313992445,33.78314473397065,34.06832313178563
1278.0,31.288563884632364,31.29507153287437,31.314609735823513,31.347230219113733,31.393018000747528,31.452090700834685,31.524597054927785,31.610714721509748,31.710647189729233,31.824619529956127,31.952872707078676,32.095656232637154,32.2532191663403,32.425800104775945,32.61361823006125,32.816870342276246,33.035743407163324,33.27045714920633,33.52135140496902,33.789019481530225,34.07445725733039
1279.0,31.293620625488348,31.300131523484414,31.319679441795888,31.352315987757997,31.398125971296338,31.457226694430222,31.529766435063127,31.615922214378788,31.71589665522852,31.82991367985498,31.95821278180372,32.101041682288546,32.25864745584822,32.431266912059826,32.61911855815713,32.8224013619367,33.041309876931926,33.276079381041946,33.52707340925546,33.79491197260044,34.08060983726332
1280.0,31.298680073471992,31.305194212250143,31.324751818362905,31.357404378589617,31.403236490815402,31.46236513304638,31.534938117535262,31.621131818360492,31.72114798160523,31.83520937316997,31.963554015927606,32.10642786449631,32.26407608274125,32.436733863815554,32.62461935717427,32.827934162029386,33.04688087143719,33.28171035716287,33.532808994232234,33.800821689253986,34.08678022483507
1281.0,31.303742222214588,31.310259592638637,31.32982685848608,31.36249538368384,31.408349550066518,31.46750600568216,31.540112089186763,31.62634351797468,31.726401151470284,31.84050659232241,31.968896396144434,32.11181477991662,32.269505079613744,32.4422010513791,32.63012080343178,32.83346900188431,33.05245666271573,33.28735021068446,33.53855799388753,33.806748148507246,34.092967827594904
1282.0,31.308807065236046,31.31532765800245,31.33490455500398,31.367588994982764,31.413465139672873,31.4726493012083,31.545288336777364,31.63155729777572,31.73165614773196,31.845805320574005,31.974239910998882,32.117202432615535,32.27493448408758,32.447668571016784,32.63562307326815,32.83900612919384,33.058037497478914,33.29299904766797,33.54432023769501,33.81269089891405,34.09917210037355
1283.0,31.313874595942853,31.32039840157785,31.339984900631272,31.372685204295863,31.41858325012207,31.47779500837454,31.550466846999175,31.63677314238291,31.736912953652855,31.851105542118844,31.979584550991433,32.12259083008212,32.280364338510054,32.45313652309326,32.64112634189891,32.844545779669666,33.06362359904422,33.2986569510073,33.550095552831,33.81864951755665,34.10539253947558
1284.0,31.318944807626245,31.325471816483226,31.345067887957946,31.377784003300782,31.42370387176957,31.482943115817772,31.555647606493448,31.64199103651315,31.74217155290842,31.85640724217125,31.984930308664456,32.12797998320253,32.28579468961608,32.45860501127842,32.64663078245793,32.850088176935316,33.06921516921155,33.30432398374916,33.55588376584145,33.82462360738884,34.11162867782354
1285.0,31.324017693460533,31.330547895717697,31.35015350944881,31.382885383544462,31.428826994842684,31.48809361207111,31.560830601868943,31.64721096501568,31.747431929646226,31.861710407047852,31.99027717866843,32.13336990619927,32.291225588166604,32.464074141804176,32.652136565206455,32.85563353260005,33.074812390051896,33.31000019192857,33.56168470389158,33.83061279488792,34.11788008086107
1286.0,31.329093246501635,31.33562663215993,31.3552417574432,31.38798933644461,31.433952609445136,31.49324648557393,31.566015819721805,31.65243291290849,31.75269406854495,31.867015024242548,31.995625157808234,32.13876061654007,32.29665708857355,32.46954402277782,32.65764385689246,32.86118204646962,33.0804154255896,33.3156856069916,33.567498195697794,33.83661672797622,34.124146343068006
1287.0,31.334171459685777,31.340708018567167,31.360332624154974,31.39309585329153,31.439080705562212,31.498401724682903,31.571203246656882,31.65765686541601,31.757957954872197,31.872321082493333,32.00097424506999,32.14415213482116,32.30208924852019,32.47501476355551,32.663152820242715,32.86673390685759,33.08602442336907,33.321380247867076,33.57332407221669,33.842635074177046,34.13042708497429
1288.0,31.339252325828454,31.345792047574456,31.365426101672774,31.398204925250415,31.444211273066557,31.503559317684065,31.57639286931041,31.66288280800764,31.763223574540348,31.877628571840198,32.00632444162934,32.14954448462963,32.30752212858404,32.480486474177006,32.66866361357041,32.872289290968254,33.09163951590317,33.32708412274056,33.5791621671479,33.84866751897468,34.13672195058427
1289.0,31.344335837623564,31.350878711694154,31.37052218196058,31.403316543363978,31.449344301724672,31.508719252805893,31.58158467437386,31.668110726436762,31.768490914159678,31.88293748367368,32.0116757508425,32.154937692389154,32.31295579186823,32.48595926486068,32.674176390482465,32.877848365327985,33.09726082200521,33.33279723057537,33.58501231729378,33.854713764351935,34.143030605141206
1290.0,31.34942198764279,31.355968003315652,31.37562085685862,31.408430698555637,31.454479781204093,31.513881518233372,31.58677864861879,31.673340606779615,31.773759961088093,31.88824781077375,32.01702817822154,32.16033178719342,32.31839030364564,32.49143324555671,32.67969129967174,32.88341128624706,33.102888448008855,33.338519562418945,33.590874362808975,33.860773527482515,34.14935273317661
1291.0,31.35451076833524,31.36105991470539,31.38072211808458,31.413547381633144,31.45961770108129,31.519046102122967,31.59197477892248,31.67857243547378,31.779030703476952,31.893559547339187,32.022381731395555,32.16572680063074,32.32382573101928,32.49690852555542,32.685208484781086,32.8889782002978,33.10852248888216,33.34425110252657,33.59674814736495,33.866846539558665,34.15568803679902
1292.0,31.359602172027326,31.366154438007147,31.3858259572352,31.418666583292733,31.46475805085028,31.52421299261849,31.597173052294192,31.683806199355757,31.784303130312573,31.898872689007487,32.02773642005943,32.171122766603354,32.32926214260113,32.50238521314701,32.69072808432752,32.89454924479839,33.11416302924279,33.349991829329774,33.6026335182492,33.87293254473725,34.16203623418592
1293.0,31.36469619092296,31.37125156524265,31.39093236578825,31.423788294123792,31.469900819931947,31.529382177867728,31.602373455901716,31.689041885697282,31.789577231453098,31.90418723286573,32.03309225591193,32.17651972114418,32.33469960821115,32.507863415328856,32.69625023167624,32.90012454829427,33.11981014428174,33.35574171627211,33.60853032641402,33.87903129918987,34.16839705824879
1294.0,31.369792817103992,31.37635128831247,31.39604133510493,31.428912504614082,31.47504599768407,31.53455364603976,31.607575977098115,31.69427948224005,31.794852997660527,31.909503177452894,32.038449252584755,32.18191770223356,32.340138198597096,32.513343237556185,32.7017750550557,32.90570423103107,33.12546390060297,33.36150073253178,33.61443842648673,33.8851425702445,34.17477025544661
1295.0,31.37489204253102,31.381453598997318,31.40115285643265,31.434039205155514,31.48019357341199,31.539727385342882,31.612780603448297,31.699518977228546,31.800130420627774,31.91482052275412,32.04380742556429,32.18731674961796,32.34557798517558,32.51882478353208,32.70730267760601,32.91128840541472,33.13112435698619,33.36726884364736,33.62035767675038,33.89126613560799,34.18115558472721
1296.0,31.379993859044486,31.386558488959636,31.40626692090829,31.439168386050447,31.485343536379915,31.544903384042918,31.617987322755333,31.70476035944076,31.805409493000766,31.92013927018761,32.049166792107464,32.19271690463244,32.35101903979427,32.524308155033,32.71283321745412,32.9168771764558,33.1367915650795,33.37304601206041,33.62628793910215,33.89740178266015,34.18755281657945
1297.0,31.38509825836616,31.391665949745608,31.41138351956188,31.444300037518566,31.490495875822802,31.55008163048195,31.623196123086196,31.71000361821649,31.810690208395627,31.925459422584833,32.054527371153085,32.198118210028156,32.356461434514685,32.529793451765876,32.718366787810204,32.92247064219592,33.14246557002839,33.378832197586725,33.632229078994946,33.90354930781117,34.1939617321817
1298.0,31.390205232100946,31.396775972787545,31.416502643320747,31.44943414970428,31.49565058095876,31.555262113097225,31.62840699279682,31.71524874348324,31.815972561411034,31.93078098416467,32.05988918323003,32.203520709806014,32.361905241415,32.53528077125347,32.72390349708058,32.92806889411512,33.148146411047,33.384627357826005,33.63818096536669,33.9097085159157,34.20038212263448
1299.0,31.395314771739134,31.40188854940668,31.421624283014143,31.454570712684628,31.50080764100192,31.560444820440125,31.633619920556246,31.72049572577941,31.821256547635983,31.93610396050228,32.06525225036334,32.2089244490573,32.3673505324119,32.54077020874461,32.72944344899308,32.93367201751939,33.153834121936974,33.39043144851864,33.64414347056068,33.91587921973726,34.206813788266906
1300.0,31.400426868658975,31.40700367081638,31.426748429378307,31.459709716477697,31.505967045175705,31.565629741195153,31.63883489536974,31.725744556274854,31.826542163653098,31.941428358493305,32.070616595979324,32.2143294738118,32.37279737910048,32.546261857146355,32.73498674273175,32.93928009190828,33.15952873155906,33.39624442385654,33.650116470239716,33.92206123945765,34.213256538008075
1301.0,31.405541514129723,31.41212132812578,31.43187507306203,31.464851151051526,31.511128782726402,31.570816864198722,31.644051906600723,31.73099522678868,31.8318294070378,31.946754186314116,32.075982244810376,32.219735830893846,32.37824585261128,32.55175580697537,32.74053347307787,32.94489319132271,33.16523026426182,33.402066236754294,33.656099843296154,33.92825440222684,34.219710188815824
1302.0,31.41065869931509,31.41724151234387,31.437004204632654,31.469995006333416,31.516292842937055,31.576006178457693,31.64927094399139,31.736247729804333,31.837118276353582,31.952081453378693,32.08134922280052,32.22514356778651,32.383696023483125,32.55725214632604,32.74608373055523,32.950511384673305,33.17093874027167,33.407896839085936,33.66209347175951,33.93445854174911,34.22617456515636
1303.0,31.41577841527709,31.422364214383986,31.44213581458252,31.475141272219663,31.52145921514146,31.581197673167537,31.654491997681983,31.74150205848201,31.842408771143663,31.957410170292793,32.08671755701212,32.23055273250403,32.38914796155081,32.56275096085312,32.75163760157763,32.9561347360499,33.17665417604786,33.41373618189167,33.66809724070293,33.94067349790186,34.232649498529085
1304.0,31.42090065298037,31.427489425068767,31.447269893335875,31.480289938585678,31.526627888738325,31.586391337730017,31.659715058228567,31.746758206668364,31.84770089191938,31.96274034880589,32.09208727553443,32.23596337347246,32.39460173584649,32.5682523337669,32.75719516859713,32.96176330501285,33.182376584605876,33.41958421555866,33.67411103814948,33.94689911638397,34.239134827031705
1305.0,31.42602540329694,31.43261713513555,31.45240643125618,31.485440995296376,31.531798853205462,31.591587161770313,31.66494011661931,31.75201616890372,31.852994640145553,31.968072001761477,32.097458407394306,32.241375539418385,32.40005741451367,32.573756345839065,32.7627565102518,32.96739714686701,33.18810597581211,33.425440889978944,33.68013475497919,33.953135248390716,34.245630394961424
1306.0,31.43115265701133,31.43774733524217,31.45754541865383,31.490594432216902,31.53697209811392,31.5967851351535,31.670167164289204,31.757275940426755,31.85829001822316,31.9734051430461,32.102830982469655,32.24678927926562,32.40551506473274,32.579263075417884,32.768321701511944,32.973036312919014,33.19384235665269,33.43130615468766,33.68616828483721,33.959381750312986,34.25213605244844
1307.0,31.436282404826233,31.442880015973206,31.462686845794245,31.495750239223565,31.542147613142035,31.601985248000297,31.675396193133228,31.762537517176877,31.863587029469628,31.97873978753767,32.10820503140569,32.25220464203951,32.41097475265719,32.584772598451025,32.77389081382402,32.97868085071893,33.19958573147884,33.43717995898374,33.692211524043685,33.96563848345833,34.25865165511847
1308.0,31.441414637368492,31.448015167846627,31.4678307029063,31.500908406214954,31.547325388089316,31.607187490702074,31.680627195517914,31.76780089579432,31.868885678097026,31.984075951053313,32.11358058553435,32.25762167677872,32.41643654335936,32.59028498851498,32.77946391525162,32.984330804286934,33.205336102230966,33.443062252035524,33.698264371505694,33.971905313792014,34.265177063781465
1309.0,31.44654934519557,31.453152781320828,31.47297698019112,31.506068923123216,31.55250541289009,31.612391853934998,31.68586016429138,31.773066073618168,31.874185969188417,31.989413650297184,32.11895767679701,32.263040432454055,32.42190050078506,32.595800316849946,32.78504107061308,32.98998621432602,33.211093468643476,33.44895298297296,33.70432672863142,33.978182111696256,34.271712144144
1310.0,31.451686518802372,31.45829284680206,31.478125667831108,31.5112317799254,31.557687677626866,31.61759832867332,31.691095092791798,31.7783330486824,31.879487908672644,31.994752902808493,32.12433633767058,32.268460957894106,32.42736668771604,32.60131865239925,32.79062234161526,32.995647118421374,33.21685782843216,33.454852100968104,33.710398499246715,33.98446875174607,34.27825676654298
1311.0,31.45682614862847,31.463435354652187,31.483276755999295,31.51639696665488,31.56287217254338,31.622806906201795,31.696331974854353,31.783601819710103,31.884791503297823,32.00009372691002,32.12971660109705,32.27388330171726,32.43283516573971,32.606840061852346,32.79620778698334,33.001313551227405,33.222629177465656,33.46075955530533,33.71647958951423,33.990765112500256,34.284810805698875
1312.0,31.46196822506568,31.468580295196805,31.48843023486886,31.521564473412756,31.568058888057216,31.62801757812711,31.701570804816726,31.788872386106025,31.890096760603743,32.00543614165738,32.135098500416625,32.27930751226986,32.438305995225306,32.612364609690836,32.80179746258636,33.006985544643015,33.22840750992253,33.46667529544244,33.72256990785517,33.99707107630634,34.29137414048648
1313.0,31.467112738465993,31.473727658733644,31.49358609462289,31.52673429037922,31.573247814772035,31.633230336388447,31.706811577523187,31.79414474794757,31.895403688893413,32.010780166789125,32.140482069304184,32.284733637570035,32.443779235305854,32.617892358236766,32.807391421558506,33.01266312797595,33.23419281843527,33.47259927106383,33.728669364873625,34.00338652911823,34.297946653721844
1314.0,31.472259679149822,31.478877435541268,31.49874432546426,31.531906407824845,31.578438943489335,31.638445173267055,31.7120542883273,31.79941890597438,31.900712297203956,32.01612582267801,32.145867341709376,32.290161725256965,32.44925494386533,32.62342336770267,32.81298971441597,33.01834632809688,33.23998509422231,33.47853143212655,33.73477787328359,34.00971136032562,34.304528231963786
1315.0,31.477409037414517,31.48402961588802,31.503904917625658,31.537080816121744,31.583632265219684,31.643662081394872,31.717298933093314,31.80469486157671,31.906022595277015,32.02147313028342,32.15125435180003,32.29559182254513,32.454733177530485,32.628957696242914,32.818592389169446,33.0240351695839,33.245784327209265,33.484471728900225,33.740895347838524,34.01604546259413,34.31111876532885
1316.0,31.48256080354318,31.489184190041176,31.5090678613797,31.54225750575456,31.588827771193458,31.648881053762242,31.72254550819635,31.80997261678261,31.911334593528863,32.02682211110507,32.15664313390889,32.301023976183345,32.46021399166683,32.634495400005854,32.82419949143224,33.02972967485797,33.251590506140175,33.49042011200138,33.74702170526356,34.02238873171545,34.31771814731854
1317.0,31.487714967813673,31.494341148276316,31.514233147049072,31.54743646733128,31.59402545287103,31.654102083724652,31.727794010521393,31.815252174244158,31.91664830302037,32.03217278713822,32.16203372248366,32.30645823241816,32.46569744037828,32.64003653318653,32.82981106452411,33.03542986431002,33.25740361867982,33.49637653242301,33.75315686419016,34.028741066466594,34.32432627465777
1318.0,31.492871520507872,31.499500480886834,31.5194007650167,31.552617691593795,31.599225301952362,31.6593251650086,31.733044437461174,31.82053353722279,31.92196373542695,32.03752518083031,32.167426152040186,32.31189463696134,32.47118357651005,32.645581148079586,32.83542714957086,33.041135756420125,33.26322365150773,33.50234094155978,33.759300745093256,34.035102368477624,34.33094304714373
1319.0,31.498030451921064,31.504662178193563,31.52457070573592,31.557801169428213,31.604427310386054,31.664550291716537,31.73829678691305,31.8258167095739,31.927280903008626,32.04287931503909,32.17282045711861,32.31733323496118,32.476672451654444,32.65112929513208,32.84104778559981,33.04684736786941,33.26905059040474,33.5083132912295,33.7654532702308,34.04147254210722,34.337568367504126
1320.0,31.50319175237149,31.50982623055453,31.52974295974056,31.562986891874882,31.609631470377767,31.66977745833095,31.743551057274903,31.831101695730762,31.932599818580304,32.04823521299242,32.17821667224261,32.32277407097731,32.48216411615916,32.65668102299607,32.84667300963122,33.052564713644976,33.27488442033258,33.514293533691145,33.77161436358559,34.04785149432555,34.34420214126436
1321.0,31.508355197236938,31.51499241340167,31.534917302681926,31.56817463516503,31.61483755942502,31.675006444744536,31.7488070324671,31.836388285714868,31.937920280509317,32.05359268327648,32.18361461690823,32.328216973985704,32.487658404164755,32.66223616360762,32.85230264179274,33.058287592165414,33.28072491053416,33.52028140668693,33.777783684684834,34.05423676658557,34.35079418386533
1322.0,31.513520561967802,31.52016050225397,31.540093510342007,31.573364175733445,31.620045355327726,31.680237031265936,31.754064496929995,31.841676270122193,31.943242087689743,32.05895153480205,32.18901411055188,32.33366177236311,32.493155148620374,32.66779454724163,32.85793650040574,33.06401580031779,33.286571827122756,33.526276581144955,33.78395981141401,34.0606167355954,34.357315633935194
1323.0,31.51868783704974,31.525330487680186,31.545271573596164,31.57855550518042,31.625254851147744,31.685469213574297,31.759323450570303,31.84696565505871,31.948565254466804,32.064311791721934,32.19441518747049,32.339108508823756,32.49865439625069,32.673356217512264,32.86357461692916,33.06974934669014,33.292425123055025,33.53227868212297,33.79014040101264,34.06698500422276,34.36378494127086
1324.0,31.52385701303033,31.5305023603255,31.55045148343957,31.583748615297225,31.63046604023178,31.690702987737012,31.764583893770688,31.852256447139567,31.953889795625738,32.069673478413904,32.19981788180804,32.34455722542254,32.50415619258543,32.67892121638817,32.869217020359294,33.07548823011864,33.29828468798317,33.53828707376919,33.79632310316747,34.07333876069926,34.37021389612344
1325.0,31.52902808052884,31.535676110921223,31.55563323099663,31.58894349807437,31.635678916216825,31.695938350209918,31.769845827381943,31.857548653471234,31.95921572636444,32.075036619448426,32.2052222275275,32.35000796354222,32.50966058195503,32.6844895840194,32.874863735572475,33.08123243108267,33.30415033321566,33.544300957791,33.8025058985708,34.07967705818887,34.37661031429297
1326.0,31.534201030245953,31.54085173029445,31.560816807530188,31.5941401457095,31.64089347303505,31.7011752978368,31.77510925271458,31.86284228163354,31.96454306226674,32.08040123955782,32.21062825838439,32.3554607638767,32.51516760743938,32.690061358293875,32.88051478089557,33.086981904620195,33.31002179487243,33.55031946742334,33.808687177322554,34.08599989666313,34.3829795821394
1327.0,31.539375852973414,31.546029209377572,31.56600220445047,31.59933855061481,31.6461097049181,31.706413827848287,31.780374171529925,31.86813733966165,31.969871819276314,32.085767363606806,32.21603600790051,32.360915666402235,32.52067731073937,32.69563657412066,32.88617016547307,33.09273657634537,33.31589874743759,33.55634173677677,33.81486571167821,34.092307735033614,34.38932556003174
1328.0,31.544552539603593,31.551208539217658,31.571189413323804,31.604538705424126,31.65132760640083,31.7116539378601,31.785640586030794,31.87343383602806,31.975202013671307,32.09113501656382,32.22144550933534,32.36637271032656,32.52618973195576,32.70121526251991,32.89182988694517,33.09849634167515,33.32178082127178,33.562366944893576,33.821040594146645,34.09860123408709,34.395651120623135
1329.0,31.549731081138887,31.55638971098565,31.57637842588104,31.60974060299951,31.656547172324526,31.716895625870798,31.790908498851785,31.878731779624598,31.980533662039395,32.09650422347251,32.226856795651756,32.37183193400785,32.531704909278325,32.70679744963784,32.89749392976295,33.10426106763334,33.327667620000646,33.56839433987447,33.82721117155546,34.10488112312566,34.401958476486556
1330.0,31.554911468700986,31.56157271598538,31.581569234025697,31.61494423643747,31.66176839783956,31.722138890258947,31.796177913049203,31.88403117974451,31.985866781253243,32.10187500942213,32.232269899472726,32.377293374839034,32.5372228786052,32.71238315580566,32.9031622642716,33.11003059637691,33.33355873566696,33.574423249165946,33.833376986725646,34.11114813273082,34.408249384367636
1331.0,31.560093693539958,31.566757545662398,31.586761829841784,31.620149599074736,31.66699127840755,31.727383729779806,31.801448832090717,31.889332046064535,31.99120138844589,32.10724739951572,32.23768485302606,32.382757069097764,32.54274367312219,32.71797239473698,32.90883484654399,33.115804749645996,33.33945376085224,33.580453081055154,33.83953773088779,34.11740296266895,34.41452527588534
1332.0,31.565277747043133,31.571944191612506,31.59195620560133,31.62535668449361,31.672215809803046,31.73263014356157,31.806721259844718,31.894634388626905,31.99653750098566,32.1126214188345,32.24310168807533,32.38822305176674,32.54826732287528,32.7235651729252,32.914511618857425,33.12158333350986,33.345352297735644,33.586483321042564,33.84569320646141,34.12364626826984,34.420787343512124
1333.0,31.57046362074376,31.5771326455901,31.597152353771563,31.630565486526905,31.677441988114676,31.737878131101144,31.811995200569385,31.89993821782117,32.001875136450046,32.11799709239744,32.24852043583648,32.39369135633246,32.5537938543674,32.72916148926885,32.92019251066511,33.12736614297344,33.351253964433816,33.592513525560385,33.851843298612614,34.12987865632543,34.42703659876509
1334.0,31.575651306329426,31.58232289951622,31.602350267021748,31.635775999262457,31.6826698097459,31.743127692259534,31.817270658901467,31.905243544365597,32.007214312597995,32.12337444511511,32.25394112688113,32.399162014572546,32.55932329020465,32.7347613349262,32.92587743990817,33.133152966177164,33.35715839910518,33.59854331459894,33.857987953799714,34.13610068571924,34.433273912719024
1335.0,31.58084079565023,31.58751494548632,31.607549938229717,31.64098821704721,31.687899271415265,31.748378827256793,31.82254763984471,31.91055037928799,32.01255504734008,32.12875350173724,32.25936379102856,32.40463505634207,32.56485564881013,32.74036469338056,32.93156631452807,33.13894358805274,33.36306526231238,33.604572364173656,33.864127163698036,34.14231287024505,34.43950004499239
1336.0,31.586032080726653,31.592708775777734,31.612751360487998,31.64620213449091,31.693130370156243,31.753631536666582,31.82782614875785,31.915858733905633,32.01789735870608,32.13413428679407,32.26478845722952,32.41011050936903,32.570390944215596,32.7459715406863,32.93725903406358,33.144737793388536,33.36897423808459,33.61060039915052,33.87026095318873,34.148515682285584,34.44571566502462
1337.0,31.59122515375719,31.597904382856868,31.61795452710962,31.651417746469367,31.698363103316638,31.75888582141031,31.833106191342125,31.921168619804167,32.02324126480971,32.13951682453187,32.2702151534455,32.41558839906744,32.57592918593481,32.75158184585982,32.942955491243225,33.15053536931673,33.37488503404653,33.61662718668638,33.876389371387056,34.154709556674256,34.451921368066635
1338.0,31.596420007125623,31.60310175938603,31.62315943163356,31.656635048127335,31.703597468557543,31.764141682750807,31.83838777362818,31.926480048815144,32.02858678381026,32.144901138843636,32.275643906527165,32.42106874837492,32.58147037891673,32.75719557137909,32.94865557350952,33.15633610726861,33.38079738090445,33.62265253038252,33.882512484933166,34.160894894411854,34.4581176874559
1339.0,31.601616633408028,31.608300898229963,31.628366067829784,31.661854034880957,31.708833463851906,31.76939912228557,31.843670901962252,31.93179303299207,32.03393393387126,32.15028725319602,32.2810747420958,32.42655157761935,32.587014523572826,32.76281267375746,32.95435916443301,33.16213980446101,33.3867110315105,33.62867626515913,33.88863037296516,34.16707206609423,34.46430510421881
1340.0,31.606815025379447,31.613501792462053,31.633574429703973,31.667074702419836,31.71407108748263,31.774658141939423,31.848955582991543,31.93710758458488,32.03928273311632,32.15567519055391,32.28650768443104,32.43203690441742,32.592561615870075,32.76843310416147,32.96006614499162,33.167946264982525,33.392625759669656,33.63469825281023,33.894743123344135,34.173241415002806,34.470484054708635
1341.0,31.612015176020236,31.61870443537015,31.638784511501843,31.672297046708675,31.71931033804021,31.779918743956692,31.854241823648685,31.942423716012712,32.04463319958254,32.16106497330422,32.29194275636785,32.43752474360612,32.59811164747975,32.774056809047345,32.96577639470416,33.17375530054626,33.39854135880772,33.640718378175144,33.900850829813805,34.17940325985723,34.4766549367707
1342.0,31.617217078522064,31.62390882046211,31.643996307713103,31.677521063988515,31.72455121441995,31.785180930892714,31.859529631135224,31.94774143983502,32.04998535117187,32.1664566231804,32.297379979204976,32.443015107206584,32.603664605971595,32.77968373079591,32.97148979261634,33.1795667309709,33.404457640583814,33.64673654585551,33.90695358985995,34.18555789725186,34.48281811478351
1343.0,31.622420726293576,31.6291149414709,31.64920981307502,31.682746750777557,31.729793715818648,31.79044470560471,31.864819012904068,31.953060768721127,32.05533920560113,32.17185016118904,32.30281937262652,32.4485080044188,32.609220475043244,32.7853138083301,32.97720621814437,33.18538038444425,33.41037443350442,33.65275267740699,33.91305150309632,34.19170560380653,34.488973923828
1344.0,31.62762611296571,31.634322792359427,31.654425022575623,31.687974103871547,31.735037841730794,31.795710071241967,31.870109976640858,31.958381715418323,32.060694780351234,32.177245607539994,32.308260954637845,32.45400344164458,32.61477923477514,32.7909469777039,32.982925551785044,33.191196097615986,33.416291581576544,33.65876670893975,33.91914467004816,34.197846638064064,34.49512267317076
1345.0,31.632833232396656,31.639532367324954,31.659641931456488,31.693203120343725,31.74028359194422,31.800977031235266,31.875402530244312,31.96370429271877,32.06605209261632,32.18264298158114,32.31370474151609,32.45950142253599,32.62034086190256,32.796583172654685,32.98864767570412,33.19701371555862,33.422208943023534,33.66477858906877,33.925233191237446,34.20398124216569,34.50126464920052
1346.0,31.638042078676445,31.644743660803137,31.664860535215137,31.698433797544332,31.745530966535206,31.80624558928558,31.880696681805503,31.969028513425414,32.07141115925343,32.18804230173867,32.31915074777556,32.46500194806571,32.62590533009706,32.80222232511419,32.994372474215325,33.20283309162891,33.428126389077256,33.67078827716202,33.93131716649785,34.21010964333281,34.50740011792368
1347.0,31.64325264613117,31.64995666747173,31.67008082960704,31.70366613309964,31.750779965862996,31.811515749351962,31.88599243958621,31.974354390317206,32.07677199673342,32.193443585463704,32.32459898614741,32.47050501661604,32.631472610251144,32.80786436567555,33.00009983416286,33.20865408725599,33.434043802853225,33.67679574184194,33.93739669446553,34.21623205518022,34.51352932710078
1348.0,31.64846492932686,31.65517138225385,31.675302810647185,31.708900124910503,31.75603059056372,31.816787515638698,31.891289811996398,31.97968193611397,32.08213462109366,32.19884684918573,32.33004946757306,32.47601062408315,32.637042670760806,32.81350922401574,33.00582964521986,33.21447657167712,33.43996107831061,33.682800959701886,33.94347187220469,34.2223486788829,34.519652508087525
1349.0,31.65367892307292,31.660387800320905,31.680526474611227,31.714135771150413,31.761282841543718,31.822060892581703,31.896588807570936,31.985011163441182,32.087499047893004,32.20425210827319,32.33550220121037,32.481518763993385,32.64261547780183,32.81915682927387,33.011561800114194,33.22030042163782,33.44587811929593,33.68880391420497,33.94954279493687,34.22845970421524,34.52576987743102
1350.0,31.658894622425244,31.665605917095075,31.685751818036202,31.719373070263067,31.766536719972223,31.827335884834167,31.90188943494571,31.990342084795035,32.0928652921696,32.20965937700135,32.34095719445139,32.487029427628514,32.64819099559663,32.82480711038711,33.01729619479231,33.22612552106949,33.451794838667205,33.694804594737995,33.9556095558501,34.234565310479276,34.53188163826115
1351.0,31.664112022688876,31.670825728251415,31.690978837720802,31.724612020959395,31.77179222727345,31.832612497251553,31.907191702833263,31.995674712508066,32.09823336840179,32.21506866852742,32.34641445295067,32.49254260415739,32.65376918666918,32.83045999638631,33.023032728530744,33.23195176075453,33.45771115749425,33.70080299579712,33.96167224596982,34.240665667335875,34.53798798150986
1352.0,31.669331119420306,31.676047229719533,31.696207530725182,31.729852622214064,31.777049365118064,31.837890734875945,31.912495619998158,32.00100905871565,32.10360329047249,32.22047999487281,32.35187398066258,32.49805828077151,32.659350012086385,32.83611541665411,33.02877130400358,33.23777903798695,33.46362700432991,33.70679911628571,33.96773095407726,34.24676093555104,34.54408908698441
1353.0,31.674551908429336,31.681270417684836,31.70143789437031,31.735094873261485,31.78230813541405,31.843170602919848,31.917801195232155,32.006345135323635,32.10897507163716,32.22589336691219,32.35733577988674,32.50357644282239,32.66493343168472,32.84177330114829,33.03451182731338,33.24360725623418,33.46954231454699,33.71279295890781,33.973785766664605,34.25285126766769,34.550185124316314
1354.0,31.67977438578052,31.68649528858935,31.70666992623684,31.74033877359123,31.787568540297002,31.848452106749516,31.92310843732946,32.011682953977335,32.11434872449562,32.23130879436905,32.36279985131995,32.50909707395905,32.67051940428163,32.847433580593396,33.040254207992,33.249436324804535,33.47545702973573,33.718784529643436,33.979836767918286,34.25893680861191,34.55627625380378
1355.0,31.684998547794187,31.69172183913209,31.71190362416351,31.745584322942964,31.792830582119894,31.853735251867867,31.928417355062173,32.01702252603213,32.11972426096765,32.23672628581732,32.36826619411378,32.51462015626397,32.67610788787133,32.85309618664357,33.045998358976824,33.2552661585234,33.48137109715635,33.724773837293746,33.985884039723906,34.26501769624137,34.5623626271623
1356.0,31.690224391047025,31.69695006626899,31.717138986245043,31.75083152130085,31.79809426344228,31.8590200438971,31.933727957156034,32.02236386252581,32.125101692272544,32.242145848688544,32.37373480593644,32.52014567038644,32.68169883980526,32.85876105201938,33.051744196567235,33.261096677420454,33.48728446924203,33.73076089308625,33.99192766168757,34.271094061842604,34.56844438819589
1357.0,31.695451912372196,31.702179967212352,31.722376010829574,31.75608036888739,31.80335958701908,31.864306488561095,31.939040252266754,32.027706974152814,32.13048102891237,32.24756748928418,32.379205683038094,32.52567359567219,32.687292216957346,32.86442811062147,33.057491640365285,33.2669278064294,33.493197103147594,33.73674571033158,33.997967711169586,34.277166030582926,34.57452167339929
1358.0,31.700681108859026,31.707411539429874,31.727614696515573,31.761330866156836,31.808626555788905,31.869594591667695,31.944354248956916,32.0330518712405,32.13586228065899,32.25299121279244,32.38467882031859,32.53120391028855,32.69288797587471,32.87009729762343,33.06324061320403,33.27275947510108,33.49910896033969,33.74272830412466,34.00400426332741,34.283233721922,34.5805946124999
1359.0,31.705911977852217,31.712644780643146,31.732855042148305,31.766583013788065,31.813895172862008,31.874884359090963,31.949669955673702,32.03839856372751,32.14124545654469,32.25841702330916,32.390154211396805,32.53673659134465,32.698486072914406,32.87576854954646,33.068991041066425,33.27859161733048,33.50502000622451,33.74870869108416,34.0100373911652,34.28929724998751,34.58666332894692
1360.0,31.711144516950604,31.717879688825732,31.738097046815778,31.77183681267701,31.819165441507913,31.8801757967535,31.95498738072745,32.04374706114423,32.14663056485613,32.2638449238623,32.39563184868086,32.54227161500604,32.70408646436683,32.88144180431773,33.074742852997176,33.284424171097825,33.51093020980953,33.754686889125146,34.01606716558819,34.295356723918665,34.59272794035402
1361.0,31.71637872400543,31.72311626220076,31.74334070984423,31.777092263928665,31.824437365142785,31.885468910608942,31.960306532271222,32.04909737259542,32.152017613131655,32.26927491643942,32.401111723438575,32.54780895660363,32.70968910656677,32.88711700131469,33.08049598100956,33.290257078223696,33.516839543395946,33.76066291726034,34.02209365546027,34.301412248180945,34.59878855890104
1362.0,31.72161459711816,31.728354499238023,31.748586030793156,31.782349368848667,31.82971094731657,31.890763706624664,31.965627418281414,32.05444950674506,32.15740660816148,32.27470700201779,32.40659382586755,32.55334859073674,32.71529395599264,32.89279408139688,33.08625035998889,33.29609028413776,33.52274798229893,33.76663679542633,34.02811692766348,34.30746392285505,34.604845291699405
1363.0,31.726852134637824,31.733594398650624,31.753833009449885,31.78760812893451,31.834986191699993,31.89606019076483,31.970950046539503,32.059803471803214,32.16279755599076,32.28014118059665,32.412078145164465,32.55889049137005,32.72090096935497,32.898472986927,33.092005927593966,33.30192373766092,33.52865550459298,33.77260854433141,34.034137047158666,34.31351184390259,34.610898241125206
1364.0,31.732091335157897,31.738835959391164,31.759081645823695,31.792868545866437,31.840263102071443,31.90135836897383,31.976274424614953,32.06515927551509,32.168190461925214,32.285577451231156,32.4175646695931,32.56443463192467,32.726510103674755,32.904153661782686,33.09776262415776,33.30775739080025,33.534562090880016,33.77857818532228,34.04015407704634,34.3195561034108,34.61694750512364
1365.0,31.737332197512693,31.744079180647475,31.764331940139538,31.798130621497968,31.84554168230385,31.906658247160195,31.98160055984935,32.07051692515202,32.173585330539105,32.29101581206778,32.42305338655088,32.56998098536325,32.732121316352504,32.90983605136018,33.103520392588024,33.31359119855624,33.54046772407794,33.784545740267184,34.04616807862737,34.32559678981839,34.62299317748775
1366.0,31.742574720773323,31.749324061837882,31.769583892831356,31.80339435784624,31.850821936351544,31.911959831181004,31.986928459341765,32.07587642750445,32.1789821656853,32.296456260380644,32.428544282633524,32.57552952426936,32.737734565228806,32.915520102571136,33.1092791782688,33.31942511874182,33.546372389227855,33.79051123145344,34.05217911146295,34.33163398812423,34.62903534811413
1367.0,31.747818904243196,31.75457060260606,31.77483750453502,31.80865975708205,31.856103868237202,31.91726312682689,31.99225812993537,32.081237788876734,32.18438097050723,32.301898792608576,32.43403734369766,32.58108022092123,32.743349808637056,32.92120576383357,33.115038928963266,33.32525911181241,33.552276073318055,33.79647468149754,34.05818723343355,34.33766778008046,34.635074103238054
1368.0,31.7530647474531,31.75981880281546,31.78009277608092,31.81392682151975,31.861387482038904,31.922568139807655,31.9975895782053,32.086601015083815,32.189781747452585,32.3073434043926,32.439532554921264,32.586633047360046,32.748967005449025,32.92689298505779,33.12079959471843,33.331093140706564,33.55817876512326,33.80243611326624,34.064192500796594,34.34369824437154,34.64110952564991
1369.0,31.758312250155807,31.76506866254333,31.78534970848622,31.819195553606953,31.866672781877362,31.927874875738542,32.00292281044779,32.09196611144939,32.19518449828842,32.312790090613554,32.44502990086172,32.59218797545318,32.754586115113966,32.93258171762821,33.12656112777202,33.336927170696555,33.564080455057656,33.80839554980737,34.07019496824268,34.349725456780384,34.64714169489498
1370.0,31.763561412320353,31.77032018207436,31.79060830294682,31.824465955914146,31.87195977190336,31.933183340127204,32.0082578326705,32.09733308280579,32.200589224117536,32.31823884542968,32.45052936551146,32.59774497695232,32.7602070976918,32.93827191438159,33.1323234824619,33.34276116924826,33.569981135040486,33.81435301428914,34.07619468895026,34.35574949034283,34.65317068745793
1371.0,31.76881223412584,31.775573361893944,31.79586856082907,31.829738031124236,31.877248456285436,31.938493538361374,32.01359465058405,32.10270193349528,32.20599592539597,32.32368966231397,32.45603093235116,32.603304023547004,32.76582991388095,32.94396352958249,33.13808661513805,33.348595105889906,33.575880798372935,33.82030852994689,34.082191714638604,34.36177041549136,34.65919657693364
1372.0,31.77406471595492,31.780828202681136,31.801130483661215,31.83501178202203,31.882538839197863,31.943805475697257,32.01893326959472,32.108072667372646,32.21140460195138,32.329142534091005,32.46153458440043,32.60886508691363,32.77145452504142,32.94965651889635,33.14385048407749,33.354428952089,33.58177943962541,33.82626212003648,34.088186095619086,34.367788300189005,34.66521943418551
1373.0,31.779318858386933,31.786084705301253,31.80639407312462,31.840287211483727,31.887830924808956,31.949119157248692,32.024273694798325,32.11344528780909,32.21681525300218,32.33459745297336,32.46704030426594,32.6144281387603,32.777080893213444,32.95535083936067,33.14961504940198,33.360262681137044,33.58767705453417,33.832213807793444,34.09417788084471,34.373803210054334,34.6712393274924
1374.0,31.78457466219067,31.791342870798214,31.811659331044858,31.84556432246644,31.893124717269718,31.954434587977033,32.02961593097508,32.118819797697235,32.22222787717727,32.34005441059718,32.47254807418716,32.6199931508677,32.78270898113226,32.961046449354775,33.155380272998784,33.36609626804149,33.59357363990649,33.83816361639731,34.100167117957895,34.379815208478135,34.677256322685274
1375.0,31.789832128316892,31.796602700386586,31.816926259382612,31.850843117997776,31.89842022070286,31.959751772681795,32.03495998258564,32.12419619945716,32.227642472536196,32.34551339805706,32.47805787607954,32.625560095126225,32.78833875223939,32.966743308568454,33.16114611844428,33.371929689424455,33.59946919353359,33.84411156894042,34.1061538533365,34.3858243567326,34.6832704832743
1376.0,31.795091257890515,31.801864195443407,31.822194860224474,31.856123601165514,31.903717439192242,31.965070715992024,32.04030585376799,32.12957449504336,32.233059036589694,32.35097440593994,32.483569691575376,32.631128943569706,32.79397017069081,32.97244137796974,33.16691255093064,33.37776292342782,33.60536371411067,33.85005768840081,34.11213813213818,34.39183071407345,34.689281870567385
1377.0,31.8003520522026,31.807127357499805,31.827465135773647,31.86140577510741,31.909016376772712,31.970391422358425,32.045653548335395,32.13495468595254,32.238477566320356,32.356437424358155,32.4890835020623,32.63669966840583,32.79960320136226,32.978140619772226,33.17267953719538,33.38359594962419,33.61125720116341,33.85600199761855,34.11811999834298,34.397834337835725,34.69529054378079
1378.0,31.805614512702075,31.8123921882324,31.832737088340576,31.866689643001145,31.914317037420386,31.975713896046194,32.05100306977516,32.1403367732322,32.2438980582035,32.36190244298142,32.49459928871948,32.64227224204353,32.80523780985212,32.983840997402,33.178447045453765,33.3894287489335,33.61714965498028,33.861944519275326,34.12409949479442,34.40383528352359,34.70129656014242
1379.0,31.810878640987262,31.8176586894546,31.838010720333582,31.871975208054444,31.919619425043376,31.98103814112858,32.05635442124828,32.14572075748974,32.24932050822797,32.36736945106773,32.500117032551614,32.647846637117624,32.81087396248208,32.98954247546447,33.1842150453341,33.39526130354471,33.623041076550344,33.86788527587673,34.13007666323881,34.409833604894665,34.707299974988466
1380.0,31.816144438797274,31.822926863107707,31.843286034249445,31.877262473495403,31.924923543472957,31.9863641614811,32.06170760558983,32.15110663890228,32.25474491191691,32.37283843749325,32.50563671442086,32.65342282651077,32.816511626295814,32.995245019711234,33.1899835078157,33.401093596842394,33.6289314675059,33.873824289737065,34.136051544363156,34.415829354039346,34.71330084185393
1381.0,31.82141188846022,31.828196691708975,31.84856301312104,31.88255142302004,31.9302293769122,31.991691941233473,32.067062605767106,32.156494397683836,32.26017124480536,32.37830937123806,32.51115829553361,32.65900076383003,32.82215074951297,33.000948577464115,33.19575238562656,33.40692559379486,33.63482081052669,33.87976156342329,34.142024153638346,34.42182236618098,34.71929465867042
1382.0,31.826680972430076,31.833468157888312,31.853841640053766,31.887842040328806,31.935536909473836,31.99702146431092,32.07241940442717,32.161884013641796,32.265599482006415,32.38378222095954,32.516681737014174,32.66458040296995,32.82779128107043,33.00665309712826,33.20152163273231,33.41275726042982,33.6407090886113,33.885697093170315,34.14799440706931,34.427811641644,34.725278859972036
1383.0,31.831951692818894,31.838741263920387,31.85912191775746,31.893134328658814,31.940846144713973,32.002352733971506,32.07777800344049,32.16727548572901,32.27102961777252,32.389256974560084,32.522207019471956,32.670161717669,32.833433190157564,33.012358547700735,33.207291223815,33.41858858315058,33.646596302296864,33.891630870774726,34.15396213586919,34.43379665419307,34.731255179523984
1384.0,31.837224051843837,31.844016012171593,31.864403848993312,31.898428291231202,31.946157086081215,32.007685753259025,32.083138404359985,32.172668812511176,32.27646164597134,32.39473361966858,32.52773412348176,32.67574468197891,32.83907644666511,33.018064899190165,33.21306113461431,33.42441954853949,33.65248244687163,33.897562864037184,34.15992716950452,34.439777201940764,34.73722474397371
1385.0,31.84249805181811,31.849292405090953,31.869687436564845,31.903723931242723,31.951469736910123,32.01302052500033,32.088500608424575,32.17806399217832,32.2818955601052,32.400212143664724,32.533263029606296,32.681329270276194,32.84472102117523,33.023772122565276,33.21883134172069,33.43025014251512,33.65836751096467,33.90349302570708,34.16588936650844,34.445753251011666,34.74318831702557
1386.0,31.847773695141914,31.854570445201045,31.87497268330898,31.90902125185762,31.95678410041517,32.01835705180322,32.093864616563195,32.183461022556465,32.28733135333011,32.40569253370225,32.53879371841705,32.686915457271354,32.85036688494641,33.02948018967959,33.22460182230084,33.43608034963127,33.664251476792884,33.909421302019425,34.171848621642,34.45172485213969,34.749146439967085
1387.0,31.853050984293354,31.859850135089005,31.8802595920873,31.914320256199805,31.962100179685105,32.02369533605491,32.09923042939921,32.188859901119336,32.29276901847439,32.41117477673102,32.544326170513386,32.692503218015396,32.85601400989048,33.03518907317198,33.230372553807136,33.44191015266142,33.67013432135626,33.915347638994746,34.177804863449154,34.4576920963764,34.75509951386741
1388.0,31.85832992181944,31.86513147739758,31.885548165777458,31.919620947345333,31.967417977677776,32.02903537992087,32.10459804725526,32.19426062500025,32.29820854805675,32.41665885951809,32.54986036653992,32.698092527902766,32.861662368540586,33.04089874635048,33.23614351371758,33.4477395324781,33.67601601799586,33.92127198644074,34.18375804866047,34.463655091778044,34.76104784857442
1389.0,31.863610510327135,31.87041447481626,31.890838407264802,31.92492332831521,31.972737497215377,32.03437718534426,32.109967470158374,32.1996631910039,32.303649934303955,32.42214476866749,32.55539628720167,32.7036833626702,32.867311934010395,33.046609183070025,33.241914679336,33.453568468169536,33.68189653794317,33.92719430014313,34.189708156229,34.46961395133564,34.76699169255925
1390.0,31.868892752474483,31.87569913007259,31.89613031943416,31.930227402068493,31.978058740980106,32.03972075404568,32.11533869784551,32.205067595618225,32.30909316916791,32.427632490639,32.560933913277054,32.70927569839107,32.872962679946475,33.05232035761509,33.247686027664095,33.459396937315645,33.68777585166838,33.93311454279921,34.19565518205674,34.47556878691343,34.772931251540975
1391.0,31.87417665096185,31.88098544592354,31.901423905161884,31.935533171495745,31.983381711510233,32.04506608752342,32.12071172976924,32.210473835026136,32.31453824434218,32.43312201176535,32.566473225628386,32.71486951146549,32.878614580476714,33.05803224459567,33.25345753534377,33.465224916350664,33.693653929955445,33.93903268415285,34.20159913469642,34.48151970637944,34.77886670042169
1392.0,31.879462208523282,31.88627342514708,31.906719167308086,31.94084063941276,31.98870641119656,32.05041318705405,32.12608656510374,32.21588190511717,32.319985151277855,32.43861331826826,32.572014205209825,32.72046477860663,32.88426761015778,33.06374481886236,33.2592291786599,33.471052380955044,33.69953074470067,33.94494870066447,34.20754003199438,34.487466812412954,34.78479819115328
1393.0,31.884749427918006,31.89156307053391,31.912016108709132,31.94614980855467,31.994032842279257,32.05576205369336,32.13146320275092,32.22129180149902,32.325433881198755,32.44410639627285,32.57755683307278,32.72606147682416,32.88992174392457,33.06945805544298,33.26500093358984,33.47687930643706,33.70540626946592,33.95086257494028,34.21347789853037,34.49341020217518,34.790725858075255
1394.0,31.89003831192209,31.896854384879333,31.91731473217036,31.95146068157032,31.999361006845078,32.061112688277646,32.13684164134675,32.2267035195088,32.33088442511586,32.44960123182064,32.58310109036896,32.731659583405616,32.89557695704399,33.07517192950088,33.27077277588576,33.48270566807949,33.711280479830364,33.956774295062786,34.21941276369167,34.49934996740774,34.796649821643044
1395.0,31.895328863320284,31.902147370975403,31.92261504045907,31.95677326101701,32.00469090682492,32.0664650914253,32.14222187926769,32.23211705422415,32.33633677384102,32.45509781088093,32.588646958351404,32.7372590758971,32.90123322507483,33.08088641631329,33.27654468117684,33.48853144143892,33.7171533535854,33.96268385390723,34.22534466023526,34.505286194728285,34.802570191105985
1396.0,31.90062108489804,31.9074420316032,31.927917036297764,31.96208754935548,32.01002254399169,32.07181926353864,32.147603914637166,32.237532400473995,32.34179091799972,32.46059611936078,32.59419441837362,32.74285993208388,32.90689052383457,33.08660149126689,33.2823166250807,33.49435660259324,33.72302487081285,33.968591248490995,34.23127362321853,34.511218966002296,34.808487066482456
1397.0,31.90591497943374,31.912738369525364,31.933220722357643,31.967403548945292,32.01535591995856,32.07717520480606,32.15298774533217,32.24294955284903,32.347246848043085,32.466096143113546,32.59974345188745,32.74846212997206,32.912548829373684,33.092317129867396,33.2880885833161,33.50018112833832,33.72889501387964,33.97449647937928,34.237199689205454,34.51714835872978,34.814400540052276
1398.0,31.911210549691106,31.918036387478853,31.93852610125237,31.97272126204046,32.02069103617746,32.082532915204304,32.158373368989764,32.24836850571183,32.352704554259034,32.47159786794608,32.60529404043997,32.75406564777186,32.91820811795721,33.098033307759835,33.29386053181071,33.50600499633802,33.73476376737528,33.980399550155916,34.24312289567764,34.52307444641705,34.82031069750949
1399.0,31.91650779841189,31.923336088167922,31.94383317553213,31.978040690785395,32.026027893937915,32.08789239450102,32.163760783013664,32.253789253206534,32.3581640267825,32.47710127962486,32.61084616566983,32.75967046388297,32.92386836605309,33.10375000075638,33.29963244680039,33.511828185233135,33.74063111801217,33.986300466959925,34.24904328059743,34.528997298920714,34.82621761887036
1400.0,31.921806728308724,31.92863747425736,31.94914194767792,31.983361837211152,32.03136649436609,32.09325364225743,32.169149984580685,32.25921178926819,32.363625255604866,32.482606363881054,32.61639980930333,32.76527655688238,32.92952955032666,33.10946718486895,33.30540430491751,33.5176506747154,33.74649705450354,33.99219923808421,34.254960882084184,34.53491698275949,34.83212137920106
1401.0,31.927107342058267,31.933940548365964,31.95445242009613,31.988684703231936,32.03670683842419,32.09861665783119,32.174540970647165,32.26463610763164,32.3690882305827,32.488113106414815,32.62195495315074,32.77088390551473,32.93519164764025,33.11518483634426,33.31117608326728,33.52347244557255,33.75236156742982,33.998095873630504,34.26087573817469,34.54083356139387,34.838022049209975
1402.0,31.93240964229456,31.939245313060265,31.9597645951134,31.99400929064193,32.04204892690998,32.10398144037931,32.17993373795523,32.27006220183991,32.37455294144561,32.49362149289888,32.627511579102844,32.77649248868528,32.940854635057086,33.12090293169957,33.31694775949184,33.52929347971003,33.75822464910075,34.003990385214024,34.26678788664656,34.54674709547573,34.84391969573623
1403.0,31.93771363160263,31.944551770848523,31.96507847497174,31.999335601112342,32.04739276045662,32.10934798886122,32.18532828303897,32.27549006525233,32.38001937780359,32.49913150898178,32.63306966912814,32.7821022854553,32.94651848984857,33.12662144775741,33.32271931182259,33.53511376015403,33.764086293418586,34.00988278571144,34.272697364888835,34.55265764307073,34.84981438215764
1404.0,31.943019312512387,31.94985992417496,31.970394061823917,32.00466363618875,32.05273833953267,32.11471630204189,32.19072460223044,32.28091969105202,32.385487529153686,32.50464314029058,32.63862920527074,32.78771327503977,32.95218318950408,33.132340361678594,33.328490719121426,33.54093327104028,33.76994649574564,34.01577308904614,34.278604209808016,34.55856525985648,34.8557061687349
1405.0,31.948326687492713,31.955169775414262,31.975711357729107,32.009993397288675,32.05808566444226,32.120086378494996,32.19612269166547,32.286351072253176,32.39095738488616,32.51015637243355,32.644190169649036,32.79332543680708,32.957848711742464,33.13805965099248,33.334261960912045,33.54675199759178,33.7758052527782,34.021661310005406,34.28450845776101,34.5644699992994,34.86159511290484
1406.0,31.953635758945865,31.96048132686635,31.981030364648802,32.01532488569939,32.06343473532549,32.12545821660613,32.20152254728941,32.29178420170783,32.39642893429023,32.51567119100268,32.649752544455204,32.79893875028056,32.96351503452464,33.143779293624206,33.34003301740217,33.55256992608863,33.78166256242808,34.02754746408469,34.29041014450833,34.57037191281291,34.86748126953245
1407.0,31.958946529202105,31.96579458075139,31.986351084442976,32.020658102575986,32.068785552158914,32.130831814576005,32.20692416486255,32.2972190721123,32.401902166559466,32.52118758157625,32.65531631195556,32.804553195141494,32.969182136066706,33.14949926791854,33.34580386949801,33.55838704383206,33.787518423712406,34.03343156735503,34.29630930518276,34.57627104989929,34.87336469112912
1408.0,31.964259000514595,31.97110953920507,31.9916735188665,32.02599304893961,32.074138114756224,32.13620717042374,32.21232753996548,32.30265567601332,32.40737707079681,32.526705529721454,32.660881454491715,32.8101687512333,32.974849994853074,33.15521955266035,33.35157449881202,33.56420333910463,33.793372836651585,34.03931363635005,34.30220597426968,34.58216745827732,34.87924542804293
1409.0,31.969573175054546,31.976426204274148,31.996997669565804,32.031329725675974,32.07949242276904,32.14158428199,32.217732668004224,32.308094005813864,32.41285363601945,32.53222502099721,32.666447954482486,32.81578539856673,32.98051858964927,33.16094012709161,33.357344887664794,33.570018801128015,33.799225802175556,34.04519368796958,34.30810018559635,34.588061183997326,34.88512352862576
1410.0,31.97488905490665,31.981744577912224,32.00232353807577,32.03666813353397,32.08484847568781,32.14696314694027,32.22313954421521,32.31353405377865,32.418331851163416,32.53774604095713,32.67201579442648,32.82140311732573,32.986187899514114,33.166660970925236,33.36311501908227,33.57583342001956,33.80507732203776,34.051071739397365,34.31399197232795,34.593952271545376,34.89099903938081
1411.0,31.98020664206472,31.98706466197577,32.007651125816864,32.04200827312456,32.09020627284277,32.152343762768,32.22854816367006,32.3189758120395,32.42381170508814,32.543268575152695,32.67758495690527,32.82702188787377,32.991857903811045,33.17238206435577,33.36888487678886,33.58164718674844,33.81092739873656,34.056947808030834,34.31988136696878,34.5998407639378,34.89687200509353
1412.0,31.985525938427603,31.992386458220412,32.01298043409247,32.0473501449198,32.095565813405116,32.15772612679774,32.23395852128027,32.3244192726004,32.429293186580836,32.548792609136655,32.683155424587135,32.832641690760475,32.9975285822185,33.178103388067214,33.37465444519736,33.58746009309208,33.81677603544353,34.062821911421004,34.32576840136733,34.60572670280721,34.902742468948496
1413.0,31.990846945795347,31.997709968297457,32.01831146408646,32.05269374925202,32.1009270963881,32.16311023618828,32.23937061180168,32.32986442734246,32.43477628436088,32.55431812846665,32.688727180231155,32.83826250672835,33.003199914739156,33.18382492323827,33.380423709396204,33.59327213159342,33.82262323593812,34.06869406722112,34.33165310672422,34.61161012848104,34.90861047263419
1414.0,31.99616966586559,32.00303519375061,32.02364421686097,32.058039086313194,32.10629012064832,32.1684960879357,32.24478442983887,32.33531126802862,32.44026098708412,32.559845118709006,32.694300206691686,32.84388431671946,33.00887188170805,33.18954665154518,33.38619265513471,33.59908329551927,33.82846900454821,34.074564293142686,34.33753551360233,34.61749108005342,34.91447605643722
1415.0,32.0014941002302,32.008362136012984,32.028978693354375,32.0633861561544,32.11165488488701,32.17388367887643,32.25019996984939,32.34075978630835,32.445747283347224,32.565373565442776,32.69987448692304,32.84950710188196,33.01454446379954,33.19526855516249,33.391961268806675,33.60489357882005,33.83431334609605,34.080432606917896,34.343415651938514,34.62336959545111,34.92033925932765
1416.0,32.0068202503721,32.01369079640426,32.03431489437943,32.068734958685496,32.11702138765141,32.179273005690206,32.25561722614789,32.34620997372213,32.45123516169193,32.570903454263856,32.705450003984424,32.85513084357634,33.02021764203307,33.20099061676192,33.397729537432824,33.610702976091126,33.84015626584906,34.08629902626744,34.34929355105635,34.62924571149421,34.926200119036245
1417.0,32.012148117662406,32.01902117612813,32.03965282062163,32.074085493674865,32.12238962733619,32.18466406490308,32.26103619291018,32.351661821705896,32.45672461060944,32.576434770789334,32.71102674104485,32.860755523381336,33.02589139777787,33.206712819509555,33.403497448642376,33.61651148253581,33.845997769475126,34.09216356887299,34.355169239679704,34.63511946395208,34.932058672124924
1418.0,32.01747770335769,32.02435327626986,32.04499247263776,32.07943776074929,32.127759602184895,32.190056852890336,32.26645686417717,32.357115321595394,32.462215618544704,32.58196750066185,32.71660468138814,32.86638112309945,33.03156571275655,33.212435147061676,33.40926499065406,33.622319093930024,33.85183786300197,34.098026252353726,34.36104274594679,34.640990887595095,34.93791495405106
1419.0,32.022809008597505,32.029687097794195,32.05033385085453,32.08479175939398,32.13313131029147,32.19545136587935,32.271879233858726,32.3625704646305,32.4677081739008,32.587501629554126,32.72218380841794,32.87200762476204,33.03724056904763,33.21815758355932,33.41503215225679,33.62812580658876,33.85767655278015,34.103887094246254,34.366914097424505,34.64686001624251,34.943768999226364
1420.0,32.02814203440208,32.03502264154327,32.055676955567485,32.09014748895266,32.138504749601786,32.200847599952496,32.277303295737475,32.36802724195944,32.473202265043305,32.593037143173504,32.72776410566254,32.87763501063388,33.042915949087124,33.22388011362176,33.420798922790226,33.63393161733425,33.86351384544946,34.10974611198755,34.3727833211228,34.65272688280695,34.94962084107105
1421.0,32.03347678167026,32.04035990823487,32.06102178693999,32.0955049486278,32.14387991791525,32.20624555104998,32.28272904347256,32.37348564464298,32.47869788030465,32.59857402726646,32.73334555677966,32.88326326321729,33.04859183566924,33.2296027223392,33.42656529212531,33.639736523465785,33.86934974790832,34.11560332290044,34.37865044350914,34.65859151933577,34.955470512063705
1422.0,32.03881325117757,32.04569889846078,32.06636834500238,32.10086413748091,32.14925681288641,32.21164521497264,32.2881564706033,32.37894566365865,32.48419500798852,32.604112267623194,32.738928145561054,32.888892365255714,33.05426821194625,33.235325395264624,33.43233125064503,33.64554052273128,33.87518426728592,34.12145874418133,34.38451549052275,34.664453957049574,34.9613180437873
1423.0,32.044151443574535,32.05103961268532,32.07171662965127,32.10622505443298,32.1546354320266,32.217046587384765,32.293585570552885,32.38440728990478,32.4896936363742,32.60965185008212,32.74451185593687,32.89452229973685,33.05994506142757,33.24104811840511,33.438096789225376,33.65134361330032,33.881017410916805,34.127312392889834,34.390378487588755,34.67031422637821,34.967163466971904
1424.0,32.0494913593851,32.05638205124409,32.07706664064899,32.11158769826493,32.160015772705655,32.22244966381686,32.299016336631944,32.38987051420467,32.49519375372094,32.61519276053435,32.75009667197983,32.90015304989524,33.06562236797817,33.246770878212644,33.44386189921668,33.65714579373877,33.886849186317804,34.13316428594008,34.396239459632,34.6761723569944,34.9730068115342
1425.0,32.05483299900528,32.061726214342805,32.082418377623135,32.1169520676182,32.16539783215358,32.22785443966845,32.30444876204209,32.39533532731062,32.50069534827228,32.620734984928035,32.75568257790918,32.90578459921438,33.07130011581639,33.252493661574555,33.449626572425316,33.662947062984884,33.89267960116693,34.1390144400935,34.40209843109065,34.68202837784527,34.9788481066143
1426.0,32.06017636270192,32.067072102056315,32.08777184006627,32.12231816099543,32.170781607462345,32.23326091021079,32.309882839879535,32.40080171990798,32.50619840826033,32.62627850927268,32.76126955809432,32.91141693142839,33.07697828951113,33.25821645580366,33.45539080109591,33.668747420326746,33.898508663284154,34.14486287195279,34.4079554259294,34.68788231718189,34.98468738061004
1427.0,32.065521450611676,32.072419714327815,32.09312702733572,32.12768597676115,32.176167095587644,32.23866907058966,32.3153185631385,32.40626968261916,32.511702921910015,32.631823319643296,32.76685759705828,32.91705003052325,33.08265687397859,33.26393924862821,33.461154577893986,33.674546865381046,33.90433638061386,34.15070959795706,34.41381046765242,34.69373420258705,34.990524661208966
1428.0,32.07086826274007,32.0777690509681,32.09848393865349,32.133055513142644,32.18155429335071,32.244078915828084,32.32075592471479,32.41173920600754,32.51720887744325,32.63736940218444,32.77244667948079,32.922683880737544,33.088335854478565,33.26966202818167,33.466917895889175,33.680345398073115,33.91016276120884,34.15655463437788,34.419663579315895,34.699584061001424,34.99635997541826
1429.0,32.07621679896074,32.08312011165504,32.103842573106284,32.13842676823076,32.18694319744012,32.24949044082909,32.32619491740918,32.41721028058147,32.52271626308308,32.64291674311409,32.778036790201185,32.92831846656286,33.09401521661034,33.27538478299246,33.47268074853891,33.68614301861808,33.91598781321563,34.16239799731619,34.42551478354025,34.70543191874814,35.0021933495928
1430.0,32.081567059014816,32.08847289593313,32.109202929645654,32.14379973998091,32.19233380441372,32.25490364037842,32.3316355339309,32.42268289679811,32.52822506705771,32.64846532872741,32.78362791422098,32.93395377274378,33.09969494630825,33.28110750197366,33.47844312967272,33.69193972750323,33.9218115448612,34.16823970269989,34.43136410252199,34.711277801556044,35.00802480946145
1431.0,32.086919042510395,32.093827403213176,32.11456500708821,32.14917442621407,32.19772611070047,32.260318509147304,32.337077766901,32.42815704506729,32.53373527760445,32.6540151454003,32.78922003670618,32.93958978427754,33.10537502983697,33.28683017441271,33.484205033476975,33.697735525471316,33.927633964440695,34.17407976628211,34.43721155804516,34.717121734581646,35.013854380151805
1432.0,32.09227274892219,32.099183632772124,32.11992880411594,32.154550824617814,32.20312011260241,32.26573504169512,32.34252160885575,32.43363271575527,32.5392468829736,32.65956617959282,32.79481314298934,32.94522648641336,33.111055453786534,33.292552789961206,33.489966454480324,33.7035304135049,33.933455080306295,34.17991820363998,34.4430571714925,34.72296374242981,35.01968208621343
1433.0,32.09762817759129,32.10454158375297,32.12529431927665,32.159928932747505,32.20851580629657,32.27115323247221,32.34796705224999,32.43910989918854,32.54475987143221,32.66511841785245,32.80040721857134,32.95086386465144,33.11673620506715,33.29827533862479,33.49572738753952,33.709324392811624,33.93927490085697,34.185755030173894,34.448900963856175,34.72880384917347,35.025507951639824
1434.0,32.102985327724966,32.10990125516477,32.13066155098441,32.16530874802745,32.21391318783696,32.27657307582254,32.35341408946047,32.444588585657435,32.55027423126777,32.67067184681711,32.80600224912291,32.95650190474168,33.12241727090384,33.30399781075311,33.501487827825876,33.71511746481032,33.94509343452918,34.19159026110722,34.45474295574826,34.7346420783722,35.03133199988908
1435.0,32.1083441983967,32.11526264588281,32.13603049752022,32.170690267752164,32.219312253156595,32.28199456598646,32.35886271278915,32.4500687654198,32.55578995079171,32.676226453218085,32.81159822048594,32.96214059268217,33.12809863883096,33.30972019702996,33.50724777081222,33.72090963111794,33.95091068978828,34.19742391148633,34.46058316741077,34.74047845308988,35.037154253903495
1436.0,32.11370478854625,32.120625754648806,32.141401157032604,32.17607348908767,32.2247129980695,32.287417697103415,32.36431291446641,32.45555042870454,32.56130701834293,32.68178222388269,32.81719511867449,32.96777991471742,33.133780296686574,33.31544248846361,33.51300721226035,33.726700893537306,33.95672667512072,34.20325599618097,34.466421618725434,34.7463129959115,35.04297473612799
1437.0,32.11906709697981,32.125990580071246,32.1467735275384,32.18145840907285,32.230115418272774,32.29284246321465,32.36976468665437,32.46103356571509,32.56682542229104,32.68733914573684,32.822792929875654,32.9734198573364,33.13946223260678,33.32116467637722,33.51876614820898,33.73249125404547,33.962541399026904,34.209086529884864,34.47225832922316,34.75214572895909,35.04879346852769
1438.0,32.124431122370304,32.13135712062581,32.15214760692356,32.18684502462086,32.23551950934865,32.29826885826593,32.37521802145005,32.46651816663285,32.57234515103964,32.69289720580738,32.82839164045011,32.97906040727034,33.14514443501995,33.32688675239956,33.524524574962236,33.738280714782874,33.96835487001459,34.21491552711661,34.47809331809311,34.75797667390688,35.05461047260454
1439.0,32.129796863257745,32.13672537465586,32.15752339294404,32.19223333252055,32.240925266766595,32.303696876110244,32.38067291088851,32.47200422162053,32.577866193029365,32.69845639122424,32.833991236932555,32.98470155149039,33.15082689264091,33.33260870845582,33.530282489078495,33.744069278043035,33.97416709659296,34.22074300222074,34.48392660419156,34.7638058519958,35.06042576941303
1440.0,32.13516431804971,32.14209534037305,32.16290088322677,32.19762332943803,32.24633268588545,32.3091265105105,32.386129346945985,32.47749172082539,32.583388536740856,32.704016689222485,32.83959170603189,32.99034327720512,33.15650959446516,33.33833053675872,33.53603988735981,33.7498569462629,33.97997808726705,34.226568969368984,34.48975820605043,34.76963328404719,35.06623937957523
1441.0,32.1405333318047,32.14746686264081,32.168279922053486,32.20301485870097,32.251741608738335,32.31455760192504,32.39158716832584,32.48298050116531,32.588912017480425,32.709577933926965,32.845192881414086,32.99598541864071,33.16219237654589,33.34405207658258,33.541796613624534,33.75564356879655,33.98578769731563,34.232393289344444,34.4955879522113,34.77545730272485,35.07201562082069
1442.0,32.145903749471515,32.15283978621383,32.173660353600575,32.20840776353896,32.25715187727361,32.31998999074903,32.397046213700285,32.488470399570566,32.59443647062152,32.71513995959272,32.85079459694072,33.001627810276894,33.16787507522685,33.34977316749357,33.54755251193572,33.761428995103344,33.99159578025655,34.238215774806044,34.50141489884089,34.78126970662686,35.07773400627009
1443.0,32.15127556909274,32.15821410894169,32.179042175142996,32.213802040287916,32.26256348655975,32.32542367051995,32.40250647491617,32.493961406189705,32.599961884810085,32.72070275380928,32.85639683987149,33.007270440046895,33.17355768033936,33.35549380254196,33.55330757973105,33.76721322665448,33.99740232319708,34.244036205210065,34.50723744452166,34.78706601715771,35.083407766870025
1444.0,32.15664878858117,32.163589828545376,32.18442538383115,32.21919768516741,32.26797643156323,32.33085863469584,32.40796794377361,32.4994535111681,32.60548824874268,32.72626630427769,32.86199959763934,33.01291329611,33.1792401819701,33.361213974992936,33.55906181409511,33.7729962590317,34.00320726850193,34.24985417354186,34.51305398108107,34.79284430916627,35.089045385079295
1445.0,32.1620234057207,32.16896694261824,32.189809976692125,32.22459469428232,32.27339070715068,32.33629487665797,32.41343061202885,32.50494670465078,32.61101555116883,32.731830598811705,32.8676028578498,33.0185563668474,33.18492257044046,33.36693367816054,33.56481521051742,33.77877807573229,34.00901050303312,34.25566915649455,34.518863134932644,34.798603984820915,35.09465250869083
1446.0,32.1673994181672,32.17434544862705,32.19519595063102,32.22999306362459,32.27880630809111,32.34173238971343,32.41889447139711,32.51044097678525,32.61654378089325,32.73739562533884,32.87320660827977,33.02419964085365,33.190604836251566,33.372652905049755,33.57056776110281,33.784558643061516,34.014811860360645,34.26148058144141,34.5246638229949,34.8043451193068,35.10023305208038
1447.0,32.172776823449546,32.17972534391308,32.2005833024323,32.23539278907503,32.2842232290581,32.34717116709771,32.42435951355541,32.51593631772414,32.622072926777896,32.742961371901096,32.878810836874734,33.02984310691804,33.19628696997394,33.378371647804855,33.576319452639325,33.79033790723936,34.020611130386776,34.26728787586182,34.53045523330628,34.810068113175674,35.10578984019245
1448.0,32.17815561897065,32.18510662569322,32.205972028761224,32.24079386640505,32.28964146463201,32.352611201977304,32.42982573014528,32.521432717627796,32.62760297774392,32.74852782665514,32.884415531742874,33.03548675398884,33.20196896207051,33.38408989702096,33.582070264890326,33.796115793797796,34.026408071795224,34.27309049874177,34.53623678094256,34.81577350919165,35.111324992252776
1449.0,32.18353580200862,32.19048929106125,32.211362126165305,32.246196291278515,32.29506100930223,32.358052487452234,32.43529311277547,32.526930166666766,32.633133922773304,32.754094977871375,32.89002068114364,33.041130571114984,33.20765080265544,33.389807641003195,33.58782016934297,33.801892208817925,34.03220242441444,34.27888795777114,34.54200806105882,34.82146189734188,35.11684015534887
1450.0,32.18891736971789,32.19587333698904,32.21675359107579,32.25160005925361,32.300481857469364,32.363495016558566,32.44076165302455,32.532428655024134,32.63866575091011,32.75966281393112,32.895626273468565,33.04677454736182,33.21333248120288,33.395524865058206,33.59356912850635,33.80766704139761,34.03799391998939,34.2846798166778,34.54776880735349,34.82713386697251,35.122336650068775
1451.0,32.194300319130505,32.20125876032789,32.222146419809256,32.25700516578467,32.30590400344748,32.36893878227093,32.44623134244348,32.5379281728977,32.644198451260976,32.76523132332113,32.901232297212246,33.05241867170144,33.219013986227125,33.4012415508854,33.59931709574669,33.81344016677992,34.04378229079545,34.290465696295925,34.55351885818689,34.83278998396826,35.12781556371408
1452.0,32.19968464715734,32.20664555780992,32.227540608569115,32.26241160622411,32.31132744146632,32.374383777504946,32.45170217255806,32.543428710501836,32.64973201299471,32.77080049462437,32.9068387409323,33.058062932880965,33.22469530495771,33.406957676111716,33.60506401558284,33.81921144969519,34.04956727607147,34.296245271983985,34.55925813008464,34.83843078109557,35.13327781163644
1453.0,32.2050703505895,32.21203372604944,32.23293615344729,32.26781937582433,32.316752165673506,32.37982999511967,32.45717413487125,32.54893025806898,32.655266425340415,32.776370316506295,32.912445593198036,33.06370731927475,33.23037642303188,33.41267321399,33.610809824336506,33.82498074760584,34.05534862651661,34.3020182691515,34.564986597496535,34.844056755128655,35.13872417876537
1454.0,32.210457426099694,32.21742326154443,32.23833305042588,32.27322846973962,32.322178170136766,32.38527742791995,32.462647220865364,32.55443280585055,32.66080167758383,32.78194077769616,32.91805284252849,33.069351818727554,33.236057324222266,33.41838813326169,33.61655445102699,33.83074791366368,34.06112610719554,34.307784458007895,34.57070427753473,34.84966836734505,35.144155348533765
1455.0,32.215845870243626,32.22281416067804,32.2437312953788,32.27863888302813,32.327605448846114,32.39072606865871,32.468121422003996,32.559936344117176,32.66633775906152,32.787511866962745,32.923660477321526,33.07499641839651,33.24173799021288,33.42410239817077,33.622297818410566,33.83651279928136,34.066899499203714,34.3135436481981,34.57641121854484,34.855266045579256,35.14957192358533
1456.0,32.22123567946154,32.22820641972012,32.24913088407352,32.284050610653836,32.333033995716036,32.39617591003914,32.47359672973365,32.565440863157974,32.67187465915257,32.79308357308496,32.92926848577611,33.080641104598904,33.247418400430654,33.429815968607414,33.62803984408185,33.842275256285035,34.07266860040743,34.31929568369399,34.58210749157248,34.860850186887326,35.15497444098555
1457.0,32.22662685007968,32.233600034828804,32.25453181217283,32.28946364748847,32.3384638045876,32.40162694471683,32.47907313548501,32.570946353278764,32.6774123672676,32.79865588481726,32.93487685581054,33.08628586267215,33.253098531935365,33.435528800356074,33.633780441573585,33.84803513865672,34.07843322552003,34.32504043812423,34.58779318399517,34.86642116034009,35.16036338366248
1458.0,32.23201937831188,32.238995002052135,32.25993407523654,32.2948779883135,32.34389486923058,32.40707916530162,32.48455063067371,32.576452804798976,32.68295087283496,32.80422879085088,32.94048557497925,33.09193067685063,33.25877835936672,33.44124084542175,33.639519521409355,33.853792303899205,34.08419320572095,34.33077781061278,34.59346839476589,34.8719793097111,35.16573918919742
1459.0,32.23741326026115,32.24439131732967,32.265337668723355,32.300293627822086,32.349327183345466,32.41253256435931,32.49002920670053,32.58196020804721,32.688490165284215,32.80980227977158,32.94609463039104,33.09757553016294,33.26445785494442,33.446952052410246,33.645256992079226,33.859546614068464,34.089948387975475,34.33650772213135,34.59913323085469,34.87752495595699,35.171102256708735
1460.0,32.24280849192128,32.24978897649423,32.27074258799259,32.30571056062102,32.35476074056543,32.41798713441316,32.49550885495092,32.58746855335524,32.69403023402695,32.81537634001494,32.951704008631076,33.10322040435153,33.27013698851531,33.452662366940615,33.65099276092085,33.865297936522246,34.09569863417202,34.342230112337,34.60478780458176,34.88305839945583,35.17645295233389
1461.0,32.248205069178546,32.255187975273515,32.27614882830607,32.31112878123265,32.36019553445814,32.42344286794499,32.50098956679382,32.592977831050554,32.69957106843529,32.820950959820415,32.957313695688896,33.108865279815454,33.275815727640605,33.45837173207192,33.656726734897966,33.87104614443247,34.10144382016131,34.34794493684929,34.61043223161586,34.88857992200321,35.18179161365997
1462.0,32.253602987813345,32.260588309291876,32.28155638482985,32.31654828409674,32.365631558527504,32.42889975739597,32.5064713335796,32.598488031447296,32.70511265781844,32.82652612718515,32.96292367689391,33.114510135576005,33.28149403771566,33.46408008872964,33.66245882127504,33.87679111710525,34.107183834757,34.3536521649164,34.61606662947063,34.89408978858157,35.18711855335158
1463.0,32.25900224350194,32.265989974072056,32.28696525263611,32.32196906357234,32.371068806215156,32.43435779516701,32.511954146637144,32.603999144835726,32.7106549913976,32.832101829818704,32.968533936859785,33.12015494926407,33.287171882115224,33.469787376120614,33.668188928191626,33.88253274014719,34.11291857873814,34.35935177741954,34.621691116375494,34.89958824892444,35.1924340621558
1464.0,32.264402831818174,32.27139296503694,32.292375426704936,32.327391113939505,32.37650727090185,32.439816973618676,32.5174379972701,32.60951116147036,32.71619805827985,32.83767805509969,32.974144459438484,33.12579969712752,33.29284922235719,33.47549353212837,33.673916965142816,33.88827090551106,34.11864796388028,34.3650437651689,34.62730581042911,34.90507553889901,35.19773841141668
1465.0,32.26980474823521,32.2767972775113,32.29778690192609,32.332814429401004,32.38194694590857,32.44527728507064,32.52292287675214,32.61502407155683,32.721741847431446,32.843254790035,32.9797552276843,33.13144435405649,33.29852601827881,33.4811984936832,33.679642843373955,33.89400551144866,34.12437191203203,34.37072812744886,34.63291082896722,34.91055188172914,35.20303185519883
1466.0,32.27520798812729,32.28220290672358,32.30319967310076,32.33823900408387,32.38738782449739,32.45073872180054,32.52840877632138,32.62053786523773,32.72728634765094,32.848832021222535,32.98536622382798,33.13708889362429,33.30420222821997,33.48690219710358,33.68536647619853,33.89973646239387,34.13009035424664,34.37640487077559,34.638506288093616,34.9160174890791,35.20831463209541
1467.0,32.28061254677151,32.287609847807666,32.3086137349433,32.343664832040865,32.39282989987206,32.45620127604239,32.53389568717394,32.626052532577596,32.73283154754272,32.85440973481791,32.99097742926076,33.142733288141415,33.30987780920914,33.492604578406976,33.69108777924832,33.90546366879426,34.13580322997329,34.38207400783516,34.64409230233571,34.921472562016255,35.21358696677895
1468.0,32.286018419349524,32.29301809580456,32.31402908208287,32.34909190725179,32.3982731651783,32.46166493998435,32.5393836004567,32.631568063547284,32.73837743549137,32.85998791650543,32.99658882452768,33.14837750872046,33.31555271714807,33.498305573589555,33.69680667066452,33.91118704690647,34.14151048630954,34.38773555657485,34.649668984395554,34.92691729186815,35.218849071340536
1469.0,32.29142560094933,32.29842764566416,32.319445709065,32.35452022362462,32.403717613503744,32.46712970576598,32.54487250725938,32.63708444800798,32.74392399963715,32.865566551473805,33.002200389329765,33.15402152534944,33.321226906992464,33.504005118875305,33.70252307123811,33.916906518566975,34.14721207731386,34.393389539424504,34.65523644497423,34.93235186098788,35.22410114645336
1470.0,32.29683408656697,32.30383849224692,32.32486361035313,32.35994977499646,32.40916323787752,32.47259556547492,32.55036239860591,32.64260167569501,32.74947122785306,32.87114562439651,33.007812102534146,33.159665306971625,33.326900332926186,33.509703150935465,33.708236904506876,33.92262201094764,34.15290796337609,34.39903598262833,34.66079479265259,34.93777644343925,35.229343382389295
1471.0,32.30224387110818,32.30925063032546,32.33028278032996,32.365380555134315,32.41461003126954,32.478062511143115,32.555853265445435,32.64811973620178,32.75501910772369,32.87672511941699,33.013423942191324,33.165308821569795,33.33257294852737,33.51539960708,33.71394809681599,33.9283334563032,34.15859811064249,34.404674915670554,34.66634413381546,34.943191205611946,35.23457595991182
1472.0,32.30765494939012,32.31466405458615,32.335703213298785,32.370812557735626,32.420057986589356,32.48353053474243,32.56134509864272,32.65363861896395,32.76056762652617,32.88230502013843,33.019035885558765,33.17095203625338,33.33824470692519,33.52109442542296,33.71965657734798,33.93404079171617,34.1642824904919,34.41030637078105,34.67188457260918,34.94859630677534,35.2397990510639
1473.0,32.31306731614286,32.320078759630626,32.34112490348463,32.37624577642859,32.425507096684676,32.48899962817992,32.566837888968415,32.659158313244184,32.7661167712132,32.887885309618156,33.024647909129875,33.1765949173469,33.343915560946456,33.52678754502368,33.72536227812748,33.93974395884338,34.16996107905913,34.415930382509046,34.67741621092481,34.95399189957837,35.24501281986641
1474.0,32.31848096601097,32.32549473997716,32.34654784503529,32.38168020477224,32.43095735433955,32.49446978329264,32.572331627089106,32.66467880811743,32.77166652839852,32.89346597036615,33.03025998866755,33.182237430478466,33.34958546325174,33.532478906006,33.73106513400516,33.945442903667086,34.175633856801696,34.42154698735506,34.68293914840096,34.959378130501904,35.25021742293981
1475.0,32.32389589355494,32.33091199006203,32.35197203202214,32.38711583625628,32.436408752272186,32.49994099184211,32.577826303557245,32.670200092457165,32.77721688434469,32.89904698434768,33.03587209924144,33.18787954066736,33.355254366460684,33.53816844965749,33.736765082624956,33.95113757625307,34.181300808106386,34.427156223452606,34.688453482441524,34.96475514026918,35.25541301005956
1476.0,32.32931209325252,32.33633050424066,32.357397458440886,32.392552664300624,32.441861283132425,32.50541324550851,32.583321908801224,32.67572215492251,32.782767824953304,32.9046283329895,33.04148421526819,33.1935212124097,33.36092222326669,33.54385611851077,33.742462064377726,33.956827930517036,34.18696192093188,34.43275813029268,34.6939593082447,34.970123064219116,35.2605997246542
1477.0,32.33472955949998,32.341750276788765,32.362824118212075,32.39799068225478,32.44731493949894,32.510886535884566,32.58881843311557,32.68124498394641,32.788319335757556,32.910209997189476,33.047096310553954,33.1991624097616,33.36658898654116,33.54954185640879,33.74815602234441,33.962513924000554,34.192617186484384,34.438352748484824,34.699456718840395,34.975482032646546,35.265777704253516
1478.0,32.34014828661324,32.34717130190328,32.3682520051814,32.40342988339685,32.452769713876094,32.5163608544694,32.59431586665141,32.686768567724975,32.793871401917144,32.91579195732908,33.05270835833848,33.204803096419205,33.37225460942764,33.55522560855591,33.753846902230926,33.96819551765703,34.19826659892304,34.44394011954983,34.704945805133754,34.980832171113114,35.270947080893045
1479.0,32.34556826882886,32.352593573703125,32.37368111311986,32.40887026093242,32.45822559869061,32.52183619266211,32.599814199407255,32.69229289420807,32.79942400821543,32.92137419328863,33.05832033134023,33.21044323579527,33.37791904542638,33.56090732155641,33.75953465229695,33.97387267564813,34.20391015509237,34.449520285739666,34.7104266559531,34.98617360073195,35.276107981480294
1480.0,32.3509895003049,32.3580170862299,32.3791114357237,32.41431180799307,32.463682586287966,32.52731254175546,32.605313421220295,32.6978179510911,32.804977139058714,32.92695668446471,33.06393220180204,33.216082791091885,33.38358224846966,33.56658694344195,33.76521922328021,33.97954536515063,34.2095478542792,34.45509328988096,34.715899358100856,34.991506438428814,35.28126052812723
1481.0,32.356411975121645,32.36344183344835,32.38454296661418,32.41975451763481,32.46914066892861,32.53278989292945,32.61081352175812,32.703343725808075,32.81053077847753,32.932539409789676,33.069543941536836,33.221721725369264,33.38924417298862,33.57226442368944,33.77090056831776,33.9852135561737,34.21517969799169,34.4606591752388,34.72136399640637,34.99683079718223,35.286404838452945
1482.0,32.36183568728215,32.36886780924665,32.389975699337064,32.42519838283611,32.47459983878404,32.53826823724508,32.61631449051103,32.708870205526004,32.816084910129845,32.93812234775262,33.07515552197302,33.22736000161033,33.394904773972094,33.57793971323048,33.77657864286529,33.990877221386405,34.22080568975839,34.466217985398266,34.726820653779846,35.00214678624463,35.29154102585986
1483.0,32.36726063071262,32.3742950074366,32.39540962736202,32.43064339649592,32.4800600879327,32.54374756563811,32.621816316784994,32.7143973771405,32.82163951730598,32.94370547642185,33.08076691419918,33.23299758278125,33.40056400701786,33.5836127644536,33.78225340461559,33.996536335955085,34.22642583494541,34.47176976416125,34.73226941126666,35.00745451134645,35.296669199786415
1484.0,32.37268679926264,32.37972342175351,32.40084474408173,32.436089551431365,32.48552140835588,32.54922786891313,32.62731898969519,32.719925227272675,32.82719458293511,32.94928877346829,33.086378089007944,33.23863443188775,33.40622182837717,33.589283531200245,33.787924813416794,34.002190877390234,34.232040140589866,34.477314555456694,34.73771034810153,35.012754074884825,35.30178946593875
1485.0,32.378114186705176,32.385153045856015,32.406281042810875,32.441536840375356,32.49098379193346,32.55470913773778,32.63282249816032,32.7254537422672,32.832750089593205,32.95487221618978,33.091989016938605,33.24427051202737,33.411878194992816,33.59495196875546,33.79359283119115,34.00784082540252,34.237648615248254,34.48285240326243,34.74314354176231,35.01804557609825,35.30690192650355
1486.0,32.38354278673646,32.39058387332564,32.41171851678488,32.446985255974,32.49644723043974,32.56019136263723,32.63832683089755,32.730982908191564,32.83830601951231,32.96045578153585,33.097599668318445,33.2499057864377,33.41753306453149,33.60061803383405,33.79925742185474,34.0134861617675,34.24325126885812,34.48838335153718,34.74856906802284,35.023329111228676,35.312006680344105
1487.0,32.388972592975676,32.39601589766623,32.41715715915852,32.4524347907839,32.501911715539215,32.56567453398896,32.643831976418156,32.73651271083644,32.84386235459087,32.96603944613291,33.103210013302544,33.25554021854078,33.42318639541081,33.60628168456294,33.804918551238636,34.01912687019861,34.248848112611896,34.49390744416149,34.753987001004916,35.02860477367199,35.317103823181114
1488.0,32.3944035989644,32.401449112303155,32.42259696300437,32.45788543726938,32.507377238782404,32.571158642017956,32.649337923024,32.742043135717076,32.84941907640511,32.97162318630955,33.108820021912,33.26117377198376,33.4288381468215,33.611942880460305,33.81057618701169,34.02476293622789,34.254439158841734,34.499424724886374,34.75939741322893,35.0338726541181,35.322193447759794
1489.0,32.39983579816598,32.406883510582354,32.42803792131108,32.46333718779961,32.512843791601824,32.57664367679213,32.6548446588046,32.747574168075666,32.854976166221306,32.97720697812188,33.11442966407052,33.266806410675976,33.43448827874527,33.617601582412185,33.81623029860533,34.03039434709411,34.26002442091432,34.5049352372888,34.76480037566335,35.03913284068145,35.327275644004686
1490.0,32.405269183964606,32.41231908576921,32.43348002698149,32.46879003464562,32.51831136530798,32.58212962821823,32.660352171634976,32.753105792884696,32.86053360500867,32.982790797378655,33.120038909639185,33.272438098822605,33.4401367519687,33.623257752646865,33.82188085714043,34.0360210916379,34.26560391313467,34.51043902473317,34.77019595777268,35.04438541902273,35.33235049916316
1491.0,32.41070374966432,32.41775583104731,32.43892327283066,32.47424396997739,32.52377995108556,32.58761648603808,32.66586044917414,32.75863799485108,32.866091373452946,32.98837461966617,33.12564772844949,33.278068800955175,33.44578352809359,33.62891135470757,33.8275278353564,34.04164316020329,34.27117765065818,34.51593613033803,34.77558422756409,35.04963047246266,35.3374180979388
1492.0,32.4161394884878,32.42319373951694,32.44436765158377,32.47969898586076,32.52924953998974,32.59310423982526,32.67136947886432,32.76417075842111,32.87164945197043,32.99395842037269,33.13125609033467,33.283698481958936,33.45142856954412,33.63456235342382,33.83317120754268,34.04726054454545,34.276745649410124,34.521426596947414,34.780965251632495,35.05486808208839,35.342478522615465
1493.0,32.421576393575016,32.42863280419358,32.44981315587392,32.48515507425454,32.53472012294269,32.59859287898221,32.67687924793078,32.769704067786094,32.87720782072237,32.999542174712445,33.13686396515911,33.289327107097414,33.45707183957112,33.64021071488175,33.83881094947252,34.05287323774418,34.282307926011924,34.52691046710624,34.78633909520419,35.06009832685321,35.34753185317292
1494.0,32.42701445798172,32.434073018006146,32.45525977823985,32.49061222700746,32.54019169073027,32.60408239273774,32.68238974338229,32.775237906888634,32.882766459629686,33.005125857748986,33.142471322846156,33.294954642034284,33.46271330225387,33.6458564063937,33.84444703833923,34.05848123412272,34.28786449771359,34.532387783039255,34.79170582217905,35.06532128367001,35.35257816739477
1495.0,32.43245367467781,32.43951437379517,32.46070751112358,32.49607043585526,32.54566423399894,32.60957277014496,32.687900952012185,32.78077225942952,32.88832534838782,33.010709444417955,33.14807813340408,33.30058105285267,33.468352922499534,33.65149939646724,33.8500794526948,34.064084529171716,34.2934153823318,34.537858586633206,34.79706549517113,35.07053702749908,35.35761754096931
1496.0,32.43789403654558,32.44495686431085,32.466156346868054,32.50152969241784,32.551137743252916,32.61506400007965,32.69341286039999,32.78630710887506,32.893884466481715,33.01629290954909,33.15368436695041,33.30620630607217,33.47399066604065,33.65713965477399,33.85570817239085,34.06968311947778,34.298960598193055,34.54332291942172,34.802418175548056,35.07574563143059,35.36265004758388
1497.0,32.44333553637781,32.45040048221106,32.47160627771467,32.506989988196445,32.55661220885151,32.62055607123904,32.69892545491354,32.79184243846491,32.899443793200795,33.021876227887546,33.159289993734596,33.311830368663614,33.47962649943082,33.662777152118274,33.861333178522024,34.07527700265656,34.304500164081524,34.54878082257267,34.80776392346876,35.08094716676228,35.367675759013295
1498.0,32.44877816687585,32.45584522005918,32.47705729580084,32.51245131457097,32.56208762100676,32.62604897214098,32.70443872171169,32.79737823122028,32.905003307653956,33.027459374114414,33.16489498415911,33.3174532080619,33.48526039003887,33.668411860405726,33.86695445337162,34.08086617728991,34.31003409919119,34.55423233687769,34.81310279792007,35.086141703072535,35.372694745202814
1499.0,32.4542219206475,32.46129107032196,32.48250939315754,32.51791366279735,32.56756396978131,32.63154269112355,32.70995264674735,32.802914469952384,32.910562988784406,33.03304232286643,33.17049930879898,33.32307479217684,33.490892306041566,33.67404375261221,33.87257198035947,34.086450642866915,34.31556242308185,34.55967750274363,34.818434856751765,35.09132930828942,35.377707074346034
1500.0,32.459666790204906,32.46673802536727,32.48796256170691,32.52337702400513,32.57304124508655,32.637037216345014,32.715467215771056,32.80845113727133,32.91612281538433,33.03862504875489,33.176102938419874,33.32869508940234,33.49652221641526,33.679672802752854,33.878185743992,34.09203039972856,34.32108515563865,34.56511636018568,34.82376015671051,35.09651004875572,35.38271281295816
1501.0,32.46511302514834,32.4721863346478,32.49341705044573,32.52884164638102,32.57851969386695,32.64253279297014,32.72098267152088,32.813988472780984,32.92168302329538,33.044207783569675,33.18170610118067,33.33431432580992,33.50215034811234,33.68529924303754,33.88379598700042,34.09760570620167,34.32660257422093,34.570549206007875,34.82907907185415,35.10168682230137,35.38777195509824
1502.0,32.470560874941796,32.47763624747663,32.49887310822094,32.53430777794459,32.58399956287658,32.64802966594874,32.72649925650451,32.81952671586609,32.92724384820077,33.04979075907438,33.18730902542667,33.339932727932656,33.50777692882879,33.690923306618615,33.88940295307369,34.10317682139848,34.33211495937485,34.575976417107896,34.83439327117058,35.106873492525644,35.39291898605237
1503.0,32.47601033174888,32.48308775586307,32.504330726565506,32.539775409384355,32.589480841516185,32.65352782285494,32.73201695584208,32.82506584853967,32.932805268477374,33.05537394986085,33.19291168254172,33.34555026560804,33.51340192983134,33.69654497040322,33.895006629759564,34.10874375017112,34.33762236759968,34.581398425429896,34.83970552593666,35.11207767197979,35.398131791186756
1504.0,32.481461387628606,32.4885408517084,32.50978989689413,32.5452445312539,32.594963519030415,32.65902725108652,32.73753575446904,32.83060585265051,32.93836726240743,33.060957330562886,33.198514044159026,33.35116690917968,33.51902532314722,33.70216421228397,33.90060700645055,34.114306508104384,34.34312493065535,34.58681597523728,34.84501861729653,35.117302685096185,35.40339622448149
1505.0,32.48691403453304,32.493995526803616,32.51525061050112,32.55071513397017,32.60044758450723,32.66452793786665,32.7430556371414,32.8361467098925,32.94392980819186,33.06654087587097,33.20411608217293,33.356782629501524,33.524647081577086,33.70778101137603,33.90620407641426,34.11986513186173,34.34862287359164,34.59223000531484,34.850334931193544,35.12254962639437,35.40870289611826
1506.0,32.49236826430507,32.49945177282716,32.52071285855829,32.55618720781191,32.6059330268776,32.67002987024586,32.748576588441026,32.841688401814196,32.9494928839632,33.07212456054635,33.20971776875017,33.362397397948186,33.53026717876502,33.71339534857731,33.91179783974529,34.125419687709304,34.35411651100742,34.59764153655368,34.85565636454507,35.12781845883945,35.414045324026276
1507.0,32.49782406867618,32.50490958134271,32.52617663211294,32.56166074291824,32.611419834915466,32.6755330351043,32.75409859278129,32.847230909828156,32.955056467798215,33.07770835943457,33.21531907634249,33.368011186441386,33.535885589361385,33.719007207454695,33.91738830655851,34.1309702763258,34.35960623086813,34.60305158899003,34.86098435781909,35.13310859745929,35.419418852973074
1508.0,32.50328143926417,32.510368943797054,32.531641922085996,32.5671357292875,32.61690799723788,32.68103741915425,32.75962163441281,32.8527742152204,32.96062053773021,33.08329224747899,33.22091997770345,33.37362396750388,33.54150228929729,33.72461657536112,33.92297549980834,34.13651703377038,34.36509247358371,34.60846112910154,34.866319969066026,35.13841921684045,35.42482001053932
1509.0,32.508740367571065,32.515829851518,32.53710871927023,32.572612156776174,32.62239750230546,32.686543008942884,32.7651456974294,32.85831829915974,32.96618507176115,33.08887619973519,33.22652044591329,33.379235714350784,33.547117256166786,33.730223444641425,33.92855945734389,34.14206012936464,34.370575711232576,34.61387104094558,34.87166395277595,35.143749410630456,35.43024611509776
1510.0,32.514200844980955,32.521292295712364,32.5425770143286,32.578090015098056,32.62788833842299,32.69204979085525,32.77067076577408,32.863863142707125,32.97175004787398,33.09446019138757,33.232120454415785,33.38484640102335,33.55273046969299,33.73582781378515,33.93414023304351,34.14759976151165,34.376056429459226,34.619282113853735,34.87701682963319,35.14909827193421,35.43569503140584
1511.0,32.51966286275801,32.526756267464066,32.548046797792736,32.58356929382359,32.63338049374034,32.697557751117444,32.77619682324523,32.869408726824986,32.977315444045374,33.10004419776967,33.23771997707074,33.39045600256494,33.55834191224243,33.741429688412765,33.93971789704982,34.15313615240784,34.38153511299543,34.62469504064468,34.88237894342123,35.154464931670645,35.441165014195924
1512.0,32.525126412044514,32.53222175773229,32.55351806006154,32.589049982379365,32.63887395625347,32.7030668758,32.781723853502946,32.87495503238687,32.98288123825965,33.10562819438976,33.24331898822394,33.396064495233254,33.56395156934777,33.74702908202206,33.945292535233826,34.15866954239864,34.38701223484393,34.63011042196449,34.887750505530306,35.15984857483097,35.44665460526981
1513.0,32.530591483858984,32.53768875734976,32.55899079139994,32.59453207004783,32.64436871380576,32.708577150821455,32.78725184007547,32.88050204018738,32.98844740852445,33.11121215696317,33.248917462795355,33.40167185673926,33.56955943020173,33.75262601646097,33.9508642480654,34.16420018449913,34.39248824871358,34.63552877380197,34.89313162896391,35.16524844534922,35.45216256384139
1514.0,32.53605806909442,32.54315725702116,32.56446498193777,32.600015545967146,32.64986475408946,32.714088561952124,32.79278076636589,32.88604973095268,32.99401393288878,33.11679606145239,33.25451537638427,33.40727806650057,33.57516548809185,33.758220522125576,33.95643314907499,34.16972833939925,34.3979635841276,34.640950536309994,34.8985223539859,35.17066384531497,35.45768781803063
1515.0,32.54152615851668,32.54862724732159,32.569940621668806,32.60550039913123,32.655362064647356,32.71960109481803,32.79831061565911,32.891598085351994,32.99958078946416,33.12237988411538,33.26011270538877,33.41288310589654,33.58076974075469,33.76381263790511,33.961999363074085,34.175254271118376,34.40343864361429,34.646376082817135,34.90392266733302,35.176094131568604,35.46322943015021
1516.0,32.54699574276289,32.55409871869526,32.575417700449975,32.61098661839001,32.66086063287468,32.72511473490514,32.80384137112926,32.89714708401027,33.00514795644938,33.127963601562236,33.26570942713597,33.418486958513284,33.58637219063674,33.769402410910295,33.96756302427321,34.18077824336457,34.40891380145205,34.651805728410125,34.90933251656607,35.18153871126936,35.468786571216334
1517.0,32.552466812340036,32.559571661454186,32.580896208000645,32.616474192449786,32.66636044602113,32.73062946756378,32.809373015847605,32.902696707522324,33.01071541215915,33.13354719081941,33.27130552001846,33.424089610367936,33.59197284505775,33.774989896027314,33.973124274404,34.18630051658408,34.414389403529775,34.65723973778044,34.91475182078556,35.186997037245774,35.47435850178609
1518.0,32.55793935762371,32.56504606577712,32.58637613390216,32.621963109873846,32.67186149119318,32.73614527801341,32.81490553279114,32.90824693646879,33.01628313505701,33.139130629400604,33.27690096363245,33.42969105010429,33.59757171627842,33.78057515534141,33.97868326092167,34.19182134564578,34.419865767975494,34.662678332217354,34.92018047864122,35.19246860352117,35.47994455724154
1519.0,32.563413368856864,32.57052192170856,32.59185746759744,32.62745335908322,32.67736375535655,32.74166215134773,32.820438904852026,32.913797751434096,33.021851103792194,33.144713895382836,33.2824957389131,33.43529126915398,33.60316882147946,33.78615825747086,33.98424013533817,34.19734097808514,34.42534318628847,34.66812169573814,34.92561837432965,35.197952941186145,35.48554413627275
1520.0,32.568888836148844,32.57599921915795,32.59734019839084,32.632944928357624,32.68286722533905,32.747180072540274,32.82597311484797,32.91934913302655,33.02741929724049,33.150296967485886,33.28808982826293,33.44089026185999,33.60876418266187,33.79173927684767,33.98979505171532,34.20285965282592,34.4308219247784,34.67356998040427,34.93106538209464,35.20344961467578,35.491156691712455
1521.0,32.57436574947446,32.58147794789896,32.602824315448046,32.63843780583664,32.68837188783352,32.75269902645043,32.83150814553371,32.92490106190073,33.032987694548446,33.15587982515342,33.29368321566986,33.44648802556113,33.61435782648049,33.797318292975255,33.995348165331336,34.2083775992995,34.436302226169886,34.67902331089957,34.93652136961012,35.20895821845217,35.49678172313395
1522.0,32.579844098673256,32.58695809756896,32.60830980779631,32.643931979521035,32.69387772940124,32.75821899783014,32.837043979613696,32.93045351878205,33.03855627518041,33.16146244863386,33.29927588681202,33.45208456063805,33.619949784023035,33.80289538968743,34.00089963152286,34.21389503688824,34.4417843112727,34.68448178845573,34.94198620052641,35.21447837406631,35.50241877079511
1523.0,32.5853238734489,32.59243965766866,32.61379666432467,32.64942743727442,32.699384736475636,32.76373997133118,32.84258059975603,32.936006484493525,33.0441250189678,33.1670448190593,33.30486782914744,33.45767987052272,33.625540090546906,33.808470654427516,34.00644960469644,34.21941217462797,34.44726838064934,34.68994549420977,34.94745973638714,35.22000972756293,35.508067410626595
1524.0,32.59080506336874,32.59792261756189,32.61928487378453,32.65492416682501,32.70489289536637,32.76926193151316,32.84811798860778,32.941559939984444,33.04969390615962,33.17262691852074,33.31045903198713,33.46327396167422,33.631128785185304,33.81404417756115,34.01199823749863,34.22492921111397,34.45275461623521,34.695414492072274,34.95294183807106,35.22555194718925,35.51372725004186
1525.0,32.59628765786351,32.60340696647552,32.6247744247903,32.66042215576781,32.71040219226384,32.77478486285237,32.853656128811586,32.9471138663608,33.05526291747365,33.1782087301384,33.31604948655107,33.46886684352448,33.63671591063269,33.8196160517322,34.01754568013106,34.23044633456358,34.458243182883145,34.700888831177096,34.958432366873446,35.231104721370365,35.51939792440249
1526.0,32.601771646227206,32.608892693499605,32.63026530582035,32.66592139156696,32.71591261324423,32.78030874975139,32.85919500302354,32.95266824491713,33.060832034147296,33.18379023812585,33.321639186006934,33.47445852839783,33.64230151281886,33.825186371267606,34.02309207979535,34.23596372299716,34.46373422981605,34.7063685479746,34.96393118531297,35.23666775691724,35.525079094011836
1527.0,32.607257017617115,32.61437978758769,32.635757505218116,32.67142186155846,32.72142414427499,32.785833576549535,32.86473459393233,32.958223057169434,33.066401237987456,33.18937142784705,33.32722812549206,33.480049031408456,33.64788564057894,33.83075523163431,34.02863758025272,34.24148154450585,34.46922789197977,34.71185366802181,34.9694381577289,35.2422407774372,35.530770441539325
1528.0,32.61274376105408,32.61986823755729,32.64125101119346,32.67692355295321,32.726936771220906,32.791359327534195,32.87027488427953,32.963778284888846,33.071970511418655,33.194952285865725,33.33281630211938,33.48563837033976,33.65346834532579,33.83632272894899,34.03418232148347,34.24699995758124,34.47472429129391,34.71734420751541,34.97495315071736,35.24782352192037,35.536471669799
1529.0,32.618231865422864,32.625358032090624,32.646745811824296,32.68242645284048,32.73245047985071,32.796885986953036,32.8758158568808,32.96933391013556,33.077539837528754,33.20053279998659,33.338403714968464,33.4912265655095,33.65904968072959,33.84188895954,34.03972643943257,34.252519111486976,34.48022353780205,34.7228401746063,34.98047603344401,35.2534157434794,35.54218249982189
1530.0,32.6237213194728,32.630849159735476,32.65224189505851,32.687930548191666,32.73796525584433,32.80241353902697,32.88135749464799,32.97488991529274,33.08310920011176,33.20611295928831,33.34399036506296,33.496813639624236,33.664629702408625,33.84745401955962,34.04527006582867,34.25803914665666,34.48572573072525,34.728341570528755,34.986006677861496,35.25901720822292,35.54790266917406
1531.0,32.629212111818596,32.6363416089064,32.6577392487161,32.69343582586454,32.74348108480066,32.80794196796396,32.886899780611955,32.9804462831,33.088678583707214,33.211692754148125,33.34957625533584,33.502399617626224,33.67020846763411,33.853018004643964,34.050813328065196,34.263560195105896,34.491230959424215,34.73384839057195,34.99154495885352,35.264627694245526,35.55363193048147
1532.0,32.634704230941374,32.641835367886046,32.66323786049169,32.69894227260789,32.74899795224601,32.81347125797354,32.89244269794569,32.986002996686096,33.094247973635845,33.217272176258355,33.355161390583994,33.50798452653578,33.67578603505102,33.85858100961733,34.05635634913339,34.26908238084938,34.496739304276005,34.7393606249172,34.997090754322336,35.270246990720125,35.55937005013018
1533.0,32.640197665189966,32.64733042482686,32.668737717957356,32.70444987506661,32.75451584364309,32.819001393281944,32.89798622998789,32.99156003960048,33.09981735603117,33.2228512186351,33.360745777413506,33.51356839529141,33.681362464416296,33.864143128237664,34.06189924759851,34.27460582031581,34.502250837471884,34.74487825936079,35.00264394523278,35.27587489707998,35.565116807115885
1534.0,32.64569240278245,32.65282676775296,32.67423880856573,32.70995861978726,32.760034744400656,32.824532358147906,32.90353036026656,32.99711739584351,33.105386717866914,33.22842987561948,33.36632942417727,33.51915125459,33.686937816355176,33.869704452979555,34.06744213761151,34.28013062275558,34.50776562374252,34.75040127593902,35.00820441562285,35.281511222279754,35.57087199202166
1535.0,32.65118843180795,32.65832438456237,32.67974111965358,32.71546849322407,32.76555463988359,32.83006413687881,32.90907507252244,33.00267504989494,33.110956046980135,33.23400814287201,33.37191234090621,33.52473313672873,33.69251215213587,33.875265074851285,34.07298512894952,34.285656890637476,34.51328372101684,34.75592965346954,35.0137720525888,35.2871557841263,35.576635406106035
1536.0,32.656685740228696,32.6638232630295,32.68524463844563,32.720979481745445,32.771075515423625,32.83559671384732,32.91462035073225,33.00823298674057,33.11652533209002,33.23958601736049,33.377494539235414,33.530314075450214,33.69808553346248,33.88082508324249,34.07852832707956,34.29118472003179,34.518805181020305,34.76146336802096,35.01934674625091,35.292808408671135,35.582406860486635
1537.0,32.66218431588243,32.66932339080801,32.69074935205887,32.726491571640835,32.77659735633049,32.84113007350823,32.920166179131364,33.01379119189687,33.122094562812435,33.24516349734221,33.383076032326436,33.535894105792096,33.703658022285865,33.886384565799275,34.08407183324058,34.29671420097793,34.52433004981834,34.76700239332073,35.024928389704755,35.29846892965773,35.58818617540699
1538.0,32.66768414648507,32.674824755433946,32.69625524750715,32.73200474912819,32.78212014790348,32.846664200415475,32.925712542235885,33.01934965143336,33.12766372967032,33.2507405823409,33.38865683478689,33.54147326394191,33.70922968063167,33.89194360832366,34.0896157445398,34.30224541783566,34.52985836830975,34.77254670110996,35.030516878961755,35.30413718801745,35.59397317957593
1539.0,32.67318521963376,32.680327344329235,32.70176231170626,32.73751900036171,32.78764387544342,32.85219907923923,32.93125942486391,33.02490835199278,33.13323282410001,33.256317273119095,33.39423696258819,33.54705158709803,33.714800570444964,33.89750229469463,34.09516015405993,34.30777844961923,34.53539017267509,34.77809626145243,35.036112112881966,35.309813031409035,35.599767709570656
1540.0,32.67868752281017,32.68583114480557,32.70727053147932,32.743034311440134,32.79316852426501,32.85773469478291,32.93680681215589,33.03046728080887,33.13880183845385,33.26189357164644,33.39981643298243,33.55262911333709,33.72037075345051,33.90306070680817,34.1007051509744,34.31331337031438,34.54092549478405,34.78365104300397,35.04171399310151,35.31549631379687,35.605569609295806
1541.0,32.68419104338423,32.69133614406856,32.71277989356261,32.74855066841533,32.798694079709335,32.86327103200009,32.942354689593955,33.03602642572183,33.144370765999064,33.26746948106466,33.40539526441919,33.5582058814883,33.72594029102774,33.90861892453386,34.10625082066812,34.31885024917818,34.546464362565956,34.789211013247574,35.04732242395637,35.32118689506414,35.611378729492095
1542.0,32.68969576861814,32.69684232922236,32.718290384611805,32.754068057301296,32.80422052715668,32.86880807601107,32.947903043020055,33.04158577519131,33.14993960091335,33.27304500564954,33.41097347646274,33.563781931014816,33.73150924409954,33.91417702568607,34.111797244862,34.324389151022196,34.55200680034681,34.79477613869873,35.05293731240414,35.326884640657205,35.61719492728872
1543.0,32.69520168567079,32.702349687274626,32.723801991208525,32.759586464083505,32.8097478520394,32.874345812119195,32.95345185865295,33.047145318307166,33.15550833827733,33.278620150770635,33.41655108971046,33.56935730190223,33.73707767303387,33.91973508600764,34.117344501739304,34.32993013647931,34.55755282915609,34.80034638508489,35.05855856794461,35.33258942125825,35.623018065794824
1544.0,32.700708781602565,32.70785820514177,32.72931469986729,32.76510587472852,32.815276039854936,32.879884225826686,32.959001123103874,33.05270504479786,33.1610769740641,33.28419492284899,33.422128125712746,33.57493203455419,33.742645637557196,33.925293179164484,34.12289266607287,34.335473262254965,34.56310246700626,34.80592171750244,35.064186102540354,35.33830111248322,35.62884801372565
1545.0,32.706217043380434,32.71336786965468,32.7348284970428,32.77062627519386,32.82080507617881,32.88542330284999,32.964550823390894,33.05826494503662,33.166645505126255,33.28976932931348,33.427704606894885,33.580506169695035,33.74821319667887,33.93085137674947,34.128441809351784,34.34101858136333,34.568655729147544,34.811502100554,35.069819830537746,35.3440195946029,35.634684645059885
1546.0,32.71172645788348,32.71887866756477,32.7403433691376,32.77614765143819,32.82633494667756,32.89096302913456,32.970100946951895,33.06382501004549,33.172213929180515,33.29534337855608,33.433280556481236,33.58607974827932,33.75378040862555,33.93640974829433,34.13399199990682,34.346566143349214,34.57421262830029,34.817087498468574,35.075459668589026,35.349744752284636,35.640527838724715
1547.0,32.71723701190875,32.724390585550346,32.745859302510006,32.78166998943155,32.83186563712165,32.896503390868965,32.97565148165622,33.069385231497314,33.17778224479033,33.30091707988646,33.43885599842185,33.591652811407926,33.75934733078482,33.94196836128823,34.13954330303393,34.352115994496415,34.57977317486715,34.82267787520671,35.081105535575816,35.35547647435314,35.64637747830606
1548.0,32.72274869217748,32.72990361022333,32.75137628348234,32.78719327516587,32.83739713339809,32.90204437449833,32.9812024158149,33.074945601715726,33.183350451346605,33.3064904434862,33.444430957321906,33.59722540025071,33.764914019657084,33.94752728120212,34.14509578111524,34.3576681780232,34.585337377126876,34.82827319455245,35.086757352534285,35.36121465356836,35.65223345178128
1549.0,32.72826148534166,32.73541772813637,32.756894298349415,32.7927174946655,32.842929421522946,32.90758596673711,32.98675373818953,33.08050611367343,33.18891854904692,33.31206348036301,33.4500054583739,33.60279755597517,33.770480530815185,33.953086571517765,34.1506494937371,34.36322273426566,34.59090524141147,34.833873420193854,35.092415042582346,35.36695918641908,35.65809565127232
1550.0,32.7337753779909,32.740932925790176,32.76241333338732,32.79824263399786,32.84846248765356,32.91312815458096,32.992305437999825,33.086066760988636,33.194486538873285,33.31763620230511,33.45557952729286,33.6083693196811,33.77604691887083,33.95864629376074,34.15620449780495,34.368779700849736,34.59647677226827,34.839478515793274,35.0980785308488,35.37270997293081,35.66396397281724
1551.0,32.73929035665969,32.74644918964121,32.7679333748623,32.80376867928406,32.85399631810046,32.91867092531794,32.997857504929804,33.091627537920004,33.20005442256889,33.323208621836045,33.46115319025454,33.61394073234075,33.78161323744725,33.96420650753658,34.16176084765469,34.37433911285239,34.602051972608315,34.84508844504878,35.103747744404714,35.37846691648669,35.66983831615851
1552.0,32.744806407834844,32.75196650610962,32.77345440903996,32.80929561670958,32.859530899338864,32.92421426653885,33.00340992913273,33.097188439360075,33.20562220261378,33.32878075217011,33.46672647383663,33.61951183474426,33.787179539157506,33.969767270569584,34.16731859516046,34.37990100295282,34.607630843842315,34.850703171747746,35.10942261219701,35.384229923660484,35.6757185845465
1553.0,32.750323517963366,32.75748486158743,32.77897642219449,32.81482343253484,32.865066218019926,32.929758166146705,33.00896270123479,33.102749460827376,33.2111898821999,33.3343526071686,33.47229940496301,33.625082667450094,33.7927458755878,33.97532863874352,34.172877789838736,34.385465401574166,34.61321338600525,34.8563226598135,35.11510306498427,35.389998904060434,35.68160468455679
1554.0,32.75584167346045,32.76300424244699,32.7844994006181,32.82035211310567,32.870602260981464,32.935302612365476,33.0145158123376,33.10831059845732,33.216757465205525,33.339924201296945,33.47787201085102,33.63065327074013,33.798312297285364,33.98089066614398,34.17843847894862,34.39103233701639,34.61879959787069,34.86194687334588,35.12078903527483,35.395773770183254,35.68749652592012
1555.0,32.76136086071781,32.76852463504958,32.79002333063053,32.825881644863756,32.87613901525823,32.94084759374788,33.02006925401953,33.11387184899198,33.22232495616923,33.345495549582935,33.48344431896169,33.63622368457914,33.80387885375032,33.98645340510178,34.18400070758844,34.39660183558086,34.624389477055786,34.86757577665641,35.126480457267085,35.40155443727743,35.6933940213639
1556.0,32.76688106611214,32.77404602575423,32.79554819858857,32.83141201435681,32.88167646809179,32.94639309918243,33.02562301833603,33.11943320976891,33.227892360263695,33.35106666757607,33.4890163569528,33.64179394857834,33.809445593431214,33.99201690623719,34.18956451878853,34.4021739216872,34.62998302011765,34.87320933429875,35.13217726679194,35.407340823215,35.69929708646426
1557.0,32.77240227601387,32.779568400926664,32.80107399089566,32.836943208248606,32.887214606939864,32.951939117899606,33.03117709781881,33.12499467870907,33.23345968326928,33.35663757130813,33.494588152634876,33.64736410196278,33.8150125637237,33.99758121850463,34.19512995360037,34.40774861798288,34.63558022264199,34.878847511094875,35.137879401257514,35.413132848371276,35.705205639507795
1558.0,32.77792447679596,32.785091746948396,32.80660069401149,32.84247521332884,32.89275341948515,32.957485639477284,33.0367314854742,33.13055625430403,33.23902693154766,33.36220827725504,33.50015973392979,33.65293418354229,33.82057981097208,34.00314638923747,34.200697051182075,34.41332594544603,34.64118107932462,34.8844902721576,35.14358679959584,35.418930435511804,35.7111196013622
1559.0,32.78344765484294,32.79061605022589,32.81212829446156,32.8480080165227,32.89829289364369,32.9630326538453,33.04228617478048,33.13611793560245,33.24459411201553,33.36777880230009,33.505731128832146,33.65850423168573,33.82614738047338,34.00871246419296,34.20626584888033,34.4189059234819,34.646785584046455,34.890137582909766,35.14929940221166,35.42473350968612,35.7170388953551
1560.0,32.78897179656001,32.79614129719981,32.817656778846626,32.85354160490015,32.90383301757263,32.96858015128933,33.047841159684445,33.14167972219604,33.250161232118444,33.373349163698414,33.511302365373076,33.66407428429828,33.83171531648358,34.0142794875968,34.211836382308874,34.42448857001344,34.652393729942595,34.895789409100566,35.15501715093321,35.430541998127694,35.72296344716047
1561.0,32.79449666246502,32.801667248437134,32.82318590793503,32.85907573976788,32.909373553760354,32.97412789653681,33.05339620868003,33.14724138828788,33.255728073887916,33.37891915312583,33.51687324566945,33.669644152884416,33.837283436308674,34.019847276270276,34.21740845950648,34.43007367564911,34.658005283548796,34.901445490902056,35.16073970929219,35.43635334158782,35.728840541757826
1562.0,32.8000220131467,32.80719366458939,32.8287154426209,32.86461018262691,32.914914264982166,32.97967565470826,33.05895109075226,33.15280270862647,33.26129441986481,33.38448856259508,33.52244357184142,33.67521364847964,33.84285155626343,34.02541564562293,34.222981886956966,34.435661029649836,34.66362000820103,34.90710549812962,35.16646560374643,35.44215534898606,35.73463987231185
1563.0,32.80554783516984,32.8127205322979,32.8342453698293,32.870144921076985,32.92045514020245,32.98522341721497,33.06450580126766,33.15836368438643,33.26686027897027,33.39005741032047,33.5280133718793,33.680782807531585,33.84841971757867,34.03098463558832,34.228556695460256,34.441250644000554,34.66923786366846,34.912769052250646,35.17219239288247,35.44794132096209,35.74038085120015
1564.0,32.81107411515679,32.818247838275255,32.83977567659746,32.875679942896916,32.925996168652595,32.99077117583226,33.07006033604025,33.16392431722532,33.27242566055335,33.39562571476024,33.5335826736888,33.68635166595952,33.85398796048301,34.03655428468449,34.234132913541366,34.44684252066812,34.674858743260366,34.9184355003971,35.17791762700358,35.453708325567,35.7460758917192
1565.0,32.81660083979673,32.82377556931447,32.845306350083646,32.88121523605227,32.93153733983613,32.996318922699906,33.07561469132482,33.169484609268004,33.277990574366946,33.40119349458799,33.53915150506601,33.69192025914217,33.85955632419444,34.042124629822325,34.23971056569464,34.45243664254377,34.68048245801162,34.92410401884658,35.18363920393376,35.45945539026369,35.7517332298942
1566.0,32.82212799585478,32.82930371229805,32.85083737757574,32.88675078870277,32.9370786435334,33.00186665032195,33.08116886380971,33.1750445630909,33.28355503054427,33.406760768665414,33.544719893673644,33.697488621901044,33.865124846862244,34.047695705829746,34.245289669817076,34.458032965984344,34.68610873998957,34.92977371177432,35.18935545142054,35.465182537077744,35.757358548163566
1567.0,32.827655570181136,32.83483225420698,32.85636874649969,32.89228658920928,32.94262006980565,33.007414351565984,33.08672285060907,33.18060418170624,33.28911903957588,33.412327556016166,33.5502878670171,33.703056788470626,33.870693565427814,34.053267544689184,34.25087023442852,34.46363141661429,34.691737256528626,34.93544368413173,35.19506509850473,35.4708902699088,35.76295592483914
1568.0,32.83318354972003,32.8403611821295,32.86190044442764,32.89782262614043,32.94816160899869,33.01296201966185,33.092276649254906,33.18616346854624,33.294682612287296,33.41789387580032,33.55585545241766,33.70862479244514,33.87626251538784,34.058840174571955,34.256452256219184,34.469231888501,34.697367628626566,34.94111308794559,35.20076721047559,35.4765793043937,35.768528399800815
1569.0,32.838711921518616,32.84589048326977,32.86743245908588,32.90335888827891,32.95370325174604,33.01850964819987,33.09783025768859,33.19172242744738,33.30024575981698,33.42345974728867,33.561422676979504,33.714192666693286,33.8818317304632,34.06441361879425,34.2620357182674,34.474834246039315,34.70299944921138,34.94678114767347,35.206461119587985,35.48225042777167,35.7740783188275
1570.0,32.84424067273562,32.85142014495638,32.87296477836251,32.9088953646273,32.959244988971605,33.02405723112861,33.103383674252214,33.19728106263463,33.30580849359454,33.42902518983572,33.56698956754679,33.7197604432363,33.88740124219433,34.069987894819334,34.26762058906484,34.48043832764681,34.70863229905832,34.952447171015415,35.2121463637759,35.487904428238934,35.77960754826304
1571.0,32.849769790649965,32.85695015465056,32.87849739031476,32.91443204441359,32.964786811891884,33.02960476275224,33.108936897679584,33.202839378705725,33.31137082531876,33.43459022284998,33.572556150647955,33.72532815308966,33.89297107949458,34.07556301340573,34.273206822331005,34.48604395043028,34.714265759522796,34.958110550485635,35.21782263665407,35.493542061233256,35.78511761238475
1572.0,32.85529926266904,32.862480499954316,32.88403028317616,32.91996891709628,32.970328712017796,33.03515223772738,33.114489927087014,33.208397380615274,33.31693276693496,33.44015486576012,33.57812245242516,33.730895826073485,33.89854126819633,34.08113897796561,34.278794357503934,34.49165091516393,34.719899422055015,34.9637707596015,35.223489748409946,35.499164035131265,35.79060978377415
1573.0,32.86082907633693,32.868011168618196,32.889563445363244,32.92550597236913,32.975870681155996,33.04069965105967,33.1200427619638,33.21395507365862,33.32249433061117,33.44571913797586,33.5836884985485,33.73646349059998,33.9041118306226,34.08671578416318,34.28438312075139,34.49725901112156,34.7255328948576,34.96942734628312,35.229147595920765,35.50477100695007,35.79608514448325
1574.0,32.86635921934225,32.873542148548935,32.895096865482095,32.93104320016552,32.981412711409845,33.04624699809989,33.12559540216243,33.219512463455274,33.32805552871241,33.45128305884247,33.58925431411587,33.74203117344877,33.90968278521065,34.09229341975405,34.28997302634032,34.50286802048181,34.73116580719422,34.97507992510545,35.23479614021391,35.51036358301998,35.80154462862215
1575.0,32.87188967952592,32.87907342781674,32.900630532334496,32.93658059066244,32.98695479517993,33.05179427453973,33.131147847888435,33.22506955593161,33.333616373772685,33.45684664758863,33.59481992354085,33.74759889954102,33.9152541462066,34.09787186464632,34.295563978217345,34.50847772216226,34.73679781186811,34.980728169383006,35.240435389580156,35.51594232195728,35.80698905283222
1576.0,32.87742044488856,32.88460499466238,32.906164434923774,32.94211813428409,32.992496925164254,33.0573414764072,33.1367000996898,33.230626357302604,33.33917687846407,33.46240992326737,33.60038535043166,33.75316669172294,33.92082592344192,34.103451091151854,34.301155871678546,34.514087895033335,34.74242858633452,34.986371803631364,35.246065386957575,35.5215077385404,35.8124191386575
1577.0,32.882951503597646,32.89013683750394,32.91169856246036,32.947655821705155,32.998039094357935,33.062888600061605,33.14225215844583,33.23618287405241,33.34473705556263,33.46797290469094,33.6059506174652,33.75873457056789,33.92639812219572,34.1090310643901,34.30674859503481,34.51969832052516,34.74805783283276,34.99201059667483,35.251686200509326,35.52706030777799,35.81783552935984
1578.0,32.888482843994474,32.895668944943324,32.91723290436696,32.953193643853666,33.00358129605263,33.06843564218811,33.14780402535547,33.241739112913415,33.35029691791103,33.47353561036012,33.611515746260025,33.764302554203844,33.93197074314111,34.11461174280618,34.31234203120592,34.52530878467576,34.75368527784269,34.997644355503745,35.25729791657908,35.53260046882412,35.82323880282876
1579.0,32.894014454600715,32.90120130577248,32.92276745028346,32.95873159191353,33.00912352383546,33.07398259979188,33.15335570192473,33.24729508084372,33.355856478377824,33.4790980583896,33.61708075725229,33.76987065817153,33.93754378236935,34.12019307876725,34.31793605919911,34.53091907968698,34.759310671098454,35.003272919889525,35.26290063441392,35.538128628589426,35.8286294816823
1580.0,32.899546324124806,32.90673390897926,32.928302190071456,32.96426965732669,33.01466577158763,33.07952947019163,33.158907189953354,33.252850785002856,33.36141574981367,33.48466026643066,33.62264566957815,33.77543889531588,33.94311723148322,34.12577501920538,34.323530555446496,34.53652900506008,34.764933784331866,35.00889615771468,35.268494462203,35.54364516499742,35.83400804130285
1581.0,32.905078441467936,32.91226674375301,32.933837113818456,32.96980783179486,33.02020803348252,33.08507625101269,33.16445849152048,33.2584062327256,33.366974745004825,33.490222251592826,33.628210500965736,33.781007275712085,33.948691077749004,34.13135750628021,34.32912539498948,34.542138368381295,34.77055440987003,35.01451396095097,35.274079514098,35.5491504298855,35.839374916324964
1582.0,32.910610795729774,32.91779979948984,32.939372211841764,32.97534610728098,33.0257503039834,33.09062294017938,33.17000960896923,33.263961431494046,33.37253347662439,33.49578403036616,33.63377526763902,33.786575806625564,33.954265304296264,34.136940478040174,34.33472045250853,34.54774698582213,34.77617235917491,35.020126242210765,35.27965590796892,35.554644751573264,35.84473050594142
1583.0,32.91614337621394,32.923333065797614,32.94490747469199,32.98088447601019,33.03129257784068,33.09616953590679,33.1755605448902,33.26951638890793,33.378091957182036,33.5013456185456,33.63933998423541,33.7921444925043,33.95983989035464,34.14252386906563,34.34031560320344,34.5533546824114,34.781787461384596,35.02573293179734,35.28522376371298,35.56012843713033,35.85007517829273
1584.0,32.92167617243302,32.9288665325005,32.95044289315622,32.98642293047047,33.0368348500886,33.101716036691776,33.18111130210384,33.27507111265333,33.38365019897272,33.50690703115885,33.6449046637382,33.7977133350009,33.96541481151767,34.148107611082125,34.34591072353377,34.55896129212805,34.78739956189594,35.031333975184786,35.29078320198108,35.56560177437762,35.85540927413531
1585.0,32.9272091741134,32.934400189643334,32.95597845826082,32.99196146341281,33.04237711604147,33.10726244130322,33.1866618836416,33.28062561047006,33.38920821402521,33.512468282399006,33.65046931742433,33.80328233302126,33.97099004002453,34.153691633535445,34.3515056918314,34.56456665785568,34.793008521013235,35.03692933086549,35.29633434322134,35.57106503365505,35.8607331099348
1586.0,32.9327423711997,32.93993402749553,32.961514161273904,32.99750006785101,33.04791937128931,33.112808748771485,33.192212292726076,33.28617989011793,33.394766014051136,33.51802938556284,33.65603395482761,33.808851482796356,33.976565545051834,34.1592758641233,34.357100388798564,34.57017063123276,34.79861421267724,35.042518968510755,35.30187730696382,35.57651846938532,35.86604698049569
1587.0,32.93827575385887,32.945468036554715,32.96704999370734,33.003038737061004,33.05346161169291,33.11835495837711,33.19776253275007,33.29173395934222,33.4003236103951,33.52359035299568,33.66159858371699,33.81442077797358,33.98214129300878,34.16486022928112,34.36269469790469,34.57577307242607,34.80421652328152,35.04810286739756,35.30741221128984,35.5819623214604,35.87135116121324
1588.0,32.94380931248395,32.95100220754995,32.972585947318514,33.008577464579716,33.05900383337833,33.12390106963865,33.20331260725466,33.29728782583867,33.40588101398663,33.529151196043294,33.667163210089015,33.819990209724025,33.98771724783027,34.170444654620965,34.36828850569504,34.581373849849186,34.80981535057813,35.05368101506119,35.312939172442846,35.58739681647387,35.87664591001477
1589.0,32.94934303769752,32.95653653144466,32.97812201411153,33.014116244203464,33.06454603273075,33.129447082299706,33.20886251990654,33.30284149721839,33.41143823529447,33.534711925011166,33.67272783817376,33.825559766862476,33.99329337126349,34.17602906532443,34.37388170202329,34.586972839843945,34.81541060267141,35.05925340613966,35.318458304548095,35.59282216881896,35.88193146904329
1590.0,32.95487692035474,32.962070999439156,32.983658186338104,33.019655069985845,33.07008820638771,33.13499299631528,33.21441227447458,33.308394980972864,33.41699528428364,33.540272549131366,33.678292470452796,33.8311294359768,33.99886962314462,34.181613386491,34.37947418021922,34.59256992633823,34.82100219709646,35.064820041381026,35.323969719416205,35.598238581669726,35.88720806612575
1591.0,32.96041095154604,32.96760560297274,32.98919445649803,33.02519393623512,33.075630351231695,33.14053881183731,33.21996187480593,33.31394828443959,33.42255217037573,33.54583307653692,33.68385710768812,33.83669920156404,34.00444596166312,34.18719754344434,34.38506583720153,34.598165000490965,34.826590059977576,35.070380926789134,35.3294735264114,35.603646247860034,35.892475916060114
1592.0,32.96594512259943,32.97314033372551,32.99473081733918,33.03073283751111,33.08117246438214,33.1460845291996,33.225511324801715,33.31950141476851,33.42810890241274,33.5513935142436,33.689421748960655,33.84226904617063,34.010022343611816,34.19278146199921,34.390656573544604,34.60375796033246,34.83217412526153,35.07593607288728,35.33496983236957,35.609045350673114,35.89773522174874
1593.0,32.97147942508248,32.97867518361969,33.000267261857026,33.03627176862152,33.08671454318678,33.15163014890209,33.231060628392584,33.325054378889554,33.43366548862456,33.55695386813875,33.69498639171706,33.847838950534516,34.01559872462165,34.19836506869205,34.396246293507026,34.60934871040618,34.837754334019984,35.081485494082386,35.34045874155488,35.61443606455264,35.902986175201015
1594.0,32.977013850803786,32.98421014482058,33.005803783293786,33.041810724617754,33.09225658521243,33.15717567159474,33.236609789514226,33.33060718348157,33.439221936600504,33.56251414297692,33.700551031823444,33.853408893727405,34.02117505938042,34.20394829097836,34.40183490502866,34.61493716141662,34.8433306338154,35.08702920811503,35.345940355645766,35.619818555744715,35.9082289584237
1595.0,32.98254839181417,32.98974520973706,33.01134037513706,33.04734970079023,33.09779858823522,33.16272109806081,33.24215881208305,33.33615983494287,33.44477825326463,33.56807434238174,33.70611566362487,33.85897885329542,34.026751301835255,34.20953105739994,34.407422319702036,34.62052322988649,34.84890297812515,35.09256723558302,35.351414773743585,35.625192982878964,35.91346374421472
1596.0,32.98808304040733,32.995280371021714,33.016877031117986,33.05288869266311,33.10334055023023,33.16826642919992,33.247707699972196,33.34171233936352,33.450334444855216,33.57363446885357,33.71168028000943,33.864548805397014,34.03232740537902,34.21511329772495,34.41300845272312,34.62610683782566,34.85447132581858,35.09809959952802,35.356882092398436,35.63055949749567,35.91869069687332
1597.0,32.993617789120194,33.000815621570474,33.02241374520895,33.05842769598857,33.1088824693607,33.173811666010856,33.25325645698806,33.3472647024996,33.45589051690799,33.57919452378247,33.71724487247584,33.870118724937,34.03790332302083,34.220694943063684,34.418593222825606,34.631687912413334,34.86003564068216,35.10362632507625,35.36234240564784,35.63591824452506,35.92390997283747
1598.0,32.99915263073273,33.006350954521814,33.02795051162079,33.06396670674053,33.11442434396679,33.17935680957419,33.25880508684742,33.35281692974951,33.46144647424333,33.58475450746592,33.72280943120354,33.87568858569594,34.04347900754132,34.226275925962796,34.42417655220243,34.63726638569442,34.86559589098839,35.10914743912597,35.36779580506498,35.641269362724174,35.92912172125782
1599.0,33.004687558267385,33.01188636325551,33.033487324799495,33.0695057211079,33.1199661725539,33.184901861034874,33.2643535931553,33.35836902613237,33.46700232095707,33.590314419130664,33.72837394512449,33.88125836045427,34.04905441163338,34.231856180480214,34.4297583664175,34.642842194290644,34.87115204910412,35.114662970075116,35.37324237981397,35.64661298507565,35.93432608451597
1600.0,33.010222564988034,33.017421841390956,33.03902417942251,33.07504473548739,33.125507953780705,33.1904468215849,33.269901979383825,33.363920996268675,33.472558060414876,33.59587425695834,33.733938401995886,33.886828021110645,34.05462948802888,34.23743564224337,34.43533859431007,34.64841527912655,34.87670409113476,35.12017294758373,35.37868221670991,35.651949239152735,35.93952319869381
1601.0,33.0157576443985,33.022957382784945,33.04456107039451,33.080583746475845,33.131049686446865,33.19599169244611,33.27545024885193,33.369472844363074,33.47811369524992,33.60143401811417,33.739502788473,33.89239753879434,34.060204189612506,34.243014248492486,34.44091716789404,34.65398558517034,34.88225199660074,35.1256774023666,35.38411540028231,35.65727824745389,35.94471319399961
1602.0,33.02129279024059,33.02849298152911,33.050097992842694,33.08612275086219,33.13659136948055,33.20153647485317,33.28099840470623,33.375024574189446,33.483669227363634,33.60699369877838,33.74506709018172,33.897966883971385,34.0657784695233,34.24859193811104,34.44649402225382,34.6595530611891,34.887795748143304,35.131176366011935,35.38954201284047,35.662600127710114,35.94989619515586
1603.0,33.02682799649172,33.03402863194679,33.05563494211172,33.091661745618985,33.14213300192574,33.20708117003698,33.28654644990298,33.38057618907808,33.48922465792946,33.612553294179854,33.75063129179019,33.90353602654445,34.071352281244884,34.25416865164493,34.4520690954382,34.665117659518295,34.89333533125666,35.13666987082288,35.3949621345399,35.66791499316777,35.95507232175304
1604.0,33.03236325736202,33.03956432858949,33.06117191375811,33.09720072789365,33.14767458292953,33.212625779208366,33.29209438719126,33.38612769190502,33.49477998739912,33.61811279863151,33.75619537707918,33.90910493594653,34.07692557868512,34.25974433131201,34.45764232835343,34.6706793358447,34.89887073404411,35.142157949678754,35.400375843449005,35.67322295284923,35.96024168857313
1605.0,33.03789856729103,33.04510006623293,33.06670890354425,33.10273969499935,33.15321611172925,33.21817030354229,33.2976422190974,33.3916790850835,33.500335215511356,33.6236722055671,33.76175932901073,33.91467358122835,34.08249831624617,34.26531892100316,34.463213664656486,34.67623804900241,34.90440194699576,35.147640635913575,35.405783215615415,35.678524111793564,35.96540440588593
1606.0,33.043433920943926,33.050635839872555,33.072245907432084,33.10827864440562,33.15875758763969,33.22371474416257,33.3031899479106,33.397230370557374,33.505890341302866,33.62923150757907,33.76732312979495,33.92024193113983,34.08807044888556,34.270892366276335,34.46878305064924,34.681793760781225,34.9099289627858,35.153117963209674,35.411184325131536,35.68381857127908,35.97056057972121
1607.0,33.0489693132073,33.056171644718724,33.077782921576315,33.1138175737288,33.16429901004038,33.229259102127216,33.30873757566995,33.40278154979636,33.51144536312112,33.634790696457074,33.77288676095464,33.92580995420559,34.09364193216911,34.276464614344434,34.474350435174216,34.687346435746825,34.91545177608749,35.15858996550451,35.416579244198935,35.689106429029444,35.97571031211897
1608.0,33.05450473918452,33.061707476191394,33.083319942317324,33.11935648072218,33.169840378362935,33.23480337841431,33.314285104152596,33.40833262379326,33.51700027863897,33.640349763226915,33.778450203387536,33.93137761879491,34.09921272231651,34.282035614058046,34.47991576951229,34.692896041072046,34.920970383404175,35.164056676909034,35.421968043191335,35.69438777940488,35.98085370136009
1609.0,33.06004019419066,33.067243329914476,33.08885696617375,33.124895363266106,33.17538169207863,33.240347573908636,33.31983253486327,33.41388359306273,33.522555084870696,33.64590869818962,33.78401343742617,33.93694489318619,34.10478277623999,34.287605315883916,34.48547900728289,34.69844254637867,34.92648478291488,35.169518131636195,35.42735079071602,35.69966271357969,35.98599084217925
1610.0,33.065575673747055,33.07277920170976,33.09439398983477,33.130434219357866,33.18092295068616,33.245891689388976,33.325379869025,33.41943445764177,33.52810977818941,33.651467490960435,33.78957644289512,33.94251174562621,34.110352051576996,34.293173671879785,34.49104010434683,34.70398592358915,34.93199497433303,35.17497436393841,35.432727553673544,35.7049313197075,35.99112182596177
1611.0,33.07111117357541,33.07831508759049,33.0999310101521,33.13597304710156,33.18646415369964,33.25143572551612,33.33092710757115,33.42498521709162,33.53366435434548,33.657026130507546,33.795139199165696,33.9480781443846,34.115920506717195,34.29874063566633,34.49659901871201,34.70952614678755,34.93750095877718,35.1804254080528,35.43809839731557,35.710193683075005,35.996246740926
1612.0,33.07664668959159,33.083850983754644,33.105468024131746,33.141511844697916,33.19200530063693,33.25697968282164,33.33647425113852,33.43053587050104,33.53921880848597,33.66258460519029,33.800701685208,33.953644057803515,34.121488100824536,34.30430616239668,34.50215571044219,34.71506319208932,34.94300273865259,35.185871298153394,35.44346338530092,35.71544988624545,36.00136567229238
1613.0,33.08218221789906,33.08938688657781,33.111005028925604,33.14705061043411,33.19754639100825,33.2625235616974,33.34202130006169,33.436086416490944,33.54477313517474,33.668142902796774,33.806263879640305,33.959209454343,34.1270547938548,34.30987020872407,34.50771014156884,34.720597037519134,34.948500317542695,35.19131206830941,35.44882257974968,35.72070000919257,36.0064787024406
1614.0,33.087717754781956,33.09492279260586,33.116542021822816,33.15258934267358,33.2030874243052,33.26806736238584,33.34756825436845,33.441636853220075,33.55032732841319,33.67370101058075,33.8118257607759,33.96477430262221,34.132620546569065,34.31543273276802,34.5132622760062,34.72612766289654,34.95399370010959,35.19674775244886,35.45417604129545,35.72594412942573,36.01158591105575
1615.0,33.09325329669791,33.100458698547286,33.122079000241,33.15812803984597,33.2086283999901,33.27361108497102,33.353115113776276,33.447187178391765,33.55588138166146,33.67925891529763,33.81738730666734,33.970338571456786,34.138185320543556,34.32099369407939,34.518812079469484,34.73165504972864,34.959482892002626,35.20217838432696,35.45952382913566,35.731182322107124,36.01668737526438
1616.0,33.09878884027056,33.10599460126537,33.12761596171735,33.16366670043711,33.21416931748578,33.27915472937042,33.358661877689855,33.45273738926168,33.56143528785988,33.684816603239526,33.822948495148125,33.97590222989254,34.14374907817627,34.326553053604655,34.524359519396285,34.7371791811096,34.96496789977454,35.207603997498715,35.46486600108013,35.736414660161536,36.02178316976159
1617.0,33.10432438228182,33.11153049777009,33.133152903899706,33.169205322979174,33.21971017616585,33.28469829532745,33.36420854519953,33.45828748264635,33.56698903945068,33.69037406026933,33.828509303871996,33.98146524723581,34.14931178269071,34.33211077364968,34.52990456487112,34.74270004162636,34.97044873080434,35.21302462529517,35.470202613597706,35.74164121437928,36.026873366929514
1618.0,33.10985991966394,33.117066385209846,33.138689824537444,33.174743906040945,33.22525097534524,33.2902417824048,33.369755115080665,33.46383745493248,33.572542628399766,33.69593127185368,33.834069710349816,33.98702759308067,34.154873398137006,34.33766681784322,34.53544718655299,34.74821761727023,34.97592539322642,35.218440300803024,35.4755337218612,35.74686205351285,36.03195803694827
1619.0,33.11539544949136,33.122602260863054,33.14422672147249,33.18028244821831,33.23079171427142,33.29578518997839,33.37530158579386,33.46938730208689,33.578096046218455,33.70148822309483,33.839629691984136,33.99258923733317,34.16043388939088,34.34322115110033,34.54098735660607,34.753731895354036,34.98139789586532,35.22385105684707,35.48085937979054,35.752077244367754,36.037037247899704
1620.0,33.12093096897239,33.128138122129606,33.1497635926302,33.18582094812489,33.23633239211586,33.30132851723211,33.38084795548596,33.474937019667045,33.58364928398514,33.70704489876136,33.84518922610155,33.998150150232945,34.165993222150476,34.34877373958587,34.54652504863321,34.75924286443428,34.986866248175716,35.22925692597526,35.48617964009431,35.75728685188796,36.04211106586469
1621.0,33.12646663647513,33.13367412755659,33.155300597044715,33.191359565417365,33.241873169000534,33.30687192418757,33.386394383026165,33.48048676386641,33.58920249340113,33.712601444352096,33.85074845101728,34.003710463406556,34.17155152396588,34.354324711712664,34.55206039864678,34.76475067527254,34.992330621221456,35.23465810148042,35.4914947536611,35.762492713097274,36.04721707904347
1622.0,33.132002610461875,33.13921043577256,33.16083789379294,33.19689845972953,33.247414204933314,33.31241557064312,33.391941026951415,33.48603669046882,33.594755825754895,33.718158005067465,33.856307505006306,34.009270308827205,34.17710892317569,34.359874197048526,34.55759354395136,34.77025547975407,34.99779118842662,35.2400548267562,35.49680578170424,35.76770353033671,36.052376902720866
1623.0,33.137538888461194,33.14474704445952,33.16637548096634,33.20243762964446,33.25295549878173,33.31795945515127,33.3974878844502,33.49158679384099,33.600309270923674,33.72371456481743,33.86186636531033,34.01482965781002,34.182665387880014,34.36542216526399,34.56312446213311,34.77575727115803,35.00324798326808,35.24544737960705,35.50211447515946,35.772924091166686,36.05757671190336
1624.0,33.14307546810116,33.150283951386044,33.17191335670408,33.20797707372808,33.25849704930834,33.323503576057895,33.4030349524081,33.49713706798637,33.60586281843601,33.72927110728943,33.86742500920402,34.020388482066664,34.18822088697569,34.370968587178,34.568653132565686,34.78125605004654,35.008701086658775,35.25083623333088,35.507422590693295,35.77815649746997,36.06280767028866
1625.0,33.14861234710059,33.15582115439855,33.177451519184324,33.21351679052117,33.2640388551646,33.32904793150012,33.40858222741195,33.502687506557464,33.61141645749189,33.73482761597324,33.87298341401771,34.02594675371724,34.193775390162074,34.376513434889866,34.57417953765348,34.786751830711346,35.01415063821308,35.25622198295589,35.51273163709028,35.78340145420929,36.0680639188836
1626.0,33.15414952326034,33.161358651412556,33.18298996661566,33.21905677853158,33.26958091488531,33.334592519404744,33.414129705754455,33.50823810286809,33.61697017698253,33.740384074184725,33.87854155715874,34.031504445305096,34.19932886798207,34.382056682113955,34.57970366465318,34.792244646481564,35.0195968338831,35.26160527484858,35.51804281652096,35.788658957184204,36.07334141864839
1627.0,33.15968699445455,33.166896440403974,33.18852869722871,33.22459703622683,33.27512322688339,33.340137337487164,33.41967738343927,33.513788849905886,33.622523965509565,33.74594046508861,33.88409941613271,34.037061529820576,34.20488129192073,34.387598304718736,34.58522550764769,34.79773455270757,35.025039915806154,35.26698675476459,35.52335704495445,35.793928658486294,36.0786372737291
1628.0,33.16522475862199,33.17243451940057,33.19406770926794,33.23013756202697,33.280665789445145,33.34568238325083,33.42522525618643,33.5193397403448,33.62807781140399,33.75149677172062,33.88965696856649,34.042617980741355,34.21043263457335,34.39313828141074,34.590745069287024,34.80322162734097,35.03048015918618,35.27236703484568,35.5286749985272,35.79921005906214,36.08394932823885
1629.0,33.170762813757406,33.177972886473405,33.199607000983605,33.23567835429778,33.28620860072602,33.351227653987166,33.43077331943813,33.52489076655761,33.63363170274455,33.75705297700956,33.89521419223535,34.048173772095154,34.21598286988064,34.39867659447446,34.59626236205185,34.80870596958393,35.03591785926795,35.27774667554554,35.53399716293241,35.804502608610115,36.0892759208269
1630.0,33.17630115790305,33.183511539728514,33.205146570623924,33.24121941134432,33.291751658746676,33.3567731467759,33.43632156836484,33.53044192062854,33.63918562737606,33.76260906380017,33.90077106509689,34.05372887854849,34.22153197341605,34.404213230479385,34.60177740894174,34.81418769724826,35.04135331998653,35.28312617792267,35.53932387710946,35.809805755944375,36.09461573167295
1631.0,33.181839789140234,33.189050477298615,33.2106864164275,33.24676073140473,33.29729496138957,33.36231885848582,33.441869997871656,33.53599319436574,33.644739572927705,33.768165014877724,33.90632756533394,34.05928327552104,34.22707992270315,34.40974818088316,34.60729024360122,34.81966694342259,35.04678684488686,35.28850598251959,35.544655368886986,35.81511897303478,36.09996768457863
1632.0,33.18737870558106,33.19458969733508,33.216226536615956,33.252302312644446,33.30283850639586,33.36786478577596,33.447418602604955,33.54154457931404,33.650293526831774,33.773720812995336,33.911883671407686,34.064836939322184,34.232626697537924,34.41528144248493,34.61280090996401,34.825143852917805,35.0522187303376,35.293886472079095,35.54999178286309,35.82044176520886,36.105330882558796
1633.0,33.192917905360275,33.200129198,33.221766929386774,33.2578441531507,33.30838229136275,33.37341092509706,33.452967376959236,33.54709606676782,33.65584747634316,33.77927644090501,33.917439362121556,34.070389847303595,34.2381722802929,34.420813017707765,34.61830946152664,34.83061857881694,35.05764926078181,35.299267976248835,35.55533320170978,35.825773674222376,36.11070456424937
1634.0,33.19845738662729,33.205668977458444,33.22730759290645,33.26338625092733,33.31392631374118,33.3789572726935,33.45851631508433,33.55264764778421,33.6614014085601,33.784831881392904,33.92299461669503,34.075941978020445,34.24371665618411,34.42634291470942,34.62381596036688,34.83609127932967,35.06307870566223,35.304650777103916,35.56067966224287,35.83111427778608,36.11608807355772
1635.0,33.20399714753841,33.211209033870965,33.23284852530387,33.26892860388996,33.31947057083389,33.38450382460546,33.46406541089288,33.55819931319679,33.666955310446525,33.790387117319334,33.92854941484592,34.081493311393224,34.24925981348743,34.43187114733514,34.62932047601206,34.84156211505434,35.068507317651445,35.31003511478897,35.56603116746239,35.83646318745271,36.12148083794789
1636.0,33.2095371862492,33.216749365386285,33.23838972466394,33.274471209861446,33.325015059793856,33.390050576671534,33.46961465806809,33.56375105362998,33.67250916885635,33.79594213166344,33.93410373687871,34.08704382886271,34.25480174369645,34.43739773493502,34.63482308424396,34.84703124668227,35.07393533185589,35.31542119289165,35.57138769554877,35.84182004585975,36.12688235250042
1637.0,33.21507750090711,33.222289970134185,33.24393118902151,33.280014066567695,33.33055977762303,33.39559752453159,33.475164050072046,33.56930285951427,33.67806297055995,33.801496907572144,33.93965756377634,34.09259351353164,34.26034244161925,34.442922702072764,34.64032386590713,34.85249883313516,35.079362965719056,35.32080918335567,35.576749206582136,35.84718452383507,36.13229216793238
1638.0,33.22061808964424,33.22783084621869,33.24947291635556,33.28555717163379,33.33610472117146,33.4011446636301,33.4807135801544,33.5748547211025,33.68361670227296,33.80705142841284,33.9452108772925,34.09814235028809,34.26588190541516,34.44844607815307,34.64582290576817,34.85796503010088,35.084790419406296,35.326199230859515,35.58211564756688,35.852556317611295,36.13770988140082
1639.0,33.226158950570486,33.23337199171141,33.25501490458365,33.291100522580415,33.341649887136775,33.40669198921977,33.486263241361684,33.58040662848717,33.68917035068727,33.812605677828806,33.95076366004172,34.103690325906946,34.271420136576054,34.45396789699332,34.651320291457615,34.863429988920466,35.09021787650558,35.331591456655076,35.587486956196116,35.85793514625671,36.1431351293082
1640.0,33.23170008176672,33.2389134046452,33.26055715155672,33.2966441168206,33.34719527206399,33.4122394963657,33.49181302654726,33.58595857161916,33.69472390250426,33.81815963979638,33.9563158955847,34.10923742912744,34.276957139858325,34.459488196362244,34.6568161125126,34.86889385577496,35.09564550492098,35.33698596189677,35.5928630636782,35.86332074935875,36.148567581579435
1641.0,33.237241481278346,33.24445508300806,33.266099655054035,33.302187951656826,33.35274087234571,33.41778717994983,33.497362928381996,33.59151054032762,33.70027734446976,33.82371329868279,33.961867568506676,34.11478365070607,34.28249292317306,34.46500701750459,34.662310459528825,34.8743567711219,35.10107345787036,35.34238283050863,35.59824389686336,35.868712884960644,36.15400693704223
1642.0,33.24278314710911,33.249997024737276,33.2716424127786,33.30773202427842,33.35828668422267,33.42333503467609,33.50291293936566,33.59706252434113,33.70583066341063,33.82926663930339,33.967418664487205,34.12032898344514,34.28802749744215,34.4705244046669,34.66780342342287,34.87981886933549,35.10650187492451,35.34778213164289,35.60362937984595,35.87411132773492,36.15945291964949
1643.0,33.24832507721511,33.25553922771382,33.277185422352694,33.31327633175929,33.36383270378469,33.428883055075886,33.50846305183919,33.60261451331013,33.71138384627232,33.83481964697732,33.97296917036004,34.12587342219821,34.29356087642802,34.47604040463628,34.67329509480128,34.88528027850951,35.11193088304522,35.35318392178293,35.6090194351725,35.87951586737097,36.16490527535481
1644.0,33.25386726949906,33.26108168975708,33.282728681313856,33.31882087105599,33.36937892697206,33.43443123551424,33.51401325799779,33.608166496830364,33.71693688015706,33.84037230758053,33.97851907416232,34.131416963854285,34.29909307654407,34.481555066300565,34.67878556342956,34.89074112038831,35.117360597594,35.358588246540045,35.61441398475189,35.88492630715232,36.17036376950196
1645.0,33.25940972180493,33.26662440861981,33.28827218711106,33.32436563900618,33.37492534957731,33.439979570196485,33.51956354990475,33.61371846446732,33.722489752362094,33.845924607595336,33.98406836517274,34.136959607302956,34.30462411665241,34.48706844023584,34.68427491779228,34.8962015103964,35.122791123293936,35.36399514218822,35.61981295053956,35.890342462700374,36.17582818462393
1646.0,33.26495243191273,33.27216738198342,33.29381593710128,33.32991063232739,33.380471967247445,33.44552805317558,33.52511391950623,33.61927040578143,33.72804245041758,33.85147653415583,33.98961703393855,34.14250135338305,34.31015401785445,34.49258057832486,34.689763244735225,34.901661557742656,35.12822255513423,35.36940463697571,35.62521625504961,35.89576416086325,36.18129831857231
1647.0,33.270495397533686,33.27771060745348,33.2993599285463,33.33545584761615,33.38601877548663,33.45107667835998,33.53066435864661,33.62482231035376,33.73359496212352,33.85702807508852,33.9951650722919,34.148042204817244,34.31568280327899,34.49809153340848,34.69525062917958,34.90712136557942,35.13365497921274,35.37481675224697,35.630623821735256,35.901191238730796,36.18677398291572
1648.0,33.27603861630561,33.283254082555594,33.304904158609936,33.34100128134755,33.39156576965939,33.45662543952218,33.53621485908463,33.63037416781202,33.73914727558534,33.8625792189479,34.00071247335577,34.153582166135315,34.32121049787191,34.50360135897033,34.700737153899304,34.91258103120077,35.139088473514846,35.38023150340355,35.63603557526838,35.9066235427595,36.192255001559495
1649.0,33.28158208578866,33.28879780473155,33.31044862435551,33.346546929875146,33.397112944994205,33.46217433030775,33.5417654125101,33.63592596785667,33.744699379247855,33.868129955046605,34.006259231540426,34.15912124358827,34.32673712819053,34.50911010885457,34.70622289935272,34.9180406462675,35.14452310862965,35.3856489007283,35.64145144174137,35.91206092799279,36.19774120954891
1650.0,33.28712580346131,33.29434177133579,33.31599332274369,33.35209278943129,33.40266029658767,33.46772334424507,33.54731601056107,33.64147770028678,33.75025126192706,33.873680273480105,34.01180534253109,34.164659445055705,34.33226272220496,34.51461783701538,34.711707943560505,34.92350029704896,35.149958948405924,35.39106895009351,35.64687134880912,35.91750325736466,36.20323245202572
1651.0,33.29266976671668,33.299885979632144,33.321538250630724,33.35763885612783,33.408207819409114,33.473272474755504,33.55286664484137,33.64702935502554,33.7558029128396,33.87923016514605,34.01735080326778,34.17019677994844,34.33778730910836,34.52012459729655,34.71719236202301,34.928960064674186,35.15539605055104,35.39649165357038,35.65229522578491,35.92295040107595,36.208728583313814
1652.0,33.29821397285918,33.305430426791006,33.32708340476699,33.36318512595729,33.413755508305705,33.47882171516409,33.55841730693845,33.652580922145106,33.76135432162966,33.88477962175811,34.02289561191827,34.175733259108135,34.34331091913735,34.525630443239216,34.7226762276704,34.93442002538649,35.16083446717671,35.40191700995437,35.65772300370058,35.92840223603428,36.21422946611412
1653.0,33.30375841910148,33.310975109886705,33.3326287817959,33.3687315947944,33.41930335800801,33.48437105871068,33.563967988441284,33.65813239189063,33.76690547839319,33.890328635854885,34.02843976784507,34.1812688947055,34.34883358340338,34.5311354279155,34.728159610840166,34.93988025079704,35.16627424529553,35.40734501521902,35.66315461533932,35.93385864534978,36.2197349707928
1654.0,33.309303102561735,33.31652002589532,33.338174378253186,33.37427825839809,33.424851363136035,33.489920498561474,33.569518680958275,33.663683754703236,33.77245637369924,33.89587720080375,34.033983271567394,34.18680370013846,34.354355333735555,34.536639603786014,34.73364257927726,34.94534080813431,35.17171542727223,35.41277566290851,35.66858999524735,35.93931951787997,36.225244974749174
1655.0,33.31484802026128,33.32206517169279,33.34372019056663,33.379825112413876,33.430399518205675,33.49547002782087,33.575069376135104,33.66923500124187,33.778006998608404,33.90142531080036,34.03952612471902,34.1923376899314,34.35987620253499,34.542143022578806,34.73912519815247,34.95080176048687,35.177158051233576,35.41820894447779,35.67402907972941,35.94478474781799,36.23075936185249
1656.0,33.320393169122546,33.32761054405337,33.34926621505603,33.38537215237668,33.435947817635586,33.50101963954355,33.58062006567225,33.67478612240383,33.78355734468841,33.906972960863776,34.04506833000278,34.19787087963631,34.365396222640804,34.54764573518779,34.744607530095784,34.95626316703796,35.182602151440584,35.42364484958783,35.679471806831984,35.950254234319125,36.236278021938155
1657.0,33.325938545967375,33.33315613964851,33.35481244793371,33.39091937371404,33.441496255754444,33.506569326746735,33.5861707413422,33.68033710934387,33.789107404026886,33.912520146827916,34.05060989114254,34.20340328573678,34.3709154272073,34.55314779158855,34.750089635241366,34.961725083290716,35.188047758626425,35.42908336636225,35.68491811631731,35.955727881161415,36.24180085035569
1658.0,33.331484147515695,33.338701955046005,33.360358885305295,33.39646677174974,33.44704482680852,33.512119082422636,33.59172139500619,33.68588795349181,33.79465716924126,33.91806686532952,34.05615081283333,34.20893492555519,34.37643384959214,34.55864924076959,34.75557157128187,34.96718756128328,35.19349490030332,35.43452448161066,35.69036794963047,35.96120559643639,36.24732774756191
1659.0,33.337029970384556,33.3442479867096,33.36590552317094,33.4020143417078,33.45259352496959,33.51766889955083,33.597272018630356,33.691438646568606,33.80020663348608,33.923613113793046,34.061691100690226,34.214465817163735,34.381951523254905,34.56415013067733,34.76105339352982,34.97265064979355,35.19894360104127,35.43996818102336,35.69582124986148,35.966687292266855,36.25285861875364
1660.0,33.34257601108752,33.349794230998896,33.37145235742689,33.407562078716815,33.45814234434307,33.523218771110685,33.602822604301295,33.69698918060085,33.80575579045768,33.92915889041294,34.06723076119661,34.21999597929948,34.38746848166561,34.56965050817316,34.766535154984176,34.97811439453336,35.20439388272129,35.44541444934121,35.70127796170389,35.97217288454866,36.25839337353521
1661.0,33.34812226603443,33.3553406841697,33.37699938386748,33.413109977814706,33.463691278976405,33.52876869009368,33.608373144240865,33.7025395479336,33.811304634396556,33.9347041941336,34.0727698016522,34.22552543128375,34.39298475822248,34.57515041900109,34.77201690640068,34.983578838332136,35.209845764765696,35.450863270504,35.70673803141096,35.97766229271416,36.26393192561675
1662.0,33.35366873153152,33.360887342374646,33.38254659818741,33.418658033953726,33.46924032286766,33.5343186495155,33.613923630820246,33.70808974124165,33.81685316008735,33.94024902462738,34.07830823012132,34.23105419294583,34.39850038617853,34.58064990776471,34.77749869636475,34.98904402131039,35.215299264347514,35.456314627780266,35.712201406750374,35.98315543951491,36.26947419253968
1663.0,33.35921540378193,33.366434201664305,33.38809399598447,33.42420624200581,33.47478946997419,33.539868642428004,33.61947405657311,33.71363975353925,33.82240136285683,33.94579338227095,34.08384605538184,34.23658228455124,34.40401539857618,34.586149017912156,34.78298057136578,34.994509981043066,35.22075439658112,35.46176850388077,35.717668036958194,35.988652250821886,36.27502009542634
1664.0,33.364762278886595,33.371981257988566,33.39364157276255,33.42975459676816,33.48033871422143,33.54541866193085,33.625024414208035,33.719189578188185,33.827949238569914,33.95133726812043,34.08938328687489,34.242109726734455,34.40952982818944,34.59164779172804,34.788462575872096,34.99997675271338,35.22621117469584,35.467224881057966,35.723137872692575,35.99415265544137,36.28056955875121
1665.0,33.370309352845446,33.377528507198406,33.399189323935005,33.43530309296914,33.48588804951176,33.55096870118281,33.6305746966199,33.72473920890444,33.833496783623936,33.956880683885416,34.094919934655856,34.24763654043596,34.41504370747307,34.59714627033146,34.79394475240584,35.005444369257404,35.2316696101942,35.47268374119313,35.728610865987704,35.99965658494505,36.286122510131364
1666.0,33.37585662155904,33.38307594504805,33.40473724482835,33.44085172527436,33.491437469733306,33.556518753412696,33.63612489690046,33.730288639763344,33.83904399494131,33.96242363190224,34.100456009346644,34.25316274684366,34.42055706851797,34.60264449367903,34.79942714161728,35.01091286149985,35.23712971299623,35.47814506587271,35.73408697020825,36.005163973512964,36.29167888013415
1667.0,33.381404080830485,33.3886235671974,33.41028533068621,33.446400488292895,33.496986968768816,33.56206881192992,33.64167500834796,33.735837865203386,33.84459086996084,33.96796611510677,34.10599152208949,34.258688367338436,34.42606994301263,34.608142500572406,34.80490978235802,35.016382258281496,35.24259149157116,35.48360883645526,35.7395661400046,36.01067475778811,36.29723860210041
1668.0,33.38695172636777,33.39417136921489,33.41583357667363,33.45194937658379,33.50253654050438,33.567618870134545,33.64722502447578,33.74138688002867,33.850137406627674,33.9735081370068,34.11152648450241,34.26421342344384,34.43158236220963,34.61364032866947,34.81039271175286,35.0218525865788,35.24805495305779,35.4890750341302,35.74504833126907,36.01618887674164,36.30280161198156
1669.0,33.39249955378637,33.399719346580554,33.42138197788157,33.45749838466259,33.508086178838056,33.573168921526914,33.65277493902029,33.74693567941015,33.855683603382246,33.97904970165441,34.11706090863641,34.2697379367795,34.43709435689725,34.619138014498624,34.81587596526999,35.027323871615955,35.25352010337437,35.49454363996924,35.750533501093216,36.021706271547714,36.30836784818935
1670.0,33.398047558612234,33.40526749468952,33.4269305293317,33.463047507008035,33.51363587768839,33.578718959716745,33.65832474594762,33.75248425888569,33.86122945914821,33.98459081361825,34.12259480693445,34.27526192901833,34.4426059573753,34.624635593475695,34.82135957678927,35.03279613697002,35.25898694731928,35.50001463497148,35.75602160772633,36.02722688546717,36.31393725145695
1671.0,33.40359573628501,33.41081580885567,33.43247922598135,33.468596738068804,33.519185631002735,33.584268978431716,33.66387443945971,33.758032614359024,33.86677497331959,33.99013147795609,34.128128192192285,34.280785421847185,34.44811719343501,34.630133099922965,34.82684357866854,35.038269404669414,35.264455488663046,35.50548800010295,35.761512610535206,36.03275066373921,36.31950976471033
1672.0,33.40914408216169,33.4163642843157,33.438028062728776,33.47414607227031,33.52473543276542,33.58981897152554,33.66942401399939,33.76358074209778,33.87232014574723,33.99567170018768,34.13366107752116,34.28630843693091,34.4536280943425,34.63563056708994,34.832328001807824,35.043743695286246,35.26992573023272,35.51096371633119,35.76700646996519,36.03827755348041,36.325085332949094
1673.0,33.41469259152038,33.42191291623331,33.44357703441844,33.47969550402156,33.530285277005575,33.59536893298545,33.67497346425466,33.769128638730486,33.877864976724695,34.00121148626795,34.139193476312364,34.29183099587945,34.45913868882547,34.6411280271755,34.83781287571132,35.04921902802281,35.27539767398918,35.51644176465547,35.772503147502576,36.04380750359055,36.33066390313572
1674.0,33.42024125956445,33.427461699703755,33.4491261358466,33.4852450277219,33.53583515780489,33.60091885693921,33.680522785162175,33.77467630124279,33.88340946697371,34.00675084256082,34.144725402203626,34.29735312021793,34.46464900506283,34.64662551135114,34.843298228547155,35.0546954207927,35.28087132109808,35.52192212613319,35.77800260563829,36.04934046466456,36.336245424092695
1675.0,33.42579008142691,33.43301062975852,33.454675361766924,33.4907946377679,33.541385069304944,33.6064687376615,33.686071971909925,33.78022372697292,33.88895361762929,34.01228977581354,34.15025686904735,34.30287483135951,34.47015907067693,34.65212304978502,34.84878408720497,35.06017289029677,35.28634667199494,35.527404781902916,35.78350480783293,36.05487638891018,36.341829846406604
1676.0,33.431339052174984,33.438559701370245,33.46022470689629,33.496344328560006,33.54693500571435,33.612018569579845,33.69162101993921,33.78577091360637,33.89449743022461,34.01782829313172,34.15578789088061,34.30839615058086,34.47566891272806,34.65762067166662,34.85427047735121,35.065651452094414,35.29182372644496,35.5328897132044,35.78900971848302,36.06041523007087,36.34741712233886
1677.0,33.43688816681488,33.444108909457796,33.4657741659206,33.50189409450926,33.552484961315564,33.617568347279914,33.69716992494594,33.7913178591701,33.90004090667568,34.02336640195501,34.161318481896934,34.313917098999966,34.48117855771116,34.66311840523179,34.85975742348225,35.071131120670344,35.29730248359799,35.538376901395914,35.794517302888686,36.06595694335353,36.35300720574227
1678.0,33.4424374202968,33.44965824889154,33.4713237335007,33.507443930043834,33.55803493047139,33.623118065510376,33.702718682881184,33.796864562026066,33.905584049265975,34.028904110033615,34.166848656419745,34.319437697556275,34.48668803155423,34.66861627778801,34.865244948975366,35.0766119094972,35.302782942039094,35.543866327969326,35.800027527222404,36.07150148536063,36.358600051983096
1679.0,33.447986807520095,33.45520771449869,33.47687340427834,33.512993829615496,33.563584907631174,33.62866771918716,33.70826728995125,33.802411020864334,33.91112686063108,34.03444142540551,34.17237842887744,34.32495796699287,34.49219735961848,34.674114315739715,34.87073307613754,35.08209383109435,35.308265099835076,35.549357974563016,35.80554035849906,36.07704881402655,36.36419561786812
1680.0,33.45353632333853,33.46075730106884,33.48242317288216,33.51854378770595,33.569134887336666,33.6342173033973,33.71381574261706,33.80795723469575,33.916669343743315,34.039978356374505,34.17790781378006,34.33047792784064,34.49770656669988,34.67961254461366,34.87622182625224,35.08757689708294,35.313748954577314,35.55485182297298,35.81105576454717,36.082598888557655,36.36979386157635
1681.0,33.45908608920442,33.46630712999819,33.48797316057234,33.524093925471654,33.57468499086624,33.63976694004085,33.71936416423169,33.81350332948292,33.92221162853522,34.04551503812779,34.1834369523362,34.33599772704289,34.50321580367069,34.68511111572273,34.881711346262854,35.09306124487638,35.31923463005992,35.56034798180099,35.816573870752755,36.0881530643539,36.37542425178289
1682.0,33.46463622651762,33.47185732263875,33.49352348859004,33.529644364093365,33.5802353395836,33.64531675117729,33.724912678382324,33.819049431475754,33.927753845228,34.05105160605914,34.188965985776086,34.34151751128646,34.50872522082689,34.69061017953435,34.88720178215947,35.09854701110703,35.32472225112159,35.56584659945964,35.82209544139801,36.093718098257554,36.38110369862054
1683.0,33.47018673000434,33.477407873677215,33.49907415153658,33.53519509815518,33.58578592831588,33.65086673240104,33.73046128226131,33.82459554057638,33.933295997689804,34.05658806912261,34.19449492870586,34.347037300364086,34.51423484126637,34.69610975907024,34.89269315244549,35.104034206109695,35.33021183180446,35.571347851847314,35.82762178476422,36.09929767089419,36.38682124427457
1684.0,33.47573759436746,33.48295877778539,33.50462514402387,33.540746122294784,33.59133675200275,33.656416879488056,33.73600997330834,33.83014165697534,33.9388380900658,34.062124436458554,34.20002379573454,34.352557113809645,34.519744687541056,34.70160987660557,34.89818547522996,35.10952284446844,35.33570342277878,35.576852069036114,35.83315421518315,36.10489335314849,36.39256985652558
1685.0,33.481288814292206,33.48851002962591,33.51017646068024,33.54629743120896,33.59688780570068,33.66196718839733,33.74155874920753,33.83568778114297,33.94438012676377,34.067660717375745,34.20555260145771,34.35807697089097,34.52525478167576,34.70711055382365,34.90367876928444,35.11501295017112,35.34119712026216,35.58235967727315,35.83869385354371,36.1105056195584,36.39834484687684
1686.0,33.486840384451924,33.49406162385799,33.51572809615619,33.55184901965881,33.60243908458681,33.66751765527201,33.74710760788422,33.84123391382068,33.94992211244008,34.07319692133442,34.21108136044274,34.363596890607376,34.53076514521611,34.712611812128756,34.90917305555104,35.12050456086325,35.34669306421618,35.587871143631,35.84424158105641,36.116134389082895,36.404142960300604
1687.0,33.49239229951378,33.4996135551432,33.52128004512993,33.557400882474816,33.60799058396251,33.673068276440155,33.7526565475014,33.84678005601212,33.95546405198594,34.078733057930215,34.21661008721629,34.36911689169666,34.536275799322766,34.71811367311889,34.91466835876689,35.125997730269546,35.352191430413605,35.59338693516017,35.84979805525962,36.12177931241391,36.40996184292852
1688.0,33.49794455414454,33.50516581815116,33.52683230231296,33.56295301456168,33.613542299256636,33.67861904841512,33.75820556645593,33.85232620897436,33.96100595051413,34.084269136879215,34.22213879625542,34.374636992657145,34.54178676492135,34.72361615917118,34.92016470890214,35.13149252872055,35.357692420169116,35.59890749293939,35.855363746439785,36.12743992332914,36.41579972486796
1689.0,33.50349714301621,33.510718407565165,33.53238486245543,33.56850541090293,33.619094226028466,33.684169967895606,33.76375466337439,33.857872374209016,33.96654781334606,34.089805168004624,34.22766750198421,34.380157211789324,34.547298062905696,34.72911929407025,34.92566214221942,35.13698904215683,35.36319625013952,35.60443321786484,35.8609389764289,36.1331157171755,36.4216552271091
1690.0,33.509050060811774,33.51627131808775,33.53793772035137,33.574058066565314,33.62464635997039,33.68972103176538,33.76930383710885,33.86341855345345,33.97208964599964,34.09534116122558,34.23319621877763,34.38567756725973,34.552809714383024,34.73462310360951,34.93116070187787,35.14248737011455,35.36870314343806,35.60996446459086,35.86652395292109,36.13880619040365,36.42752724112027
1691.0,33.51460330223069,33.52182454444623,33.54349087084382,33.57961097670297,33.6301986969102,33.69527223709271,33.77485308673237,33.86896474867212,33.97763145417783,34.1008771265489,34.238724960974416,34.39119807718659,34.558321740942986,34.74012761610957,34.936660438092225,35.147987623163374,35.37421332253097,35.615501540649284,35.87211879746314,36.1445108594047,36.433414851776575
1692.0,33.52015686199448,33.527378081398034,33.54904430882975,33.58516413656137,33.635751232813206,33.70082358112957,33.780402411534375,33.874510962048106,33.98317324375844,34.10641307406437,34.24425374289981,34.39671875974436,34.563834164931144,34.745632862817615,34.942161407910284,35.153489920166415,35.37972700393538,35.62104470858527,35.877723567341725,36.150229268468074,36.43931728663692
1693.0,33.52571073485211,33.53293192373604,33.55459802926488,33.59071754148102,33.64130396378401,33.70637506131051,33.78595181101594,33.88005719597502,33.98871502078535,34.11194901394446,34.249782578898404,34.40223963328229,34.569347009708366,34.75113887817123,34.94766367469625,35.15899438561923,35.3852443945165,35.62659418965603,35.88333827230092,36.15596099213447,36.44523388159506
1694.0,33.53126491558535,33.5384860662937,33.560152027168286,33.596271186900985,33.64685688606809,33.711926675251384,33.791501284885115,33.885603453049356,33.994256791461446,34.117484956448756,34.25531148337646,34.407760716450866,34.57486029988125,34.75664569992592,34.953167307410986,35.16450114722533,35.39076568909934,35.63215016817212,35.88896288714462,36.16170563476493,36.45116405694819
1695.0,33.53681939901397,33.54404050395013,33.565706297626846,33.6018250683621,33.65240999605306,33.71747842074783,33.79705083305214,33.891149736063554,33.9997985621438,34.12302091193336,34.26084047085226,34.413282028329945,34.58037406149282,34.76215336915724,34.9586723797718,35.17001033378929,35.396291069104365,35.637712795932075,35.89459736117147,36.16746282882329,36.45710730025929
1696.0,33.54237418000083,33.54959523163495,33.57126083579953,33.60737918151007,33.65796329026973,33.72303029577368,33.80260045562494,33.896696047999804,34.00534033934112,34.128556890865326,34.26636955601273,34.418803588552436,34.58588832216734,34.76766193015529,34.96417896936012,35.17552207345516,35.401820701946995,35.643282196445355,35.900241625217056,36.173232232654634,36.4630631537637
1697.0,33.5479292534568,33.55515024433308,33.57681563692146,33.61293352209825,33.66351676539298,33.72858229847913,33.80815015290474,33.90224239202491,34.01088212971372,34.13409290384164,34.27189875377403,34.42432541741847,34.591403111207036,34.77317143023256,34.96968715672965,35.181036492282814,35.40735474098503,35.648858468792604,35.90589559690683,36.179013528158436,36.46903120489293
1698.0,33.553484614345656,33.56070553708929,33.58237069630784,33.61848808599032,33.66907041824242,33.73413442718899,33.81369992538199,33.90778877148625,34.01642394007618,34.13962896161234,34.277428079343785,34.42984753599593,34.59691845964154,34.778681919466635,34.97519702455263,35.18655371313541,35.41289332584313,35.654441691065394,35.91155918457741,36.184806418549655,36.47501107899
1699.0,33.559040257688665,33.56626110501269,33.587926009357666,33.62404286916266,33.67462424578289,33.7396866804008,33.81924977373272,33.913335189908985,34.02196577740256,34.145165075106895,34.28295754828271,34.43536996620454,34.6024344002337,34.78419345039798,34.98070865682904,35.19207385484081,35.41843658298413,35.66003192338089,35.91723229020806,36.19061062629226,36.481002433601745
1700.0,33.56459617856911,33.571816943280965,33.59348157155727,33.629597867706586,33.680178245124765,33.74523905678307,33.82479969881538,33.91888165099463,34.027507648834074,34.1507012554631,34.288487176563606,34.440892730881764,34.60795096744632,34.78970607770068,34.98622213817323,35.19759703158671,35.42398462643045,35.66562921049545,35.92291481161565,36.196425891233545,36.48700495393075
1701.0,33.570152372136654,33.57737304714448,33.599037378483665,33.63515307783042,33.68573241352423,33.750791555173585,33.83034970166822,33.92442815862104,34.03304956168896,34.1562375140574,34.29401698062584,34.446415853829876,34.61346819737597,34.79521985784098,34.9917375531847,35.203123352510254,35.429537558566004,35.67123358405472,35.9286066441002,36.20225196893951,36.493018349157154
1702.0,33.5757088336115,33.58292941193022,33.60459342580773,33.64070849586135,33.69128674838341,33.75634417457783,33.83589978350732,33.929974716843745,34.0385915234744,34.16177386253589,34.29954697742402,34.45193935984445,34.61898612765968,34.800734848735786,34.99725498590396,35.208652921445896,35.4350954709695,35.676845064522134,35.93430768167916,36.20808862921835,36.49904234942476
1703.0,33.581265558288415,33.588486033045584,33.6101497092972,33.646264118247174,33.6968412472505,33.761896914167714,33.84144994572538,33.93552132989866,34.044133541899896,34.16731031284486,34.30507718446976,34.4574632747251,34.6245047973607,34.80625110942019,35.0027745193508,35.21418583679966,35.440658445245724,35.6824636628277,35.94001781801246,36.21393565481416,36.50507670334279
1704.0,33.58682254154056,33.5940429059819,33.61570622481951,33.651819941557875,33.702395907819806,33.76744977328043,33.847000189891126,33.94106800220607,34.04967562489189,34.172846877260305,34.310607619865806,34.46298762526987,34.630024246838815,34.81176869973094,35.00829623513951,35.21972219152244,35.446226553832574,35.68808938177575,35.94573694709433,36.21979284025137,36.51112117589357
1705.0,33.59237977882318,33.59960002631791,33.62126296834447,33.65737596248713,33.707950727931895,33.77300275141772,33.852550517749584,33.94661473837578,34.05521778060915,34.17838356841544,34.316138302332305,34.468512439255086,34.63554451761038,34.81728768001039,35.013820213164394,35.225262073159406,35.451799860770265,35.693722217246496,35.95146496376827,36.225659990811785,36.517175546664255
1706.0,33.597937265677075,33.60515738972298,33.62681993594675,33.66293217785368,33.71350570557372,33.7785558482454,33.858100931222985,33.952161543213194,34.060760017458506,34.18392039932588,34.32166925122497,34.47403774540245,34.641065652202364,34.82280811083377,35.01934653134828,35.230805563956594,35.45737842242452,35.69936215922207,35.95720176410742,36.231536921627146,36.52323960833981
1707.0,33.60349499773196,33.61071499196024,33.63237712380829,33.66848858460266,33.71906083887889,33.784109063593306,33.86365143241247,33.95770842172636,34.06630234411057,34.18945738341173,34.32720048654546,34.4795635733354,34.64658769400424,34.82833005276154,35.02487526544649,35.23635274100937,35.4629622881601,35.70500919266326,35.962947245692305,36.23742345687242,36.529313165409285
1708.0,33.60905297070961,33.61627282888947,33.63793452822055,33.67404517980684,33.724616126128,33.789662397455594,33.86920202360041,33.96325537913357,34.071844769515025,34.194994534516496,34.332732028944264,34.485089953526746,34.65211068712069,34.83385356611697,35.030406488899104,35.24190367644045,35.46855150096346,35.71066329825958,35.96870130780992,36.24331942904678,36.53539603304751
1709.0,33.61461118042693,33.62183089646987,33.64349214558662,33.67960196066789,33.73017156574912,33.795215849991415,33.874752707253414,33.96880242087144,34.077387302915184,34.20053186692242,34.33826389971662,34.49061691723934,34.657634676227666,34.83937871078888,35.03594027272478,35.24745843759775,35.474146098015346,35.71632445307178,35.97446385159243,36.24922467833096,36.54148803614256
1710.0,33.62016962279871,33.62738919076278,33.64904997242329,33.68515892451757,33.73572715631846,33.800769421526006,33.88030348602582,33.9743495526033,34.08292995386154,34.20606939536218,34.343796120792085,34.496144496461575,34.66315970643363,34.84490554605843,35.041476685449844,35.253017087264325,35.47974611121535,35.721992631083054,35.98023478010952,36.25513905201128,36.54758900844508
1711.0,33.62572829384048,33.63294770793411,33.654608005362974,33.690716068819015,33.741282896561195,33.80632311255218,33.88585436276365,33.97989678022763,34.08847273222404,34.211607135026966,34.34932871471835,34.50167272383922,34.66868582314743,34.85043413044888,35.0470157930672,35.258579683874636,35.48535156766087,35.72766780367265,35.98601399842514,36.26106240396199,36.55369879182045
1712.0,33.631287189670964,33.63850644425677,33.660166241155586,33.696273391167935,33.74683878535245,33.81187692373211,33.891405340509046,33.985444109886394,34.094015648202905,34.217145101570935,34.35486170464017,34.50720163260511,34.67421307195381,34.85596452159658,35.05255765902008,35.26414628173248,35.490962490083774,35.73334994002337,35.99180141362685,36.266994594178726,36.55981723558811
1713.0,33.63684630651462,33.64406539611297,33.66572467667037,33.70183088929395,33.75239482171853,33.817430855899495,33.89695642250487,33.99099154797316,34.09955871233786,34.222683311112156,34.360395114273985,34.51273125650771,34.67974149849719,34.86149677614166,35.05810234420627,35.26971693122726,35.496578897247645,35.73903900747274,35.997596934834164,36.27293548835694,36.56594419593524
1714.0,33.642405640703956,33.64962455999637,33.671283308897664,33.70738856106199,33.75795100483832,33.82298491006205,33.90250761219957,33.99653910114076,34.10510193551563,34.228221780230356,34.365928967878894,34.518261629739726,34.68527114837403,34.86703094963666,35.063649906999174,35.27529167904605,35.50220080430903,35.74473497181603,36.00340047319092,36.27888495750995,36.57207953539437
1715.0,33.64796518868178,33.65518393251418,33.676842134950654,33.71294640447366,33.76350733404486,33.82853908740418,33.90805891325214,34.00208677630847,34.11064532897572,34.23376052596149,34.37146329022482,34.523792786867574,34.690802067034035,34.87256709647141,35.0692004032824,35.28087056837967,35.507828223145566,35.75043779756819,36.009211941845535,36.28484287762196,36.57822312237607
1716.0,33.653524947003355,33.66074351038922,33.682401152067115,33.71850441766883,33.769063808827156,33.83409338928998,33.91361032953706,34.007634580668466,34.11618890431439,34.239299565789594,34.37699810655829,34.52932476276242,34.69633429969004,34.87810526981245,35.07475388649514,35.28645363912143,35.51346116265406,35.756147448190376,36.01503125592207,36.2908091293322,36.584374830749375
1717.0,33.659084912338464,33.66630329046189,33.68796035761113,33.724062598927176,33.774620428832115,33.83964781726631,33.919161865149206,34.01318252169162,34.121732673486825,34.24483891763598,34.382533442566604,34.5348575925334,34.70186789123635,34.883645521555515,35.08031040768599,35.29204092805785,35.51909962902118,35.76186388628624,36.0208583324846,36.29678359764659,36.59053453946387
1718.0,33.66464508147344,33.671863269692075,33.69351974907484,33.729620946669904,33.78017719386666,33.84520237306605,33.92471352440859,34.0187306071324,34.1272766488076,34.25037859984624,34.38806932434069,34.540391311463345,34.70740288617546,34.889187902289486,35.0858700155733,35.29763246905069,35.52474362596929,35.76758707377207,36.026693090496664,36.30276617167401,36.596702132208115
1719.0,33.670205451313095,33.67742344516104,33.69907932408018,33.73517945946153,33.78573410390002,33.85075705861144,33.93026531186483,34.024278845032974,34.13282084294948,34.25591863117521,34.39360577833733,34.545925954947535,34.7129393285525,34.89473246127054,35.091432756610224,35.30322829321016,35.53039315497985,35.77331697202441,36.03253545077725,36.30875674438456,36.6028774971001
1720.0,33.67576601888268,33.68298381407331,33.704639080380694,33.74073813601172,33.79129115906607,33.856311876017436,33.93581723230139,34.02982724372636,34.13836526894056,34.26145903077024,34.39914283134106,34.551461558435506,34.71847726189719,34.9002792464052,35.09699867505331,35.30882842905925,35.53604821549632,35.77905354200829,36.03838533595448,36.31475521238744,36.60906052640582
1721.0,33.681326781329766,33.68854437375851,33.71019901586333,33.746296975177316,33.79684835966583,33.86186682759505,33.94136929073943,34.035375811838676,34.14390994016001,34.26699981815297,34.4046805104261,34.55699815737626,34.72401672917279,34.905828304241126,35.102567813033275,35.314432902689106,35.54170880510883,35.78479674438858,36.04424267041782,36.320761475726556,36.61525111628276
1722.0,33.68688773592607,33.69410512167324,33.71575912855029,33.75185597596429,33.80240570617003,33.867421915854635,33.946921492441284,34.04092455829042,34.1494548703323,34.27254101319996,34.41021884291863,34.56253578716686,34.72955777273154,34.91137967996469,35.10814021062714,35.320041737905896,35.54737491972199,35.79054653962674,36.05010738026964,36.32677543769198,36.62144916654557
1723.0,33.692448880069385,33.699666055402915,33.72131941660094,33.75741513752989,33.80796319922169,33.87297714350908,33.95247384291344,34.046473492296876,34.15500007352022,34.278082636122335,34.415757856359804,34.5680744831044,34.7351004342762,34.916933417404245,35.113715905930896,35.32565495636921,35.55304655370775,35.79630288806492,36.055979393276466,36.33279700464576,36.62765458045139
1724.0,33.698010211285386,33.705227172663655,33.72687987831372,33.76297445918484,33.81352083963878,33.878532513476856,33.95802634790913,34.05202262336755,34.16054556411673,34.28362470744464,34.42129757846948,34.57361428034152,34.740644754827144,34.92248955903847,35.11929493513207,35.3312725777224,35.558723700044574,35.80206574999904,36.06185863882056,36.33882608586073,36.633867264502804
1725.0,33.70357172722957,33.710788471304134,33.73244051212813,33.768533940395514,33.8190786284168,33.88408802888488,33.96357901343034,34.057571961304774,34.1660913568357,34.28916724798329,34.42683803711108,34.579155213845226,34.746190774694625,34.92804814600886,35.12487733258165,35.33689461971521,35.56440635044429,35.807835085742184,36.06774504785196,36.34486259337102,36.640087128266515
1726.0,33.70913342568907,33.71634994930754,33.738001316626764,33.77409358078621,33.82463656673143,33.88964369307121,33.96913184572938,34.06312151620145,34.17163746670178,34.294710278824574,34.4323792602576,34.584697318358984,34.75173853345569,34.93360921813582,35.13046313086507,35.34252109831901,35.57009449546772,35.81361085567973,36.07363855284132,36.35090644183327,36.64631408420623
1727.0,33.71469530458459,33.72191160479349,33.74356229053734,33.77965338014145,33.83019465594107,33.89519950958742,33.97468485130986,34.06867129843792,34.17718390903945,34.30025382130248,34.4379212759589,34.590240628368065,34.75728806993544,34.9391728139377,35.13605236087178,35.34815202783511,35.57578812463029,35.819393020317015,36.07953908773374,36.35695754839752,36.652548047528285
1728.0,33.72025736197235,33.72747343601998,33.74912343273478,33.785213338408255,33.835752897589295,33.90075548220086,33.980238036927204,34.074221318678184,34.182730699461324,34.30579789697661,34.44346411231042,34.59578517806793,34.76283942219211,34.94473897065237,35.141645051863264,35.35378742099641,35.581487226498375,35.82518154032072,36.085446587903675,36.36301583258697,36.65878893603873
1729.0,33.72581959604603,33.73303544138539,33.75468474224332,33.79077345569848,33.841311293407266,33.90631161489648,33.98579140958858,34.079771587865324,34.188277853855936,34.31134252761002,34.44900779742331,34.60133100133553,34.76839262750572,34.95030772426072,35.147241231539276,35.35942728906281,35.58719178877736,35.830976376554524,36.09136099011102,36.36908121618578,36.66503667001093
1730.0,33.73138200513871,33.73859761943051,33.76024621823868,33.796333732291046,33.84686984531597,33.91186791187846,33.991344976552334,34.08532211721629,34.193825388374975,34.31688773514752,34.45455235939603,34.60687813170346,34.7739477223699,34.95587910951186,35.15284092610216,35.365071641910745,35.59290179839217,35.8367774901099,36.09728223245845,36.3751536231343,36.671291172062496
1731.0,33.736944587724935,33.74415996884056,33.76580786005017,33.801894168634234,33.85242855542839,33.917424377571514,33.99689874532695,34.09087291821611,34.19937331942017,34.32243354169409,34.46009782628749,34.61242660233672,34.77950474248649,34.961453159949585,35.15844416031915,35.370720488117236,35.59861724156092,35.84258484233257,36.10321025435008,36.38123297943103,36.677552367040924
1732.0,33.74250734242271,33.749722488447276,33.77136966716284,33.807454765347856,33.857987426051444,33.92298101662185,34.002452723669464,34.096424002611464,34.20492166362984,34.327979969493846,34.46564422609169,34.61797644601194,34.7850637227628,34.96702990793975,35.1640509575826,35.3763738350387,35.60433810386238,35.84839839484517,36.10914499645141,36.387319213040826,36.68382018191695
1733.0,33.74807026799555,33.75528517723097,33.77693163921964,33.81301552322542,33.863546459687846,33.92853783389783,34.008006919583394,34.1019753824039,34.21047043786531,34.33352704090945,34.471191586713864,34.623527695099035,34.79062469731107,34.972609384698444,35.16966133996814,35.382031688884894,35.61006437029769,35.85421810956653,36.11508640065058,36.39341225380877,36.690094545685135
1734.0,33.753633363354545,33.76084803432261,33.78249377602354,33.81857644323619,33.86910565903773,33.93409483449031,34.01356134131629,34.10752706984246,34.21601965919707,34.339074778402086,34.47673993594812,34.62908038154502,34.796187699449966,34.97819162032065,35.1752753282906,35.38769405478831,35.61579602534702,35.86004394872808,36.121034410020954,36.39951203337938,36.69637538927092
1735.0,33.75919662756045,33.766411059005975,33.78805607753967,33.82413752652719,33.87466502700008,33.93965202371265,34.019115997356785,34.11307907741603,34.22156934489102,34.344623204512054,34.482289301456504,34.63463453685987,34.80175276170793,34.983776643809136,35.18089294215799,35.3933609368693,35.62153305302143,35.865875874887614,36.12698896878497,36.40561848512057,36.70266264544367
1736.0,33.764760059825775,33.771974250719666,33.793618543897345,33.8296987744251,33.88022456667399,33.94520940710035,34.02467089643126,34.11863141784528,34.227119512394566,34.35017234183997,34.48783971074954,34.640190192104285,34.80731991582802,34.98936448310355,35.18651420002322,35.399032338297125,35.627275436910566,35.87171385094083,36.13295002227932,36.41173154405219,36.708956248735205
1737.0,33.77032365951686,33.77753760905926,33.79918117539214,33.83526018843803,33.885784281359726,33.95076699041048,34.03022604750017,34.124184104074374,34.23267017932289,34.355722213028706,34.49339119116812,34.64574737787931,34.812889192774215,34.99495516510946,35.19213911923388,35.404708261347366,35.63302316022632,35.87755784013076,36.13891751692125,36.4178511467786,36.71525613536343
1738.0,33.77588742615598,33.78310113377933,33.804743972487884,33.8408217702572,33.89134417455954,33.95632477962067,34.03578145975393,34.12973714926238,34.23822136344529,34.36127284074596,34.49894376986676,34.65130612431751,34.818460622738904,35.000548715727284,35.19776771607992,35.41038870745574,35.63877620584302,35.88340780605557,36.14489140017625,36.423977231425226,36.72156224316051
1739.0,33.78145135942339,33.78866482479554,33.81030693581854,33.8463835217585,33.896904249978306,33.961882780927915,34.04133714260854,34.135290566774565,34.243773082671694,34.3668242476676,34.504497473798104,34.65686646107573,34.824034235151444,35.006145159880965,35.203400005839434,35.416073677268656,35.6445345563343,35.88926371267465,36.15087162052671,36.4301097375785,36.72787451150541
1740.0,33.78701545915939,33.794228682186606,33.81587006619011,33.851945445003864,33.902464511523874,33.96744100074698,34.046893105700924,34.140844370173426,34.24932535503935,34.372376456461716,34.510052329698695,34.662428417329274,34.82961005868762,35.01174452154636,35.20903600282246,35.42176317069072,35.650298194007014,35.89512552431346,36.15685812744188,36.43624860622924,36.73419288126036
1741.0,33.79257957058572,33.799792551415685,33.82143320980176,33.85750738746197,33.908024808526676,33.97299929092797,34.052449204103326,34.14639841842913,34.254878043919156,34.377929334992785,34.51560820929536,34.6679918669867,34.83518796649928,35.01734666899858,35.214675565632376,35.42745703214872,35.65606694615181,35.900993050886456,36.16285067973921,36.442392074745946,36.74048122792572
1742.0,33.79814353910995,33.805356278134695,33.82699621304993,33.86306919681173,33.91358499054206,33.97855750355666,34.05800529312052,34.15195257071276,34.26043101280527,34.3834827511096,34.52116498409562,34.6735566834889,34.840767831027634,35.02295146964189,35.220318552007946,35.43315510539357,35.66184063808737,35.90686605423657,36.168848257221065,36.44853178145513,36.74671877922361
1743.0,33.8037073650935,33.81091986295225,33.83255907729601,33.86863087570934,33.91914506211614,33.98411564571817,34.06356138305047,34.15750684115329,34.265984280068714,34.38903672739755,34.526722680143,34.679122894572856,34.84634967878077,35.0285589448006,35.22596497356367,35.43885738700448,35.66761922992252,35.91274426320898,36.174849176602024,36.4546631271153,36.75291882647081
1744.0,33.80927104906565,33.81648330664758,33.838121804079954,33.87419242700127,33.9247050279974,33.989673724706535,34.06911748439084,34.16306124404059,34.2715378641573,34.394591286377796,34.53228132321932,34.68469052748249,34.851933535555624,35.03416911492048,35.231614840539315,35.44456386692124,35.67340263643271,35.91862721881782,36.18085174894572,36.46078409356545,36.759089865688715
1745.0,33.81483459172535,33.82204661017228,33.84368439512168,33.87975385372487,33.93026489313606,33.99523174802187,34.07467360783321,34.168615793816265,34.27709178358382,34.40014645049485,34.5378409388358,34.69025960896712,34.85751942643515,35.039781999434894,35.23726816058911,35.450274522228156,35.679190716215935,35.924514345139166,36.18685452343631,36.46689400503432,36.76523753089448
1746.0,33.820397993943,33.82760977465193,33.849246852322324,33.885315159108885,33.935824662683174,34.000789723367326,34.080229764257204,34.174170505064595,34.282646056914544,34.40570224210496,34.54340155222464,34.695830165276504,34.86310737575115,35.04539761643622,35.24292493701586,35.45598931203398,35.68498327394981,35.93040501696434,36.19285634383692,36.47299286710944,36.77136570653041
1747.0,33.82596125676209,33.833172801387676,33.85480917776542,33.89087634657377,33.94138434198951,34.006347658645815,34.08578596472437,34.17972539250354,34.28820070275806,34.41125868346493,34.548963188330085,34.701402222146434,34.868697406991295,35.051015982150815,35.2485851668593,35.46170817458655,35.69078007013599,35.93629860972703,36.1988563288767,36.479081015490216,36.777477177967484
1748.0,33.83152438140084,33.83873569185766,33.86037137371788,33.89643741973188,33.94694393660428,34.01190556195664,34.09134222047212,34.185280470975805,34.29375573975447,34.41681579672122,34.55452587179722,34.70697580476781,34.8742895426389,35.056637110274885,35.25424883920912,35.467431026699046,35.696580833696466,35.94219453122057,36.20485382768949,36.48515893091789,36.783574019082245
1749.0,33.83708736925363,33.844298447718394,33.86593344263095,33.90199838238744,33.95250345227367,34.01746344159185,34.09689854290745,34.19083575544003,34.29931118656477,34.42237360389863,34.560089626956064,34.71255093773349,34.87988380394792,35.06226101125659,35.25991593397745,35.47315776503292,35.702385274481614,35.94809223896655,36.21084837234864,36.49122714317216,36.78965782817235
1750.0,33.842650221892455,33.84986107080601,33.871495387140925,33.9075592385364,33.958062894939175,34.0230213060325,34.10245494360068,34.19639126096202,34.30486706186036,34.42793212688793,34.56565447779863,34.71812764495968,34.88548021066742,35.067887691610004,35.26558642122494,35.47888826862193,35.708193094168834,35.95399124761931,36.21683963588028,36.497286182676085,36.79572987503521
1751.0,33.8482129410682,33.85542356313737,33.87705721006981,33.9131199923661,33.96362227073576,34.02857916394474,34.10801143427913,34.20194700270604,34.310423384312266,34.433491387431374,34.57122044794687,34.72370594958198,34.89107878073693,35.073517153329014,35.27126026102783,35.48462240206199,35.714003994980104,35.95989113004016,36.22282739801008,36.50333655740195,36.80179119508816
1752.0,33.853775528711815,33.86098592691114,33.882618914425755,33.918680648254764,33.96918158598988,34.03413702417582,34.113568026820694,34.20750299592612,34.31598017257993,34.43905140710525,34.57678756061015,34.729285873829845,34.89667952997681,35.079149393445306,35.27693740380863,35.49036001891504,35.71981768619498,35.96579151468403,36.22881151837121,36.509378743076994,36.807842651288986
1753.0,33.8593379869354,33.86654816450863,33.88818050340349,33.924241210770894,33.974740847217284,34.03969489574987,34.11912473324739,34.2130592559571,34.32153744529904,34.44461220729849,34.582355838531996,34.7348674388849,34.9022824717958,35.08478440375086,35.282617791023675,35.496100965013255,35.725633888706604,35.97169208107505,36.23479191603235,36.51541318024287,36.813884976047426
1754.0,33.86490031803315,33.872110278494574,33.893741980384455,33.92980168467243,33.980300061120744,34.04525278786365,34.1246815657188,34.21861579820549,34.327095221068014,34.4501738091869,34.58792530392677,34.74045066473081,34.90788761693421,35.0904221706856,35.28830135609636,35.50184508147114,35.73145233796869,35.977592554496276,36.24076855405674,36.52144027472059,36.81991880040766
1755.0,33.87046252448218,33.87767227161781,33.899303348936904,33.935362074905804,33.985859234587565,34.050810709882164,34.13023853652534,34.22417263813985,34.33265351843279,34.455736233702396,34.59349597840781,34.74603557000201,34.91349497325549,35.09606267537703,35.29398802549525,35.50759220730664,35.73727278568892,35.98349270056478,36.246741427934026,36.52746039965105,36.82594467493062
1756.0,33.87602460894323,33.88323414681176,33.90486461281583,33.94092238660483,33.991418374687,34.056368671334056,34.13579565808133,34.22972979128047,34.33821235586959,34.46129950149756,34.59906788290932,34.75162217183872,34.91910454559384,35.10170589381018,35.299677719873564,35.51334218163773,35.74309500058679,35.98939232006501,36.25271055693781,36.53347389815413,36.83196308502522
1757.0,33.88158657426123,33.88879590719478,33.9104257759627,33.946482625089466,33.99697748866747,34.06192668190694,34.14135294291777,34.235287273188305,34.343771751765345,34.46686363290564,34.60464103760454,34.757210485754385,34.924716335660584,35.10735179710218,35.30537035520586,35.51909484546337,35.74891876847996,35.99529124422496,36.258675977671466,36.53948108611908,36.83797446247265
1758.0,33.88714842346572,33.894357556070474,33.91598684250515,33.952042795864365,34.00253658395366,34.067484751442514,34.14691040367482,34.240845099452855,34.349331724395874,34.47242864789678,34.610215461823074,34.7628005255204,34.9303303420079,35.1130003518552,35.31106584387611,35.524850043061946,35.75474389190805,36.00118933050609,36.26463773924272,36.54548225488991,36.84397919427471
1759.0,33.892710159771205,33.89991909692772,33.92154781675644,33.957602904617346,34.00809566814349,34.07304288993144,34.15246805309373,34.24640328567895,34.35489229190158,34.47799456603114,34.615791173969974,34.76839230307162,34.93594656004594,35.11865152056301,35.31676409568685,35.530607623052816,35.76057018945326,36.007086458912404,36.270595899649145,36.551477673742205,36.8499776295774
1760.0,33.898271786577276,33.90548053344067,33.9271087032148,33.9631629572177,34.01365474900482,34.078601107508,34.15802590400826,34.25196184747231,34.360453472261014,34.48356140641025,34.621368191449086,34.77398582843459,34.94156498210716,35.124305262049575,35.32246501877179,35.53636743917002,35.766397494876074,36.01298252878948,36.27655052306498,36.55746759211668,36.855970085179585
1761.0,33.90383330746864,33.911041869468576,33.93266950656266,33.9687229597143,34.01921383447208,34.084159414444436,34.16358396933553,34.25752080042384,34.36601528326246,34.489129187627334,34.62694653059276,34.77958110967921,34.94718559755082,35.12996153192118,35.328168520403786,35.542129350796536,35.77222565615122,36.01887745606765,36.282501677800525,36.563452241609106,36.86195684998065
1762.0,33.909394726215034,33.91660310905548,33.93823023166568,33.97428291833359,34.024772932642634,34.08971782114498,34.16914226206615,34.26308016009265,34.371577742473924,34.49469792771796,34.63252620659951,34.78517815289363,34.952808392900195,35.13562028301771,35.33387450769703,35.54789322330316,35.77805453446406,36.02477117089795,36.28844943476535,36.56943183773211,36.86793818861845
1763.0,33.91495604677097,33.922164256429724,33.943790883571666,33.97984283947742,34.03033205177291,34.09527633813948,34.17470079525366,34.268639941987864,34.377140867211914,34.50026764411199,34.638107233480966,34.79077696218109,34.95843335200505,35.14128146585154,35.33958288820701,35.55365892823138,35.783884003208314,36.030663615629955,36.2943938663102,36.5754065814709,36.8739143444791
1764.0,33.92051727327532,33.92772531600338,33.94935146750933,33.98540272972063,34.03589120027434,34.1008349760766,34.180259582003174,34.27420016154934,34.382704674509526,34.50583835358779,34.6436896240188,34.79637753967708,34.96406045622261,35.146945029026085,35.345293570434784,35.55942634335346,35.78971394701228,36.036554743084025,36.30033504535519,36.58137666065632,36.87988554221232
1765.0,33.92607841005082,33.93328629237149,33.95491198888688,33.99096259580855,34.041450386709,34.1063937457166,34.18581863545929,34.27976083412743,34.38826918108426,34.51141007222949,34.64927338973199,34.80197988558451,34.969689684610756,35.15261091962818,35.35100646424378,35.565195352638156,35.795544260810466,36.042444515075445,36.30627304473484,36.58734225117757,36.88585198985284
1766.0,33.93163946160335,33.93884719031117,33.960472453290436,33.99652244465418,34.04700961978494,34.11195265792365,34.19137796879335,34.28532197496194,34.393834403306094,34.51698281538812,34.6548585408546,34.80758399822472,34.97532101412811,35.15827908359084,35.35672148119836,35.57096584614501,35.801374848970376,36.04833290115311,36.31220793670858,36.59330351805525,36.89181388062388
1767.0,33.93720043262114,33.94440801478054,33.96603286648236,34.00208228333533,34.05256890835123,34.11751172365759,34.19693759518987,34.29088359916054,34.39940035716628,34.522556597647025,34.66044508632363,34.81318987410173,34.9809544198364,35.163949466024626,35.36243853483307,35.57673771986619,35.80720562447925,36.05421987752064,36.31813979259756,36.59926061639272,36.89777139448177
1768.0,33.94276132797376,33.94996877091756,33.97159323439925,34.007642119091315,34.058128261392724,34.12307095396528,34.202497527832456,34.29644572167677,34.40496705824721,34.528131432792016,34.666033033776564,34.81879750797733,34.98658987510132,35.169622011516985,35.36815754086163,35.58251087553099,35.813036508192184,36.06010542611226,36.32406868251835,36.6052136922217,36.903724699447594
1769.0,33.948322152711015,33.95552946403861,33.97715356314992,34.013201959319595,34.06368768802435,34.1286303599714,34.20805777988911,34.302008357288,34.4105345216939,34.53370733378644,34.67162238955797,34.8244068929548,34.99222735178901,35.17529666440006,35.373878417334005,35.58828522038489,35.818867428140635,36.06598953380015,36.3299946751912,36.61116288325585,36.90967395276217
1770.0,33.953882912061616,33.961090099637005,33.982713859013074,34.01876181157207,34.069247197485176,34.13418995286882,34.213618364497094,34.30757152057342,34.416102762187194,34.539284312751334,34.67721315873423,34.83001802056896,34.99786682045566,35.18097336898809,35.37960108474901,35.594060666952636,35.8246983188991,36.07187219171338,36.33591783780573,36.617108319564075,36.91561930189337
1771.0,33.959443611431745,33.96665068338123,33.98827412843483,34.02432168355115,34.074806799132055,34.139749743908496,34.2191792947475,34.31313522589239,34.42167179391922,34.544862380950704,34.68280534511574,34.8356308808808,35.003508250528654,35.186652069786035,35.385325466129515,35.59983713279273,35.83052912100673,36.077753394651765,36.34183823593083,36.623050124173794,36.921560885419154
1772.0,33.96500425640342,33.97221122111311,33.99383437802601,34.029881583105514,34.08036650243295,34.14530974438896,34.22474058366945,34.31869948736334,34.42724163057107,34.55044154878161,34.68839895128544,34.84124546257479,35.009151610477915,35.192332711671234,35.39105148706617,35.605614540248745,35.83635978044017,36.08363314058051,36.34775593345875,36.62898841361278,36.92749883380527
1773.0,33.97056485273267,33.97777171884568,33.999394614559186,34.03544151822563,34.08592631695985,34.150869965645484,34.23030224421435,34.32426431884336,34.43281228529303,34.556021825769164,34.69399397863311,34.84686175305749,35.01479686797679,35.19801524005029,35.39677907573502,35.6113928162018,35.84219024813399,36.08951143019377,36.35367099257546,36.63492329839724,36.933433270093204
1774.0,33.97612540634756,33.98333218276094,34.004954844965596,34.04100149703899,34.0914862523814,34.156430419038834,34.235864289239984,34.32982973390876,34.43838377068739,34.56160322056595,34.69959042739412,34.85247973855613,35.0204439900519,35.20369960099319,35.40250816289367,35.617171891827276,35.848020479544616,36.095388266537036,36.35958347375117,36.64085488347241,36.93936431051118
1775.0,33.981685923346,33.98889261920737,34.010515076331686,34.046561527805025,34.09704631845517,34.161991115943884,34.24142673149481,34.335395745836635,34.44395609879389,34.56718574095571,34.705188296692214,34.85809940421611,35.0260929432219,35.209385741346864,35.40823868185996,35.62295170235803,35.85385043425422,36.10126365467997,36.36549343574638,36.64678326861136,36.94529206501888
1776.0,33.98724640999334,33.994453034697244,34.016075315895534,34.05212161890976,34.10260652501966,34.16755206773795,34.246989583602485,34.340962367587615,34.44952928107784,34.572769393860874,34.710787584585276,34.86372073419653,35.03174369362514,35.21507360883015,35.41397056847655,35.62873218685578,35.85968007561098,36.10713760143238,36.37140093562953,36.652708548776765,36.95121663779475
1777.0,33.992806872719804,34.00001343590374,34.02163557104294,34.05768177886018,34.10816688198597,34.17311328578902,34.25255285804667,34.34652961178996,34.45510332842084,34.57835418535369,34.71638828811341,34.869343711762966,35.03739620713653,35.22076315211218,35.41970376106434,35.63451328799158,35.86550937040237,36.11301011509738,36.377306028803574,36.658630814449914,36.957138127673495
1778.0,33.99836731811767,34.0055738296578,34.02719584930333,34.06324201627833,34.113727399329285,34.178674781443924,34.258116567156314,34.352097490724965,34.46067825111409,34.58394012067043,34.721990403348684,34.874968319377146,35.0430504494739,35.22645432087596,35.425438200367196,35.640294951836154,35.87133828855839,36.11888120525652,36.383208769038994,36.66455015193043,36.9630566285399
1779.0,34.00392775293827,34.01113422294477,34.03275615834535,34.06880233989515,34.11928808708005,34.184236566016466,34.26368072309143,34.35766601631381,34.46625405885415,34.58952720422846,34.72759392544605,34.88059453878282,35.0487063862944,35.23214706586894,35.43117382948998,35.64607712766039,35.877166802881995,36.1247508825825,36.38910920851162,36.670466643609984,36.96897222968459
1780.0,34.0094881840887,34.01669462290086,34.038316505972276,34.07436275854404,34.124848955315095,34.18979865077568,34.269245337829524,34.363235200105855,34.471830760741014,34.595115439645774,34.73319884869464,34.88622235108777,35.05436398328131,35.237841338942005,35.43691059383175,35.651859767746124,35.88299488880404,36.1306191586757,36.39500739784374,36.67638036822278,36.97488501612602
1781.0,34.015048618628406,34.02225503680925,34.04387690011715,34.07992328115423,34.13041001414848,34.1953610469341,34.274810423152594,34.36880505326848,34.4774083652785,34.60070482976255,34.738805166569264,34.89185173684157,35.06002320622204,35.24353709307834,35.4426484410154,35.65764282720709,35.888822524160496,36.13648604592148,36.40090338614745,36.682291401075126,36.98079506890296
1782.0,34.02060906376538,34.027815472096115,34.04943734883763,34.08548391674386,34.13597127372233,34.20092376563639,34.28037599063496,34.37437558657832,34.4829868803766,34.606295376664534,34.74441287178156,34.8974826761092,35.065684021077644,35.249234282413575,35.448387320815065,35.663426263819915,35.89464968898966,36.14235155736529,36.40679722106935,36.688199814256286,36.986702465340585
1783.0,34.02616952685231,34.033375936326266,34.054997860310685,34.091044674412956,34.141532744197555,34.20648681794799,34.28594205163179,34.37994681041396,34.488566313355825,34.611887081707856,34.750021956330485,34.90311514854015,35.071346394044646,35.2549328622482,35.45412718508225,35.66921003786481,35.900476365347636,36.14821570660344,36.412688948835914,36.694105676832514,36.99260727929327
1784.0,34.031730015382344,34.03893643719866,34.060558442827,34.096605563336134,34.147094435744535,34.21205021484423,34.291508617268526,34.38551873475018,34.4941466709533,34.617479945545014,34.75563241155185,34.90874913343337,35.07701029160963,35.260632789053325,35.45986798767141,35.67499411197563,35.906302537140135,36.15407850768741,36.41857861429908,36.700009055025845,36.99850958136649
1785.0,34.037290536984706,34.04449698254162,34.0661191047852,34.10216659275521,34.15265635853385,34.21761396719972,34.29707569843102,34.3910913691534,34.499727959330414,34.62307396815174,34.7612442281667,34.91438460979785,35.08267568059717,35.266334020470886,35.46560968436573,35.6807784509989,35.912128189969216,36.159939975040025,36.42446626098147,36.705910012379185,37.00440943912022
1786.0,34.04285109942003,34.05005758030784,34.07167985468586,34.10772777197168,34.15821852272701,34.22317808577804,34.30264330575666,34.39666472277861,34.505310184082,34.62866914885454,34.766857396328305,34.9200215564091,35.08834252821168,35.27203651530883,35.47135223280361,35.6865630218614,35.91795331099337,36.16580012338199,36.43035193112118,36.711808609908886,37.01030691725552
1787.0,34.04841171057546,34.0556182385692,34.077240701125284,34.113289110339046,34.16378093846734,34.228742581221994,34.30821144962627,34.40223880436751,34.510893350246675,34.634265486358615,34.77247190566764,34.92565995186154,35.09401080207371,35.27774023353222,35.4770955924062,35.692347793445826,35.92377788879988,36.171658967667405,36.43623566571569,36.71770490624611,37.01620207778631
1788.0,34.05397237845961,34.0611789655113,34.082801652789186,34.118850617255106,34.16934361587087,34.234307464044164,34.31378014015692,34.40781362224785,34.516477462318434,34.63986297877606,34.77808774533723,34.931299774617045,35.099680470251094,35.28344513625089,35.48283972430642,35.69813273647415,35.929601913288124,36.177516523027315,36.44211750456483,36.72359895776789,37.02209498019749
1789.0,34.059533111197204,34.06673976942788,34.088362718446156,34.124412302154184,34.17490656501747,34.23987274461805,34.31934938719557,34.413389184333965,34.522062524259134,34.64546162365407,34.78370490405323,34.93694100304969,35.10535150128548,35.289151185704085,35.48858459127965,35.70391782339821,35.935425375562865,36.18337280472014,36.4479974863126,36.72949081871881,37.02798568159096
1790.0,34.06509391702357,34.072300658714965,34.09392390694098,34.129974174499296,34.18046979594212,34.245438433169575,34.32491920031357,34.4189654981283,34.52764853951187,34.65106141800308,34.78932337013578,34.94258361548696,35.111023864214715,35.29485834524272,35.49433015767624,35.70970302829715,35.9412482678367,36.18922782808829,36.45387564848792,36.7353805413242,37.03387423682064
1791.0,34.07065480427891,34.07786164186486,34.09948522718788,34.13553624377435,34.18603331862641,34.251004539769234,34.330489588802024,34.42454257072399,34.53323551101508,34.65666235832462,34.794943131547484,34.94822759024758,35.1166975285913,35.30056657930965,35.500076389356146,35.71548832678121,35.94707058334059,36.195081608520084,36.45975202754396,36.74126817589553,37.03976069861741
1792.0,34.076215781402404,34.08342272745998,34.10504668816357,34.14109851947634,34.191597142990226,34.256571074324654,34.33606056166787,34.430120408808314,34.538823441217154,34.6622644406388,34.800564175930084,34.953872905676135,35.122372464497595,35.30627585341833,35.5058232536256,35.721273695901615,35.95289231624201,36.2009341614165,36.465626658896326,36.74715377092863,37.04564511770508
1793.0,34.08177685692614,34.088983924166556,34.11060829890032,34.14666101110761,34.19716127888373,34.26213804657373,34.341632127630874,34.43569901866701,34.54441233209163,34.66786766051141,34.806186490639305,34.959519540174654,35.128048642557744,35.31198613413015,35.51157071917594,35.72705911406599,35.95871346156979,36.20678550216201,36.471499576959864,36.75303737319544,37.05152754290805
1794.0,34.08733803946886,34.094545240728124,34.116170068478866,34.15222372816816,34.202725736079614,34.267705466078304,34.34720429512123,34.44127840618933,34.550002185152664,34.67347201308035,34.81181006277786,34.965167472231336,35.13372603394697,35.317697389030876,35.51731875602469,35.7328445609592,35.9645340151452,36.2126356460992,36.477370815184194,36.758919027829684,37.05740802125138
1795.0,34.09289933772958,34.10010668595897,34.12173200602134,34.157786680148014,34.208290524265585,34.27327334221832,34.35277707227798,34.44685857687383,34.555593001470804,34.6790774930815,34.81743487922667,34.97081668044664,35.13940461039833,35.323409586706234,35.52306733545884,35.73863001746905,35.97035397351861,36.21848460850655,36.48324040608793,36.764798778407034,37.06328659805413
1796.0,34.09846076048108,34.10566826873744,34.127294120684105,34.16334987651977,34.213855653037236,34.27884168418654,34.358350466948075,34.452439535834706,34.561184781688965,34.68468409487394,34.823060926674316,34.97646714355687,35.14508434420723,35.3291226967171,35.52881642998028,35.744415465616605,35.97617333391135,36.2243324045792,36.48910838129164,36.77067666702025,37.06916331701621
1797.0,34.10402231656331,34.11122999799916,34.132856421650644,34.16891332673117,34.21942113189118,34.2844105009838,34.36392448668608,34.45802128780877,34.56677752603847,34.69029181246433,34.82868819164483,34.98211884045539,35.150765208234006,35.33483668957425,35.53456601325348,35.750200888490895,35.98199209416217,36.23017904941216,36.49497477154955,36.77655273434954,37.07503822029966
1798.0,34.109584014876624,34.11679188273016,34.13841891812439,34.17447704019795,34.224986970218524,34.289979801414745,34.3694991387545,34.46360383716283,34.57237123435513,34.69590063953065,34.834316660523754,34.987771750211735,35.156447175904766,35.34055153671303,35.54031606005527,35.75598627018765,35.98781025267808,36.23602455798583,36.50083960677999,36.782427019728686,37.08091134860446
1799.0,34.115145864375016,34.122353931960035,34.143981619321636,34.1800410262967,34.23055317729866,34.295549594084044,34.37507443012467,34.46918718790156,34.57796590609526,34.70151056944504,34.83994631958263,34.993425852088635,35.1621302212106,35.346267210467886,35.54606654622669,35.76177159575176,35.99362780838894,36.24186894515355,36.506702916094724,36.788299561207076,37.086782741239574
1800.0,34.12070787405926,34.127916154754956,34.1495445344645,34.18560529435802,34.236119762293406,34.301119887393156,34.38065036747818,34.47477134367569,34.583561540351646,34.70712159529589,34.84557715500195,34.99908112555721,35.16781431870551,35.35198368404709,35.55181744862694,35.76755685112339,35.99944476070579,36.24771222563085,36.512564727827055,36.79417039560812,37.092652436189475
